ad_id,campaign_id,headline_text,body_text,call_to_action,platform,placement,ad_format,category,impressions,clicks,conversions,spend
enriched_ad_4001,campaign_028,Kids Week at Cascade Hills,"Join us for Kids Week from June 19th to June 23rd and again on June 26th through June 30th. Experience fun activities, educational sessions, and exciting events designed specifically for children in grades K-5.",Register Now!,,,image,education,85286,1741,246,568.53
enriched_ad_4002,campaign_029,Deal of the Week,"Indians love Mexican food. Mirchi Mex is an Indian-Mexican fusion restaurant that combines flavors from both cuisines to create unique dishes like Tacos de Res, Chicken Enchiladas and Churros with Guacamole.",Buy Now,,,image,ecommerce,47257,661,57,469.49
enriched_ad_4003,campaign_030,Outdoor Entertainment LLC,isn't the same without having your favorite music playing! Learn More DR.STEREOC www.dr-stereo.com MODE,,,,video,entertainment,77535,2416,424,546.44
enriched_ad_4004,campaign_006,LEON COUNTY PRESS THE CHEST,"Saturday, June 3, from 10 a.m. -12 p.m. ALL AGES EVENT Donald L. Tucker Civic Center MERGENCY LEGN COUNTY PLUND Ba MEDICAL REVICS ARES Learn More",,,,image,entertainment,90842,2390,420,725.75
enriched_ad_4005,campaign_030,PRESS THE CHEST,"Free CPR Training for the Community ALL AGES EVENT Saturday, June 3 10 a.m. -12 p.m. Donald L. Tucker Civic Center Click here to register LEON COUNTY-Press The Chest-Civic Center-Leon County",Click here to register,,,image,education,91430,2233,222,1046.59
enriched_ad_4006,campaign_035,MEMBER OWNED COMMUNITY PRIDE,COMMUNITY PROUD Florida Credit Unio Insured by NCUA Member or not. Community peo! Be 4 LEARN MORE >,LEARN MORE>,,,image,ecommerce,24009,369,20,328.08
enriched_ad_4007,campaign_016,Fly Easy Fly Gainesville,,Book Now,,,image,travel,40587,633,34,794.7
enriched_ad_4008,campaign_044,WIN BIG IN MAY FLOWERS CONTEST!,Enter Lewis May Flowers contest today and you could win big! Don't miss out on this amazing opportunity to stand a chance at winning.,ENTER TODAY,facebook,,image,entertainment,50817,1208,161,257.96
enriched_ad_4009,campaign_017,Contest! Lewis May Flowers,,Enter Today!,,,image,entertainment,94681,1362,140,603.83
enriched_ad_4010,campaign_018,IDF Chayalim - Israel's Independence Day Celebration,"On the occasion of Israel’s 75th Independence day, we are thrilled to showcase IDF Chayalim. Some love! American Friends of LI #17 Join us in celebrating this momentous event.",Donate to LIBI today,,,image,entertainment,34268,498,53,211.38
enriched_ad_4011,campaign_025,Urgent Care,Schedule Your Visit Online PremiumU.com,,,,image,ecommerce,92079,1421,73,1554.24
enriched_ad_4012,campaign_038,Premium Urgent Care,,Schedule Your Visit Online,,,image,ecommerce,95574,1692,95,1122.23
enriched_ad_4013,campaign_025,AARP Minnesota,"We're local, here to connect you to what matters most. FIND US.",,,,image,ecommerce,41191,805,53,409.36
enriched_ad_4014,campaign_008,Discover new trends to Spring into New Design,,,,,image,design,51902,889,77,851.89
enriched_ad_4015,campaign_035,Memorial Day Specials at JESSUP's Maior Appliance Centers,Join us for our Memorial Day Sales Event! Enjoy exclusive in-store specials available until June 7th. Don't miss out on this limited-time offer.,Shop Now!,,,image,ecommerce,44129,849,56,580.18
enriched_ad_4016,campaign_023,Zacks' Super Strategy,+55.2% Gain from 2000 - 2022 Zacks' Super Strategy demolished the S&P 500 more than 8X over! See its latest stocks free.,,,,video,ecommerce,26726,465,26,408.25
enriched_ad_4017,campaign_016,Indis Shigo Weekly & Monthly Horoscopes,Subscribe to Indis for weekly and monthly horoscopes. Get free delivery directly to your mailbox.,Subscribe Now,,,image,entertainment,69496,1350,185,552.01
enriched_ad_4018,campaign_043,The Good Samaritan: A Lesson in Loving Others,Family News DVD! CBN Get your DVDs and instant streaming. Stream over 85 episodes!,,,,video,entertainment,24367,527,61,117.17
enriched_ad_4019,campaign_021,Buddy Guy - THE LEGEND,"Damn Right Farewell
BLUES AND GUITAR ICON
WITH SPECIAL GUEST:
ALLY VENABLE
godlied center of kansas
Monday NOV 6. 7:30
DX MIDCO.",,,,image,entertainment,90801,2127,387,590.95
enriched_ad_4020,campaign_043,The Sun Will Come Out,Annie TUESDAY I 7:00 NOV 28 M LIED CENTER,,,,image,,59490,1049,88,732.36
enriched_ad_4021,campaign_015,the latest look,Ashley for your new home,Shop Now,,,image,ecommerce,80410,918,68,1040.1
enriched_ad_4022,campaign_024,Ashley - Relax In Your Retreat,Shop Bedroom →,,,,image,ecommerce,95695,1792,106,942.54
enriched_ad_4023,campaign_042,Ashley Style Starts Here,,Find Nearest Store,,,image,ecommerce,39366,581,59,614.82
enriched_ad_4024,campaign_012,Ashley Upgrade Your New Space,,Shop Now,,,image,ecommerce,31782,502,46,454.95
enriched_ad_4025,campaign_003,Shop For Deeper Sleep,"Discover the ultimate comfort with our high-quality Tempur-Pedic mattresses. Shop for deeper, more restful sleep at Ashley.",Shop Now,,,image,ecommerce,87108,1766,138,1429.69
enriched_ad_4026,campaign_026,Shop Rugs - Free Shipping,,SHOP NOW,,,image,ecommerce,85521,1102,74,1310.25
enriched_ad_4027,campaign_014,SAVE UP TO 46% ON MIDWAY COLD STEEL,,SELECT SRK KNIVES SHIPS FREE NOW,,,image,ecommerce,69577,1272,99,790.2
enriched_ad_4028,campaign_031,Ashley Style Starts Here,,Find Nearest Store,,,image,ecommerce,25481,505,37,320.72
enriched_ad_4029,campaign_011,Ashley Upgrade Your New Space Shop Now,,Shop Now,,,image,ecommerce,78330,1271,72,847.36
enriched_ad_4030,campaign_045,Ashley | Tempur-Pedic,,Shop Now,,,image,ecommerce,55216,1115,89,781.44
enriched_ad_4031,campaign_040,Ashley Style Starts Here,,Find Nearest Store,,,image,ecommerce,96876,1692,102,1183.77
enriched_ad_4032,campaign_022,Ashley Tempur-Pedic,,Shop Now,,,image,ecommerce,92970,1674,138,924.72
enriched_ad_4033,campaign_050,Building a Brand with Bluehost,Bluehost makes it happen. Get Started.,,,,image,ecommerce,33694,628,65,524.38
enriched_ad_4034,campaign_002,LIVE TV,"TV THAT MAKES SENSE. Live TV plan only. Regional restrictions, blackouts and additional terms apply. Access content from each service separately. © 2023 Disney and its related entities.",GET LIVE TV NOW,,,image,entertainment,54356,825,107,465.74
enriched_ad_4035,campaign_001,Get Live TV Now Hulu,"Live TV plan only. Regional restrictions, blackouts and additional terms apply. Access content from each service separately.",,,,image,entertainment,26332,411,49,201.01
enriched_ad_4036,campaign_019,"Save Up To $45 on TLR 6, 7 & 8",,Shop Now,,,video,ecommerce,28584,543,40,322.18
enriched_ad_4037,campaign_003,GET MORE FROM IPAD,Combo Touch - now for iPad Pro and iPad (10th gen),SHOP NOW,,,image,ecommerce,97583,1321,73,1566.31
enriched_ad_4038,campaign_040,Every transaction has a story.,"Welcome to the human side of banking. Learn more Member FDIC @2023, TD Bank N.A. and/or its affiliates. All rights reserved. The TD logo and other trademarks are owned by The Toronto-Dominion Bank and used under license. TD Bank",,,,image,finance,91865,933,37,2323.61
enriched_ad_4039,campaign_031,The Relentless Pursuit of What’s Possible,,,,,image,automotive,94240,1348,46,1868.97
enriched_ad_4040,campaign_021,Ashley - the Latest Look,Discover Ashley's new collection designed to elevate any living space. Perfectly curated pieces that bring modern elegance and comfort into every room.,Shop Now,,,image,ecommerce,97004,1262,108,1414.77
enriched_ad_4041,campaign_002,Ashley - Say I Do to Stylish New Look,,Shop Now,,,image,ecommerce,84769,1414,91,1232.82
enriched_ad_4042,campaign_037,Building a Brand? BlueHost Makes It Happen.,Bluehost makes it happen. Get started with Bluehost today and build your brand effortlessly!,Get Started,,,image,ecommerce,67736,992,94,704.71
enriched_ad_4043,campaign_028,Reach out to your friend who seems a little gloomy.,Learn more SEIZE THE AWKWARD ad Tendan JED,,,,image,entertainment,34453,585,90,191.95
enriched_ad_4044,campaign_041,Rule the Game,astro A30 Wireless XBOX/PS/Switch/PC/MOBILE+ Shop Now G Logitech,Shop Now,,,image,ecommerce,57966,1063,99,835.42
enriched_ad_4045,campaign_045,Ashley Are Trending,,Shop Now,,,image,ecommerce,69947,1221,119,1186.72
enriched_ad_4046,campaign_050,Experience the HONDA TAlon 1000,,,,,image,automotive,99968,1154,26,2151.04
enriched_ad_4047,campaign_002,Let your friend know you're there if they need to talk.,Learn more SEIZE THE AWKWARD ad NA Foundation Suicide Preveri JED,,,,image,healthcare,55905,703,44,1001.03
enriched_ad_4048,campaign_031,Ashley Free Shipping,Layer your home with stylish rugs from Ashley. Shop now and enjoy free shipping on all orders.,Shop Now,,,image,ecommerce,32149,573,43,446.67
enriched_ad_4049,campaign_016,Reach out to a friend about their mental health.,Learn more SEIZE THE AWKWARD Suicide Jed,,,,image,healthcare,47838,916,69,1141.7
enriched_ad_4050,campaign_002,ESPI FS1 A&E HGTV FOX Hulu + LIVE TV NBC CBS MTV Lifetime TNT abc ALL IN ONE PLAN,"hulu GET LIVE TV NOW Live TV plan only. Regional restrictions, blackouts and additional terms apply. Access content from each service separately. © 2023 Disney and its related entities.",Get Live TV Now,facebook,,image,entertainment,63864,1175,136,542.87
enriched_ad_4051,campaign_004,Get Verizon Mobile for Microsoft Teams,Integrate all mobile calling with Teams and move calls seamlessly across all devices with your number. Only on the network businesses rely on.,,,,image,ecommerce,24989,310,17,309.76
enriched_ad_4052,campaign_022,Reach out to a friend about their mental health.,Learn more You can talk to me. SEIZE THE AWKWARD ad GRA American Foundation - Side Prevention JED,,,,image,healthcare,96334,1412,75,2124.65
enriched_ad_4053,campaign_007,Rule The Game,"The GAME astro A30 Wireless is compatible with Xbox, PlayStation, Switch, PC/Mobile. An Logitech wireless headset.",SHOP NOW,,,image,ecommerce,49770,568,51,693.69
enriched_ad_4054,campaign_041,Voyages - ΣΥΒΑΡΙΣ 27,"Santorini, Greece AIRFARE CREDIT Up to $1200 FREE DRINKS Per Cabin up to $600 BOOK BY MAY 24th BOOK NOW",BOOK NOW,,,image,travel,53626,613,43,912.68
enriched_ad_4055,campaign_007,THE YAMAHA GET OUT AND RIDE,SALES EVENT WOLVERINE RMAXM 21000 XT-R RMAXM41000 LE RMAXONG 1000 XT-R Revs Your,LEARN MORE AS AS $2000 5.99% YAMAHA APR CUSTOMER CASH FOR 84 MONTHS¹Revs Your,,,image,entertainment,63699,1535,146,561.69
enriched_ad_4056,campaign_002,"Ashley Final Touches, First Impressions Shop Home Decor",,,,,image,ecommerce,63494,1087,107,770.44
enriched_ad_4057,campaign_046,Ashley let the light shine,,Shop Now →,,,image,entertainment,67658,1692,308,341.98
enriched_ad_4058,campaign_044,"Up to 100% Leak-Free, Odor-Free and Worry-Free",,,,,image,ecommerce,32345,344,24,359.16
enriched_ad_4059,campaign_035,the latest look,Ashley for your new home,Shop Now,,,image,ecommerce,75828,895,44,1216.76
enriched_ad_4060,campaign_002,Ashley - the Latest Look,,Shop Now,,,image,ecommerce,97783,1531,128,1748.23
enriched_ad_4061,campaign_048,AS LOW AS 4.99% APR for Up to 36 Months with Approved Credit by Honda Financial Services,,LEARN MORE HONDA,,,image,finance,42589,366,16,841.22
enriched_ad_4062,campaign_040,Ashley Update,The Look of Your Updated Space Shop Now,Shop Now,,,image,ecommerce,71812,1439,108,1018.07
enriched_ad_4063,campaign_037,"Silverado Go Above, Beyond Just About Anywhere",,,,,image,automotive,30384,454,15,603.36
enriched_ad_4064,campaign_048,Lift Vertical Ergonomic Mouse and MX Keys Mini,"more natural posture, less muscle strain *in the upper body LIFT VERTICAL ERGONOMIC MOUSE AND MX KEYS MINI LEARN MORE logitech",Learn More,,,image,ecommerce,78230,1154,117,1213.51
enriched_ad_4065,campaign_050,G DRIVE TO WIN,Logitech Direct Drive with TRUEFORCE. 6₁,SHOP NOW,,,image,ecommerce,53382,879,67,735.41
enriched_ad_4066,campaign_037,Seize the Awkward,Take a moment to text your friend who seems kinda down.,,,,image,ecommerce,58029,802,53,943.89
enriched_ad_4067,campaign_017,Ashley Nesting,Baby and Kids products available for shopping.,Shop Baby Now,,,image,ecommerce,96852,1841,155,1739.54
enriched_ad_4068,campaign_041,Reach out to a friend about their mental health.,Learn more. Want to go for a walk? SEIZE THE AWKWARD ad Foundation Suicide Prevention JED,,,,image,healthcare,69027,713,36,1663.47
enriched_ad_4069,campaign_031,Talk with Me About Mental Health,Reach out to friends about your own mental health. Learn more.,,,,image,healthcare,56708,738,34,1317.88
enriched_ad_4070,campaign_009,Reach out to a friend about their mental health.,Learn more Something on your mind?,SEIZE THE AWKWARD,,,image,healthcare,30421,583,33,755.46
enriched_ad_4071,campaign_008,Let the Light Shine,,Shop Now →,,,image,ecommerce,93682,1158,63,1313.66
enriched_ad_4072,campaign_007,Let The Light Shine,,Shop Now,,,image,ecommerce,95347,1385,99,1353.77
enriched_ad_4073,campaign_005,Sleep Deeper,Shop for deeper Tempur-Pedic® sleep at Ashley.,Shop Now,,,image,ecommerce,77002,1536,83,1255.01
enriched_ad_4074,campaign_027,The Summer Sale,Enjoy up to 25% off on all our rugs. Ends June 12th.,Shop Rugs Now!,,,image,ecommerce,27270,565,43,276.07
enriched_ad_4075,campaign_029,"SAVE $45 TLR 6, 7 & 8 STREAMLIGHT Midway F TLE-BAG STAVILENT",,SHOP NOW,,,video,ecommerce,51150,1343,101,660.54
enriched_ad_4076,campaign_042,Hornady PISTOL SAFES Midway SHOP ALL,,Shop All,,,image,ecommerce,94772,1439,119,1308.72
enriched_ad_4077,campaign_013,Naked Fruit and Veggie Juices,100% REAL FRUIT AND VEGGIE JUICES Packed WITH VITAMIN C Green Machine Fanged Bleng Of S Jaunes Pantall From Concentrate With Audse Nopedes Southern Natural Ras No Sugar Added. Periphery Thon1999 Cal E P,,,,image,ecommerce,33699,624,39,541.21
enriched_ad_4078,campaign_012,LOWER SUGAR IS GOOD FOR YOU,GOOD FOOD FOR OTHERS. Helping to feed others is two good things.,,,,image,food,58264,1033,74,587.45
enriched_ad_4079,campaign_012,Ashley Warm Tones Trending Shop Now,,Shop Now,,,image,ecommerce,81089,1428,107,1249.07
enriched_ad_4080,campaign_007,Take a moment to text your friend who seems kinda down.,ad Ale Free Learn more JED SEIZE THE AWKWARD,,,,image,,53848,634,65,921.16
enriched_ad_4081,campaign_017,Memorial Day Sale,Ashley Sale - up to 50% off on all items. Spotlight deals available.,Shop Now,,,image,ecommerce,43832,878,62,758.02
enriched_ad_4082,campaign_044,Voyages Airfare Credit,Airfare credit of up to $1200 free. Drinks per cabin up to $600.,Book Now,,,image,travel,72363,974,83,1445.18
enriched_ad_4083,campaign_039,Ashley Update Your Space,Update the look of your updated space shop now,Shop Now,,,image,ecommerce,49385,888,47,654.07
enriched_ad_4084,campaign_001,Thousands of Teens in Foster Care Can't Wait to Share Their Firsts With You,Learn About Adoption Adopt US Kids ad,,,,image,ecommerce,25550,317,31,448.36
enriched_ad_4085,campaign_024,ASHLEY say 'I Do' to a Stylish New Look,,Shop Now,,,image,ecommerce,39498,734,66,485.74
enriched_ad_4086,campaign_025,Ashley Baby & Kids,Nesting in Progress Shop Baby → E,,,,image,ecommerce,65487,1110,64,753.0
enriched_ad_4087,campaign_031,Ashley Upgrade Your New Space,,Shop Now,,,image,ecommerce,54179,717,68,882.3
enriched_ad_4088,campaign_045,25% off the Summer Sale,,Shop Rugs,,,image,ecommerce,28430,495,48,322.56
enriched_ad_4089,campaign_027,Ashley - Get Back to Good Sleep,Shop Mattresses,,,,image,ecommerce,45952,746,54,688.66
enriched_ad_4090,campaign_026,Something On Your Mind? Reach Out To A Friend About Their Mental Health,"V
Reach out to a friend about their mental health.
Learn more SEIZE THE AWKWARD ad American Se JED",,,,image,healthcare,64146,893,64,1225.34
enriched_ad_4091,campaign_021,Memorial Day Sale,Ashley offers up to 50% off on spot-light deals. Shop Now for exclusive discounts.,Shop Now,,,image,ecommerce,60510,982,59,865.46
enriched_ad_4092,campaign_048,Honda Financing for COLOWING,"As low as 4.99% APR, HONDA financing available for up to 36 months with approved credit from Honda Financial Services.",LEARN MORE,,,image,finance,56888,464,20,1017.41
enriched_ad_4093,campaign_048,Target-Grade Barrel,,,,,image,,71405,1370,88,984.34
enriched_ad_4094,campaign_040,Foundations,Call your friend who hasn't been themselves lately. Foundation S P Learn more JED SEIZE THE AWKWARD AWKWARD,,,,image,entertainment,41796,759,114,310.72
enriched_ad_4095,campaign_018,Get Live TV Now,"FS1 HGTV Discept FOX Hulu + LIVE TV NBC ESPN SCBS Get LIVE TV NOW TNT obc TV THAT MAKES SENSE. hulu Live TV plan only. Regional restrictions, blackouts and additional terms apply. Access content from each service separately. © 2023 Disney and its related entities.",,,,image,entertainment,69895,1175,121,601.14
enriched_ad_4096,campaign_020,Get Live TV Now,hulu + LIVE TV Discept FOX ESPO SCBS hulu TNT obc Me NEC ALL IN ONE PLAN. Access content from each service separately.,,,,image,entertainment,58859,1166,154,394.01
enriched_ad_4097,campaign_034,The Relentless Pursuit Of What's Possible,,,,,image,automotive,24117,343,11,562.55
enriched_ad_4098,campaign_012,THE YAMAHA GET OUT AND RIDE,SALES EVENT TE AS LOW AS CUSTOMER CASH 5.99% FORMANTE YAMAHA Revs Your Heart LEARN MORE,,,,image,entertainment,39901,722,125,272.18
enriched_ad_4099,campaign_006,Silverado Command Attention On And Off The Road,,,,,image,automotive,61381,597,15,792.58
enriched_ad_4100,campaign_044,DRYSHOD WATERPROOF FOOTWEAR,Lightweight. Warmth. Durability. Comfort. Protection.,,,,image,ecommerce,30574,630,40,410.79
enriched_ad_4101,campaign_011,Experience the HONDA TOLAN 1000,,,,,image,automotive,50172,822,31,1029.76
enriched_ad_4102,campaign_025,Call your friend who hasn't been themselves lately.,Learn more SEIZE THE AWKWARD ad C America Foundation Suicide Pred JED,,,,image,healthcare,36694,362,19,765.78
enriched_ad_4103,campaign_014,Ashley Tempur-Pedic,,Shop Now,,,image,ecommerce,64307,1096,57,725.79
enriched_ad_4104,campaign_007,Ashley let the light shine,,Shop Now,,,image,entertainment,52554,940,94,464.63
enriched_ad_4105,campaign_050,What Do I Do When I Lose My Health Plan?,Life Happens. Get Covered.,Learn More,,,image,healthcare,29589,456,18,584.5
enriched_ad_4106,campaign_044,LAYENA BRAGGING RIGHTS COME IN EVERY BAG OF PURINA® LAYENAⓇ LAYER FEED,Strong hens & eggs for you to show off start with feeding Purina.,Try Now>,,,image,ecommerce,85254,1105,113,1062.62
enriched_ad_4107,campaign_036,Discover Logitech Lift,Vertical Ergonomic Mouse for natural handshake position and day-long comfort.,Learn More,,,image,ecommerce,44264,731,73,430.29
enriched_ad_4108,campaign_001,Anniversary Sale - Save Big on Holland America Line,Enjoy an exclusive anniversary sale with up to 45% off. Book your dream vacation aboard the luxurious Holland America Line and experience onboard credit along with reduced deposit options.,Book Now,,,image,ecommerce,68953,1257,71,886.83
enriched_ad_4109,campaign_026,FIND NEW ROADS™,,Shop Chevrolet,,,image,automotive,42935,674,25,865.2
enriched_ad_4110,campaign_050,Get Verizon Mobile for Microsoft Teams,Integrate all mobile calling with Teams and move calls seamlessly across all devices with your number.,,,,image,ecommerce,48670,662,65,536.08
enriched_ad_4111,campaign_002,Oracle NetSuite - Achieve Success with KPIs,"Discover the power of Oracle NetSuite and drive your company's success. With our comprehensive checklists, you can easily track Key Performance Indicators (KPIs) to ensure you're on top of every aspect that matters.",Download eBook,,,image,ecommerce,74315,1536,148,1013.55
enriched_ad_4112,campaign_047,Donate Pet Food,One of the many ways you can be a helper in your community. Learn more PetsAndPeopleTogether.org ad The Humane Society Council Of The Mid-Atlantic Region.,Learn More,,,image,ecommerce,25624,269,23,375.67
enriched_ad_4113,campaign_044,New York Botanical Garden Tickets Available,Get tickets for the New York Botanical Garden's summer season running from May 27 to September 17. Experience beautiful gardens and works by Ebony G. Patterson.,GET TICKETS NOW,,,image,entertainment,69821,1116,166,473.32
enriched_ad_4114,campaign_039,Discover Expert-Led Sessions,Dive into relevant topics with our experts through engaging webinars that you can listen to live or access on demand.,Explore Webinars Now!,facebook,,video,education,28449,562,84,232.41
enriched_ad_4115,campaign_008,Get More Logitech,From IPad Combo Touch Now for iPad Pro and iPad (10th Gen),SHOP NOW,,,image,ecommerce,20423,221,17,330.82
enriched_ad_4116,campaign_003,Shop Rugs,,,,,image,ecommerce,46753,751,39,615.2
enriched_ad_4117,campaign_033,Insurance for Visitors to the US,"Get Quote
2
VisitorPLANS.com
INSURANCE THAT TRAVELS WITH YOU
authority on insurance plans for visitors in the USA. Visit us at www.visitorplans.com or call us directly.",Visit VisitorPLANS.com,,,image,ecommerce,91535,1887,166,930.23
enriched_ad_4118,campaign_021,Adopt US Kids,Listen to the new podcast for heartwarming adoption stories and advice from experts.,Learn More,,,image,ecommerce,20926,225,13,268.64
enriched_ad_4119,campaign_010,"Airfare Credit for Santorini, Greece",Book by May 24th. For up to free drinks included in your trip.,Book Now,,,image,travel,61608,1261,101,985.0
enriched_ad_4120,campaign_007,Discover the Distinct Value of CIMERLIⓇ>>,"CIMERLI is a registered trademark of Coherus BioSciences, Inc. All rights reserved.",,,,image,ecommerce,29759,548,30,411.86
enriched_ad_4121,campaign_032,OCTAVIA E. BUTLER'S PARABLE OF THE SOWER,"JUN 28 - JUL 1, WED-SAT at Strathmore Theatre",BUY STRATHMORE TICKETS,,,image,entertainment,99712,1751,290,777.06
enriched_ad_4122,campaign_038,The Game,Rule astra A30 wireless XBOX/PS/Switch/ PC/MOBILE+ Shop Now G Logitech,Shop Now,,,image,ecommerce,60045,760,72,640.13
enriched_ad_4123,campaign_017,A NEW WAY TO PLAY THE CLOUD XBOX GEForce,Now available in the cloud for Xbox and GEFORCE with Logitech handheld gaming experience.,Shop Now,,,video,ecommerce,97604,2279,150,1601.17
enriched_ad_4124,campaign_043,Logitech A New Way to Play the Cloud,A NEW WAY TO PLAY THE CLOUD XBOX K GEFORCE NOW Si H CLOUD GAMING HANDHELD SHOP NOW,SHOP NOW,,,video,entertainment,47429,1055,135,284.85
enriched_ad_4125,campaign_003,Relax In Your Retreat,,Shop Bedroom →→ ASHLEY,,,image,ecommerce,27588,540,31,321.93
enriched_ad_4126,campaign_041,New Pet Expert Tackle Tough,PetExpert Tackle TOUGH. Pet Odors 24/7. Learn More About VetV.,Learn More,,,image,ecommerce,56066,788,71,593.47
enriched_ad_4127,campaign_040,Oracle NetSuite - 50 KPI Checklists,Drive Your Company's Success with Oracle's comprehensive KPIs.,Download eBook,,,image,ecommerce,24137,499,33,302.03
enriched_ad_4128,campaign_012,Create Your Personal Price Plan™,"Prices vary by state. Options selected by customer, availability and eligibility may vary.",Learn more,,,image,ecommerce,62899,900,48,839.27
enriched_ad_4129,campaign_011,Memorial Day Sale,up to 50% off spotlight deals shop now,Shop Now,,,image,ecommerce,98682,1179,92,1003.1
enriched_ad_4130,campaign_018,Oracles NetSuite - CFO's Ultimate Tool,"NetSuite is designed to help you, the CFO, improve your Key Performance Indicators (KPIs) and streamline business processes. With Oracle NetSuite, you'll have access to a comprehensive suite of tools that can transform how financial data drives decision-making in real-time.",Download Guide,facebook,,image,ecommerce,34657,470,45,487.43
enriched_ad_4131,campaign_035,Ashley Update Your Space,,Shop Now,,,image,ecommerce,72708,1498,108,731.33
enriched_ad_4132,campaign_029,UP TO SAVE $500,*Select adjustable mattress sets only. Lesser savings may apply. Learn more at TempurPedic.com.,TEMPUR-PEDIC SHOP NOW,,,image,ecommerce,85573,1585,130,864.85
enriched_ad_4133,campaign_038,"Ashley Final Touches, First Impressions Shop Home Decor",,,,,image,ecommerce,72623,1149,70,1126.44
enriched_ad_4134,campaign_004,Experience the TALON 1000s HONDA,,,,,image,automotive,81193,1287,38,1788.12
enriched_ad_4135,campaign_033,Delta MD SkinCare UV Clear Broad Spectrum SPF 46,"Trusted by Dermatologists. Gate 20, www.onco.com/pacial_sunscreen",,,,image,ecommerce,95621,1789,172,1583.73
enriched_ad_4136,campaign_001,Talk with Me About Mental Health,Reach out to a friend about mental health. Learn more SEIZE THE AWKWARD Amen Se JED.,,,,image,healthcare,73726,798,53,1481.69
enriched_ad_4137,campaign_013,Ashley - Relax In Your Retreat Shop Bedroom,,Shop Now,,,image,ecommerce,74364,834,44,1254.1
enriched_ad_4138,campaign_017,Sharing Old Stories and A Coca-Cola,,Learn More,,,image,entertainment,43781,1002,139,302.95
enriched_ad_4139,campaign_036,How to create a lasting legacy as CFO,"Learn how you can establish yourself in the corporate world by becoming an influential Chief Financial Officer (CFO). Discover strategies and insights that will help build your reputation, ensure financial stability for companies you're involved with, or even start up new ventures. Download our comp",Download eBook,,,image,education,65061,1180,138,728.36
enriched_ad_4140,campaign_042,"CARLISLE Ford","NATIONALS JUNE 2-4 CARLISLE PA FAIRGROUNDS WORLD'S LARGEST ALL-FORD SHOW & SWAP MEET SPECTATOR TICKETS BUY NOW AND SAVE! LEARN MORE",Learn More,facebook,,image,ecommerce,61826,942,59,713.25
enriched_ad_4141,campaign_023,"CARLISLE Ford","NATIONALS JUNE 2-40 CARLISLE PA FAIRGROUNDS WORLD'S LARGEST ALL-FORD SHOW & SWAP MEET SPECTATOR TICKETS BUY NOW AND SAVE! LEARN MORE",Learn More,facebook,,image,ecommerce,37995,604,38,672.77
enriched_ad_4142,campaign_012,Just About Everything®,FOR GUNSMITHING,Shop Now,,,image,ecommerce,30099,629,35,332.91
enriched_ad_4143,campaign_038,S&P 500 Weekly SM,C'boe Tuesday and Thursday Options Now Available Learn More,,,,image,finance,74477,854,23,2314.97
enriched_ad_4144,campaign_027,Turn daydreams into dream homes,with a down payment as low as 3%. Learn more TRUIST Restrictions fortal Mortgage,,,,image,real_estate,33707,314,6,869.16
enriched_ad_4145,campaign_035,On and Off the Road,,,,,image,automotive,50645,588,16,1076.92
enriched_ad_4146,campaign_027,MOVED AND LOST HEALTH COVERAGE?,"WHEN LIFE CHANGES, GET COVERED.",Learn More,,,image,healthcare,94677,1636,108,1869.19
enriched_ad_4147,campaign_011,Get iPad 9th Gen,50% OFF for your business With 24 monthly bill credits when you add a line. Get offer T-TABLETS For Business,,,,image,ecommerce,76390,1356,69,1326.77
enriched_ad_4148,campaign_008,"IGNARelief THIS DHUL-HIJJAH, DONATE TO A CAUSE",,VISIT ICNARELIEF.ORG,,,image,ecommerce,96075,1036,54,1106.84
enriched_ad_4149,campaign_014,Executive Wharton Education Marketing Programs,Live Online and On Campus,> Apply Now >,,,image,education,43282,601,85,350.17
enriched_ad_4150,campaign_031,Volvo XC40 Recharge,A car as versatile as you,Learn More,,,image,automotive,69820,832,15,1628.11
enriched_ad_4151,campaign_001,Building a Brand with Bluehost,Bluehost makes building your online presence easy. Get started today!,Get Started,,,image,ecommerce,32433,390,30,574.34
enriched_ad_4152,campaign_021,Explore comprehensive patient support with CIMERLIⓇ,CIMERLIⓇ NOW HAS A PERMANENT Q-CODE: Q5128 Explore comprehensive patient support >>,,,,image,ecommerce,41298,829,77,471.57
enriched_ad_4153,campaign_025,Discover Lift - Vertical Ergonomic Mouse,Optimal 57° angle for day-long comfort. Discover the perfect ergonomic mouse designed to enhance your productivity and ensure maximum comfort during extended use.,Learn More,,,image,ecommerce,87692,1505,109,1255.23
enriched_ad_4154,campaign_037,Anniversary Sale,"Up to ONBOARD, %$+150 credit. SALE 45%. & Reduced deposit*. Holland America Line.",Book Now,,,image,travel,95164,2036,167,1859.06
enriched_ad_4155,campaign_037,Anniversary Sale,"Up to ONBOARD, %$+150 credit. SALE 45%. & Reduced Deposit* Holland America Line BOOK NOW.",Book Now,,,image,ecommerce,26080,457,44,459.78
enriched_ad_4156,campaign_016,Create Your Personal Price Plan™,"State Farm offers personalized price plans tailored to your needs, with prices varying based on the specific requirements of each state. Options are selected by you; availability and eligibility may vary.",Learn more,,,image,ecommerce,65160,817,73,704.85
enriched_ad_4157,campaign_042,"Ashley Final Touches, First Impressions Shop Home Decor",,,,,image,ecommerce,98110,1706,94,1039.9
enriched_ad_4158,campaign_041,Find New Roads™,,Shop Chevrolet,,,image,automotive,65410,812,24,1257.17
enriched_ad_4159,campaign_042,FIND NEW ROADS™,,Shop Chevrolet,,,image,automotive,48033,563,15,653.77
enriched_ad_4160,campaign_042,CHASE O - Multifamily Lending,"#1 claim based on 2021 FDIC data
© 2023 JPMorgan Chase & Co. All rights reserved.
Visit jpmorgan.com/cb-disclaimer.
Secure financing.",,,,image,finance,40388,348,12,1294.1
enriched_ad_4161,campaign_021,PRO SALE - Get Started,,,,,image,education,23151,567,42,235.1
enriched_ad_4162,campaign_032,Discover Expert-Led Webinars,Dive into relevant topics with our experienced presenters through both live and on-demand sessions.,Join Now!,facebook,,video,education,25346,667,101,166.17
enriched_ad_4163,campaign_027,Discover Expert-Led Webinars,"Dive into relevant topics with expert presenters, either live sessions for real-time engagement or on-demand content to fit your schedule. Listen and learn at your convenience.",Explore Webinars Now!,facebook,,video,education,55488,925,79,439.14
enriched_ad_4164,campaign_048,Twinspires $200 WITH CODE BET200 SIGN-UP BONUS,,Sign Up,,,image,ecommerce,84845,1050,80,1231.43
enriched_ad_4165,campaign_049,UNC Kenan-Flagger Business School Master of Accounting,Get your questions answered! Sign up for an informative webinar delivered by our admissions and career experts. FIND AN UPCOMING WEBINAR.,,,,video,education,79592,1905,174,665.66
enriched_ad_4166,campaign_043,ACQUA DI GIO,THE REFILLABLE EAU DE PARFUM an infinite freshness SHOP NOW ACQUA DI GIORGIO ARMANI KALIKPARUM,SHOP NOW,,,image,ecommerce,65512,1007,85,651.44
enriched_ad_4167,campaign_043,Open a Chase Secure Banking™M account with no minimum deposit.,"Continue
Secure Banking
JPMorgan Chase Bank, N.A. Member FDIC.
C2023 JPMorgan Chase & Co.
CHASE O",,,,image,finance,29886,251,11,950.34
enriched_ad_4168,campaign_047,Memorial Day Sale - Up to 50% Off,,Shop Now,,,image,ecommerce,92181,1139,101,1036.78
enriched_ad_4169,campaign_025,Logitech Combo Touch,Get more from your new iPad Pro or the latest iPad (10th Gen) with Logitech's innovative combo touch technology. Experience enhanced mobility and seamless integration.,SHOP NOW,,,image,electronics/ecommerce,58564,958,74,700.31
enriched_ad_4170,campaign_009,NetSuite CFO Guide,Reach your goals with the help of Oracle's NetSuite. Download our comprehensive guide to get started.,Download Now,facebook,,image,ecommerce,78236,1282,72,807.61
enriched_ad_4171,campaign_019,Stream Paramount+ Now,,Try it free,,,video,entertainment,74123,1744,308,427.64
enriched_ad_4172,campaign_029,Are You Covered?,We’re here to help with your 'what-if' scenarios. State Farm,,,,image,ecommerce,26475,497,33,395.29
enriched_ad_4173,campaign_021,LEGO ZKDRIVE AVAILABLE NOW,The LEGO Group announces the release of new exclusive content for fans in collaboration with Take-Two Interactive. Experience Nintendo Switch branded flowers and other unique features.,,,,image,ecommerce,85001,1419,97,1004.14
enriched_ad_4174,campaign_016,SHOP RUGS - FREE SHIPPING,,Shop Now,,,image,ecommerce,71288,977,90,746.94
enriched_ad_4175,campaign_019,Ashley Light Shine Shop Now,,Shop Now,,,image,ecommerce,61080,1220,110,1049.49
enriched_ad_4176,campaign_013,"Welcome to Breezeline™ Internet, TV and Voice",Internet speeds starting at 100 Mbps for $1999/mo.,Shop Now,,,image,ecommerce,76659,1093,87,1246.38
enriched_ad_4177,campaign_031,Killington BIGGEST JUMPS AT THE BEAST.,,Learn More,,,image,entertainment,77832,1939,240,498.69
enriched_ad_4178,campaign_001,Active 360°,Stay up to speed with fast-changing fixed income markets. Leverage timely macro insights.,,,,image,finance,83578,1097,44,1695.38
enriched_ad_4179,campaign_043,Ashley | Tempur-Pedic,,Shop Now,,,image,ecommerce,35201,629,54,427.77
enriched_ad_4180,campaign_011,Rule the Game,astro A30 Wireless XBOX/PS/Switch/PC/MOBILE+ Shop Now Logitech,Shop Now,,,image,ecommerce,32855,413,32,477.8
enriched_ad_4181,campaign_022,Healthy-Looking Skin is a Science,,Shop Now,,,image,ecommerce,88241,1059,67,1301.93
enriched_ad_4182,campaign_033,"Listen to the new podcast","for heartwarming adoption stories and advice from experts. LEARN MORE > Adopt US Kids ad COUNCEL",Learn More,facebook,,image,ecommerce,71723,1015,59,895.59
enriched_ad_4183,campaign_048,Volvo XC60 Mild-Hybrid,Go the extra mile,Learn More,,,image,ecommerce,89459,943,69,1526.89
enriched_ad_4184,campaign_047,Donate to Pet Care,One of the many ways you can be a helper in your community. Learn more PetsAndPeopleTogether.org ad COUNCIL The Humane Society Of The United States Madde's Find,,,,image,"ecommerce, saas, education, healthcare, finance, entertainment, travel, food, automotive, real_estate",39234,577,39,650.03
enriched_ad_4185,campaign_006,Join Monarch,"Discover the exclusive community of individuals who are passionate about personal growth, creativity and self-improvement. Whether you're looking to connect with like-minded people or seeking inspiration for your own journey towards success.",Sign Up Now,facebook,,image,ecommerce,44365,697,62,571.67
enriched_ad_4186,campaign_016,Join Monarch,Discover the exclusive community of individuals who have joined our platform. Get access to unique opportunities and connect with like-minded professionals.,Sign Up Now,facebook,,image,ecommerce,37807,636,39,622.94
enriched_ad_4187,campaign_024,Ashley Tempur-Pedic Sleep,Experience the ultimate comfort with our premium mattresses. Shop at Ashley and find your perfect fit.,Shop Now,facebook,,image,ecommerce,67206,1153,106,684.39
enriched_ad_4188,campaign_039,Lift Vertical Ergonomic Mouse and Keys Mini,"Learn More more natural posture, less muscle strain*, Logitech in the upper body",learn more,,,image,ecommerce,79334,1013,95,1130.58
enriched_ad_4189,campaign_047,Are You Covered?,Don't leave your peace of mind to chance. State Farm has got you covered.,Get Started,facebook,,image,ecommerce,41771,727,73,531.15
enriched_ad_4190,campaign_032,SHOP RUGS,,Shop Rugs,,,image,ecommerce,52127,1062,74,591.81
enriched_ad_4191,campaign_010,Ashley Warm Tones Trending,,Shop Now,,,image,ecommerce,25327,439,22,433.0
enriched_ad_4192,campaign_007,The Latest Look for Your New Home,,Shop Now →,,,image,ecommerce,99847,1730,131,1743.43
enriched_ad_4193,campaign_018,Warm Tones Are Trending,,Shop Now,,,image,ecommerce,50773,555,52,645.73
enriched_ad_4194,campaign_050,Unwind with $300 Travel Credit,Experience more relaxing getaways with Chase Sapphire Reserve.,,,,image,travel,81836,939,69,1707.24
enriched_ad_4195,campaign_021,NetSuite - CFO's Ultimate KPI & Process Improvement Tool,"Oracles NetSuite is designed to help you as the Chief Financial Officer (CFO) of your organization. With our comprehensive suite, you'll be able to improve key performance indicators and streamline business processes like never before.",Download Guide Now!,facebook,,image,ecommerce,70851,1083,66,1265.14
enriched_ad_4196,campaign_047,G915 TKL Tenkeyless Wireless Mechanical Gaming Keyboard,Keep playing with our G915 TKL tenkeyless wireless mechanical gaming keyboard. Experience ultimate comfort and performance.,SHOP NOW,,,video,ecommerce,86078,2227,156,1179.64
enriched_ad_4197,campaign_017,Ashley Free Shipping,Layer your home with stylish rugs that elevate any space.,Shop Rugs Now,,,image,ecommerce,43443,788,77,736.83
enriched_ad_4198,campaign_028,JUST ABOUT EVERYTHINGⓇ,,Shop Now,,,image,ecommerce,88538,1422,78,896.23
enriched_ad_4199,campaign_004,HONDAS IT’S BIG. MEET THE ALL-NEW PIONEER 1000-6 DELUXE CREW,,,,,image,automotive,27273,358,8,435.26
enriched_ad_4200,campaign_003,Upgrade Your New Space,,Shop Now →,,,image,ecommerce,34237,378,27,518.37
enriched_ad_4201,campaign_017,PROUD TO FIND NEW ROADS THE ALL-ELECTRIC 2022 CHEVROLET BOLT EUV,,Learn More,,,image,automotive,51986,671,16,1024.04
enriched_ad_4202,campaign_017,VALUE-PACKED & BUDGET FRIENDLY,Get ALL THE SEAGUAR PERFORMANCE YOU COUNT ON AT PRICES EVERYBODY WILL LOVE. BASIX™ FLUORORO TACTX™ BRAID TV TACTX R Seaguar 101,,,,image,ecommerce,59178,720,59,964.3
enriched_ad_4203,campaign_004,Cozy Night In and A Coca-Cola,,Learn More,,,image,,41853,849,78,687.14
enriched_ad_4204,campaign_034,Savor new flavors with 3x points on dining and travel worldwide.,Guest Check - Alark GAM HERE PESER D. BARRETT TAX TOTAL Learn more VISA SAPPHIRE RESERVEⓇ,Learn more,,,image,ecommerce,67198,1376,70,1094.28
enriched_ad_4205,campaign_040,Find a Lost Pet,One of the many ways you can be a helper in your community. learn more PetsAndPeopleTogether.org ad The Humane Society Council Of The Metropolitan Area.,,,,image,ecommerce,87037,1777,86,1223.38
enriched_ad_4206,campaign_034,Let the Light Shine,,Shop Now →→,,,image,ecommerce,38244,417,22,410.91
enriched_ad_4207,campaign_039,BATH FITTER,Our unique tub process means no mess or stress. START TODAY > BATH FITTER,START TODAY,,,image,ecommerce,94456,1087,96,1482.93
enriched_ad_4208,campaign_035,Cozy Night In,,Learn More,,,image,,47882,740,57,716.56
enriched_ad_4209,campaign_039,Farmers Insurance Choice™,FARMERS INSURANCE START SAVING HUNDREDS TODAY. CALL (855) 206-8574 GET QUOTES,,,,image,ecommerce,47250,924,64,737.34
enriched_ad_4210,campaign_027,Ashley Layer,Shop Rugs with FREE Shipping on Ashley Layers.,SHOP NOW,,,image,ecommerce,61729,1209,59,1058.04
enriched_ad_4211,campaign_007,Noble Comfort Done Right,Experience unparalleled comfort with our premium fire tubes. Locar and Lochinvar are designed to meet your highest standards.,Learn More,,,image,ecommerce,51809,667,46,929.74
enriched_ad_4212,campaign_001,Ashley Style Starts Here,,Find Nearest Store,,,image,ecommerce,88458,1650,95,1149.66
enriched_ad_4213,campaign_043,A MOUNTAIN OF MOVIES DUNGEONS AND DRAGONS:,HONOR AMONG THIEVES STREAMING ON mount+,TRY IT FREE,mount,,video,entertainment,37797,1332,198,230.1
enriched_ad_4214,campaign_003,Best Hospitals US NOW,City of Advancing Hematologic Hope. Breakthroughs Learn more CANCER 2022-23,Learn More,,,image,healthcare,69339,861,49,1447.5
enriched_ad_4215,campaign_026,Discover Ralph Lauren's Home Collection,Explore our latest designs and exclusive pieces from Ralph Lauren. Visit us at Dallas Knox District to experience luxury fashion.,Visit Us,,,image,ecommerce,58028,992,65,699.86
enriched_ad_4216,campaign_003,Weet Fighraad Corecho - Real Fruit & Veggie Juices,,,,,image,ecommerce,40978,594,33,504.83
enriched_ad_4217,campaign_027,Available Now at TF31 Series FPC/FFC Connectors,TF31 series of connectors offers two different contact pitches of 0.5 mm and 1.0 mm and two height variations of 1.75 mm and 2.0 mm.,,,,image,ecommerce,73468,1005,96,989.3
enriched_ad_4218,campaign_018,WAKEFIELD THERMAL,"ww
DC Axial Fans
Wakefield Authorized Distributor
Thermal's DC fans varying in size
digi-key schedule shipments learn more >>",,,,image,ecommerce,85229,1745,95,888.1
enriched_ad_4219,campaign_009,PDF Available Now at Rec30e-Z Series Converters,"Despite their small size, the REC30E-Z converters are fully specified devices with output currents up to 7 A and over 90% efficiency.",,,,image,electronics/electrical equipment,86501,1308,104,1157.55
enriched_ad_4220,campaign_017,Available Now at Samtec,"PDF Available Now at
Samtec AcceleRate® HP and NovaRay® High-Performance arrays up to 56G NRZ / 112 Gbps PAM4 Learn More",,,,image,electronics/equipment/supply-chain-management/technology-products,30213,417,28,494.36
enriched_ad_4221,campaign_006,DPH Series IP68 Enclosures,Available Now at Watertight and submersible DPH series IP68 hinged-cover enclosure offers various opportunities to mount panels and boards within the enclosure.,,,,image,ecommerce,63935,854,45,1144.48
enriched_ad_4222,campaign_042,Save up to $500,*Select adjustable mattress sets only. Lesser savings may apply. Learn more at Sealy.com.,Learn More,,,image,ecommerce,23211,443,32,371.57
enriched_ad_4223,campaign_015,Schneider Electric Sensors - Heavy Duty for Hazardous Locations,9007 Series sensors designed specifically to meet the rigorous demands of hazardous locations. Ideal solutions with Digi-Key Schedule Shipments.,Learn More >>,,,image,ecommerce,87605,923,72,1205.07
enriched_ad_4224,campaign_039,Discover the Essence of Luxury,"Experience unparalleled elegance and timeless beauty with BVLGARI's exclusive collection. From exquisite jewelry to luxurious watches, our curated selection is designed for those who appreciate true craftsmanship.",SHOP NOW,,,image,ecommerce,94257,1861,137,1177.8
enriched_ad_4225,campaign_020,MattressFirm - Our Best Brands,"Lowest prices, guaranteed. TEMPUR-PEDIC Sealy Purple Serta Nectar BeautyRest.",,,,image,ecommerce,41245,516,50,434.16
enriched_ad_4226,campaign_043,Acne + Restore Skin,"Developed with Dermafelt, Treat Acne and Restore Skin. CeraVe Resurfacing Retinol Serum.",Learn More >,,,image,ecommerce,67426,808,79,820.91
enriched_ad_4227,campaign_012,Try BlueChewable Tadalafil for Free,,Use Promocode: WebMD,,,image,ecommerce,88254,1341,87,1108.77
enriched_ad_4228,campaign_015,TAOGLAS. Invisible PCB Flex Antennas for Wi-Fi and LTE,"A ""clear"" alternative to AUTHORIZED DISTRIBUTOR opaque antennas Digi-Key Schedule Shipments Learn More >>",,,,image,electronics/electrical components,31292,547,53,557.6
enriched_ad_4229,campaign_004,Bitdefender - Product of the Year,Choose what experts trust and use. Buy Now GL Produs AV comparatives 2022 'Product of The Year' NV-Comparative January 2023,Buy Now,,,image,ecommerce,63159,817,69,849.08
enriched_ad_4230,campaign_005,"CARLISLE Ford","NATIONALS JUNE 2-4 CARLISLE PA FAIRGROUNDS WORLD'S LARGEST ALL-FORD SHOW & SWAP MEET SPECTATOR TICKETS BUY NOW AND SAVE! LEARN MORE",Learn More,facebook,,image,ecommerce,98552,1101,80,1517.06
enriched_ad_4231,campaign_048,Discover More Biological Insights Into Cancer,That's the Power of Proteomics. Pioneer Further Somalogic.,,,,image,ecommerce,62835,884,85,896.09
enriched_ad_4232,campaign_001,Shop Now,,SHOP NOW,,,image,ecommerce,40073,660,48,404.61
enriched_ad_4233,campaign_009,David Fo Talks About The Difference,"Clark
View Video
Chief Champlin talks about the difference
the David Clark Headset System is making for the Underhill-Jericho, VT FD>",,,,video,ecommerce,90391,2011,148,1269.9
enriched_ad_4234,campaign_002,"Switch to IG for Up to $5,000 Funding Bonus","IG offers up to $5,000 funding bonus. Open, fund & trade on the platform and see how you qualify.",,,,image,ecommerce,99540,1200,115,1677.5
enriched_ad_4235,campaign_034,Discover IG,"Join the millions of users who have already discovered Instagram. Whether you're looking to share photos, stories or connect with friends and family.",Sign Up Now!,facebook,,image,entertainment,38704,764,88,275.45
enriched_ad_4236,campaign_036,40% OFF Next,zamberlan KANDMADE PHILOSOPHY 1111 CRESTA GTX RR LEATHER HUNTING BOOTS TID $224.⁹9 REG PRICE $375.00 Midway SHIPS FREE,,,,image,ecommerce,69945,1451,96,681.4
enriched_ad_4237,campaign_046,Golding HONDA,As low as 4.99% APR for up to 36 months with approved credit by Honda Financial Services.,Learn More,,,image,finance,85494,810,24,1969.13
enriched_ad_4238,campaign_026,We Take Care Of Cattle And The Land,"KEVIN YON
YON FAMILY FARMS, SOUTH CAROLINA Get more from every acre >
DuraCor HERBICIDE CORTEVA",,,,image,agriculture,33766,548,36,458.06
enriched_ad_4239,campaign_027,DRYSHOD - Waterproof Footwear,"Discover the ultimate in lightweight, warm, durable and comfortable waterproof footwear. Perfect for any adventure or everyday wear.",Shop Now,facebook,,image,ecommerce,63017,765,56,798.62
enriched_ad_4240,campaign_026,USRider Equestrian Motor Plan,Roadside assistance for your vehicles and horse trailers.,Learn More,,,image,ecommerce,48600,964,73,469.67
enriched_ad_4241,campaign_028,"ORACLE CFOs, Improve Your KPIs",NETSUITE and Business Processes Download Guide,,,,image,ecommerce,38358,801,74,396.23
enriched_ad_4242,campaign_011,Road - VISIT roadlab.tech,"PARTE ROAD:
L'INNOVAZIONE
SI FA STRADA
DALLA CAPITALE.
Powered by eni",,,,image,ecommerce,62779,1048,98,658.91
enriched_ad_4243,campaign_025,"Results, Not Just Research","It's not just research. It's results.
Meet some of our analysts you can support in Il's All-America Survey.",,,,image,ecommerce,50140,761,60,634.83
enriched_ad_4244,campaign_005,"THEME PARK","MAY 20TH & 21ST KIDS GET IN FREE! SCAN BUY TICKETS HERE",Learn More,facebook,,image,ecommerce,66171,1205,114,1140.89
enriched_ad_4245,campaign_038,100% REAL Fruit Juices,"Discover the fresh and natural taste of our Naked Green Machine juices. Made with real fruit, no additives or preservatives.",Shop Now,facebook,,image,ecommerce,35577,432,40,431.56
enriched_ad_4246,campaign_006,Ashley let the light shine,,Shop Now,,,image,ecommerce,51313,817,79,598.01
enriched_ad_4247,campaign_029,Ashley Style Starts Here,Find your nearest Ashley store and get inspired with our latest collections. Shop now to experience the best fashion at affordable prices.,Shop Now,,,image,ecommerce,41436,649,55,469.07
enriched_ad_4248,campaign_050,Start Your Mortgage Application Today,Apply Now Equal Housing Lender TRUIST TH Mortgage,,,,image,finance,35743,370,17,827.59
enriched_ad_4249,campaign_002,BARAK MX Setting the Air Defense Standard in Every Arena,"Meet us at MADEX 2023 ⓇIAI Discover more about our advanced air defense systems that can cover up to 150km, with varying ranges of 70km and 35km. Our technology ensures comprehensive protection for every arena.",,,,image,ecommerce,51037,794,39,491.13
enriched_ad_4250,campaign_042,A Little Garnish | A Lot of Flavor,What will you bring together? FINE WINE & GOOD SPIRITS,Shop Now,,,image,ecommerce,72640,835,66,1163.64
enriched_ad_4251,campaign_030,Summer Starts Here!,"Offers end May 31, SEE OFFERS Prototypes shown with options. Extra-cost color shown",,,,image,ecommerce,78072,1634,121,840.56
enriched_ad_4252,campaign_008,"Ashley - Final Touches, First Impressions",,Shop Home Decor,,,image,ecommerce,62312,1019,97,799.38
enriched_ad_4253,campaign_050,Discover Top Habits for Strong CFOs,Learn from the best with these essential habits practiced by strong Chief Financial Officers. Download our exclusive eBook to get started.,Download eBook,,,image,education,81751,2044,149,767.08
enriched_ad_4254,campaign_007,Fly a Legend,"Model H10-13.4, David Clark & More",,,,image,,58776,1190,70,688.12
enriched_ad_4255,campaign_020,DC ONE-X - No Price Tag,"The one feature DC ONE-X doesn't have is a 4-digit price tag. 'Flight instructor let me try it and I liked it better than Bose.' - Matt, American Airlines MORE> David Clark",,,,image,entertainment,51905,931,116,358.59
enriched_ad_4256,campaign_005,Arcade is Oper,Subscribe to Arcade and start playing immediately. Subscription required.,Play Now,,,video,ecommerce,41269,577,47,610.58
enriched_ad_4257,campaign_008,A world of cybersecurity insights at your fingertips,Register and Watch On Demand. LEARN MORE Stronger Together RSAConference 2023 San Francisco | April 24-27 | Moscone Center,LEARN MORE,,,video,"education, healthcare, finance, entertainment, travel, food, automotive, real estate",30225,586,44,404.73
enriched_ad_4258,campaign_011,Stronger Together,A world of cybersecurity insights at your fingertips. Register and Watch On Demand.,,,,video,education,49145,1505,131,400.98
enriched_ad_4259,campaign_040,Volvo XC40 Recharge,,Learn More,,,image,automotive,97389,1497,36,2284.84
enriched_ad_4260,campaign_015,CHASE O MULTIFAMILY LENDING,"#1 claim based on 2021 FDIC data
© 2023 JPMorgan Chase & Co. All rights reserved.
Visit jpmorgan.com/cb-disclaimer.",,,,image,ecommerce,92764,1844,170,994.04
enriched_ad_4261,campaign_007,7 RED WHITE & PEW,THE LEADER IN RIMFIRE AMMUNITION BUY NOW CCP 114 BU Proudly Made In The USA CCI ENT cef,BUY NOW,,,image,entertainment,90381,1524,186,747.19
enriched_ad_4262,campaign_030,Just About Everything For Reloading Midway,,Shop Now,,,image,ecommerce,98145,1927,183,1159.51
enriched_ad_4263,campaign_018,SPRING SAVINGS ARE CALLING,Book your stay at WHISTLER.COM for just $135 per night and enjoy our spring savings.,BOOK NOW,,,image,ecommerce,73511,782,43,729.43
enriched_ad_4264,campaign_014,Discover More Biological Insights Into Cancer,That's the Power of Proteomics. Pioneer Further somalogic.,,,,image,ecommerce,46565,715,55,823.94
enriched_ad_4265,campaign_013,Building a Brand with Bluehost,Bluehost makes it happen. Get Started MHE.,,,,image,ecommerce,32514,479,41,334.54
enriched_ad_4266,campaign_023,CADILLAC UNDENIABLY M,,Learn More,,,image,automotive,67262,1160,21,1100.61
enriched_ad_4267,campaign_026,CADILLAC UNDENIABLY ME,,Learn More,,,image,entertainment,38431,544,83,301.46
enriched_ad_4268,campaign_050,MEAT-RICH RECIPES,WILDERNESS to feed your dog's wild side BLUE WILDERNESS Ther,SHOP NOW,,,image,food,37133,879,96,550.98
enriched_ad_4269,campaign_018,Fordham MS in Taxation - Apply Now,"The Jesuit University of New York's Gabelli School of Business offers an MS in Taxation with full-and part-time schedules, flexible online and hybrid study options. Electives are available for emerging fields.",Apply Now • Seats are Filling,,,image,education,21360,535,51,140.54
enriched_ad_4270,campaign_040,Building a Fence Doesn't Have To Be Hard,Bekaert offers step-by-step guides and how-to videos.,Shop Now,,,video,ecommerce,42977,655,39,590.04
enriched_ad_4271,campaign_046,Book Now,,For The Stay™,,,image,ecommerce,27026,499,49,341.25
enriched_ad_4272,campaign_025,Looking for Rewards? Parts Rewards,,,,,image,ecommerce,92282,1046,99,1302.51
enriched_ad_4273,campaign_022,Let your friend know you're there if they need to talk.,Ad A Found J Preverdian JED SEIZE THE AWKWARD,Learn more,,,image,entertainment,83708,1656,246,692.21
enriched_ad_4274,campaign_002,Something on your mind? Reach out to a friend about their mental health.,Learn more SEIZE THE AWKWARD ad American T Fr JED,,,,image,healthcare,68884,742,33,1638.91
enriched_ad_4275,campaign_017,STYX OCT BUY TICKETS LIVE AT HARD ROCK NORTHERN INDIA,,,,,image,entertainment,87564,1773,169,594.85
enriched_ad_4276,campaign_043,BUNDLE AND SAVE,Under Our Roof. Save up to 23% when you bundle auto and home.,,,,image,ecommerce,34906,413,32,447.26
enriched_ad_4277,campaign_015,The Secret to Better Experiences,Simplify IT. See how CISCO The bridge to possible experiences faster results?,,,,image,ecommerce,24120,406,29,340.08
enriched_ad_4278,campaign_033,Cisco - Bridge to Possible,Get ahead with insights from The Global Networking Trends Report. How do you compare?,,,,image,ecommerce,87739,1051,85,1032.45
enriched_ad_4279,campaign_041,Jump Into The Survivor Pool. Totally New Way To Outlast the Madness.,Picks start March 12 USA TODAY REGISTER NOW SPORTS,,,,image,entertainment,85019,2103,296,514.66
enriched_ad_4280,campaign_015,Fandom xfinity,10G GAMING LOUNGE RAPID FIRE APPEARANCES BY JUSTIN FIELDS DA'MAR CHASE FAZE CLAN AND MORE -> WATCH NOW 1,WATCH NOW,,,video,entertainment,65133,1880,223,479.14
enriched_ad_4281,campaign_019,Download. Listen. Dance.,Put on your dancing shoes and follow your team all month long on The Varsity Network app.,,,,image,entertainment,55873,1528,194,398.25
enriched_ad_4282,campaign_003,Still Thinking About The Last TABC Conference?,Revisit your favorite writing workshops from Teen Author Boot Camp 24/7. Get Started!,Get Started,,,image,education,29089,597,53,340.14
enriched_ad_4283,campaign_028,Today's Deals,,Shop Now ►,,,image,ecommerce,70866,923,85,1153.15
enriched_ad_4284,campaign_036,Today's Deals,,Shop Now ►,,,image,ecommerce,43570,776,58,590.17
enriched_ad_4285,campaign_040,"VULTURE","into it with Sam Sanders Listen on Apple Podcasts",Learn More,facebook,,image,ecommerce,21596,334,28,362.83
enriched_ad_4286,campaign_039,Spring Water,"100% NATURAL SPRING WATER
SPARKLING BERRIES
discover still & sparkling at DrinkORIGINwater.com",Shop Now Learn More at DrinkORIGINwater.com,,,image,ecommerce,40566,718,47,674.29
enriched_ad_4287,campaign_018,COMMEMORATE TOM BRADY'S LEGENDARY CAREER WITH THIS HARDCOVER BOOK GREATNESS,,CLICK TO SAVE!,,,image,entertainment,33177,777,144,164.14
enriched_ad_4288,campaign_004,STARRING KYH WHITLEY AND TISHA CAMPBELL YVETTE NICOLE BROWN,All-New Episode SATURDAY 8/7c Find Where to Watch at Bounce TV.com,,,,video,entertainment,38481,1224,231,309.97
enriched_ad_4289,campaign_019,Download. Listen.,Dance. Put on your dancing shoes and follow your team all month long on The Varsity Network app. VARSITY - NETWORK - POWERED BY LEARFIELD,,,,image,entertainment,31569,827,108,265.74
enriched_ad_4290,campaign_012,Calling All TABC Fans! Get Access to Your Favorite Writing Workshops,Get access to your favorite writing workshops from Teen Author Boot Camp 24/7. Learn More!,,,,image,education,54202,1156,141,351.64
enriched_ad_4291,campaign_012,PHIL STEELES PREVIEW,Want to be a PHIL STEELE VIP? m Click Here To Find Out How!,,,,image,entertainment,67693,1206,156,518.99
enriched_ad_4292,campaign_033,Best Reviews,Take the search out of your research at BEST REVIEWS Go Now,,,,image,,62963,853,69,1080.57
enriched_ad_4293,campaign_030,The Top Courses,2023 Golfwk's Ultimate Guide Golfweek PART OF the USA Today Network,,,,image,entertainment,25185,540,88,221.99
enriched_ad_4294,campaign_018,Find the BEST PRODUCTS at the BEST PRICES with BEST REVIEWS,,Go Now,,,image,ecommerce,30774,408,37,507.11
enriched_ad_4295,campaign_047,Best Reviews,Take the search out of your research.,Go Now,,,image,ecommerce,45692,900,82,600.25
enriched_ad_4296,campaign_048,TEE UP THE TOP COURSES,"Golfweek
PART OF THE USA TODAY NETWORK
your ultimate guide to Golfweek's top courses is now available for the upcoming GOLFWEEK.",,,,image,entertainment,28247,485,90,167.43
enriched_ad_4297,campaign_037,Find the Best Products at the Best Prices,with BEST REVIEWS Go Now,Go Now,,,image,ecommerce,54934,944,54,679.61
enriched_ad_4298,campaign_007,"Download, Listen & Dance",Put on your dancing shoes and follow your team all month long on The Varsity Network app.,DOWNLOAD THE APP TODAY,facebook,,image,entertainment,74947,1200,153,404.35
enriched_ad_4299,campaign_036,BOUNCE ORIGINAL SERIES,act your age ALL-NEW EPISODE SATURDAY 8/7c BOUNCE,,,,image,entertainment,41745,996,182,284.6
enriched_ad_4300,campaign_024,The Liquor Store,Add Old Fashioned Fun to Every Gathering with this Curated Kit FREE SHIPPING INCLUDED GET YOURS NOW,Get Your's Now,,,image,ecommerce,99245,1219,73,1449.25
enriched_ad_4301,campaign_033,High Score or Total Bore?,,,,,image,,89243,1150,82,1158.19
enriched_ad_4302,campaign_004,DoorDash Drive API for Web Developers,Integrate door service into your website seamlessly. Add local delivery options to any site with the DoorDash Drive API.,Learn More,,,image,ecommerce,59141,881,87,605.68
enriched_ad_4303,campaign_003,Preview GYKER PHIL STEELE VIP?,,Click Here To Find Out!,,,image,entertainment,61244,1140,134,535.0
enriched_ad_4304,campaign_006,DISCOVER STILL & SPARKLING NATURAL SPRING WATERS,ORIGIN NATURE'S BERRIES AND PURE SPRING WATER. SHOP NOW FOR A TASTY EXPERIENCE.,SHOP NOW,,,image,ecommerce,74207,1458,94,956.61
enriched_ad_4305,campaign_004,Publisher First - Full Ad Management,Level up your ad inventory with Insticator. Contact us for more details.,Contact Us,,,image,ecommerce,39762,748,74,604.27
enriched_ad_4306,campaign_003,Into with Sam Sanders,,,,,image,,34109,685,68,341.13
enriched_ad_4307,campaign_001,Want to Be A Phil Steele VIP?,Preview,Click Here To Find Out How!,,,image,entertainment,46811,949,151,407.9
enriched_ad_4308,campaign_029,Decanter FINE WINE ENCOUNTER,NYC Don't miss out on this incredible wine tasting experience in NYC SATURDAY JUNE 10 2023,,,,image,entertainment,64650,1536,291,517.32
enriched_ad_4309,campaign_048,Add Old Fashioned Fun to Every Gathering,Curated kit for every occasion. FREE SHIPPING INCLUDED at The Liquor Store.,Get Your Kit Now,,,image,ecommerce,40583,521,28,449.8
enriched_ad_4310,campaign_016,Decanter Wine Experiences,Discover great wines of the Rhône with Decanter,,,,image,ecommerce,96766,1301,86,1269.17
enriched_ad_4311,campaign_016,THE BRACKETS ARE BACK,WIN BIG! $1 MILLION PERFECT BRACKET Presented by Fridays Join the Madness BY MARCH 16th NO PURCHASE NECESSARY. MUST BE AT LEAST 21 TO ENTER.,,,,image,entertainment,49343,806,113,280.46
enriched_ad_4312,campaign_045,Focus your heart on Jesus Christ with an Easter,DEVOTIONAL by BILLY GRAHAM Get Your FREE RESOURCE Billy Graham Evangelistic Association Alway Good News,,,,image,entertainment,55420,1016,170,415.9
enriched_ad_4313,campaign_007,Turn Comments into Community,"While increasing engagement, Request a demo Hill",,,,video,ecommerce,53178,833,45,913.55
enriched_ad_4314,campaign_009,COTOSEN Buy 3 Get 4th 40% Off,,,,,image,ecommerce,48483,886,48,704.27
enriched_ad_4315,campaign_043,Spring Water Sourced from American Springs,Sourced from American springs for your table. Learn more about the purity and freshness of our spring water at DrinkORIGINwater.com.,SHOP NOW,,,image,ecommerce,48261,692,70,819.54
enriched_ad_4316,campaign_042,CAPITAL ONE SHOPPING PROMO CODES AVAILABLE,Discover the best deals with our Coupon-Finding Browser Extension. See free codes now!,See Free Codes Now,facebook,,image,ecommerce,45337,504,44,778.31
enriched_ad_4317,campaign_002,Drive Revenue with Publisher First,"Discover the power of publisher first platforms like Instigator. Drive revenue through engaging content, trivia and polling.",Request a Demo,,,video,ecommerce,85209,1673,156,1081.47
enriched_ad_4318,campaign_019,The Lamplighters League Coming Soon in 2023,,,,,image,entertainment,70090,1677,226,369.34
enriched_ad_4319,campaign_033,Amazon's Today's Deals,,Shop Now,,,image,ecommerce,60938,730,50,872.21
enriched_ad_4320,campaign_044,Protect Your Online Financial Activity,Startpage - Search privately to safeguard your financial transactions online.,,,,image,ecommerce,31496,572,37,304.56
enriched_ad_4321,campaign_007,Easter Get An Devotional by Billy Graham,Get your FREE Resource from the Evangelistic Association. Always good news.,,,,image,entertainment,72546,1733,252,397.38
enriched_ad_4322,campaign_008,Muthead Season 10,"167 Muthead League featuring 16 players competing for a $15,000 prize pool. Watch Now Presented by Army National Guard.",Watch Now,,,video,entertainment,38018,1281,178,262.86
enriched_ad_4323,campaign_048,TRUE CRIME BYLINE Back by popular demand for Season 2!,"Hear from the dogged reporters who hit the street, spoke to witnesses and got to know victims' families.",LISTEN NOW,,,image,entertainment,57449,1529,289,459.59
enriched_ad_4324,campaign_047,Don't Text and Drive,,,,,image,ecommerce,34606,674,44,403.62
enriched_ad_4325,campaign_030,STARRING KYM WHITLEY AND TISHA CAMPBELL WITH SPECIAL GUEST STAR YVETTE NICOLE BROWN A BOUNCE ORIGINA,Find Where to Watch at BounceTV.com,,,,video,entertainment,55196,1452,243,437.09
enriched_ad_4326,campaign_036,Spring Water,Sourced from American springs for your table. Learn more about the purity and freshness of our spring water.,Shop Now,,,image,ecommerce,24258,508,24,244.39
enriched_ad_4327,campaign_040,THE CROWNING ACHIEVEMENT IN COLLEGE ATHLETICS,@LDirectorScup Follow YOUR FAVORITE SCHOOL DURING THE 2022-23 SEASON THEDirectorScup.com,,,,image,education,46453,790,114,316.51
enriched_ad_4328,campaign_006,Publisher First Full Ad Management,Level Up Your Ad Inventory Instigator Contact Us,,,,image,ecommerce,50505,1024,99,778.27
enriched_ad_4329,campaign_038,Discounted Flights and Hotels,,,,,image,travel,61863,1102,51,940.18
enriched_ad_4330,campaign_035,TOTE Gars BRINGING DOWN THE HOUSE,"Herveys, L06230741 A CN REDI ENITED parve. Very Local Streaming Now V DOWNLOAD FREE FRO",,,,video,entertainment,81945,2978,455,458.29
enriched_ad_4331,campaign_006,Into with Sam Sanders,,,,,image,entertainment,40454,594,115,271.59
enriched_ad_4332,campaign_014,STEM SO CAN YOU,Learn More ST E M ad COUNCIL SALLANINSAMPLE.CO,,,,image,education,53339,998,81,627.51
enriched_ad_4333,campaign_030,Freescape - A Different Kind of Search Engine,I Googled it. It's definitely a 6. I Freesearched it. Some say it's a 9. Others say it's a 6.,,,,image,ecommerce,45148,770,40,467.62
enriched_ad_4334,campaign_050,"Help People Find Answers, Solve Problems and Get Inspired",,Learn More,,,image,education,27795,632,51,254.72
enriched_ad_4335,campaign_042,The Liquor Store,Add Old Fashioned Fun to Every Gathering with this Curated Kit. GET YOURS NOW FREE SHIPPING INCLUDED.,GET YOURS NOW,,,image,ecommerce,54472,1013,102,937.47
enriched_ad_4336,campaign_030,The New Standard of Luxury in The Caribbean,,,,,image,ecommerce,25701,527,33,266.05
enriched_ad_4337,campaign_004,METE DRIVE,Drive revenue with our Publisher First Trivia & Polling. Request a demo.,Request a Demo,,,video,ecommerce,64896,1306,99,732.18
enriched_ad_4338,campaign_027,STARRING KYM WHITLEY AND WITH SPECIAL GUEST STAR TISHA CAMPBELL YVETTE NICOLE BROWN A BOUNCE ORIGINA,act your age all-new episode SATURDAY 8/7c BOUNCE Find Where to Watch at BounceTV.com,,,,video,entertainment,35122,1150,123,256.25
enriched_ad_4339,campaign_026,Shape + Health,"Sunday Women's Half Marathon on April 30, 2023 at Central Park, New York City. Register now!",REGISTER NOW,,,image,ecommerce,37937,406,34,400.9
enriched_ad_4340,campaign_045,Streamline Your Delivery Process,Add Local Delivery with Just A Few Lines Of Code. Learn How to Integrate Seamless Delivery Solutions into your App Today.,Learn More,,,image,ecommerce,82294,1321,120,1396.72
enriched_ad_4341,campaign_033,LAPORANE - People allrecipes OUTSIDE The Making of a Doit YOURSELF A Course AROWERS Grab Top Titles ,,Shop Now,,,image,ecommerce,67525,1342,130,1097.56
enriched_ad_4342,campaign_042,GRAB TOP TITLES FOR FREE!,(UP TO $100) JUST PAY SHIPPING & HANDLING People allrecipes OUTSIDE! The Making of a Queen Bender Gawicy LAY HARRYS no's HOUSE doit YOURSELF A OUTOCOR OASIS PROPER,Shop Now →,,,image,entertainment,34734,631,75,202.23
enriched_ad_4343,campaign_024,Zero Sugar Goalie Challenge,,Register Now,,,image,entertainment,73881,1805,224,592.38
enriched_ad_4344,campaign_030,Decanter FINE WINE Encounter Returns to NYC,The world-famous Decanter Fine Wine Encounter is back in New York City. Experience the finest wines and exquisite ambiance that only this renowned event can offer.,,,,image,entertainment,86186,1881,251,611.96
enriched_ad_4345,campaign_005,Download. Listen. Dance.,Put on your dancing shoes and follow your team all month long on The Varsity Network app.,DOWNLOAD THE APP TODAY,facebook,,image,entertainment,64667,1025,178,427.13
enriched_ad_4346,campaign_012,A Different Kind of Search Engine,"Explore FREESPOKE, an innovative alternative to traditional search engines. Discover how it can change the way you find information online.",Discover More About FREESPOKE Today!,facebook,,image,ecommerce,72012,1293,71,887.49
enriched_ad_4347,campaign_040,Amazon's Today's Deals,,Shop Now,,,image,ecommerce,73111,1163,88,811.47
enriched_ad_4348,campaign_017,Grammarly - Writing in English? Get Help!,"We offer assistance with writing. Get Grammarly, it's absolutely FREE.",Get Started,facebook,,image,education,63224,1446,209,736.71
enriched_ad_4349,campaign_010,13 and 26 Month APY Certificate Special,"Federally insured by NCUA, Communication Federal Credit Union offers an attractive annual percentage yield (APY) of 4.75%. Click for details.",click for details,,,image,finance,82362,1044,49,2595.62
enriched_ad_4350,campaign_004,! DO NOT MISS THIS WEBINAR!,XYZ THE IMPORTANCE OF MAXIMIZING EFFICIENCY AND ACCURACY,6th June | 3pm GMT SECURE YOUR SEAT >>>,,,video,,54837,1266,109,820.1
enriched_ad_4351,campaign_021,ED! Entertainment Daily,Want the latest & best Royal news? Click here ED! Royals Celeb Speaks Com Form,,,,image,entertainment,96172,1616,239,812.07
enriched_ad_4352,campaign_021,Sell Cameras & Lenses to MPB,Turn your camera into cash Get an instant quote d,,,,image,ecommerce,36779,639,56,389.14
enriched_ad_4353,campaign_023,Sell Cameras & Lenses,mpb.com - Turn your camera into cash. Get an instant quote.,,,,image,ecommerce,28378,383,22,469.44
enriched_ad_4354,campaign_032,MPB - Sell Cameras and Lenses,"mpb.com offers you the opportunity to turn unused cameras into quick profits. Just list your camera or lens on our platform, get it sold instantly.",Sell Now!,,,image,ecommerce,85777,1744,90,1448.59
enriched_ad_4355,campaign_009,Sell Cameras & Lenses at mpb,Turn your camera into cash. Just Sell It.,Get an Instant Quote,,,image,ecommerce,35493,463,36,511.3
enriched_ad_4356,campaign_039,Hybrid Conference WANTED: EUROPE'S ENERGY SOVEREIGNTY,"24 May 2023, 9:00-17:00 (CEST), Brussels REGISTER NOW! G Phot picture CHROMORANGE CO JUST CLIMATE by FES",REGISTER NOW!,,,image,education,34338,728,101,278.76
enriched_ad_4357,campaign_035,Hybrid Conference - Wanted: Europe's Energy Sovereignty,"24 May 2023, 9:00-17:00 (CEST), Brussels. CHROMORANGE by FES.",,,,image,ecommerce,29080,597,57,496.32
enriched_ad_4358,campaign_030,Your chance to win,"1 Million Telstra Plus points.
Join and enter by 4pm AEST 30 June 2023.",Enter now,,,image,ecommerce,42525,785,74,595.45
enriched_ad_4359,campaign_034,Sign Up Today! NE Fitness OneFitnessLab.com,,"NE FITNESS ONEFITNESSLAB.COM | 7615 82ND ST., 806.855.2560",,,image,ecommerce,65426,791,61,900.06
enriched_ad_4360,campaign_003,HUB CITY,"BODY
SHOP
MAKE IT PRETTY",CALL HUB CITY,,,image,ecommerce,30181,604,34,463.83
enriched_ad_4361,campaign_013,Ask How Your Restaurant or Business Can Participate!,,Click To Learn More,,,image,ecommerce,26812,487,28,361.69
enriched_ad_4362,campaign_044,Save Up To 80% On Amazing Baby Products!,Don't miss out! Save up to 80% on amazing baby products. VIEW OFFERS NEW OFFERS ADDED WEEKLY SO DON'T MISS OUT!,,,,image,ecommerce,34240,570,31,496.0
enriched_ad_4363,campaign_023,SAVE UP TO 80% ON AMAZING BABY PRODUCTS!,Don't miss out! VIEW offers NEW OFFERS ADDED WEEKS LATER,,,,image,ecommerce,34514,534,50,342.43
enriched_ad_4364,campaign_013,Amazing Baby Products Up To 80%,Don't miss out! Save up to 80% on amazing baby products!,,,,image,ecommerce,89133,1771,107,1355.69
enriched_ad_4365,campaign_007,Amazing Baby Products - Save Up to 80%,Don't miss out! SAVE UP TO 80% ON AMAZING BABY PRODUCTS!,,,,image,ecommerce,95629,1541,144,1135.06
enriched_ad_4366,campaign_020,Learn to Code,Your own games THANDBI,,,,image,education,60196,1363,128,651.81
enriched_ad_4367,campaign_004,SIRODY - Learn to Code,"Your own games, Action & P. MineCraft ROBLOX (uc) rats CK La Finger Dynamo Dynote function auctor alam what is learn more.",,,,image,education,34396,721,66,280.41
enriched_ad_4368,campaign_042,"This young, very attractive,","white female is MISSING. FARKITROL mediazetabine OMG",Learn More,facebook,,image,ecommerce,38372,643,31,590.63
enriched_ad_4369,campaign_050,Myers - EQUIPMENT CORP. For All Your Truck Equipment,"For all your truck equipment needs, including accessories.",CLICK HERE for Sales,,,image,ecommerce,20292,297,26,351.34
enriched_ad_4370,campaign_026,2023 WORLD PORK EXPO,"June 7-9 Des Moines, IA - Register Now
Brought to You by National Pork Producers Council",,,,image,ecommerce,87603,1057,78,1399.92
enriched_ad_4371,campaign_021,Source Provides,"25 lbs of N & 25 lbs of P
N
P
P
N",,,,image,ecommerce,78269,1402,139,1088.57
enriched_ad_4372,campaign_010,Eisernen Strom M4 Energy JETZT WECHSLEN,,,,,image,ecommerce,66324,806,72,679.16
enriched_ad_4373,campaign_017,Predator Copa,,JETZT KAUFEN,,,image,entertainment,56208,909,175,289.54
enriched_ad_4374,campaign_028,Free Vinyl Exam Gave,Delivering medical supplies for the government.,Learn More,,,image,ecommerce,89229,1304,101,1360.81
enriched_ad_4375,campaign_019,MCKESSON Delivering Medical Supplies,Medical supplies delivery service catering to government needs.,,,,image,ecommerce,70826,943,70,1229.62
enriched_ad_4376,campaign_029,Helinox - Lightweight & Packable Furniture,,,,,image,ecommerce,54608,870,58,887.88
enriched_ad_4377,campaign_035,Reduce Site Burden during Study Startup,"WEBINAR June 8, 2023 at 1:00 PM ET | REGISTER NOW > AADVARRA",REGISTER NOW,,,video,education,45218,1032,82,533.51
enriched_ad_4378,campaign_049,INTEGRATE WITH LEADING SCBA GEAR Bluetooth® Pairing with Popular SCBA Equipment is Standard with KEN,,LEARN MORE,,,image,ecommerce,22178,283,17,215.47
enriched_ad_4379,campaign_012,Protect Those,,Find Out More NOW!,,,image,entertainment,21844,504,87,107.31
enriched_ad_4380,campaign_009,Learn From Trusted Fire and EMS Experts,,Subscribe Today,,,image,education,61636,1372,111,454.24
enriched_ad_4381,campaign_034,REDZONE TotalCare,VERIFIED PPE MAINTENANCE CO₂ CLEAN powered by Î TERSUS BACK IN ACTION. Read the latest success story about removing by-products from lithium-ion battery contamination.,,,,image,ecommerce,97236,1452,150,1557.97
enriched_ad_4382,campaign_017,TRAINING AT ITS BEST!,"SWIFT WATER RESCUE TRAINING IS CRITICALLY IMPORTANT FOR FIRST RESPONDERS, BUT DIFFICULT AND DANGEROUS TO ARRANGE IN NATURAL OUTDOOR SETTINGS.",,,,image,education,29478,719,97,239.59
enriched_ad_4383,campaign_008,MoneyControl Pro,Be Bulika in Every Market. Stay Ahead with MoneyControl Pro.,,,,image,ecommerce,41028,446,21,453.16
enriched_ad_4384,campaign_029,MoneyControl Pro,Be the Bull in Every Market. Stay Ahead with MoneyControl.,,,,image,ecommerce,31318,635,41,458.5
enriched_ad_4385,campaign_002,First Things,Video - Creed A Film By Tim Keller Now Available On DVD And MP4 Digital Download,,,,video,entertainment,65915,2073,350,568.75
enriched_ad_4386,campaign_045,Donate Today,Your financial support allows us to be the voice of truth.,,,,image,"non-profit, education",77761,1294,77,1139.22
enriched_ad_4387,campaign_018,FIRST THINGS FIRST,"ROC MUNTFALL THE WHOLE FIRST TE FIRST TI FIRST THINGS THE THREE OF EVANGEL TRAMATI Back Issues Shop our books, videos, back issues, and more in one location. Click Here FirstThings.com/Store",Click Here,,,video,ecommerce,39522,965,96,506.35
enriched_ad_4388,campaign_048,AEROSWAG Own Your Airport,,Shop Now,,,image,ecommerce,86550,1629,121,1286.91
enriched_ad_4389,campaign_007,North America's Largest Enthusiast Flight Simulation Conference,"FS po HOUSTON, TX. JUNE 23-25 North America's LARGEST enthusiast flight simulation conference.",Register today at www.flightsimexpo.com,,,image,entertainment,58134,1128,207,319.79
enriched_ad_4390,campaign_004,Make the Cut with Urschel,,,,,image,entertainment,31443,802,103,213.83
enriched_ad_4391,campaign_036,HealthSense™ - Never Compromise Nutritious for Delicious,Discover the perfect balance of taste and nutrition with HealthSense. Our products are designed to bring you delicious meals without compromising on health.,Learn More,,,image,ecommerce,78246,1021,72,1138.63
enriched_ad_4392,campaign_010,Custom Medals,Free Design - Free Shipping SOCCER 100 M SON www.m TIME GS-JJ.COM,,,,image,entertainment,95936,2660,517,583.69
enriched_ad_4393,campaign_024,"Par Nature, La Finance Et Le Climat",N'ONT PAS GRAND-CHOSE À VOIR. VRAIMENT ?,,,,image,finance,20197,196,6,366.21
enriched_ad_4394,campaign_045,Reliable Waterproof Protection,IronPros offers reliable waterproof protection for construction job sites. Our advanced technology ensures durability and safety.,,,,image,ecommerce,56206,1119,84,781.52
enriched_ad_4395,campaign_021,Get Our Free Newsletters,,Sign Up Now,,,image,news and media,82410,1289,118,1197.33
enriched_ad_4396,campaign_050,Precision Land Services,Land services offered by Precision Land Services LLC.,,,,image,real_estate,74119,665,13,1474.02
enriched_ad_4397,campaign_020,Discover Quality Outdoors Gear at Ozarks RV & Marine Outfitters,"Ozarks RV & Marine Outfitters offers an extensive range of high-quality outdoor gear, including tents, sleeping bags, and camping equipment. Whether you're planning a weekend getaway or embarking on your next adventure, our knowledgeable staff is here to help you find the perfect items for all your ",Shop Now,,,image,ecommerce,60559,1214,98,890.16
enriched_ad_4398,campaign_002,Precision Land Services,,,facebook,,image,real_estate,79538,961,12,1551.45
enriched_ad_4399,campaign_027,Mobile to Orlando,Airport Aveloe Mobile Fares starting at $29 One Way,,,,image,travel,30848,467,26,552.05
enriched_ad_4400,campaign_031,Affordable Fares for Orlando,Book your flight with Mobile International Airport and enjoy fares starting at $29 One-Way. Get the best deals on flights to/from Orlando.,Shop Now,facebook,,image,travel,81252,1606,141,1338.13
enriched_ad_4401,campaign_001,LOVE LOCAL LIGHT UP YOUR LIFE!,Enter Now for a Chance to Win $100 Gift Card from Peak Lighting. Peak Lighting Has It All! Lighting,,,,image,ecommerce,81270,1167,93,939.81
enriched_ad_4402,campaign_043,LOVE MIXT LOCAL LIGHT UP YOUR LIFE!,Peak Lighting has it all! Enter now for a chance to win a $100 gift card from Peak Lighting. Enter here.,Enter Now,,,image,ecommerce,47317,817,56,654.38
enriched_ad_4403,campaign_023,Hit the ground running in a new Honda,"Pilot
Accord
Keystone Honda Dealers Pilot TrailSport shown.
CR-V Sport Touring Hybrid shown.
Accord Sport-Hybrid shown.",,,,image,ecommerce,37181,529,48,647.66
enriched_ad_4404,campaign_009,Pilot,HONDA Hit the ground running in a new Honda. Accord Keystone Honda Dealers CR-V SEE OFFERS Pilot TrailSport shown CR-V Sport Touring Hybrid shown. Accord Sport-L Hybrid shown.,,,,image,ecommerce,22434,247,18,380.79
enriched_ad_4405,campaign_026,#THANKSTODD,(D) INJURY ATTORNEYS FROM THE INSURANCE COMPANY'S SIDE TO YOUR SIDE. Visit TODDMINERLAW.COM OFFICES ORLANDO CLICK HERE,Visit TODDMINERLAW.COM OFFICES ORLANDO,,,image,ecommerce,24062,396,36,388.87
enriched_ad_4406,campaign_024,"#THANKSTODD","TODD MINER LAW INJURY ATTORNEYS Visit TODDMINERLAW.COM FROM THE INSURANCE COMPANY'S SIDE TO YOUR SIDE. CLICK HERE OFFICES ORLANDO",Learn More,facebook,,image,ecommerce,98058,1349,135,1764.8
enriched_ad_4407,campaign_038,Have You Heard? 1st Choice Denis Paintless Dent Repair IS Number One,,Click To Save,,,image,ecommerce,65953,853,73,1099.86
enriched_ad_4408,campaign_041,"THE LAW OFFICES OF","LHP LARRY H. PARKER INC.",Learn More,facebook,,image,ecommerce,57442,648,56,895.88
enriched_ad_4409,campaign_027,Last Cowboy Standing,,Watch Now,,,video,entertainment,91844,2709,304,611.73
enriched_ad_4410,campaign_034,Ready to Use Sound Effects,"Urban sounds, human sounds, industrial sounds and more. Game sounds, nature sounds.",Start Now,,,image,ecommerce,90154,964,61,1343.66
enriched_ad_4411,campaign_041,Craft Prize 2023,,Learn More,,,image,ecommerce,85727,1034,78,1058.66
enriched_ad_4412,campaign_029,oda Compact Camera,,Shop Now,,,image,ecommerce,33153,525,46,406.3
enriched_ad_4413,campaign_040,Home Relocation,"Packing & Moving, Domestics Relocation, Packers & Movers",,,,image,ecommerce,57854,658,43,623.13
enriched_ad_4414,campaign_021,Staying Secure Isn't Costly Anymore,"With everyday prices on most Arlo cameras going down, high quality home security can now be yours.",Learn More,,,image,ecommerce,31153,446,28,439.12
enriched_ad_4415,campaign_020,FINN Juhl Brazilian Rosewood,Place your bids at Lauritz.com for exclusive FINN Juhl pieces.,Shop Now!,facebook,,image,ecommerce,31406,437,29,373.31
enriched_ad_4416,campaign_005,Advance Equity in Your Community,,,,,image,ecommerce,99843,1551,157,1239.06
enriched_ad_4417,campaign_008,Have Talent? Get Into The Game,"You have the talent; We have the tools. Content creators, gamers, and vtubers can all benefit from AVERMedia's innovative solutions.",,,,image,entertainment,56822,1300,239,424.81
enriched_ad_4418,campaign_008,Get Started with Our New Tools in Just Three Simple Steps,"Discover the convenience of our new tools designed to make your life easier! Follow these three easy steps and you'll be able to download extensions, get quick search tool instantly.",Download Extension Now!,facebook,,image,ecommerce,92292,1074,59,1202.56
enriched_ad_4419,campaign_032,Hostinger.com - Try Easy-to-Use Website Editor,Create now with our three-step process to get your website up and running in just two clicks online.,Try Now,,,image,ecommerce,50848,714,42,638.2
enriched_ad_4420,campaign_032,HHOSTINGER - Your Digital Store,"Discover the ultimate online store for your domain needs at HHOSTINGER, where you can easily manage .net and com domains along with Jive and Jink services. Our platform offers a seamless experience to set up an efficient digital presence.",Shop Now Online Store,online,,image,ecommerce,66214,870,42,1151.54
enriched_ad_4421,campaign_032,The World's Leading GRANCE Corporate Finance Magazine,Subscribe or Renew today. Click to subscribe or renew at no cost now.,Click to subscribe or renew at no cost now,,,image,finance,90621,737,29,2119.61
enriched_ad_4422,campaign_006,The World's Leading Corporate Finance Magazine,comwatny song Global Finanace Greening The World Economy ECON OBAL FINANCE THE BIG-BANK COMEBACK Subscribe today Click to subscribe at no charge now,Subscribe,,,image,finance,48649,643,28,1605.39
enriched_ad_4423,campaign_025,HERO WARS YOU HAVE ONLY 2 MOVES TRY,,,,,image,entertainment,59108,1381,259,400.45
enriched_ad_4424,campaign_035,The Giants Schedule,Schedule Score Tickets at Ticketmaster.,Shop Now,,,image,entertainment,27272,749,91,180.35
enriched_ad_4425,campaign_047,Movies Stream,Add MoviesToStream Extension and find out where to watch movies!,Click 'Continue to Movies',,,video,entertainment,47709,1558,294,396.83
enriched_ad_4426,campaign_017,PEARLS BEFORE SWINE TREASURY! PRE-ORDER NOW!,Collect the latest Pearls Before Swine Treasury!,PRE-ORDER NOW,,,image,entertainment,30078,544,67,213.49
enriched_ad_4427,campaign_031,GOLD DERBY,WE WANT TO HEAR FROM YOU! GOLD DERBY IS CONDUCTING A SHORT SURVEY AND WE'D LOVE YOUR FEEDBACK. ENTER FOR A CHANCE TO WIN A $100 AMAZON.COM GIFT CARD. START SURVEY See survey page for official sweepstake rules.,START SURVEY,,,image,entertainment,22178,523,52,189.96
enriched_ad_4428,campaign_003,House School Knightsbridge A Greenhouse Not a Hothouse,,Click here to book an Open Morning,,,image,education,72007,1427,156,643.13
enriched_ad_4429,campaign_004,Independent Schools Now Open,"Our independent schools are now open for students aged 11+ and 13+. Join us at The Hurlingham Club, available from May 23rd to June 1st.",Visit Us Today!,,,image,education,35635,703,65,328.25
enriched_ad_4430,campaign_037,Sleep Well,They Are Too Good For You!,,,,image,ecommerce,32644,572,29,464.88
enriched_ad_4431,campaign_041,EEN ETHELBUFE,FORK ENGLAND QUEEN ETHELBURGA'S COLLEGIATE An Excellent rated (ISI) school welcoming children aged 3 months to 19 years. Call or visit www.qe.org to arrange a private tour,Call or visit www.qe.org to arrange a private tour,,,image,education,81074,1954,224,710.14
enriched_ad_4432,campaign_006,INTERVIEWS WITH THE FEDERAL 100 AWARD WINNERS,Listen Now to discover what makes these companies stand out. Join us for exclusive interviews with the top achievers in federal contracting.,LISTEN NOW,facebook,,image,ecommerce,21434,432,36,360.94
enriched_ad_4433,campaign_012,INTERVIEWS WITH THE 2023 FEDERAL 100 AWARD WINNERS,FCW INSIDER CHAT LISTEN NOW,,,,image,entertainment,29062,641,100,260.63
enriched_ad_4434,campaign_030,Get Your Visitor Ticket with GreenTech,AMSTERDAM 13-15 June 2023 GET YOUR VISITOR TICKET WITH A 50% DISCOUNT UNTIL 5 JUNE NORMAL PRICE 95EUR,Shop Now,,,image,entertainment,22425,438,55,190.72
enriched_ad_4435,campaign_046,"EVO AC® - Brighter Greenhouse, Healthier Plants",8-layer greenhouse films. Superior strength for more and better light.,,,,image,ecommerce,57767,1074,65,779.06
enriched_ad_4436,campaign_026,Jobs2Careers,Hiring Now Full Time Jobs Part Time Jobs Remote Jobs + View All Jobs,,,,image,ecommerce,45482,708,54,445.19
enriched_ad_4437,campaign_022,Gun Ruger Wrangler,,Shop The Ruger Store,,,image,ecommerce,66863,1221,110,908.79
enriched_ad_4438,campaign_003,The Fierce Range,Distributed in the UK now at www.raytradeuk.co.uk. Click here to find out more about The Fierce Range.,Click Here To Find Out More About The Fierce Range,,,image,ecommerce,96366,1155,95,1551.99
enriched_ad_4439,campaign_018,FIREARMS,CLICK HERE TO FIND OUT MORE ABOUT THE FIERCE RANGE. DISTRIBUTED IN UK NOW AT: WWW.RAYTRADEUK.CO.UK,Click Here to Find Out More,,,image,ecommerce,93914,1389,100,1218.49
enriched_ad_4440,campaign_021,X-BOLT PRO CARBON 2,IT'S YOUR TIME BROWNING,,,,image,automotive,86311,1266,23,1583.66
enriched_ad_4441,campaign_037,"June 25, May 5 - Aren Age EXCLUSION A New Comedy About What's True vs What Sells",,,,,image,entertainment,66166,1289,203,413.31
enriched_ad_4442,campaign_036,AP! API INSPECTION TRAINING,"American Petroleum Institute offers upcoming virtual courses for API 510, API 572 on June 12-13 and API 570 & 574 on June 14-15. Register Now.",Register,,,image,education,98704,1543,237,784.45
enriched_ad_4443,campaign_008,Unlock Free Capital One Shopping Coupons,Automatically Apply Coupons at No Cost. Savings may vary.,Find More Deals!,facebook,,image,ecommerce,44594,901,58,536.95
enriched_ad_4444,campaign_002,Microsoft 365 Empowers You,"Microsoft 365 powers your business by increasing efficiency, enhancing security, boosting productivity. PACXA.COM/M365 offers Microsoft 365 tailored solutions.",,,,image,ecommerce,74458,1110,110,806.08
enriched_ad_4445,campaign_009,Himalaya EF400 Balanced Desktop DAC/Amp,,,,,image,electronics/electronic accessories/electronics audio & video equipment/digital-to-analog converters (dacs) /amplifiers and preamps,68791,1140,61,1125.48
enriched_ad_4446,campaign_011,Healthier Happens Together,,Learn More,,,image,ecommerce,60937,1121,88,627.81
enriched_ad_4447,campaign_049,Trying to Eat Healthy?,Sign up to our nutrition newsletter,,,,image,ecommerce,47318,728,54,765.68
enriched_ad_4448,campaign_010,Slim your Wallet,,Shop Now,,,image,ecommerce,47113,781,55,752.06
enriched_ad_4449,campaign_012,NEW! Crystal Cable® DIAMOND SERIES 2,,,,,image,ecommerce,93258,1707,106,1271.54
enriched_ad_4450,campaign_009,"$100,000 VETERAN HOME GIVEAWAY","Enter to Win PRESENTED BY: Veterans United realtor.com Home Loans No purchase necessary. See Official Rules for eligibility, how to enter and all important details. Ends 06/13/2023. *NMLS #1907. Not a government agency. Equal Opportunity Lender.",,,,image,ecommerce,60268,644,39,770.08
enriched_ad_4451,campaign_020,Discover Woodspars,Explore the world of yachting with our premium fabricant de mat en bois. Get your free device today at www.WOODSPARS.COM.,Get Your Free Device Today!,,,image,ecommerce,91952,1603,118,1525.97
enriched_ad_4452,campaign_009,CANADA ACTION PLAN TO IMPROVE THE COUNTRY’S GAMES,,READ NOW ►,,,image,entertainment,27292,733,116,235.5
enriched_ad_4453,campaign_013,FINALLY AN INVESTING COMMUNITY FOR YOU!,,,,,image,ecommerce,70835,756,64,786.81
enriched_ad_4454,campaign_040,WHITE LABS PURE YEAST & FERMENTATION,,,,,image,ecommerce,69048,1149,60,668.85
enriched_ad_4455,campaign_047,Find The Rent to Own Home for You!,A new path to home ownership,SEARCH NOW,,,image,real_estate,48958,664,14,1288.01
enriched_ad_4456,campaign_048,Official Merchandise Available,Discover the latest collection of official merchandise from Esme Youngrider. Order now and get exclusive access to limited edition items.,Order Now,,,image,ecommerce,64851,998,75,1067.05
enriched_ad_4457,campaign_022,THE HOSPITALITY SHOW accelerates when the right people are in the room.,"Business accelerates when the right people are in the room. June 27-29, 2023 The Venetian Resort Las Vegas I WANT IN",,,,image,entertainment,21479,302,52,187.75
enriched_ad_4458,campaign_034,HITEC. 2023,Where Hospitality and Technology Meet June 26-29 in Toronto.,,,,image,entertainment,76451,2054,302,485.82
enriched_ad_4459,campaign_030,Finding Certainty in Times of Uncertainty,A Revenue Management Guidebook DOWNLOAD NOW Ideas,DOWNLOAD NOW,,,image,education,88321,1189,174,902.27
enriched_ad_4460,campaign_016,Commercial Strategy Week,"20 Years Leading the Way REGISTER TODAY Toronto, June 26-29th",Register Today,,,image,ecommerce,85339,1527,150,1131.11
enriched_ad_4461,campaign_030,54TH ANNUAL STREET ROD AND TOY ROCKET SHOW,"Join us for the annual event at Louisville's Kentucky Exposition Center from August 3rd to 6th, featuring over 600 cars and trucks. Don't miss out on this exciting gathering of enthusiasts.",CLICK HERE,,,image,entertainment,95507,1432,180,707.09
enriched_ad_4462,campaign_012,DAILY NEWSLETTER FROM YOUR HOUSING PUBLIC MEDIA,"From Houston Public Media Newsroom, Today in Houston. houstonpublicmedia.org/today",,,,image,entertainment,82375,1640,221,598.8
enriched_ad_4463,campaign_034,2023 FORD F-150* TRUCK,Ford Texas Tough Learn More,,,,image,automotive,47067,731,17,930.54
enriched_ad_4464,campaign_022,ARGONAUT A NOBLE HOUSE HOTEL,,BOOK NOW,,,image,ecommerce,47201,729,66,645.07
enriched_ad_4465,campaign_045,SHOTGUN PISTOL - NO FFL OR LICENSE REQUIRED,,,,,image,firearms/equipment,71960,1026,74,851.59
enriched_ad_4466,campaign_034,12 Gauge Shotgun Pistols,,,,,image,ecommerce,23656,472,43,277.84
enriched_ad_4467,campaign_029,IBIZA 300 FORMENTERA,,,,,image,real_estate,34393,279,5,950.94
enriched_ad_4468,campaign_005,International Business Times IBT Fast Start,Let the best of International News come to you. Sign up and stay up to date with our daily newsletter.,,,,image,ecommerce,91669,1325,129,1585.29
enriched_ad_4469,campaign_028,IBTimes Fast Start,Let the best of International News come to you.,SIGN UP NOW,,,image,ecommerce,58790,699,52,890.01
enriched_ad_4470,campaign_048,YOUR BEST COMES OUT OF THE BLUE.,Explore Boise State University,,,,image,education,54902,1029,82,627.27
enriched_ad_4471,campaign_028,WATER'S EDGE,APARTMENT COMMUNITY STUDIO / 1 BED/ 1 BED + DEN FLATS/ 2 BED TOWNHOMES Stellect fe BE LEASE YOUR APARTMENT NOW,,,,image,real_estate,76475,996,24,1622.06
enriched_ad_4472,campaign_007,Download IDSA Guidelines,IDSA - Infectious Diseases Society of America offers comprehensive point-of-care infectious disease (PID) guidelines. Access the latest PID resources directly from your mobile device with our new app.,DOWNLOAD NOW,facebook,,image,healthcare,88340,1451,61,1398.2
enriched_ad_4473,campaign_034,"SUBSCRIBE TO OUR","NEWSLETTER SUBSCRIBE IFLSCIENCE |||",Learn More,facebook,,image,ecommerce,30893,550,30,556.06
enriched_ad_4474,campaign_005,MUENCH WORKSHOPS,Our focus is you. muenchworkshops.com,,,,image,education,21179,358,55,205.27
enriched_ad_4475,campaign_001,WILD GALAPÁNGOS,AMAZING WILDLIFE & LANDSCAPE PHOTOGRAPHY WITH THE BEST... WILDSIDENATURE TOURS,,,,image,travel,41831,786,71,705.46
enriched_ad_4476,campaign_016,Crazy Largest Selection In Indiana No-Dud Guarantee,"OPEN Thursday - Saturday
10 A.M. - 7 P.M.
574-858-0088.
www.crazyjoesfireworks.us
toes.co
FIREWORKS
2549 N 800 W - WARSAW. IN
VISA",,,,image,ecommerce,97860,1132,100,987.28
enriched_ad_4477,campaign_047,FINTECH. ENERGY. ROBOTICS. RESILIENCY.,ALL THIS. AND COLLEGE TOO.,,,,image,education,59066,1384,111,650.51
enriched_ad_4478,campaign_035,"SIGN UP FOR OUR FREE WEEKLY NEWSLETTER WITH HAND-PICKED RECIPES, GIVEAWAYS + COOKING INSPIRATION.",,CLICK HERE TO GET FREE RECIPES BY EMAIL,,,image,food,72717,1145,100,827.08
enriched_ad_4479,campaign_033,FUN + EASY COCKTAILS,,Click Here for Cocktails Recipes,,,image,food,40973,896,58,454.86
enriched_ad_4480,campaign_049,Explore Disciplined Opportunities,Discover the benefits of Freddie Mac's Single-Family Credit risk transfer.,,,,image,finance,59469,567,27,1831.49
enriched_ad_4481,campaign_047,Heitman,Look for challenges. See opportunities.,,,,image,ecommerce,91622,1215,124,1074.65
enriched_ad_4482,campaign_042,The More Radar to Love,Weather Channel with 24-Hour Future Radar Get the App,,,,image,entertainment,72905,1831,222,619.66
enriched_ad_4483,campaign_040,Fresh Tips for All Plants You Want to Grow or Grow Better,,,,,image,ecommerce,90103,1429,130,1558.64
enriched_ad_4484,campaign_038,"Access Movies, Music, Games, & More Online","START
1. Click on 'Start'
2. Create Free Account
3. Access Your Content
Movies, Music, Games, Apps and more
Online Activation",,,,image,entertainment,90271,1273,171,653.74
enriched_ad_4485,campaign_008,The Best of Irish Design,Discover now with our exclusive discount!,Shop Now,,,image,ecommerce,27905,471,23,416.38
enriched_ad_4486,campaign_033,Celebrating Irish Design,Solvar is Ireland's premier jeweller since 1941.,,,,image,ecommerce,62311,988,64,622.62
enriched_ad_4487,campaign_020,Got Coupons?,Get promo codes automatically applied at checkout. Get free coupons.,,,,image,ecommerce,27858,460,32,440.39
enriched_ad_4488,campaign_014,#NXTNOW Experience the future. Now.,Tech Mahindra Know More,,,,image,ecommerce,88540,1444,117,913.07
enriched_ad_4489,campaign_010,SCAN HERE TO APPLY TODAY,"YOUR DREAM WEDDING AWAITS Celebrate your love with a Courts Ready Cash Loan of up to $1.5M Conditions apply. May 1 - June 3, 2023. www.readyfinancecaribbean.com COURTS READY CASH Ready when you are!",,,,image,ecommerce,42053,523,53,539.78
enriched_ad_4490,campaign_050,"Ukraine, Fukushima Show Promise of Recovery","Despite devastation, Ukraine and Fukushima have shown promise of recovery with continued support.",,,,image,entertainment,84452,1955,327,409.88
enriched_ad_4491,campaign_040,Hospitality & Corporate Event Planning Guide,"Coming Thurs., June 29 Daily Jacksonville JaxDailyRecord.com Reserve your space",,,,image,ecommerce,88714,1670,121,1358.3
enriched_ad_4492,campaign_002,TACMED Solutions - Pre-hospital Equipment,Leading provider of pre-hospital equipment with up to 15% off on any order for first responders. Visit TACMEDSolutions.com today.,Shop Now,,,image,ecommerce,74229,1298,102,764.09
enriched_ad_4493,campaign_038,EXPERIENCED SOLUTIONS,Custom designed and built emergency vehicles RESCUE PLCUSTOM.COM RESCUEIMFG.COM,,,,image,ecommerce,37942,540,29,536.45
enriched_ad_4494,campaign_025,National PET Month Weekender,"Home Delivery, 24/7 Full Digital Access. Paid Monthly Through Our Easy Pay Program.",SUBSCRIBE,,,image,entertainment,83024,1693,218,724.89
enriched_ad_4495,campaign_023,WONDER OF WILDLIFE,"Johnny Moris presents the NATIONAL MUSEUM AND AQUARIUM. Experience, America's Best Aquarium.",Learn More,,,image,entertainment,69123,1498,137,455.71
enriched_ad_4496,campaign_043,WONDERS OF WILDLIFE,Johnny Maris presents NATIONAL MUSEUM & AQUARIUM. Experience America's Best Aquarium.,Learn More,,,image,entertainment,38525,949,96,273.6
enriched_ad_4497,campaign_038,"Change, Make A Move",,APPLY NOW O ZEST VIRG,,,image,entertainment,88103,1949,333,503.44
enriched_ad_4498,campaign_036,Intuit Accountants,QuickBooks Online Accountant > ProConnect Tax > Intuit Tax Advisor. It's better because it all works together.,,,,image,ecommerce,83437,982,81,1288.47
enriched_ad_4499,campaign_035,Intro to Xero,"May 18th at 1pm EST
Earn 1 CPE for attending
Register here",,,,image,education,24247,553,82,222.87
enriched_ad_4500,campaign_019,Delve into Jewish History,"On an all-inclusive, luxury river cruise UNIWORLD. Boutique River Cruises Learn More",,,,image,ecommerce,93042,1247,118,1566.87
enriched_ad_4501,campaign_032,Jewish Coming-of-Age Adventure,"A Jewish coming-of-age adventure inspired by The Witch, Woodland. Art 2023 By Cornelia Linder.",BUY NOW!,,,image,entertainment,24579,361,47,135.48
enriched_ad_4502,campaign_044,"Alaska, it's construction season!",Visit 511.alaska.gov or the 511 Alaska mobile app for traffic delays. Dig into project details on our construction map at dot.alaska.gov/construction LANE CLOSED,,,,image,ecommerce,42484,607,36,545.44
enriched_ad_4503,campaign_043,Award Winning International Moving Services,Best moving services in the US. Ranked #1 by Newsweek and top-rated customer reviews.,,,,image,ecommerce,25818,294,19,318.09
enriched_ad_4504,campaign_013,TOYOTA S ROCHERETTE MOTORCARS,FORD CHEVROLET CADILLAC Explore our inventory CLICK HERE,Click Here,,,image,automotive,94456,1081,42,1220.56
enriched_ad_4505,campaign_001,TOYOTA Mazda,Rochester MOTOR CARS Ford CHEVROLET CADILLAC Explore our inventory,,,,image,automotive,34720,411,12,478.94
enriched_ad_4506,campaign_004,Bluespace INTERIORS Elevate Your Workforce with a Workplace Redesign,Discover how to transform your workplace and boost productivity. Learn more about our innovative solutions for interior design.,,,,image,ecommerce,64468,929,59,894.62
enriched_ad_4507,campaign_034,Fielding Law - Accident Injury Attorneys,,,,,image,"legal services, personal injury attorneys",29724,551,45,510.0
enriched_ad_4508,campaign_043,Free Appraisal,"LET US DETERMINE THE VALUE OF YOUR COINS,CURRENCY,JEWELRY AND FINE ART! NO OBLIGATION! Always buying collections, accumulations, Individual Certified or un-Certified Rare Coins Tangible Investments, INC. Kare Cos C Currency Precious Metals JEWELRY Fineart & Antiques",,,,image,ecommerce,51004,616,57,770.71
enriched_ad_4509,campaign_005,ONE TICKET. ENDLESS ADVENTURES.,HIT TH Read HOSPICE OF ACADIANA $20 LIVE DRAWING JUNE 1 AT 6:30PM,,facebook,,image,entertainment,63751,1046,95,341.85
enriched_ad_4510,campaign_003,Free Legal Advice from Glenn Armentor Law Corporation,"Get expert legal advice for your needs. Contact us at KATC, call (123) 456-7890 or visit our website.",CLICK HERE,,,image,ecommerce,48485,972,96,869.34
enriched_ad_4511,campaign_041,Golf Over 700 Holes for $119!,GOLF & GO ON SALE NOW! GOLF OVER 700 HOLES FOR $119! ACROSS MONTANA AND THE NORTHWEST BUY MTNdeals.com NOW!,BUY,,,image,ecommerce,31180,405,19,433.63
enriched_ad_4512,campaign_020,Discover Timeless Elegance at Robert Lance Jewels,"At Jude Frances' esteemed boutique located in Lubbock, Texas, you can find an exclusive collection of fine jewelry crafted with precision and passion. Each piece is a testament to the artistry that goes into creating timeless elegance.",Shop Now at Robert Lance Jewelers,,,image,ecommerce,96899,1216,111,1625.58
enriched_ad_4513,campaign_035,Exclusive Jewelry Collection by Jude and Robert,Discover the finest jewelry crafted with precision at Robert Lance Jewelers. Featuring exclusive collections from renowned designers like Jude Frances.,Shop Now!,,,image,ecommerce,84565,1225,60,989.59
enriched_ad_4514,campaign_028,The Zim Immersion Law Firm P.C.,Law firm specializing in personal injury cases. Contact us at 1-800-INJURIES for free consultation if you haven't recovered yet!,Contact Us,,,image,ecommerce,59858,637,34,1052.23
enriched_ad_4515,campaign_030,Discover Season 4,Bodies The Stories We Used To Keep to Ourselves. Listen Now! KCRW NPR Network.,,,,image,entertainment,46391,1098,127,347.77
enriched_ad_4516,campaign_046,Listen Now! The Stories We Used in Season 4,Bodies. The stories we used Season 4 to keep to ourselves.,,,,image,entertainment,40605,862,131,298.27
enriched_ad_4517,campaign_027,Secure Your Future with Kansas City's Security Bank,"* Annual Percentage Yield
Month
9CD
Learn More About Our Services and Products at SECURITY BANK OF KANSAS CITY.
* Member FDIC for added security.",Visit Us Today!,,,image,finance,87625,1025,41,1802.12
enriched_ad_4518,campaign_043,*Annual Percentage Yield. Member FDIC,,Learn More,,,image,finance,43210,403,10,913.56
enriched_ad_4519,campaign_049,News - Recipes & Gardening,It's all about recipes and gardening news. Sign up now to get the latest updates in your inbox!,Sign Up Now,,,image,ecommerce,82584,1303,123,1441.01
enriched_ad_4520,campaign_006,WE ARE Community Driven,"KELOWNA TOYOTA
1624 Cary Road | kelownatoyota.com",,,,image,automotive,44176,598,14,857.19
enriched_ad_4521,campaign_025,KENKEN - Puzzles That Make You Smarter,"THE MORE YOU PLAY, THE BETTER YOU GET! ▸ 100% Ad free playing ▸ Expert puzzles ▸ Save your puzzles > Track your progress ► Join the Leaderboard Start KenKen Premium",Start KenKen Premium,,,video,entertainment,88415,1630,213,788.93
enriched_ad_4522,campaign_035,MGM WINE & SPIRITS,Click Here to See Our Specials! Best of 2020 IST Place Magazine The Free Press,,,,image,entertainment,60038,961,139,462.68
enriched_ad_4523,campaign_014,WINE & SPIRITS,"Ⓡ Click Here to See Our Specials! Mankato, North Mankato, St. Peter Best of 2020 1ST PLACE MANKATO MAGAZINE The Free Press",CLICK HERE TO SEE OUR SPECIALS!,,,image,entertainment,28703,458,56,234.77
enriched_ad_4524,campaign_024,Urgent Care Needed!,Out of time? Please contact us immediately for urgent care services.,Contact Us Now,,,image,healthcare,67698,758,37,1690.16
enriched_ad_4525,campaign_037,Priority Urgent Care Time Saving,Online appointment scheduling Near You WIE 6.00 Ok 19:00 PA est CHER DON PIDGE FORGED,,,,image,ecommerce,50845,1056,90,733.56
enriched_ad_4526,campaign_036,Relationship MAX,"Balances of $100,000+, Rates as high as APY. Learn More * HAWAII STATE FEDERAL CREDIT UNION always right by you.",,,,image,ecommerce,23874,407,40,241.32
enriched_ad_4527,campaign_002,Season Tickets ON SALE NOW,Best of Broadway BY West Coast Entertainment. Broadsway's Po Kanea Street.,Order Now,,,image,entertainment,43828,1098,212,288.65
enriched_ad_4528,campaign_046,NIKE GOLF CAMPS Now Available,,Learn More,,,image,ecommerce,30845,345,18,296.96
enriched_ad_4529,campaign_039,HIT BY A TRUCK?,"Jeff's Here U Allarmy consultation by appointment only WRONGFUL DEATH / COMMERCIAL VEHICLE ACCIDENT RESULT DAVIS RECUNT $6 MILLION LAW FIRM NEN: $3,509,864",,,,image,ecommerce,34999,653,34,470.28
enriched_ad_4530,campaign_007,"Kitele +5000 TVs, the best price",,,,,image,ecommerce,56178,671,46,659.91
enriched_ad_4531,campaign_022,"DOZER DAY May 20th & 21st, 2023. Seattle Dozer Day 2023 Presenting Sponsors",Dozer Day Weet Drive NUCA Pivetta Purchase Your Tickets Today! Book Now seattle.dozerday.org,Purchase Your Ticks Today!,,,image,entertainment,39328,932,147,352.04
enriched_ad_4532,campaign_046,The Geriatric Pilgrim Tales,"Geriatric Pilgrim Tales from the Journey by Richard Wile - One man's personal journeys offer universal truths in this effective, reflective account. Kirkus Reviews.",BUY THE BOOK,,,image,education,77593,1081,124,622.19
enriched_ad_4533,campaign_019,7 ways to make a difference,NATIONAL Salvation Army - Make A Difference. You Can 'Do the Most Good'. May 15th-21st The Salvation Army is here for you.,CLICK NOW TO FEED A FAMILY!,,,image,ecommerce,63148,924,65,795.73
enriched_ad_4534,campaign_025,UP TO 60% OFF,,,,,image,,59099,1219,69,773.93
enriched_ad_4535,campaign_022,AVIVA SENIOR LIVING,"umited Time Only Terms & Condition Apply Savings Up To $ 20,000",,,,image,ecommerce,21744,321,18,379.0
enriched_ad_4536,campaign_007,Greg O'Donnell - CEO & Founder,"DO'Donnell Financial Group offers loans, investments and insurance. How about getting a complimentary second opinion? Let's talk.",Let's Talk,,,image,finance,82874,1026,25,2447.34
enriched_ad_4537,campaign_010,International Jazz Festival Vancouver June 23-July 2,Coastal Tickets On Sale Now!,,,,image,entertainment,56815,871,149,463.71
enriched_ad_4538,campaign_023,IN NEED OF A NEW ROOF?,LET US HELP YOU EVERY STEP OF THE WAY! (100% SATISFACTION COMMITMENT TO EXCELLENCE SUPERIOR SERVICE WEATHER PRO ROOFING The Weather Pro Protection Company LEARN MORE,,,,image,ecommerce,64509,726,68,706.26
enriched_ad_4539,campaign_006,Aspen Auto Clinic - Full Synthetic Oil Changes,Get your full synthetic oil change at Aspen Auto Clinic T with our special offer of $49.95 or less! Visit us to see website for details and get an appointment.,GET APPOINTMENT,,,image,ecommerce,76751,967,60,1365.95
enriched_ad_4540,campaign_038,Discover Tim's Toys - Largest RV Inventory,"New Roads to Adventure! Check our inventory in New Mexico at 127 Utah St. NE, Albuquerque.",CHECK INVENTORY NOW!,,,image,ecommerce,74462,1148,115,965.84
enriched_ad_4541,campaign_038,Largest RV Inventory in New Mexico,"wann Than Nur DISCOVER NEW ROADS 127 Utah St. NE, Albuquerque 505-297-9728 CHECK INVENTORY Tim's Toys USED RV",,,,image,ecommerce,74912,1099,63,935.93
enriched_ad_4542,campaign_001,Custom Laser Cutting - Only The Beginning!,"Discover our range of services including cutting, routing, bending and much more. Explore the possibilities with SendCutsend.",Explore Services,,,image,ecommerce,33921,702,63,436.7
enriched_ad_4543,campaign_050,NOW THROUGH MEMORIAL DAY,"$1,000 OFF IN-STOCK BMW iX IX M60 4-M W KUNI BMW View Inventory",,,,image,ecommerce,65964,1207,73,768.4
enriched_ad_4544,campaign_006,NOW THROUGH MEMORIAL DAY,"$1,000 OFF ALL-ELECTRIC IN-STOCK BMW ix Plus, FREE home charger station!",,,,image,automotive,97246,1129,29,1281.45
enriched_ad_4545,campaign_006,Save Up to 20% Off,"*Exclusions apply.
Ethan Allen
Reno, California*",,,,image,ecommerce,43231,850,66,452.31
enriched_ad_4546,campaign_039,Save Up to $2000 on Ethan Allen Furniture,"*Exclusions apply
Ethan Allens furniture is available in Reno, CA at our showroom located at 9065 S. VIRGINIA ST.",,,,image,ecommerce,96151,1102,81,1115.8
enriched_ad_4547,campaign_023,Your Business May Qualify,for up to $26k per employee Innovation R Refunds,,,,image,ecommerce,69737,1014,74,935.22
enriched_ad_4548,campaign_044,"$610,490
3 Bds | 2.5 ba | 1,920 sqft - Model Home For Sale",,,,,image,real_estate,75800,920,23,1844.08
enriched_ad_4549,campaign_016,A Better Way to Bank,"www.campbellfetterbank.com
MEMBER
FDIC
G
Campbell & Fetter Bank
Established in 1863
tm",,,,image,finance,62254,466,15,1496.38
enriched_ad_4550,campaign_032,YOUR ADVENTURE STARTS HERE,DiscoverNewport.com Discover Newport Oregon,,,,image,travel,98895,1672,71,1534.8
enriched_ad_4551,campaign_018,Evaluate Last Mile Delivery,Explore the future of M-commerce with our comprehensive Market Guide.,Download Now,,,image,ecommerce,92202,1698,126,997.24
enriched_ad_4552,campaign_038,Start earning with Deseret First Credit Union,5.25% Limited Time - Get your 6-Month Certificate before it is gone! DESERET FIRST CREDIT UNION offers one of the best rates around.,Take advantage now!,,,image,finance,24351,204,5,696.97
enriched_ad_4553,campaign_048,"OUR WATER, OUR RESPONSIBILITY",Keep Keeping Nebraska's waterways pollutant-free.,,,,image,environmental conservation,30834,621,51,375.61
enriched_ad_4554,campaign_018,"OUR WATER, OUR RESPONSIBILITY",Keep Keeping Nebraska's waterways pollutant-free.,,,,image,environmental conservation,95342,1066,106,1057.04
enriched_ad_4555,campaign_029,Kansasland Get Your Ride - Summer Ready Stoo Off,Tire and Service at your convenience with our Kansas locations.,Click Here!,,,image,ecommerce,48981,795,82,867.46
enriched_ad_4556,campaign_008,GET YOUR RIDE SUMMER READY,our with Red Hot SALE FOR ALL YOUR TIRE & AUTO SERVICE NEEDS Kansasland Tire and Service INSTANT $100 OFF When you purchase any set of four tires • Any mechanical service over $500 See store for details!,CLICK HERE! Visit our convenient locations in Kansas,,,image,"ecommerce, automotive",71392,1364,69,971.35
enriched_ad_4557,campaign_007,Need Help?,"In need of legal assistance or advice on your case, contact Patterson Legal Group for expert guidance.",Get Help Now,,,image,legal services,33307,552,41,560.3
enriched_ad_4558,campaign_048,IN A WRECK?,NEED A CHECK? PATTERSON LEGAL GROUP. GET HELP NOW,,,,image,legal services,57729,1046,83,792.6
enriched_ad_4559,campaign_037,RODERT SUPER-MANN BLOUNT FIT LIFE,"Health & Wellness Expo. Enter for a chance to win Viaggio del Mare 20C. PONTOON Boat provided by Quality Outdoor Superstore in Shreveport, Louisiana.",,,,image,entertainment,91092,1995,349,586.4
enriched_ad_4560,campaign_002,VISIT ACHERT MANIN ALCUNT FIT FOR LIFE EXPO JUNE 3RD,Health & Wellness EXPOSITION ON June 3rd at KTAL. Enter for A Chance to Win A Viaggio del Mare 20C PONTOON BOAT.,,,,image,"entertainment, travel",66241,1295,83,1024.33
enriched_ad_4561,campaign_045,PEAK,DIGITAL SERVICES BRING YOUR BUSINESS TO ITS PEAK.,LEARN MORE,,,image,ecommerce,86921,1459,104,1439.77
enriched_ad_4562,campaign_034,"MODELS Saturday and Sunday, OPEN! 11am-1pm",,,,,image,real_estate,51113,451,5,1246.31
enriched_ad_4563,campaign_008,2023 Yellow Pine Music and Harmonica Festival,"Join the fun at YELLOW PINE in IDAHO from August 3rd to 5th. Experience live music, harmonica performances, and more.",JOIN THE FUN,,,image,entertainment,31321,563,103,233.6
enriched_ad_4564,campaign_014,Future Engineers,,Learn More,,,image,education,33841,758,91,259.37
enriched_ad_4565,campaign_019,"CAPITAL","FARM CREDIT capitalfarmcredit.com Together we're better. 877-944-5500",Learn More,facebook,,image,ecommerce,31747,645,63,426.76
enriched_ad_4566,campaign_023,Capital Farm Credit,Partner with Capital Farm Credit to achieve financial success. Discover the benefits of our partnership and how we can help you grow.,Learn More About Our Partnership,facebook,,image,ecommerce,20636,305,18,311.43
enriched_ad_4567,campaign_050,The Future You Start Here,"Community College in Hutchinson, Kansas. A place where you can begin your journey towards success.",,,,image,education,82064,1101,118,788.14
enriched_ad_4568,campaign_045,BAG DRIVE,"Over 20 Donation Boxes Across the Wichita Area. We Are Collecting New Suitcases, Backpacks, & Duffel Bags in a variety of sizes and colors.",Susan's Kids DONATE TODAY,,,image,ecommerce,88015,1407,83,1172.6
enriched_ad_4569,campaign_028,Advance Cooling,(903) 231-9468 PAYMENTS AS LOW AS $120 A MONTH PLUS A 10 YEAR LABOR WARRANTY Amana Advantage Specialist,,,,image,ecommerce,34727,507,25,612.21
enriched_ad_4570,campaign_030,Spring Brides Day Out,Inland NW Bridal WEDNI Learn More,,,,image,ecommerce,53749,921,75,587.17
enriched_ad_4571,campaign_022,Quick Shop,,,,,image,,47161,659,63,595.1
enriched_ad_4572,campaign_050,No Good Reason to Wait,We have new and pre-owned inventory and are New Hampshire's largest volume Audi Dealership.,Click Here,,,image,ecommerce,87989,1513,88,1169.92
enriched_ad_4573,campaign_026,COME SOAR WITH US,,,,,image,,43127,731,56,650.88
enriched_ad_4574,campaign_009,A Dressy Occasion,wedding bridesmaids formal temple. casual Find your perfect dress today!,,,,image,ecommerce,88008,1006,63,864.78
enriched_ad_4575,campaign_047,SWEET SALT MODEST FASHION,,BUY NOW,,,image,ecommerce,24591,428,28,261.57
enriched_ad_4576,campaign_048,Paint Your World with Faith,"Discover the joy of painting through our All Paint by Numbers Kits. Perfect for beginners and enthusiasts alike, these kits are designed to make your creative journey enjoyable.",Shop Now,facebook,,image,ecommerce,20120,332,27,298.34
enriched_ad_4577,campaign_015,Custom Laser Cutting - Only the Beginning!,"Discover cutting-edge services with custom laser cutting. Explore our full range of capabilities including cutting, routing, bending and much more.",Explore Services,,,image,ecommerce,92892,1037,60,1552.11
enriched_ad_4578,campaign_044,2023 GRAND DEPART TOUR DE FRANCE,"PAYS BASQUE - Grand Depart Tour de France, T-shirt available for the year 2023.",,,,image,ecommerce,41016,572,54,440.65
enriched_ad_4579,campaign_030,2023 GRAND DEPART TOUR DE FRANCE,Tour de France PAYS BASQUE Grand Depart 2023,,,,image,entertainment,35818,774,88,235.97
enriched_ad_4580,campaign_038,Discover the Future of Electronics with Digi-Key,"Elevate your electronics projects by exploring our extensive range at Digi-Key. Whether you're looking for components, tools or specialized equipment to power up innovation.",Shop Now,facebook,,image,ecommerce,38166,468,33,533.31
enriched_ad_4581,campaign_018,REAL SIMPLEX *News,Make Every Day Better & SIMPLER!,Follow Now →→,,,image,entertainment,57737,1473,188,468.16
enriched_ad_4582,campaign_004,Expect Better Real Estate,Always dreaming of better homes. Each franchise in BHGRE.com is independently owned and operated.,Find A Home >,,,image,real_estate,65989,518,7,1458.32
enriched_ad_4583,campaign_040,Get to Permain Basin? Book Now! Affordable Flights,From Denver and Houston. Gotta Fly Hobbs X.,Book Now!,,,image,travel,81268,1495,70,965.56
enriched_ad_4584,campaign_017,FOR THE LOVE OF memorizing every song.,"for the love of progress™ Use your Citi® Card to get special access to purchase tickets to thousands of events, including presales, exclusive experiences and more. citientertainment.com citi ©2022 Citigroup Inc. All rights reserved.",,,,image,entertainment,89588,1862,308,775.82
enriched_ad_4585,campaign_002,Fest May 20 at Tennessee Riverpark,,,,,image,entertainment,91918,1921,373,682.6
enriched_ad_4586,campaign_039,YOUR FLORIDA LAW FIRM™,Injured? Contact us at 1-800-FL-LEGAL for legal assistance in Florida.,Contact Us Now!,,,image,ecommerce,36331,684,51,367.83
enriched_ad_4587,campaign_048,Valley Village & Embrace A Vibrant life...,NIPPENOSE VALLEY VILLAGE Cares For You... So You Can Focus On Enjoying Life! Schedule a Tour Today!,Call Virla at 570-745-2400,,,image,ecommerce,49546,734,69,826.06
enriched_ad_4588,campaign_045,DISCOVERY DREAM HOMES,Log & Timberframe. Start Living Your Dream With Discovery Dream Homes View Home Plans,,,,image,real_estate,41960,483,11,1151.91
enriched_ad_4589,campaign_024,Take a 3D Virtual Tour of Timberhaven,"Discover the beauty and charm of this home with our immersive virtual tour. Experience Timberhaven in all its glory from anywhere, anytime.",Visit Now!,,,image,real_estate,67239,913,11,1251.4
enriched_ad_4590,campaign_008,DISCOVERY DREAM HOMES,Log & Timberframe Start Living Your Dream With Discovery Dream Homes View Home Plans,,,,image,real_estate,20229,202,3,475.86
enriched_ad_4591,campaign_012,New Rush Sale,Discover the complete and thrilling tale behind 'The Amal' with our exclusive collection. Get inspired by its unique story.,Shop Now,,,image,ecommerce,24521,382,36,417.14
enriched_ad_4592,campaign_046,175 Years of Excellence,"Call to Schedule Your Appointment Today at CAVE HILL Cemetery Heritage Foundation, www.www.",CALL TO SCHEDULE YOUR APPOINTMENT TODAY,,,image,education,62070,1133,131,526.46
enriched_ad_4593,campaign_037,Highland Basement Waterproofing,Locally owned and operated. Lifetime warranty.,,,,image,home improvement/electrical/plumbing/painting/carpentry/furniture/sanitation/sewage/extermination/insect extermination/home services/gas appliances/power tools/building materials,47469,815,57,803.94
enriched_ad_4594,campaign_019,Moroso GM Is &lt; Billet Aluminum Valve Covers,,Learn/Shop Here,,,image,ecommerce,28747,401,27,471.89
enriched_ad_4595,campaign_015,Join us for an evening with Lidia Bastianich,"Northampton Community College Foundation Gala on Friday June 2, 2023 in Northhampton. Buy tickets at nccgala.org.",Buy tickets at nccgala.org,,,image,education,26642,410,49,251.85
enriched_ad_4596,campaign_022,An Evening with Lidia Bastianich,"June 2, 2023. nccgala.org
FOOD & WINE GALA",,,,image,food and wine,58736,687,58,677.96
enriched_ad_4597,campaign_024,The Highlands,ANG REMS A GRACE MGMT Community Spring into a New Beginning at The Highlands Offering spring savings in The Maine Lodge! Learn More,,,,image,ecommerce,70760,970,92,1012.27
enriched_ad_4598,campaign_031,The Crossing in Europe,"Indian Haute (Fine Dining) Cuisine is now available at The Crossing, bringing the rich flavors of India to your dining table.",Visit Now!,facebook,,image,ecommerce,42271,838,50,745.97
enriched_ad_4599,campaign_026,HOME I,"CLICK T
ENTER!
OVEMENT
d$5,000 SweePSTAKES GIVEAWAY For a chance to win either a $5,000 National Home Improvement Giveaway OR a $750 Leaf Rejector Protection Gift Certificate. Exclusions Apply.
sponsored by SIDING AWDCOMSI.",,,,image,entertainment,31599,497,95,275.35
enriched_ad_4600,campaign_001,DIGITAL PAYMENTS ACCEPTED AT ALL LOCATIONS IN KERALA,"[PayTM, Axis Pay, etc) accepted at all our Locations Kerala Alappuzha, Kazhakootam, Kozhikode Garuda Vega WWW.GARUDAVEGA.COM",,,,image,ecommerce,43269,676,54,642.32
enriched_ad_4601,campaign_035,Where Families Find Each Other,,,,,image,ecommerce,44675,676,55,729.13
enriched_ad_4602,campaign_029,"Same Faculty, Same Degree",Get the convenience of studying at your own pace and location with World Campus. Request info to get started.,Request Info,,,image,education,55201,976,76,647.61
enriched_ad_4603,campaign_021,"Save, Plan and Invest",,Subscribe with Google,,,image,finance,65688,715,26,1418.62
enriched_ad_4604,campaign_024,Join the Liberty & Learning Society,Support Hillsdale College Join the Liberty & Learning Society today!,Learn More,,,image,education,73894,1369,172,557.92
enriched_ad_4605,campaign_047,GET FREE GOLD,,,,,image,ecommerce,99182,1378,135,971.36
enriched_ad_4606,campaign_027,GET FREE GOLD,"When you open an Gold IRA, Unitol Aves will give you free gold. Get Free Gold >>> AmeliC APm G",,,,image,ecommerce,75172,1046,55,1176.56
enriched_ad_4607,campaign_025,Your Trusted News for Maui,,Subscribe Today,,,image,news and media,70690,747,58,1161.77
enriched_ad_4608,campaign_040,Follow the Action at PGACup,"Join us as we track live updates, starting times and leaderboard positions for this year's prestigious PGA Championship. Don't miss out on any of it!",Visit Site,,,image,entertainment,49348,1018,139,289.01
enriched_ad_4609,campaign_026,All-in! Broadband starting at $25/mo with Price Lock,* See our website for details.,,,,image,ecommerce,73488,1169,67,1189.97
enriched_ad_4610,campaign_007,Stand Up Fest Series,"The series continues with SpringSt, featuring top comedians and stand-up artists. Tickets are available for purchase.",Buy Now,facebook,,image,entertainment,55503,1089,138,332.63
enriched_ad_4611,campaign_048,FIESTA Ready-To-Go,Original Baru! FESITA READY-TO-GO HIGH SESINAL SOSIS SIAP SANTAP JUICY BANGET GAK PAKE RIBET (35) HALAL,,,,image,food,92183,1475,185,1358.03
enriched_ad_4612,campaign_023,IBTimes IBT Fast Start,Let the best of International News come to you.,SIGN UP NOW,,,image,ecommerce,66420,858,42,1160.98
enriched_ad_4613,campaign_009,Your Trusted News for Fort Dodge,,Subscribe Today,,,image,news and media,31398,653,42,311.27
enriched_ad_4614,campaign_012,Hit The Peak DISCOVER More,Since 1987 NEMACOLI has been at the forefront of innovation in home appliances. Discover more about our products and how they can transform your daily life.,Discover More,,,image,ecommerce,79712,1418,97,1371.92
enriched_ad_4615,campaign_006,A The Art Of Custom Framing,"CUSTOM FRAMING FINE ART | PRINTING DESIGN MEMORABILIA FRAMINGART.NET 3863 ROCHESTER RD. TROY, MI 48083 248-435-3726",,,,image,ecommerce,76852,1355,65,862.53
enriched_ad_4616,campaign_024,MOVEMENT,"SKRILLEX. UNDERWORLD
BASEMENT JAXX (DJ SET)
THREE 6 MAFIA - CARIBOU
MOODYMANN - KASH DOLL
BONOBO (DJ SET). DJ MINX
CYBOTRON TSHA + MANY MORE!
mAY 27-29 HART PLAZA DETROIT",,,,image,entertainment,51712,1426,251,260.55
enriched_ad_4617,campaign_038,Weather on the Go,"Download the MetService NZ Weather App to stay updated with real-time weather conditions. Get your favorite forecasts, alerts and more right at your fingertips.",Get the app STAY HEALTHY,,,image,ecommerce,62268,999,97,1067.37
enriched_ad_4618,campaign_031,Ultimate Omega-3,#1 Fish Oil & Algae Oil Brand in the U.S. Get the Ultimate Omega-3,Shop Now,,,image,ecommerce,21490,390,33,383.63
enriched_ad_4619,campaign_014,Mindfulness Programs at Brown,Explore short 8-week programs designed to cultivate your mindfulness skills and competencies. Learn more!,,,,image,education,59489,777,103,574.67
enriched_ad_4620,campaign_046,MHEINZ C. PRECHTER BIPOLAR RESEARCH PROGRAM,"This month, our Mindful Practice Podcasts are brought to you in part by the Heinz C. Prechter Bipolar Research Program at the University of Michigan.",LEARN MORE,,,image,education,36266,560,72,272.13
enriched_ad_4621,campaign_005,DISCOVER GREAT SPECIALS ON YOUR NEW APARTMENT HOME BY VISITING OUR WEBSITE,POINT-PALISADES WW www Discover great specials on your new apartment home by visiting our website,,,,image,ecommerce,60681,1081,56,904.12
enriched_ad_4622,campaign_038,Funisgood IT'S WHAT WE DO,Tickets on SALE Now! SaintsBaseball.com T PAUL Sairita 651.644.6659,,,,image,entertainment,99782,1843,295,741.06
enriched_ad_4623,campaign_032,TICKETS NOW,"HØSTFEST ON SALE! NORSK TOWN & COUNTRY CREDIT UNION JOIN US SEPTEMBER 27 - 30 IN MINOT, ND PRESENTED BY MILLION DOLLAR QUARTET DANIEL O'DONNELL. THE OAK RIDGE BOYS TERRY FATOR. DAUGHTRY BROTHERS OSBORNE BUY TICKETS",,,,image,entertainment,43509,903,151,351.48
enriched_ad_4624,campaign_039,Join Us This Season! Fox Hills GH Course Watford,Book Your Time Online!,Click Here For More Info!,,,image,ecommerce,79491,1190,73,988.79
enriched_ad_4625,campaign_005,Positive Stories About Our State's Most Beautiful And Delicious,"A weekly newsletter of POSITIVE STORIES about Michigan, m LIVE SIGN UP",Sign Up,,,image,entertainment,86812,1567,266,556.32
enriched_ad_4626,campaign_031,I Tried MIBest,Stories we to share fy ✔ MLive MIBest # I Tried MIBest This Is MIBest.com m MLive.com/Michigans Best,,,,image,entertainment,39811,1112,171,346.9
enriched_ad_4627,campaign_003,Mobile Home Park Fund,,Learn More,,,image,real_estate,97582,1420,17,2896.87
enriched_ad_4628,campaign_014,Put Some Love In Your Community!,"Check out our CREDIT UNION, Federally Insured By The NCUA. Learn more about how we can help you.",,,,image,finance,26103,281,11,702.36
enriched_ad_4629,campaign_018,Cost Less For Food Company,Groceries at EVERY DAY LOW PRICES Including Meat & Produce SAVE EVEN MORE With This Week's Specials! Click Here to View Our Ad 8 Locations to Serve You,Click Here to View Our Ad,,,image,food,57561,1116,108,617.88
enriched_ad_4630,campaign_049,Skyline Elda May Event,Join us for the Skyline Elda event happening from May 18 to May 22. Experience an exhilarating adventure in our FREE TO PLAY game on STEAM.,PLAY NOW,steam,,video,entertainment,36553,1058,134,212.34
enriched_ad_4631,campaign_019,Get Business Finance,,,,,image,finance,67807,871,30,1572.47
enriched_ad_4632,campaign_038,"Montana Folk Festival July 14-16, 2023",,,,,image,entertainment,94587,1778,305,602.96
enriched_ad_4633,campaign_049,"MONTAÑA FOLK FESTIVAL July 14-16, 2023",,,,,image,entertainment,94187,2077,372,713.74
enriched_ad_4634,campaign_010,Shop Now!,,SHOP NOW,,,image,ecommerce,66437,1385,72,1057.86
enriched_ad_4635,campaign_001,Backyard Beekeeping,"Your best source for beekeeping information. Honey, pollination, education, and more!",,,,image,education,93674,1557,130,913.98
enriched_ad_4636,campaign_036,Since 1978,,,,,image,,97467,1622,86,1402.98
enriched_ad_4637,campaign_045,Storage Products,Shelter from any storm.,Shop Now,,,image,ecommerce,77216,1338,115,1211.83
enriched_ad_4638,campaign_005,INDIE SHORTS AWARDS,"CANNES
Top 15
Most Popular
FILM FESTIVAL",Click to Submit on FilmFreeway,,,image,entertainment,25272,544,101,222.73
enriched_ad_4639,campaign_026,Discover the World's Best Film Festivals,Explore top-tier events and experiences in cinema with our curated list of premier global film festivals.,Shop Now,facebook,,image,entertainment,42508,730,106,314.68
enriched_ad_4640,campaign_016,Claim unlicensed use of your SongTradr catalog,,,,,image,ecommerce,76193,1436,99,915.91
enriched_ad_4641,campaign_005,Revelator,,Join us,,,image,,86255,918,91,1309.84
enriched_ad_4642,campaign_007,V VIBERATE,Music Data Analytics $9.90 / month TRY IT FREE,,,,image,ecommerce,41440,589,47,475.02
enriched_ad_4643,campaign_005,POINT BLANK,Online Music Production Degrees Fully Funded Courses Click for courses,,,,image,education,48793,1207,111,351.09
enriched_ad_4644,campaign_016,Realizing Our Potential as Psych NPs When Treating the Adult Schizophrenia Community,"PRESENTED BY:
Jonathan Llamas
DNP, PMHNP-BC
Listen now
Janssen Neuroscience
www.feben-febrven",,,,image,healthcare,66744,1212,91,1792.24
enriched_ad_4645,campaign_027,Lake Arbonne K&M Sportman's One-Stop Shop!,"Coffee, Crafts, and Camouflage at Lake Arbonne in Farmerville, Louisiana.",,,,image,ecommerce,37309,644,35,406.06
enriched_ad_4646,campaign_022,"Coffee, Cirks & Camo","FARMERVILLE, LA
LAKE D'ARBOUINE SPORTSMAN'S ONE-STOP SHOP!
K&M
Cirks &
1012 S MAIN ST.
MAIN ST.",,,,image,ecommerce,36396,648,53,540.82
enriched_ad_4647,campaign_043,"Walk With Ease, No Tired Or Pain",,Shop Now ,,,image,ecommerce,39798,447,26,475.59
enriched_ad_4648,campaign_013,Body Shop,"Lokeys
2800 Climer Cir,
Amarillo, TX 79124
806-352-8399
Family Owned.
Quality Work.
great service.",,,,image,ecommerce,60193,713,36,782.19
enriched_ad_4649,campaign_026,Local News,The Truth Please subscribe to our newsletter for the latest updates and unbiased news.,Subscribe Now,facebook,,image,news,91454,1589,79,977.08
enriched_ad_4650,campaign_025,Family Owned Body Shop,Quality Work and Great Service at Lokeys in Amarillo.,,,,image,ecommerce,24861,513,49,391.45
enriched_ad_4651,campaign_041,KEYP Body Shop - Family Owned,Quality work and great service at our family-owned BODY SHOP in Amarillo. Contact us for more details.,,,,image,ecommerce,93469,1289,133,1109.53
enriched_ad_4652,campaign_021,2022 SILVERADO 1500 FOR WELL-QUALIFIED BUYERS,TRUCK SEASON 0% APR Must finance with GM Financial. Some customers may not qualify. Length of contract limited. Not available with lease and some other offers.,Learn More,,,image,ecommerce,91458,1540,137,1042.93
enriched_ad_4653,campaign_048,iD - Find Your Course,"Discover the perfect course for your child with iD Tech. Whether they're interested in coding, game development, robotics or creative pursuits like art and music, we've got them covered.",Shop Now,facebook,,image,education,85498,1266,158,923.37
enriched_ad_4654,campaign_039,Predator Miss Nothing,,,,,image,entertainment,62765,1377,192,383.66
enriched_ad_4655,campaign_031,Christopher Ruffo Winning Battles Against Wokeness,,Subscribe,,,image,entertainment,42194,1040,174,342.2
enriched_ad_4656,campaign_046,Never Draft a Demand,Learn More Even Up,,,,image,,49622,654,45,637.88
enriched_ad_4657,campaign_030,Get a High-Quality Penn State Education,Experience top-tier learning while serving at Penn State. Join World Campus and elevate your academic journey.,Request Info,,,image,education,79101,1561,125,946.61
enriched_ad_4658,campaign_008,FIND YOUR DESIGN,"dh DON'S HOME FURNITURE BROWSE AMISH DESIGNS & MORE Todd Drive and the Beltline MADISON, WI www.donshomefurniture.com Madison BEST OF Gold Madison",,,,image,ecommerce,31079,434,27,482.34
enriched_ad_4659,campaign_014,DON'S HOME FURNITURE,"FIND YOUR DESIGN. Browse Amish Designs & More at Todd Drive and the Beltline, Madison WI.",,,,image,ecommerce,83774,1305,116,1231.87
enriched_ad_4660,campaign_028,NFM SUMMER FUN,Everything you need for NFM Summer Fun. Start Shopping.,Shop Now,,,image,ecommerce,60853,983,67,764.08
enriched_ad_4661,campaign_042,Master of Theological Studies - Franciscan Theology,"Franciscan School of Theology at the UNIVERSITY OF SAN DIEGO offers Master of Theological Studies with fully accredited start times, available for online learning. Duration is typically around 24 months and requires completion of approximately 36 credits to achieve a full (100%) degree.",,,,image,education,84434,2116,306,966.44
enriched_ad_4662,campaign_044,National Catholic Register,"If I want to take my time and really savor the stories, GET 6 FREE ISSUES.",,,,image,entertainment,21220,454,66,181.65
enriched_ad_4663,campaign_036,"Spiritually, What's Next?",Climb Higher... Go Deeper...,,,,image,entertainment,52301,1421,195,390.0
enriched_ad_4664,campaign_026,It's the Newspaper I Read Faithfully,POLITICS FEATURES BUSINESS EDUCATION NATIONAL CATHOLIC REGISTER GET 6 ISSUES FREE,,,,image,"ecommerce, saas, education, healthcare, finance, entertainment, travel, food, automotive, real_estate",32371,431,32,397.88
enriched_ad_4665,campaign_026,Get Connected. Get Help.,,,,,image,,42159,578,35,621.78
enriched_ad_4666,campaign_022,Association of Health Care,"Reed's Worm Care Center focuses on providing assisted living services in Nevada, ensuring that senior citizens have access to quality long-term healthcare.",Learn More,,,image,healthcare,85149,860,65,1511.94
enriched_ad_4667,campaign_033,The Spirit of Nevada,"NEVADA is home to the American wild horse, an iconic symbol of freedom and beauty. The American Wild Horse Campaign.org aims to protect these majestic creatures through education, advocacy, and conservation efforts.",,,,image,entertainment,49085,852,160,435.96
enriched_ad_4668,campaign_009,Nevada Seniors Deserve Access to Long Term Care,Assisted Nevada offers services for senior citizens in need of long-term assistance.,Get the Facts,,,image,ecommerce,83488,1679,145,1054.4
enriched_ad_4669,campaign_014,Precision,"Customized Cataract Surgery, Lasik Surgery Ophthalmic Physicians Incorporated",,,,image,healthcare,56883,1096,43,1009.87
enriched_ad_4670,campaign_003,JEETKAM - GET 250% WELCOME BONUS!,Play Now! PARI MATCH This game involves an element of financial risk and may be addictive. Please play responsibly and at your own risk.,PLAY NOW,,,video,entertainment,57662,1872,175,482.22
enriched_ad_4671,campaign_014,PARI MATCH GET 250% WELCOME BONUS!,This game involves torment of fresh Rex and Ray being active. Pecks play reasonably and at your own risk,PLAY NOW!,,,video,entertainment,64898,1567,175,388.56
enriched_ad_4672,campaign_003,Paddy Gower Has Issues,+HR=E + HR-E Now Starts Wed 7.30pm,,,,image,entertainment,66613,1177,172,515.67
enriched_ad_4673,campaign_022,REM School of Real Estate,"Digital Learning Centers, Online Real Estate School in Hawaii. Renew your CE with the REMI School.",REGISTER NOW,,,image,education,71525,1756,148,836.95
enriched_ad_4674,campaign_022,Cons KOWN,Thank You For Voting For Us!,,,,image,,65005,748,73,1040.37
enriched_ad_4675,campaign_016,READERS' CHOICE WINNER #1 REALTOR®,Thank You! Beth McGeorge Team RE/MAX Jefferson City BethMcGeorge.com 573-761-3489 ©f,,,,image,real_estate,22577,298,5,616.54
enriched_ad_4676,campaign_024,#1 TANNING SALON! Readers Choice Winner,"Thank You FOR VOTING US YOUR #1 TANNING Salon! Readers' Choice WINNER. Tan Club CT, Designer Skin Swedish Beauty California TAN - 3279 Australian Cold.",,,,image,ecommerce,31861,595,57,436.5
enriched_ad_4677,campaign_010,"$52 MILLION Truck Wreck | Wrongful Death GLASHEEN, VALLES INJURY LAWYERS NewsWest Beator THE BASIN B",,Talk To An Attorney Now,,,image,ecommerce,46686,967,97,484.35
enriched_ad_4678,campaign_013,NEW YORK JETS SINGLE GAME TICKETS ON SALE,Buy now and get single game tickets for Jets at discounted prices. Jet's preference is VISA.,BUY NOW,,,image,entertainment,99430,2558,468,567.62
enriched_ad_4679,campaign_022,Supercharging Progress™,,Learn More,,,image,ecommerce,79927,1637,116,1096.77
enriched_ad_4680,campaign_009,ELEBRATIONS,"Catering, Employee Appreciation, Office Luncheons, Team Building more information",,,,image,ecommerce,90208,1871,164,1183.24
enriched_ad_4681,campaign_011,ELEBRATIONS,"Catering
Employee Appreciation
Office Luncheons
• Team Building How Hampshi BEST NH 2403 more information",,,,image,ecommerce,51667,700,55,815.46
enriched_ad_4682,campaign_015,PALACE THEATRE - BUY TICKETS,"St. Mary's Bank Performing at Ser Joseph, June 225, 2023 PALACETHEATRE.org | 603.668.5588",BUY TICKETS,,,image,entertainment,48635,1193,146,260.06
enriched_ad_4683,campaign_028,NEAR NIVERSARY NH PBS,NH PBS's 50TH ANNUAL SPRING AUCTION YOUR GOLDEN OPPORTUNITY May 8 - June 12 nhpbs.org/auction,,,,image,entertainment,46408,1109,208,247.83
enriched_ad_4684,campaign_002,New Hampshire Jobs in Parks,Discover new opportunities and apply for jobs at New Hampshire State Parks.,Apply Today,,,image,ecommerce,64087,925,55,1034.46
enriched_ad_4685,campaign_010,ROAD SCHOLAR,"Educational Travel Adventures for Adults 50+, EXPLORE NOW",,,,image,"travel, education",45119,823,72,722.01
enriched_ad_4686,campaign_007,Harmony A New Playing Experience Awaits,,Learn More,,,video,entertainment,52884,1004,137,447.18
enriched_ad_4687,campaign_044,The Finest American-Made Guitars,,Learn More,,,image,ecommerce,30437,626,57,297.76
enriched_ad_4688,campaign_007,Schon Ab,,,,,image,ecommerce,23127,247,13,225.29
enriched_ad_4689,campaign_038,35TH ANNIVERSARY OF CLINTON COUNTY SPEEDWAY,"Experience the thrill at Clinton County Speedway on Friday nights! Enjoy thrilling races and exciting events. Just $12 for kids, free entry (ages 12 & under with a paid adult). Visit www.clintoncountyspeedway.com to learn more.",Visit us,,,image,entertainment,53350,825,107,276.29
enriched_ad_4690,campaign_008,Blaise Savings,"Alexander is here to help you save money and make your mom proud. Discover our exclusive deals, discounts, and rewards that will bring joy back into her life.",Shop Now!,facebook,,image,ecommerce,71686,1193,99,1147.97
enriched_ad_4691,campaign_042,Life Changing Medicine,"The Small Things at UPMC - Life-Changing Medicine. Learn More > Tex, UPIC.",Learn More,,,image,healthcare,43874,477,36,812.24
enriched_ad_4692,campaign_024,The 6th NTd International,"FIGURE PAINTING COMPETITION Reviving the pure authenticity, beauty, and goodness in art Call for Global Entries Deadline: 6/15/2023",,,,image,ecommerce,99545,1643,115,1734.45
enriched_ad_4693,campaign_009,5 STAPLES TO GET MORE LEADS,"1
2
3
4 PROGRAMMATIC ADVERTISEMENTS
5 AN AUTOMATED CRM SYSTEM A FULLY OPTIMIZED WEBSITE GOOGLE ADS & LOCAL SERVICE ADS SOCIAL MEDIA ADS LET US DO THE WORK!
479-202-9903 www.customerswhostick.com Flypaper",,,,image,ecommerce,57050,906,48,721.09
enriched_ad_4694,campaign_010,Meet the newest Pixel devices,Learn more Devices sold separately. wwwwww,,,,image,ecommerce,87209,1184,61,1071.95
enriched_ad_4695,campaign_047,Look Who's Back!!!,3 Fan Favorites are Back in Stock.,SHOP NOW,,,image,ecommerce,85010,1599,135,1449.22
enriched_ad_4696,campaign_032,ALEXEI RATMANSKY'S THE GISELLE WEST COAST PREMIERE,UNITED UKRAINIAN BALLET JUNE 29-JULY 2 SEGERSTROM HALL Buy tickets,,,,image,entertainment,81507,1646,167,449.38
enriched_ad_4697,campaign_034,UNITED UKRAINIAN BALLET PET ALEXEI RATMANSKY'S GISELLE WEST COAST PREMIERE JUNE 29-July 2 SEGERSTROM,,,,,image,entertainment,27554,748,126,198.8
enriched_ad_4698,campaign_027,Fates. G-FORCE,"Find Out More
3X RELIABILITY
3X PERFORMANCE
3X G-FORCE™
CATAN
Horosty
apres
TATA
PROCESE
NEZATE",,,,image,,88049,1120,110,870.84
enriched_ad_4699,campaign_021,Take Your Career to New Levels,"EKU ONLINE offers 100% online criminal justice degrees. Free textbooks, flexible schedule, accelerated 8-week terms.",Learn More,,,image,education,50854,898,135,327.68
enriched_ad_4700,campaign_002,Redefining the Value of Digital Evidence,In creating actionable intelligence by leveraging digital evidence.,,,,image,ecommerce,49064,815,46,498.93
enriched_ad_4701,campaign_024,Stay One Step Ahead of Stinky,"Discover the difference with Hefty, your ultimate solution for fresh and clean air. Experience comfort like never before.",Shop Now,,,image,ecommerce,57694,896,53,559.89
enriched_ad_4702,campaign_002,KENSINGTON TOURS,"River Cruising, Reinvented Learn More",,,,image,entertainment,38822,967,101,278.45
enriched_ad_4703,campaign_035,$349⁹⁹,,Shop Now,,,image,ecommerce,50098,680,46,858.67
enriched_ad_4704,campaign_019,"Hard-to-find products, direct from the FROM THE EDITORS OF","makers: •Kitchen & bath furniture OLDHOUSE
JOURNAL
tile lighting & hardware • walls
• textiles • construction products ORDER NOW!
OLD-HOUSE JOURNAL
renovation
LOOKBOOK
INSIDE
Inspired desion",ORDER NOW!,,,image,ecommerce,81238,1605,164,1206.07
enriched_ad_4705,campaign_012,Go Beyond with CryptoniteNXT,Tired of Enforce Security Request a Free Demo Now > Monitoring? CRYPTONITE NXT,Request a Free Demo Now>,,,video,,37813,797,59,415.16
enriched_ad_4706,campaign_006,Free Converters,"Convert PDFs to Word, convert JPGs to PDFs and vice versa. Free conversion tools available.",,,,image,ecommerce,83525,1501,93,1218.5
enriched_ad_4707,campaign_018,The Water No Tripper Cup,,,,,image,ecommerce,64260,980,94,971.95
enriched_ad_4708,campaign_027,"Discover Movies, Series & Fitness Content",Find movies series and fitness videos to watch anytime with our easy-to-use platform. Just follow these simple steps:,Click on 'Start',alldigimedia.com,,image,entertainment,65172,1534,235,576.86
enriched_ad_4709,campaign_029,Two-Month Ramp Closure,Northbound lanes will be closed on OR 99W onto and north of I-215 starting May 31. This closure is part of the Oregon Department's transportation efforts.,,,,image,transportation,35956,550,41,404.06
enriched_ad_4710,campaign_037,Where You and Your Dog Party!,Info and tickets - BarksIntheCity.com,,,,image,entertainment,34613,653,111,179.15
enriched_ad_4711,campaign_010,Pick Up Week Carbel Joao,Carvel Japan Nissan Carvel Joao De 15 Ao 20 de Maio Saiba Mais Frontier Croen,,,,image,ecommerce,58238,750,59,564.7
enriched_ad_4712,campaign_047,Millwood Now Accepts New Members,"Join Millwood Golf Club and enjoy the beautiful courses at our location in Millwood, Missouri.",Visit us today!,,,image,ecommerce,26848,454,23,469.86
enriched_ad_4713,campaign_037,"MILLWOOD","NOW accepting new members 417.889.4200 millwoodgolf.com",Learn More,facebook,,image,ecommerce,50147,590,44,871.87
enriched_ad_4714,campaign_019,G PACKERS PRO SHOP,20% OFFSEN BAY - A $100 Purchase* Packers Shop Now,Shop Now,,,image,ecommerce,32939,520,28,424.55
enriched_ad_4715,campaign_004,The Packers Schedule Is Here,Schedule Score Tickets At Ticketmaster.,'23 Release Buy or Sell Tickets at the Official Marketplace of the NFL. '23,,,image,entertainment,78450,1232,205,696.08
enriched_ad_4716,campaign_008,"Glacier, Yellowstone & Grand Tetons",,Click to Save $100 per person,,,image,travel,88450,1878,149,1658.7
enriched_ad_4717,campaign_048,"Glacier, Yellowstone & Grand Teton","Click to join Tom Williams SAVE $100 HV August 17-26, 2023 per person",,,,image,travel,60072,1105,97,706.25
enriched_ad_4718,campaign_002,Zen Pool + Bar - Indulge with Friends,"Indulge in modern cabana or relax under sun. Either way, summer is yours to enjoy.",LEARN MORE MAKE A SPLASH,,,image,entertainment,78586,1676,158,631.43
enriched_ad_4719,campaign_048,MAKE A SPLASH,"Zen Pool + Bar is the place to meet. Indulge with friends in a modern cabana or relax under the sun in a poolside lounger. Either way, the summer is yours to enjoy.",LEARN MORE,,,image,entertainment,70920,1300,201,520.99
enriched_ad_4720,campaign_017,GET THE PAPER ★ WEEKLY★ NEWSLETTER SIGN UP HERE,,Sign Up Here,,,image,entertainment,36851,793,132,279.51
enriched_ad_4721,campaign_029,"Anxious Parents, Anxious Kids",Parenting Advice From the 'World's Worst Mom' With author Lenore Skenazy SIGN UP ► FREE EVENT JUNE 6 Parent Ed Talks,,,,image,education,35580,526,43,390.89
enriched_ad_4722,campaign_002,Major Savings on Style and Free Candy,I can't help myself!,,,,image,ecommerce,68706,1234,103,936.72
enriched_ad_4723,campaign_039,AUTOMATED SECURITY PATCHING,"NO HOLES, NO RANSOM. Seal it up",,,,image,ecommerce,85400,1113,59,1437.96
enriched_ad_4724,campaign_021,The Patriots Schedule Is Here,Schedule Score Tickets At Ticketmaster.,Buy Tickets,,,image,ecommerce,74042,1016,80,1211.06
enriched_ad_4725,campaign_005,The Betoota Advocate Round Up The Biggest Entertainment Yarns Of The Week Subscribe,,Subscribe,,,image,entertainment,35829,529,97,272.24
enriched_ad_4726,campaign_013,The Ouff,,,,,image,,61807,1079,82,1096.67
enriched_ad_4727,campaign_013,Let's Go Places,"Shepard Toyota Your hometown connection to Toyota
19 View Inventory US Route 1 - Thomaston - 594-8424",,,,image,automotive,62446,751,26,1101.4
enriched_ad_4728,campaign_046,"Bid for Property located at 280 Rockland St., Rockport ME",BID's due and opened by June 5th at 1pm to Rockport Town Office or email to amcgowan@rockportmaine.gov with subject line '280 Rockland BID.' TOWN,,,,image,real_estate,63784,640,8,1386.07
enriched_ad_4729,campaign_036,See What's Cooking,"Food & Dining Filled with tasty trends, tips from local foodies, restaurant reviews, recipes, and more! Penn Live Pa Patriot-News",,,,image,food,30724,736,69,358.83
enriched_ad_4730,campaign_038,INCLING GET Splatoon,NEW OCTOLING & INKLING PIN SETS AVAILABLE NOW AT STORE.PENNY-ARCADE.COM TM & © 2023 Nintendo.,,,,image,entertainment,37112,605,97,198.06
enriched_ad_4731,campaign_027,New Octoling & Inkling Pin Sets Available Now,Available at Store.Penny-Arcade.com. TM & © 2023 Nintendo.,,,,image,entertainment,82820,2023,198,715.66
enriched_ad_4732,campaign_044,Combat Elite Still Making History,,,,,image,entertainment,57712,1124,141,320.48
enriched_ad_4733,campaign_025,Arthur,"Arthur Shield:
The First Firewall for LLMs
LEARN MORE",,,,image,,78373,1541,110,914.84
enriched_ad_4734,campaign_034,Powerful Nutrition for Cats,"Discover Petivity XPU-RINa, the ultimate cat food that not only nourishes but also empowers your feline friend. With our scientifically formulated ingredients and balanced nutrition plan, you can rest assured knowing you're providing top-quality nourishment to keep them healthy.",Shop Now,facebook,,image,ecommerce,33225,495,28,577.79
enriched_ad_4735,campaign_027,"GEAR UP FOR THE","2023 PGA CHAMPIONSHIP 20 PGA",Learn More,facebook,,image,ecommerce,68316,1331,82,1131.92
enriched_ad_4736,campaign_001,Download the PostgreSQL editor with highest user satisfaction for free.,/* FULL POSTGRESQL SUPPORT */ /* QUICK & EASY INSTALLATION */ /* OVER 5 MILLION DOWNLOADS */ *Rated 1st place on G2.com (4.6/5) DbVisualizer,,,,image,ecommerce,29794,395,28,337.21
enriched_ad_4737,campaign_044,FANDUEL BET FROM THE POCKET,BET NOW IN PARTNERSHIP WITH VALLEY FORGE. CAUNDREKOR - GAMING AND LOTTERY APP.,Bet Now,,,image,entertainment/gaming/sports/betting/lottery,53325,890,57,716.13
enriched_ad_4738,campaign_047,Keystone First,"Our roots run deep. Coverage by Vista Health Plan, an independent licensee of the Blue Cross and Blue Shield Association.",,,,image,healthcare,64843,1049,39,1504.41
enriched_ad_4739,campaign_025,Our Roots Run Deep,"www.keystonefirstpa.com
Ong me of the Word and Mc Bars in Over 35 years serving neighbors, friends, and family.
Keystone First",,,,image,ecommerce,36682,625,37,529.92
enriched_ad_4740,campaign_011,"If you or someone you know is in immediate crisis, call 988.",988 SUICIDE & CRISIS LIFELINE City of Philadelphia DBHIDS DEPARTMENT REHAVIORAL HEALTH and INTELLECTUAL ABILITY SERVICES,,,,image,healthcare,93723,988,36,2275.95
enriched_ad_4741,campaign_005,Facing Eviction or Foreclosure? nfcc Can Help You,Are you worried about facing eviction or losing your home to foreclosure?,Contact us for assistance today!,facebook,,image,real_estate,87514,1035,17,1572.26
enriched_ad_4742,campaign_044,Death Leaves A Heartache,"No one can heal, Love leaves a memory no one can steal.",CLICK HERE to leave a lasting message of sympathy for someone on PhillyTrib.com's obituary section.,,,image,entertainment,97106,1475,261,794.06
enriched_ad_4743,campaign_001,The Evolution of OCIO Virtual Series,"November 2-4, 2021 P&I CONFERENCES REGISTER NOW",Register Now,,,image,education,98471,1589,122,712.57
enriched_ad_4744,campaign_008,Interested in Sustainable Investing?,Find the leaders in sustainable fixed income. Learn more In partnership with Pensions Investments GLOBALFUND Search,Learn more,,,image,ecommerce,34941,680,61,453.18
enriched_ad_4745,campaign_014,CLOSERS BEST-EVER Benefits! +90 MAXLV. JUMPING NEW CHARACTER PRE-CREATION PLAY NOW,,Play Now,,,video,entertainment,33981,1141,131,165.69
enriched_ad_4746,campaign_039,"*PokerAtlas $1,000,000+ TOUR May 18-30 TEXAS CARD HOUSE HOUSTON-*",,,,,image,entertainment,91581,2420,410,477.25
enriched_ad_4747,campaign_009,LEXIPOL - POLICY MANAGEMENT MADE SIMPLE,Lexipol offers legislative monitoring and updates. Experience seamless policy management with our mobile app.,,,,image,ecommerce,48833,794,58,665.65
enriched_ad_4748,campaign_016,The Mercury's Guide to Outdoor Dining,Explore the best patio spots for dining out with The Mercury. Discover new places and enjoy your meals in style.,,,,image,ecommerce,35294,526,42,416.71
enriched_ad_4749,campaign_033,Aging Edge,A RESOURCES FOR OLDER ADULTS,,,,image,healthcare,75560,1128,76,2036.11
enriched_ad_4750,campaign_035,City of Glenwood Springs Water Quality,The City of Glenwood Springs has released its consumer confidence report for this year's drinking water quality.,Click Here,,,image,ecommerce,21159,331,22,351.73
enriched_ad_4751,campaign_042,45% of Airbnb Hosts in Colorado Say Hosting Helped Them Afford to Stay,Colorado hosts say hosting helped them afford to stay. Source: Self-reported via survey to Hosts @ Learn more,,,,image,ecommerce,45744,868,58,443.62
enriched_ad_4752,campaign_039,Connecting Top Talent with the Best Opportunities,,Explore > Power Career Center,,,image,ecommerce,64086,1177,100,990.37
enriched_ad_4753,campaign_026,CREATIVE SHARP EDGES SIMPLE,envatoelements THE BEST POWERPOINT TEMPLATES PITCH DECKS BUSINESS SLIDEWERK START NOW Brainstorm EDUCATION MEDICAL MULTI-PURPOSE,START NOW,,,image,"ecommerce, saas, education, healthcare, finance, entertainment, travel, food, automotive, real_estate",26726,452,27,421.15
enriched_ad_4754,campaign_013,Preaching Today - Holy Bible,Fresh ideas for your Father's Day sermon. Explore >>,,,,image,education,58399,1370,147,610.91
enriched_ad_4755,campaign_034,Cruise U.S. Rivers GET $100 LEARN,"Travel WITH American Queen Voyages - Onboard credit per person, and more!",,,,image,travel,84808,1339,93,1766.58
enriched_ad_4756,campaign_048,Damac Jagoons,,Learn More,,,image,ecommerce,94481,1637,108,1541.62
enriched_ad_4757,campaign_001,Improving Patient Lives,"MI life sciences is not what we do, knowledge that matters it is who we are. Explore more",,,,image,healthcare,30276,444,25,662.19
enriched_ad_4758,campaign_048,Narcolepsy Management and Treatment,"Psych Perspectives, Psychiatric Times - Don't miss out! Check out the latest episodes on Narcolepsy management.",,,,image,healthcare,78512,975,63,1343.99
enriched_ad_4759,campaign_032,Acera - Mental Health Treatment,Acera offers inpatient and outpatient mental health treatment. Major insurance accepted.,Learn More,,,image,healthcare,20456,286,13,395.48
enriched_ad_4760,campaign_025,We Are One Outside AMELIAS Window Ruby and Lonely Willen ad Bunny cond MARKER e THE UNSTOPPABLE JAMI,,,,,image,entertainment,62021,1408,173,453.98
enriched_ad_4761,campaign_032,A Great Big World For All We Are One Willen and Bunny MARKER Two Lions Ruby and Lonely Unstoppable J,,,,,image,,97967,1986,194,1394.77
enriched_ad_4762,campaign_029,Seraphim INNOVATION INSPIRES THE LIMITLESS,,,,,image,ecommerce,89906,1180,75,1615.99
enriched_ad_4763,campaign_044,DASOLAR A Leader in N-type PV Technology,,,,,image,ecommerce,45210,535,30,662.23
enriched_ad_4764,campaign_041,Take the Effort Out of Indulgence,Firen ICE Fire-Roasted IQF Vegetables Let's Talk! Van Drunen Farms,,,,image,food,71325,1513,192,928.83
enriched_ad_4765,campaign_008,Stand the Eff Out,,Do It,,,image,,55188,989,52,930.91
enriched_ad_4766,campaign_006,Get the Latest News on Radio Industry,"RADIOWORLD Get the latest news, product reviews, and insights you need to keep informed engineering extra about the evolving radio industry.",SUBSCRIBE TODAY!,,,image,entertainment,73266,1106,116,464.32
enriched_ad_4767,campaign_040,Preplan Funeral Services with Frederick L. Sanders,"Frederick L. Sanders is the Supervisor at Funerals Home and Cremation Service, Inc., located in Frederick, Maryland (MD). For inquiries or to arrange a funeral service, please contact them directly via phone number: 610-372-1624.",Contact Us,,,image,ecommerce,23876,292,19,364.88
enriched_ad_4768,campaign_011,Click Here Join RealClear Politics,,Click Here,,,image,entertainment,68712,1819,275,554.67
enriched_ad_4769,campaign_031,Want to Boost Your Ad Revenue?,Find out more,,,,image,ecommerce,57622,958,98,970.59
enriched_ad_4770,campaign_037,GC Gunfighters,Some companies have shooting teams. Learn More >,,,,image,entertainment,40216,659,119,300.4
enriched_ad_4771,campaign_031,Combat Elite,OLT STILL MAKING HISTORY.,,,,image,entertainment,43387,882,127,266.08
enriched_ad_4772,campaign_016,Discover More Thermal,,Discover More,,,image,ecommerce,35586,609,30,356.53
enriched_ad_4773,campaign_012,CLO RECORD EAGLE,SENIOR SHOUT OUT HONOR AND CELEBRATE YOUR SENIOR IN THIS KEEPSAKE PUBLICATION! SUBMIT YOUR GRADUATE NOW!,,,,image,education,27201,623,59,274.78
enriched_ad_4774,campaign_031,RECORD EAGEL,2023 SENIOR SHOUT OUT SUBMIT YOUR GRADUATE NOW!,,,,image,education,50507,1221,88,371.47
enriched_ad_4775,campaign_037,Paradise City Arts Festival,"220 JURIED ARTISTS & MAKERS GREAT FOOD, MUSIC & MORE! MAY 27, 28 & 29 3 COUNTY FAIRGROUNDS | NORTHAMPTON, MA INFO-TICKETS-DISCOUNT COUPON",,,,image,entertainment,56510,1575,182,436.8
enriched_ad_4776,campaign_028,PARKLAND FUNERAL HOME,"Our pledge is to honour you, your loved one's and your family with dignity, respect, and personal attention to every detail.",,,,image,ecommerce,26231,320,27,443.86
enriched_ad_4777,campaign_035,Try Redmine for Free,"Discover the most wanted features in Redmine. Server management, Cloud integration and seamless compatibility with Ruby on Rails 6.",TRY IT FREE,,,image,ecommerce,95599,1853,106,1080.83
enriched_ad_4778,campaign_010,We Are UD Discover The Power Of Community,,,,,image,education,47034,1055,126,464.41
enriched_ad_4779,campaign_015,"Introducing Faster, Brighter",BOHA! Terminal 2 - Sharper. Smarter.,,,,image,ecommerce,63150,1001,75,949.04
enriched_ad_4780,campaign_026,BREW A BATCH OF COLD BREW IN MINUTES!,,,,,image,food,43961,1058,71,584.11
enriched_ad_4781,campaign_017,The Daily Docket,"A newsletter by Westlaw Today. POWERED BY REUTERS A smart look at the day's most important headlines from the courts, law firms, and practitioners.",Subscribe now > E Thomson Reuters,,,image,ecommerce,40070,704,39,533.28
enriched_ad_4782,campaign_025,Discover How,,,,,image,,84658,1735,118,1255.23
enriched_ad_4783,campaign_032,How Can You Help Shape The World's Energy Future And Accelerate Your Career?,IMIRME aramco powered by How Discover how,,,,image,ecommerce,84172,992,59,1202.69
enriched_ad_4784,campaign_021,Aramco powered by How,"How can you engineer the future of energy, and still find time to spend with your loved ones? Discover how.",,,,image,energy,98509,1212,67,1003.16
enriched_ad_4785,campaign_004,Discover How,,,,,image,,99837,1833,148,1237.91
enriched_ad_4786,campaign_023,IT'S TIME TO GET GNARLY!,,,,,image,,45359,614,42,484.9
enriched_ad_4787,campaign_028,Bar & Restaurant | Dining with a Latin Twist!,,,,,image,food,98881,2518,296,1026.85
enriched_ad_4788,campaign_045,Lucid - Visual Collaboration Platform,"Lucid is the ultimate visual collaboration platform designed to cover every aspect of workflow. Whether you're working on design, marketing campaigns or any creative project that requires seamless integration and real-time updates across teams.",Discover Lucid Now!,facebook,,image,ecommerce,50163,555,32,489.27
enriched_ad_4789,campaign_026,UNLOCK THE FULL POTENTIAL OF BEHAVIORAL-BASED SAFETY,"OBSERVATIONS TUESDAY, JUNE 6, 2023 1PM ET REGISTER NOW WEBINAR FREE safeopedia",REGISTER NOW,,,video,education,78795,1852,179,874.16
enriched_ad_4790,campaign_002,UNLOCK THE FULL POTENTIAL OF BEHAVIORAL-BASED WEBINAR,"FREE SAFETY OBSERVATIONS TUESDAY, JUNE 6, 2023 1PM ET REGISTER NOW safeopedia",REGISTER NOW,,,video,education,86855,1942,164,911.64
enriched_ad_4791,campaign_004,"O'Donell Cremations, Funerals & Celebrations",We are here for you. O'Donell Cremations offers services in Salem and Danvers.,,,,image,ecommerce,20051,401,34,207.54
enriched_ad_4792,campaign_039,Antique Truck Show at NC Transportation Museum,Join us for the Antique Truck Show featuring rare and vintage trucks. Experience history come to life as we showcase unique vehicles from North Carolina's rich transportation heritage.,Visit Now!,,,image,"entertainment, travel",56499,895,45,859.44
enriched_ad_4793,campaign_021,Advanced TMS Treating Depression,"CLINIC, INC. at its Source NeuroStar Advanced Therapy",,,,image,healthcare,53173,580,31,782.55
enriched_ad_4794,campaign_004,HR that adapts to new possibilities,,Learn More,,,image,ecommerce,91896,1330,116,1578.28
enriched_ad_4795,campaign_048,Sanfoundry Certification,Arts Maths Science Language Free! Get started now!,,,,image,education,52781,768,60,442.05
enriched_ad_4796,campaign_026,Indulge Your House With The Treatment She Deserves,,Get A Quote,,,image,ecommerce,52166,620,48,838.47
enriched_ad_4797,campaign_023,A Walk for Parkinson's in honor of Rob Barteletti,"Saturday, May 20 The Montecito. 500 Rodeo Rd. Registration Begins: 9:30 am | Walk starts: 11:00 Southwest",,,,image,entertainment,84680,1994,267,582.84
enriched_ad_4798,campaign_008,PANCAKES THE PLAZ,"July 4, 2023
Purchase Tickets or Volunteer Now!",Purchase Tickets or Volunteer Now!,,,image,entertainment,69565,1707,267,612.33
enriched_ad_4799,campaign_037,Explore the Future with Digi-Key Electronics,"Discover cutting-edge solutions in electronics. From sourcing to shipping, our comprehensive services ensure you get what you need when you need it.",Learn More,,,image,ecommerce,72506,924,62,850.53
enriched_ad_4800,campaign_027,Invest in your future with invest529,"Save $50, Get $50 MIN Machin Juri Learn more about our investment opportunities. Discover how you can save for college and secure the best deals.",Learn More,,,image,education,30285,572,64,265.23
enriched_ad_4801,campaign_024,Invest in Your Future with Our New Savings Plan!,"Discover the benefits of investing through our new savings plan. With just one click, you can save $50 and get an additional $50 back! Join us today to start saving for your future.",Learn More,,,image,finance,86312,971,49,2752.59
enriched_ad_4802,campaign_017,"On Track Or Off, We've Got You Covered",,Quote Now,,,image,ecommerce,71894,1475,73,1232.47
enriched_ad_4803,campaign_026,"TRUTH, TRUST AND HOPE","Join us for the Nobel Prize Summit on May 24-26, 2023 at nobelpríze.org/summit. Discover groundbreaking innovations and insights from leading minds in various fields.",,,,image,education,99623,2395,279,898.09
enriched_ad_4804,campaign_033,RSA Conference 2023,CyberRisk erRisk SC Media Security Weekly Watch exclusive interviews from Broadcast Alley WATCH NOW,,,,video,"education, healthcare, finance, entertainment, travel, food, automotive, real_estate",30886,485,39,505.29
enriched_ad_4805,campaign_038,RSAA CONFERENCE 2023,Cyber Risk SC Media Security Weekly ALLIANCE Watch exclusive interviews from Broadcast Alley. WATCH NOW,,,,video,entertainment,58020,1657,299,327.87
enriched_ad_4806,campaign_028,هئة الأفلام - Kingdom of Opportunities,Film Commission | Kingdom of Saudi Arabia | film.sa | SHOOT YOUR NEXT FILM IN SAUDI ARABIA THE KINGDOM OF OPPORTUNITIES,,,,image,entertainment,23673,400,64,113.98
enriched_ad_4807,campaign_021,U TU IT Compliance,150 AUDITBOARD Stay on top of every framework with ease.,Learn More,,,image,ecommerce,76130,1229,126,1054.05
enriched_ad_4808,campaign_045,Introducing the Forge,the first heated ice press of its kind.,Discover More,,,image,,78245,1541,96,1022.23
enriched_ad_4809,campaign_006,"Introducing the Forge, the First Heated Ice Press of Its Kind",,Discover More,,,image,ecommerce,46562,556,56,591.06
enriched_ad_4810,campaign_017,He Gets Us,"INSPIRE YOUR CHURCH TO SURPRISING REMARKABLE, UNCOMMON LOVE. LEARN MORE",,,,image,,42319,568,35,471.78
enriched_ad_4811,campaign_015,Seven Days of Reading Aloud,"Experience the joy and benefits of reading aloud at home. Discover new stories, improve language skills for children or adults alike.",Shop Now,facebook,,image,entertainment,20709,562,104,116.11
enriched_ad_4812,campaign_020,Play Word Games,"Are you looking for an exciting way to challenge yourself and improve vocabulary? Try our word game platform, Daysle!",Try your luck at:,,,video,entertainment,39356,960,124,289.15
enriched_ad_4813,campaign_006,San Francisco Documentary Festival June 1-11,,,,,image,entertainment,20326,339,56,178.67
enriched_ad_4814,campaign_033,LOVE + PROPA GANDA THE MUSIC YOU LOVE EVERY FRIDAY NIGHT,,,,,image,entertainment,53621,1438,145,340.88
enriched_ad_4815,campaign_002,San Francisco Celebrates Asian American & Pacific Islander Heritage Month,Get your Celebration Guide for events in May 2023 Ⓒapasf.org,,,,image,ecommerce,86244,1641,79,914.08
enriched_ad_4816,campaign_038,Boost Your Booster Reconnect to Celebrations,"Public health is crucial, and reconnecting with celebrations can bring joy back into our lives. Don't miss out on this opportunity.",Shop Now,facebook,,image,entertainment,74798,1313,193,413.5
enriched_ad_4817,campaign_036,Take Control of Your Online Security,ExpressVPN - Get ExpressVPN with our 30-day money-back guarantee.,Get ExpressVPN,,,image,ecommerce,68304,1156,117,1193.59
enriched_ad_4818,campaign_014,The Leader in Long Range,A Legacy to Uphold Barrett.,,,,image,ecommerce,29936,600,44,314.61
enriched_ad_4819,campaign_027,Scale Your Secrets Management with HashiCorp's Enterprise Vault,Manage secrets efficiently and securely. Discover how to scale your secrets management.,Discover More,,,image,ecommerce,73058,1524,82,970.99
enriched_ad_4820,campaign_004,Mother's Day Sale,Save up to $200 USD/$300 CAD instantly on select lenses.,,,,image,ecommerce,36920,619,44,637.68
enriched_ad_4821,campaign_035,MOTHER'S DAY SPECIAL,SAVE UP TO $200 ON MOTHERS' DAY WITH INSTANT SAVINGS. SHOP NOW AND GET A GREAT DEAL!,SHOP TAMRON LENSES ‣,,,image,ecommerce,25935,391,33,388.56
enriched_ad_4822,campaign_020,MOTHER'S DAY SPECIAL,SAVE UP TO $200 ON MOTHERS' DAY WITH TAMRON LENSES. SHOP NOW AND GET INSTANT SAVINGS.,SHOP TAMRON LENSES,,,image,ecommerce,31885,417,34,316.52
enriched_ad_4823,campaign_045,What Does Your Future Call You?,,,,,image,entertainment,48196,1048,147,348.48
enriched_ad_4824,campaign_001,LiteForm - The Best Way to Build,"The BEST WAY TO BUILD
I'm BACK!
Room PREVENT HEAVING & CRACKING in your concrete WITH FLEXXBOARD25
FLEXXBoard 25 LEARN MORE HERE
INSULATING FOAM BOARD",Learn More Here,,,image,ecommerce,92962,1620,128,1202.11
enriched_ad_4825,campaign_046,LiteForm - The Best Way to Build,The best way to build. PREVENT HEAVING & CRACKING in your concrete BACK! WITH FLEXXBOARD25 LEARN MORE HERE PLA gre Puccord FLEXXBoard 25 INSULATING FOAM BOARD,Learn More Here,,,image,ecommerce,31571,407,26,528.0
enriched_ad_4826,campaign_017,TAI Decking Sale,"TRAG Uber Event & TRAEGER Grill & Smoker BLOWOUT - Check it out! EA May 25, from 4-7 pm DAY OF DEALS.",,,,image,ecommerce,75827,1308,127,747.33
enriched_ad_4827,campaign_047,#1 Actor Recommended Performance TV,Experience top-notch acting with our highly acclaimed performer. Watch their latest demo now!,Watch Demo Now,facebook,,video,entertainment,36032,1053,205,175.11
enriched_ad_4828,campaign_034,Wine Pairing,ADDED! JARVIS ESTATE SALT CITY WINE & DINE Boar's Head SINCE 1905 VIP TICKETS + PAIRING RSVP >> *Must select VIP Pairing at Checkout*,*Select VIP Pairing at Checkout*,,,image,ecommerce,74202,882,73,980.69
enriched_ad_4829,campaign_001,2nd VIP Wine Pairing,ADDED! JARVIS ESTATE Boar&#39;s Head VIP TICKETS + PAIRING RSVP,,,,image,ecommerce,74310,1388,86,1215.63
enriched_ad_4830,campaign_033,Looking for Televisions?,PHILIPS LG SONY LED □ OLED QLED Compare Before You Buy Compare Now AMSUNG LCD,,,,image,ecommerce,32258,468,34,325.37
enriched_ad_4831,campaign_036,A NEW SPECIEST OF IWB HOLSTERS,,GET YOURS NOW,,,image,ecommerce,38571,424,43,428.36
enriched_ad_4832,campaign_006,North Bay Business Journal ECONOMIC OUTLOOK,Building a Resilient Workforce June 1 @ SSU Ballroom GET TICKETS,,,,image,business,97424,1239,68,1184.24
enriched_ad_4833,campaign_018,A Program of SEBASTOPOL FOR THE CENTER ARTS · Arto at the Source June 3/4 + 10/11,,CLICK to Plan Your Tour,,,image,entertainment,47506,814,74,233.35
enriched_ad_4834,campaign_006,Introducing Dymension Series,"The Evolution of Extraordinary Speakers
D. DEFINITIVE TECHNOLOGY Learn More",,,,image,ecommerce,23571,388,36,320.04
enriched_ad_4835,campaign_034,"The Show June 9-11, 2023","Visit us at The Hilton Orange County Costa Mesa, CA for an unforgettable experience.",,,,image,entertainment,91895,2447,328,546.2
enriched_ad_4836,campaign_045,Introducing Dymension Series,"The Evolution of Extraordinary Speakers Learn More
DEFINITIVE TECHNOLOGY www.",,,,image,,70096,1168,102,1222.58
enriched_ad_4837,campaign_015,The LinnStrumentalists III,,Watch the video,,,video,entertainment,41731,1202,190,328.04
enriched_ad_4838,campaign_017,TOM BRADY'S LEGENDARY CAREER GREATEST,,Shop Now,,,image,entertainment,62040,1416,164,361.62
enriched_ad_4839,campaign_026,Today's Poll: Should Illegal Immigrants Receive Social Security?,Vote Now Right Wing,,,,image,ecommerce,96951,1138,115,1335.16
enriched_ad_4840,campaign_009,SparkNotes Sign Up for Plus!,"Get unlimited access to SparkNotes PLUS! Enjoy all the benefits of our premium service, including ad-free experience and exclusive features. Start your free trial today.",Start Your Free Trial,,,image,education,44756,924,121,365.04
enriched_ad_4841,campaign_017,Total Tone Up,Firm. Lifted. Volumized. Face and Body.,,,,image,ecommerce,47816,539,49,489.24
enriched_ad_4842,campaign_017,Truth Be Told With Tonya Mosley,,Listen Now APMStudios,,,image,entertainment,32512,749,79,217.39
enriched_ad_4843,campaign_034,IGUANA BIO-BLUD SAE 10W-40,"100% SYNTHETIC, 25% PLANT MOTO/UTVOLL OFF ROAD-ROAD-ATV-UTV NET 32 FLOZ(1-QUART)/946",,,,image,ecommerce,43633,861,61,493.47
enriched_ad_4844,campaign_001,KORN FERRY BE MORE THAN,There's no such thing as HIDDEN TALENT LEARN MORE,,,,image,,74601,1215,79,1021.25
enriched_ad_4845,campaign_031,DOLLAR SHAVE CLUB,"Join the Dan Le Batard Crew and compete in $5,000 CASH PRIZES. Face off with them on June 4th at draftkings.com/dollarshaveclub.",PLAY FREE,,,video,entertainment,95952,3105,330,553.64
enriched_ad_4846,campaign_030,"Discover Movies, Series & Fitness","Find movies series and fitness programs with just three simple steps! Click 'Start', activate your account, access content.","Click on ""Start"" to begin!",facebook,,image,entertainment,61433,1011,173,400.89
enriched_ad_4847,campaign_041,Save Big on Thousands of PC Steam Games,Shop Now Trustpilot All trademarks are the property of their respective owners.,SHOP NOW,,,image,ecommerce,34861,388,24,490.82
enriched_ad_4848,campaign_003,Reduce Inventory Surplus and Improve Cash Flow,"Join our webinar on Tuesday, May 23, 2023 at 11am EST to learn how you can reduce inventory surplus and improve cash flow.",,,,video,education,72730,1275,181,867.18
enriched_ad_4849,campaign_026,CROWDSTRIKE,2023 GLOBAL THREAT REPORT FALCON OVERWATCH CASE STUDY wy DESEN RETR S COPROD EDERE S HIB RETURN RUSSIAN CYBER OPERATIONS ARE SUPPORTING THE WAR IN UKRAINE LIMITED Prevail Over Cyber Adversaries >,,,,video,"ecommerce, saas, education, healthcare, finance, entertainment, travel, food, automotive, real_estate",58278,844,63,742.08
enriched_ad_4850,campaign_027,Senior Internet Now Only $10/Month,,,,,image,ecommerce,79737,1575,157,1011.89
enriched_ad_4851,campaign_044,Stion Cal - Revolutionary Savings Accounts Offering Up to 9% APY for Seniors,,,,,image,finance,83215,978,31,2693.12
enriched_ad_4852,campaign_033,O Space-Comm Expo,The UK's largest exhibition focused on the commercial future of space.,Register for Free,,,image,ecommerce,63274,735,36,707.15
enriched_ad_4853,campaign_037,Jimmy Dean Sweet Maple Griddle Cake,Shop Now for Jimmy Dean sweet maple griddle cake available in sizes like Biscuit and Croissant. Perfect to add more MMM into your morning routine.,SHOP NOW,,,image,ecommerce,44613,577,40,652.12
enriched_ad_4854,campaign_032,SPORTSFEEDDAILY,by VISION INSIGHTS MUST-HAVE MORNING READ THE HOTTEST STORIES IN SPORTS BUSINESS TWO EDITIONS CURATED DAILY: MAIN EDITION & COLLEGE EDITION FREE TO SUBSCRIBE,,,,image,sports,31784,524,34,347.12
enriched_ad_4855,campaign_029,SPORTSFEEDDAILY - VISION INSIGHTS,MUST-HAVE MORNING READ THE HOTTEST STORIES IN SPORTS BUSINESS TWO EDITIONS CURATED DAILY: MAIN EDITION & COLLEGE EDITION FREE TO SUBSCRIBE,,,,image,ecommerce,31284,651,42,367.25
enriched_ad_4856,campaign_025,SPORTSFEEDDAILY,"VISION INSIGHTS
MUST-HAVE MORNING READ
THE HOTTEST STORIES IN SPORTS BUSINESS
TWO EDITIONS CURATED DAILY: MAIN EDITION & COLLEGE EDITION
defree to subscribe",,,,image,ecommerce,58594,999,54,566.32
enriched_ad_4857,campaign_036,CAPITAL ONE SHOPPING,Discover exclusive promo codes with our Capital One shopping browser extension. Find free coupons and save money effortlessly.,Try it now!,facebook,,image,ecommerce,71103,1332,113,1148.66
enriched_ad_4858,campaign_040,Learn More Build Your Lot Prototype for Free + PARTICLE,,,,,image,,24219,486,23,265.92
enriched_ad_4859,campaign_033,Tap the Untapped Potential of Your Employees,PLURALSIGHT offers innovative solutions to help you unlock and enhance employee performance.,,,,image,education,81519,1322,141,698.81
enriched_ad_4860,campaign_041,ENTER TO WIN A SWEET SUMMER SKIN CARE BUNDLE FROM SILVER HONEY,Antal O zu MX Strength ANORITY Rapid Skin Relief Medicated Shampoo Silver Honey BFL 02 (2366) Artfungal & Artbacterial Quickly Skin Conditions SAA,,,,image,ecommerce,75717,1464,95,823.85
enriched_ad_4861,campaign_023,flyexclusive Fractional with no monthly management fee. Up to $100k flight credits included for limi,,EXPLORE FRACTIONAL OWNERSHIP,,,image,ecommerce,77604,942,82,833.63
enriched_ad_4862,campaign_008,Best of the Best Winner,"flyexclusive Robb Report BEST OF THE BEST WINNER Take control of your flying. Fly your way, with Jet Club.",,,,image,entertainment,89611,2048,313,542.69
enriched_ad_4863,campaign_032,LAST CHANCE! +90 MAX JUMPING,Jump Now With BEST-EVER Benefits!,,,,image,ecommerce,61441,876,67,1061.3
enriched_ad_4864,campaign_014,Start Learning How to Set Up Foundry for Smart Contract Testing on Hedera,"Learn how to set up and test smart contracts using the powerful tools provided by Hedera. Discover step-by-step instructions, best practices, and essential tips.",START LEARNING,,,image,education,56226,796,58,627.46
enriched_ad_4865,campaign_013,"Reach the Right Person, at the Right Time",No Cookies Required D/Cipher Learn More,,,,image,,31032,608,55,537.63
enriched_ad_4866,campaign_038,Expect Better®,Always Dreaming. Each Franchise Independently Owned & Operated. Sold - Better Homes Real Estate BHGRE.COM,,,,image,real_estate,23772,183,4,537.97
enriched_ad_4867,campaign_014,Try Spire.Doc for Free,Improve your workflow efficiency with the use of our powerful Word reporting library designed specifically for .NET. Experience seamless integration and enhanced productivity.,TRY FOR FREE,,,image,ecommerce,49511,596,37,636.85
enriched_ad_4868,campaign_008,Perica Adventure,"Discover the ultimate adventure with Perica. Your room, your view.",Start Planning Now,,,image,ecommerce,33465,648,55,412.82
enriched_ad_4869,campaign_048,Sportman's Guide - Your Trusted Outdoor Resource,,,,,image,ecommerce,22873,465,45,323.66
enriched_ad_4870,campaign_045,Guidance and Tools for Home Buyers,LEELOU offers comprehensive guidance and essential tools to help you navigate the complexities of buying your first home.,Learn More,,,image,ecommerce,21458,431,41,351.82
enriched_ad_4871,campaign_032,Guidance and Tools for Home Buyers,Discover essential guidance and resources tailored to help you navigate the complexities of buying your first or second home.,Learn More,,,image,ecommerce,58543,1015,62,968.07
enriched_ad_4872,campaign_020,Guidance and Tools for Home Buyers,Learn More LOLEELOU,,,,image,ecommerce,63813,826,39,706.69
enriched_ad_4873,campaign_008,Lexis+Ⓡ General Counsel Suite,The successful in-house counsel’s best-kept secret. LexisNexis offers comprehensive legal solutions.,FREE TRIAL,,,image,ecommerce,97452,1781,161,1584.7
enriched_ad_4874,campaign_005,OMNI Financial - Your Trusted Company to Insure Restaurants Since 1985,"Ensure the success of your restaurant with our comprehensive insurance solutions. With over three decades of experience, we are dedicated to protecting and growing your business.",Learn More,,,image,ecommerce,87932,1306,108,1545.25
enriched_ad_4875,campaign_009,When to Retire: A Guide for Investors With $500k+,,Learn More,,,image,finance,30229,334,14,534.48
enriched_ad_4876,campaign_043,Fly Exclusive - Lock in your hourly rates. No peak day premiums.,"Join Platinum Jet Club and BUILD MY CLUB with Robb Report's Best of the Year WINNER, N783JS",,,,image,entertainment,93394,2128,329,802.26
enriched_ad_4877,campaign_031,HERO WARS YOU HAVE ONLY TWO MOVES (THE LOST) IS ALIE TRY,,,,,image,entertainment,30210,507,50,256.68
enriched_ad_4878,campaign_050,"people",playground,Learn More,facebook,,video,ecommerce,36513,940,83,576.92
enriched_ad_4879,campaign_030,Organi Magnesium Spectrum 7,"Complete Full-Spectrum Daily Magnesium Supplement with Organi. Trusted by thousands of users and backed by over 14,000+ reviews.",BUY NOW,,,image,ecommerce,92614,1401,94,917.02
enriched_ad_4880,campaign_030,NaviLink Lite - Wi-Fi Remote Control System,"Easily Communicate to any Navien tankless water heater, combi-boiler, or boiler with your smartphone •10.10 Learn More! NAVIEN",Learn More!,,,image,ecommerce,38053,449,38,576.57
enriched_ad_4881,campaign_010,PROVEN 30-YEAR BOILERS,FASTER INSTALLS AND QUIET SAVINGS THAT MAKE EVERYONE SMILE! ACCELCS RESOLUTERT SYSTEM 2000 ENERGY KINETICS JOIN OUR TEAM AS A DEALER,,,,image,ecommerce,25342,291,19,337.9
enriched_ad_4882,campaign_008,"The Right Supplies, Right On Time",Get HVAC supplies fast this season! LG,,,,image,ecommerce,34247,440,22,476.96
enriched_ad_4883,campaign_042,"Environmentally Friendly, Safe & Reliable",Check. B100 COMPLIANT Beckett LEARN MORE > Beckett,> Beakttt Learn More ,,,image,ecommerce,74077,1195,108,874.72
enriched_ad_4884,campaign_040,Significant Improvement in Sound,Discover the SI Series for Signature Quality. Our discrete in-wall solutions offer full range customization to enhance your theater listening experience.,Shop Now,facebook,,image,entertainment,85845,2144,412,462.43
enriched_ad_4885,campaign_019,Be The Centre Of Conversation,Temperate - Get your conversation started with our innovative platform. Discover the perfect temperature for every occasion.,,,,image,entertainment,20552,300,33,155.77
enriched_ad_4886,campaign_030,The Happiest Days,"Another Brick In The Wall Mother NO MORE BRICKS, IN THE WALL.",Learn More,,,image,entertainment,57121,1538,296,422.0
enriched_ad_4887,campaign_019,Find the Best On-Trend Layouts,"Houseplans.com offers on-trend layouts for your bedroom, bathroom and house.",,,,image,ecommerce,72966,1299,65,917.37
enriched_ad_4888,campaign_001,Instant Logo Maker,"Discover the ultimate tool for creating logos, gaming icons, sports team emblems and more. Whether you're looking to design animated or static logos inspired by YouTubers like COWOUTS/Cand More's Placeitbyderwato, our platform offers a seamless experience.",Create Now,facebook,,image,ecommerce,89465,946,61,917.37
enriched_ad_4889,campaign_050,Grand Fiesta Americana,"A truly grand experience in Los Cabos, featuring All-Inclusive golf and spa.",Book Now,,,image,ecommerce,64022,1059,68,966.71
enriched_ad_4890,campaign_036,Let’s Glow! Win A $2000 Credit At Lightology,,Enter Now,,,image,ecommerce,60809,817,65,682.74
enriched_ad_4891,campaign_023,H5 Games Ads,"Same great gameplay, but with brand new revenue streams.",,,,video,ecommerce,78095,2013,166,1131.31
enriched_ad_4892,campaign_014,FANATICAL V₁ RISING,"BUY NOW
All Images Are The Property Of Their Respective Owners.
All Rights Reserved. Age Restrictions Apply.
REND SEE SITE FOR FULLT&C'S.",Buy Now,,,image,entertainment,27403,720,122,141.91
enriched_ad_4893,campaign_010,ARKADIM JONGG LUM,ALL OF THE FUN. None Of The Ads.,LEARN MORE,,,image,entertainment,20558,517,60,164.03
enriched_ad_4894,campaign_032,Don't let your whiteboard app box you in.,,,,,image,education,47351,668,50,324.27
enriched_ad_4895,campaign_003,You’ll Love the Treatment,"Free Consultation Buy 1 Get 1 50% OFF on Custom Blinds, Shades and Drapery Book Now >",Book Now ,,,image,ecommerce,60960,861,84,890.22
enriched_ad_4896,campaign_008,Don't Just Advertise. Storewide Sales Event Through August,,Learn More,,,image,ecommerce,24520,298,20,263.63
enriched_ad_4897,campaign_026,Ready to Use Sound Effects,"Nature Sounds, Human Sounds, Game Sounds, Futuristic Sounds, Urban Sounds and more Industrial sounds. Envato Elements offers an extensive collection of sound effects for your projects.",Start Now,,,image,ecommerce,73602,1437,148,1193.62
enriched_ad_4898,campaign_034,There's Cash Back In Everything You Buy,"Discover the benefits of ibotta, where every purchase earns $2.75 in cash back.",Learn more,,,image,ecommerce,47522,989,54,613.52
enriched_ad_4899,campaign_040,There's Cash Back on Everything You Buy,Discover savings with ibotta's cashback offers for every purchase.,Shop Now,,,image,ecommerce,48244,641,64,804.17
enriched_ad_4900,campaign_043,LAVA ME 3 Acoustic-Electric Guitar,Reimagine your music with LAVA Music's innovative acoustic-electric guitar. Perfect for both beginners and seasoned musicians.,Shop Now,facebook,,image,ecommerce,97682,1308,76,1238.55
enriched_ad_4901,campaign_049,LAVA ME 3,All-In-One Creative Device LAVA MUSIC,SHOP NOW,,,image,entertainment,88331,2278,431,608.72
enriched_ad_4902,campaign_019,RIDGE Gripper Learn More,,Learn More,,,image,,51744,683,62,645.16
enriched_ad_4903,campaign_004,Live & Let Live with Montefiore,Experience the transformative power of transplants at Montefiore. Discover how patients like Adriana and Nicole have been changed by this life-saving procedure.,,,,image,healthcare,47850,841,52,716.89
enriched_ad_4904,campaign_049,B&WORLD REFON,U.S.News A Doctor For Every Step of Your Health Journey Find the doctor that is the right fit for you. Search Now,Search Now,,,image,healthcare,87627,1221,85,2092.1
enriched_ad_4905,campaign_046,Find a forest or Park Near You,Per Ad QuaS Council SREDIN Discover The Forest.org,,,,image,entertainment,46501,1143,183,305.06
enriched_ad_4906,campaign_044,Higher Quality Precision Parts,Discover the best precision parts for your needs with Crusader rotary die cutter. Ensure top-notch quality and reliability in every piece.,Shop Now,facebook,,image,ecommerce,99570,1561,112,1718.3
enriched_ad_4907,campaign_012,HERO WARS,,Try Now,,,image,entertainment,78423,2070,352,677.92
enriched_ad_4908,campaign_003,Quitting Drinking Doesn't Have To Be Hard,"Learn More About BioRebalance, the Ultimate Guide for Quitting Alcohol.",LEARN MORE,,,image,healthcare,59503,1043,74,1112.83
enriched_ad_4909,campaign_037,DEARONCES,,Shop Now >>,,,image,,22992,427,30,252.92
enriched_ad_4910,campaign_050,What is Pre-Probate?,Learn how to access over 3.5 million Pre-Probate properties nationwide.,,,,video,real_estate,39539,689,8,857.61
enriched_ad_4911,campaign_034,Best Of The Best Winner Robb Report,flyexclusive Up to $100k in flight credits with a share purchase of a brand new Citation CJ3+.,,,,image,entertainment,51613,763,97,318.58
enriched_ad_4912,campaign_049,Birthday Deal,"86% off hosting from SiteGround, starting at just $1.99/month.",,,,image,ecommerce,43272,480,36,714.62
enriched_ad_4913,campaign_047,T20WIN,Born for You. T20Win will Pursue your Dreams With You. This Game May Be Habit-Forming Or Financially Risky - Please play Responsibly.,,,,video,entertainment,31377,658,114,248.69
enriched_ad_4914,campaign_003,MoneyControl Pro Bula,In every market. Stay Ahead with PRO.,,,,image,ecommerce,82768,1289,126,1308.01
enriched_ad_4915,campaign_046,Shop Your Cat Dealership,"On your schedule, Shop parts online for cats.",Shop Now,,,image,ecommerce,32242,600,32,575.53
enriched_ad_4916,campaign_035,Publisher First - Full Ad Management,Level Up Your Ad Inventory with Insticator. Contact us for more details on our comprehensive ad management solutions and analytics.,Contact Us,,,image,ecommerce,57075,1062,83,688.58
enriched_ad_4917,campaign_035,VISUALIZE PERFECT Curb Appeal,Try Our Design Tool ProVia,,,,image,ecommerce,55028,1041,60,981.83
enriched_ad_4918,campaign_036,MINIMALIST MODERN LIVING,Discover luxury rental homes with exclusive management by Tarantino Properties. Experience the epitome of modern living in Rowon at www.rowon25th.com or call us today.,Visit Now!,,,image,real_estate,86771,1314,18,2167.1
enriched_ad_4919,campaign_047,Beli Perfect Payroll Every Time,,Learn More,,,image,ecommerce,55881,1069,87,787.56
enriched_ad_4920,campaign_005,Essential Accessories for Every Season,"Discover the ultimate collection of accessories that cater to every season. From stylish hats and scarves in winter, trendy sunglasses during summer months, fashionable gloves as autumn arrives - Fanatics has you covered.",SHOP NOW,,,image,ecommerce,54802,712,53,850.06
enriched_ad_4921,campaign_022,The Be Tintri,Tintri Analytics make the invisible visible.,,,,image,ecommerce,41181,763,42,457.32
enriched_ad_4922,campaign_004,Discover Mary Be,"Experience the ultimate comfort with our premium line of baby care products. Perfect for every stage, from newborn to toddler.",Shop Now,facebook,,image,ecommerce,57599,693,36,729.97
enriched_ad_4923,campaign_011,Need A Coupon?,,Get Now,,,image,ecommerce,95129,1228,73,1523.1
enriched_ad_4924,campaign_033,Discover More,,,,,image,ecommerce,64443,1139,91,1125.57
enriched_ad_4925,campaign_035,Start with PDFtab,,,,,image,ecommerce,53344,881,83,790.21
enriched_ad_4926,campaign_022,AMERICAN FRENDS MAGEN DAVID A,"Saving lives. It's in our blood.
Support Magen David Adom.",Donate Now,,,image,healthcare,37568,570,39,677.39
enriched_ad_4927,campaign_034,By Well+ Good,Sponsored by Our Partners How To Tweak Your Eczema-Care Routine Based on the Season Read More,,,,image,healthcare,56173,1005,40,812.46
enriched_ad_4928,campaign_004,ManageEngine Service Desk Plus,Free IT help desk software solution. Try it now!,,,,image,ecommerce,94599,1664,139,1393.4
enriched_ad_4929,campaign_032,Capitol One Coupon Codes Found!,Discover Capital One's exclusive deals with our shopping extension. Apply your favorite coupons instantly and save big on everything from travel to groceries.,Shop Now,facebook,,image,ecommerce,58566,723,46,927.97
enriched_ad_4930,campaign_006,DOWNLOAD APLIKASINYA,16:57 Tribunnews.com News Bisnis Super Skor Sport 87%,,,,video,"entertainment, news bisnis, sport",79634,1309,100,1337.2
enriched_ad_4931,campaign_025,Novos Episodios da Station 19 à 21h50,NOVOS EPISODIOS DA STATION 19 À TODA TERÇA AS 21H50 C A O VIVO SOMENTE NO SONY CHANNEL UOL PLAY,,,,video,entertainment,70051,2322,427,560.94
enriched_ad_4932,campaign_002,The Shirt Can Breathe,,,,,image,,47230,873,71,520.74
enriched_ad_4933,campaign_026,GIG Speeds Everywhere,Tomorrow's Internet Today. COX,Learn More,,,image,ecommerce,94735,1929,108,1594.67
enriched_ad_4934,campaign_033,Capitol One Coupon Codes,Discover Capital One's exclusive shopping deals with our handy extension. Apply your favorite coupons instantly and save big on every purchase.,Shop Now!,facebook,,image,ecommerce,90166,1653,113,952.64
enriched_ad_4935,campaign_043,Your Gift Fortifies,Fact-Checked News Donate KUOW Opr Network 969,,,,image,entertainment,82942,2203,205,592.46
enriched_ad_4936,campaign_013,Donate to Sustain Local Journalism,,Donate,,,image,education,25889,337,41,288.18
enriched_ad_4937,campaign_042,The Future of Touch,"Our traffic and leads have increased over 500%. Boonto™, the future of touch. Avanindra Utukuri, CTO of Baanto.",,,,image,ecommerce,25938,495,31,375.0
enriched_ad_4938,campaign_011,Earn Money by Sharing Opinions,Sign up for Mis Rewards and start earning!,SIGN UP NOW,,,image,ecommerce,36730,724,72,627.9
enriched_ad_4939,campaign_018,Place an Obituary,,Get Started,,,image,ecommerce,22926,357,28,336.57
enriched_ad_4940,campaign_032,CROWDSTRIKE NOWHERE TO HIDE,2022 Falcon OverWatch Threat Hunting Report Get the Report,,,,video,entertainment,33716,1181,122,231.89
enriched_ad_4941,campaign_047,LEELOU - Guidance and Tools for Home Buyers,"Discover the ultimate resources to help you navigate through buying your first or second home. Whether you're looking at condos, townhouses, single-family homes, apartments, co-ops, manufactured housing communities, new construction developments, fixer-uppers, foreclosures, short sales, vacant land ",Learn More,,,image,ecommerce,53751,1040,87,796.09
enriched_ad_4942,campaign_022,CREEDMOOR SPORTS,CHASING PRECISION TOGETHER - SINCE 1979! 800-273-3366 CREEDMOORSPORTS.COM,,,,image,sports,95012,1030,90,1354.27
enriched_ad_4943,campaign_008,STOP ADVERSARIES. STOP BREACHES.,CROWDSTRIKE Get the 2023 Global Threat Report > CASE VERWATCH FALCON OY RETURN LONGITED EFFORT HIGH KODIC OPERATIONS SUPPORTING THE WADKA,,,,video,ecommerce,34125,565,53,388.78
enriched_ad_4944,campaign_041,Singing Birthday Cards,It Sings Their Name! HAPPY BIRTHDAY TO YOU! Happy Birthday To You Have a fAB birthday The Birthdays Fab Birthday Card Send One Now,,,,image,ecommerce,36395,575,42,558.79
enriched_ad_4945,campaign_006,ANNTD ORIGINAL DOCUMENTARY VACCINE STORIES YOU WERE NEVER TOLD THE UNSEEN CRESTE GOT MY COVID-19 VAC,,WATCH NOW,,,video,entertainment,86533,2103,354,502.82
enriched_ad_4946,campaign_029,Chic Linen Fashion,,Shop Now,,,image,ecommerce,33253,603,50,392.35
enriched_ad_4947,campaign_045,MDR Buyer's Guide,"Get the MDR Buyer's Guide to extend your security team with experts, managed detection and response services.",,,,image,ecommerce,46790,909,87,576.08
enriched_ad_4948,campaign_007,CrowdStrike Survival Guide,A comprehensive guide for small businesses on identifying cybersecurity threats and how to mitigate them.,Download Now,facebook,,image,ecommerce,47170,875,65,798.22
enriched_ad_4949,campaign_029,"Complete Your Bachelors, Masters, and Certificates",Online - Top-Ranked University - Apply for Free at D University College of the UNIVERSITY OF DENVER.,APPLY FOR FREE →,,,image,education,45816,908,78,349.36
enriched_ad_4950,campaign_047,Up to 90% Off,,,,,image,ecommerce,77659,1152,64,859.24
enriched_ad_4951,campaign_029,Tickets as Low as $39,"TAPE FACE Funniest Show at Ein Las Vegas. Nightly shows, Harrah's LAS VEGAS.",Buy Tickets,,,image,entertainment,37302,1041,132,204.24
enriched_ad_4952,campaign_010,It's A Party Every Night!,"Experience the unforgettable journey of Menopause The Musical at Harrahs, Las Vegas. Don't miss out on this spectacular show that promises to be an exhilarating night for everyone.",Buy Tickets,facebook,,image,entertainment,22706,520,85,165.8
enriched_ad_4953,campaign_020,JACKPOT CHANNING TATUM Presents MAGIC MIKE LIVE Get Tickets Sahara New 5PM Shows Added From $55,,Get TICKETS,,,image,entertainment,47049,1104,132,252.29
enriched_ad_4954,campaign_012,ALL SEVEN HARRY POTTER BOOKS IN SEVENTY HILARIOUS MINUTES!,WILDLY INVENTIVE! Houston Press POTTED POTTER CASTS THE PERFECT SPELL The New York Times TICKETS FROM $59 BUY TICKETS,,,,image,entertainment,46741,1171,165,328.05
enriched_ad_4955,campaign_008,Airlines for America,"To U.S. Airlines - 800,000 people working for you.",,,,image,ecommerce,93561,1697,164,992.0
enriched_ad_4956,campaign_006,Xi charts course for China-Central Asia Cooperation,Chinese President Xi Jinping on Friday charted the course for China-Central Asia cooperation in the new era at a milestone summit with leaders of five Central Asian countries.,,,,image,ecommerce,99260,1548,126,1112.45
enriched_ad_4957,campaign_023,"BlackPlanet","The Original is back. Download Now! Download on the App Store GET IT ON Google Play",Learn More,facebook,,video,ecommerce,29892,512,27,458.5
enriched_ad_4958,campaign_042,Developers Live,"Join us virtually on May 23, 2023. Register for free A Adobe",,,,image,education,79402,1349,204,601.82
enriched_ad_4959,campaign_039,PCBWay Christmas Big Sales,Free Christmas Coupons Special discount for HDI/Flex PCB orders,,,,image,ecommerce,75105,1248,62,870.46
enriched_ad_4960,campaign_017,QualitEst,Get Healthcare quality engineering solutions can bet your life on. Let's talk,,,,image,healthcare,21544,212,9,438.9
enriched_ad_4961,campaign_039,Epic Play - Play Games,,,,,video,entertainment,96292,3125,583,856.96
enriched_ad_4962,campaign_050,AIM Aviation Maintenance Training,"Our comprehensive aviation maintenance training program ensures that you are well-prepared to excel in the field. With expert instructors and state-of-the-art facilities, we offer hands-on experience with real aircraft.",Enroll Now,facebook,,image,education,64287,1100,162,568.1
enriched_ad_4963,campaign_004,Compliant Ready Multiple,Attribute Methodology Workflow Read Technical Note SCIEX The Power of Precision,,,,image,ecommerce,31589,489,40,405.94
enriched_ad_4964,campaign_026,When to Retire,A Guide for Investors With $500k+ Learn More,,,,image,finance,59285,631,31,1349.0
enriched_ad_4965,campaign_027,Which Office Is Right For You?,Get the best prices on Microsoft Office.,,,,image,ecommerce,89664,1466,114,1261.85
enriched_ad_4966,campaign_023,QualitEst™ - Al-Powered Engineering-Driven Software QA Services,Consult Our Engineers for top-notch software quality assurance.,Learn More & Consult Now!,facebook,,image,ecommerce,97551,1171,91,1067.15
enriched_ad_4967,campaign_004,THE PEAK,"Since 1987, NEMACOLIN has been your go-to destination for premium quality products. Discover the best deals and unparalleled service.",BOOK NOW,,,image,ecommerce,57119,1195,62,902.17
enriched_ad_4968,campaign_039,Looking for Digital Marketing Service,Contact Us & Save on Packages.,,,,image,ecommerce,83004,1123,68,1422.57
enriched_ad_4969,campaign_035,Unlimited Background Music,"Corporate
Cinematic
Ambient
Hip-Hop
Electronica
And more
envatoelements
Start now",,,,image,ecommerce,65852,1282,80,796.34
enriched_ad_4970,campaign_025,Premium Wireless,Shop Now MintMobile Add restrictions apply TempSe & to correct New activation Red. Minimum 2 months Parches Semintable.com,SHOP NOW,,,image,ecommerce,84166,1327,108,1170.77
enriched_ad_4971,campaign_045,SONIC FRONTIERS,"Discover the ultimate gaming experience with SONIC Frontiers, an online game that takes you to new heights. Immerse yourself in thrilling adventures and challenge your skills like never before.",Play Now!,facebook,,image,entertainment,60143,1671,211,295.22
enriched_ad_4972,campaign_012,City Edition Los Temphis Milwaukes Angeles NBA Store A Fanatics Experience,,Shop Now,,,image,ecommerce,69268,774,45,908.39
enriched_ad_4973,campaign_044,Managed Dedicated Hosting,"✔Linux or Windows Available
✔ 100% Network & Power
Uptime Guarantees
24/7/365 Support
From $99 Liquid W™ 25 Liquid Web™",SHOP NOW,,,image,ecommerce,44720,519,30,566.68
enriched_ad_4974,campaign_030,Summer NO SUMMER MEMBERSHIPS AVAILABLE! ENROLLMENT FEES,ST. LOUIS JEWISH COMMUNITY CENTER CREVE COEUR I CHESTERFIELD JOIN NOW OR get a 6-month standard membership with no commitment and no enrollment fees!,JOIN NOW,,,image,ecommerce,41819,672,66,705.47
enriched_ad_4975,campaign_028,PROCEEDINGS PODCAST,JOIN US EACH WEEK for new and engaging interviews with Proceedings authors about issues facing the sea. Services.,,,,image,entertainment,36738,738,105,231.13
enriched_ad_4976,campaign_037,Add Some Flavor to Your Inbox,Sign up for our Deep Dish food newsletter. Discover the latest in gourmet cooking and exclusive recipes straight to your inbox.,Sign Up Now,facebook,,image,food,80732,1989,207,1168.18
enriched_ad_4977,campaign_036,LIDIA CELEBRATES - AMERICA FLAVORS THAT DEFINE US,,,,,video,entertainment,98988,2705,273,723.9
enriched_ad_4978,campaign_037,McGrath,"Evanston Subaruru When you do the math, you choose McGrath SUBARU 3.9% 2023 Subaru Outback Financing",,,,image,ecommerce,63630,710,68,972.98
enriched_ad_4979,campaign_010,EXCLUSION A New Comedy About What's True vs What Sells,A NEW COMEDY ABOUT WHAT'S TRUE VS. WHAT SELLS arena stage MAY 5-JUNE 25,,,,image,entertainment,29517,573,81,170.43
enriched_ad_4980,campaign_036,THE CITY,The first book to explore AUTHENTIC how our cities gentrify by becoming HOW THE ATTENTION ECONOMY BUILDS URBAN AMERICA DAVID A. BANKS social media influencers and why it works.,,,,image,education,64274,1079,149,457.85
enriched_ad_4981,campaign_026,Grow Your Money!,"4.50% Balances $250,000-$1,000,000 Maximum balance: $1,000,000 GOLD Money Market Account *Learn More INSTITUTION FOR SAVINGS BUILDING STRONGER COMMUNITIES TOGETHER SINCE 1820 Member FDIC",*Learn More,,,image,ecommerce,53745,867,76,745.96
enriched_ad_4982,campaign_017,Goodness,Celebrating all that's good.,,,,image,entertainment,90311,1827,355,648.32
enriched_ad_4983,campaign_017,COUPONS AVAILABLE,"Capital One offers shopping coupons. Follow these steps to get started:
1. Click ""See Codes""
2. Download Shopping Extension
3. Apply Coupon Codes! bestpromocodes.co",Click 'See Codes',,,image,ecommerce,44631,624,41,781.01
enriched_ad_4984,campaign_014,Essential Accessories for Every Occasion,"Discover the ultimate collection of essential accessories at NHLShop.com. Whether you're looking to elevate your everyday look or add some flair, we've got you covered with our exclusive range.",SHOP NOW,,,image,ecommerce,86151,1783,174,855.82
enriched_ad_4985,campaign_025,Take the Guesswork out of Citing Sources,"Grammarly takes care of citations, in seconds.",Download Grammarly,,,image,education,77409,1440,181,524.69
enriched_ad_4986,campaign_043,Stop Cloud Breaches,"Reimagine your security strategy with the latest insights on preventing and mitigating cloud threats. Join our experts at the upcoming Cloud Threat Summit, where you'll gain access to cutting-edge solutions designed specifically for protecting against breaches in today's digital landscape.",Register Now,facebook,,image,ecommerce,98609,1996,98,1621.39
enriched_ad_4987,campaign_047,UNLIMITED AUDIO FOR MUSIC VIDEOS,"FREE ITEMS - Music, Tracks, Logos & Idents. Phemerh Sound Effects.",START NOW,,,video,ecommerce,88596,1529,78,1117.91
enriched_ad_4988,campaign_004,Accelerate Secure Infra Deployments,"Use the broadest Authz policy library for Kubernetes, Terraform and CloudFormation.",LEARN MORE ,,,image,ecommerce,32948,543,33,383.93
enriched_ad_4989,campaign_044,Breaking Stories and More,"Discover the latest breaking stories, exclusive content you love plus tons of more! Stay updated with People News+, follow us on Apple News.",,,,image,entertainment,65019,1031,159,382.1
enriched_ad_4990,campaign_047,BEST OF Summer,"-SWEEPSTAKES
Visit SouthernLiving.com/
BestOfSummer to enter for a CHANCE TO WIN $2,000
to put toward your summer travels.
NO PURCHASE NECESSARY. Ends: 11:59 p.m. ET on 7/20/23. Subject to Official Rules available at www.SouthernLiving.com/BestofSummer. Void where prohibited.",,,,image,entertainment,31026,465,43,217.84
enriched_ad_4991,campaign_027,Find cheap gas near you with YP app!,"Discover affordable fuel options in your area. Right here at Yellow Pages, we make it easy to find the best deals on gasoline and other essentials.",Download Now,,,image,ecommerce,90847,1613,99,1554.42
enriched_ad_4992,campaign_010,Start Now,"Click start to create an account, access content and download. Free for the first five days.",,,,video,entertainment,85688,1608,252,698.45
enriched_ad_4993,campaign_032,Arthur,Arthur Shield: The First Firewall for LLMs,Learn More,,,image,,54024,584,34,867.18
enriched_ad_4994,campaign_030,Which Office Is Right For You?,Get the best prices on Microsoft Office.,,,,image,ecommerce,85078,1585,105,1519.72
enriched_ad_4995,campaign_009,Devil's Arrow That Seeks for Salvation,AERI PRE-CREATION CLOSERS COMPL,,,,image,entertainment,64875,1036,164,477.95
enriched_ad_4996,campaign_048,Discover Delicious Recipes!,"Follow these simple steps and enjoy an endless variety of delicious recipes at your fingertips! Just click 'Continue to Recipe', add the RecipeForMe Extension, then see all our Delicious Recipes in one place.","Click ""Continue to Recipe""",,,image,food,26198,570,40,386.08
enriched_ad_4997,campaign_006,Spring forward with expert resources from the AAP,Pediatrics in Review NICU Neal Care P2023 Coding Webinars Ralierit Clinical Practice Guidelines American Academy of Pediatrics DAN DEDICATED TO THE HEALTH OF ALL CHILDREN,,,,video,healthcare,85891,1873,87,2139.19
enriched_ad_4998,campaign_015,Your Ministry Amplified,Further your ministry with an online degree. Develop strategies for local + global outreach. Graduate prepared for licensing and ordination.,,,,image,education,28476,695,89,231.01
enriched_ad_4999,campaign_033,Search Anyone by Name,"Enter any name below to search for it instantly! Just type in the first and last names, click 'Search', then wait for results.",Click Search,,,image,ecommerce,71221,1455,143,801.88
enriched_ad_5000,campaign_030,DESCUBRE EL NUEVO CANAL DE RECETAS,,,,,image,entertainment,22182,492,85,157.46
