ad_id,campaign_id,headline_text,body_text,call_to_action,platform,placement,ad_format,category,impressions,clicks,conversions,spend
enriched_ad_2001,campaign_022,AUDIO Revolutionizing Through Accuracy,,,,,image,entertainment,35877,701,124,211.12
enriched_ad_2002,campaign_007,Shandon - HOTEL & SPA,,Take Me to Shandon,,,image,ecommerce,39361,627,64,386.81
enriched_ad_2003,campaign_038,Build Your Dream Residence,ricresidences.com offers luxurious homes with unique designs. Discover your perfect home at RLC Residences.,Explore Now,,,image,real_estate,83516,1056,21,1779.87
enriched_ad_2004,campaign_022,New Book,The Fast Five shortcuts to deliciousness by Donna Hay. Discover quick and easy recipes that will make you fall in love with cooking again.,PURCHASE NOW AND RECEIVE BONUS GIFTS!,,,image,"food, entertainment",80999,1298,86,1149.56
enriched_ad_2005,campaign_023,Honor Those Who Have Touched Your Life,,,,,image,"news, obituaries",47077,752,55,512.22
enriched_ad_2006,campaign_002,YOUR AD COULD BE HERE!,,CLICK HERE TO ADVERTISE WITH US,,,image,ecommerce,70978,773,42,756.62
enriched_ad_2007,campaign_010,Solve Homework Problems Step-by-Step with Chegg,"Discover how you can easily learn and master your homework using the step-by-step solutions provided by Chegg. Get access to expert tutors who guide through each problem, ensuring that you're not just memorizing answers but truly understanding them.",Learn More About Chegg Study,facebook,,image,education,71451,1740,245,658.55
enriched_ad_2008,campaign_023,Digo - The True Premium,"The True Premium is the leading Hispanic audience platform in North America, reaching up to 51 million U.S. Hispanics with brand-safe and culturally relevant content.",,,,image,ecommerce,67987,1328,81,935.6
enriched_ad_2009,campaign_049,Does Anyone Actually Remember Farkman?,"Check it out, it's from like 2002.",,,,image,entertainment,76094,1317,255,382.39
enriched_ad_2010,campaign_016,Solve Homework Problems Step-by-Step with Chegg,"Discover how you can learn and master homework solutions using the step-by-step guidance provided by our experts. With access to millions of textbooks, videos, practice problems, study notes, and more.",Use Chegg Study Now!,facebook,,image,education,20463,429,48,167.31
enriched_ad_2011,campaign_036,Sign Up TO THE FLICKS EMAIL,,Learn More,facebook,,image,ecommerce,46860,698,38,478.15
enriched_ad_2012,campaign_013,Fill Your Cart with Color,,Shop Now → ebay,,,image,ecommerce,23381,331,29,338.56
enriched_ad_2013,campaign_014,Searching for a New Job?,,,,,image,employment,37844,469,47,680.15
enriched_ad_2014,campaign_032,INTERACT WITH GQ,,JOIN NOW,,,image,entertainment,75958,1262,183,499.78
enriched_ad_2015,campaign_024,"Ultralight, Calibre Specific Modular Moderators",,CLICK HERE,,,image,ecommerce,26228,346,35,456.46
enriched_ad_2016,campaign_031,"Ultralight, Calibre Specific Modular Modulators",,CLICK HERE,,,image,ecommerce,81329,1577,101,1262.48
enriched_ad_2017,campaign_046,"dpt Ultralight, Calibre Specific",,CLICK,,,image,,33771,594,56,434.92
enriched_ad_2018,campaign_045,Pro-Ject AUDIO SYSTEMS,,,,,image,entertainment,80713,1793,216,651.38
enriched_ad_2019,campaign_026,What's Up Doc?,"If you're in need of medical care, check out our comprehensive guide to the best doctors across 70 specialties in the Houston area.",LEARN MORE,,,image,healthcare,32665,333,17,531.58
enriched_ad_2020,campaign_042,"The Best of Fashion, Wellbeing and Women",,Read More,,,image,ecommerce,47721,961,57,661.46
enriched_ad_2021,campaign_008,Essential News from Around the World,,,,,image,entertainment,96664,2295,338,861.61
enriched_ad_2022,campaign_015,THINK OUTSIDE THE PASTA BOX,"CLICK HERE FOR PAFTA RECIPES
Ĕ INSPIRED TASTE",,,,image,food,96805,1297,165,922.28
enriched_ad_2023,campaign_032,The World's Most Accurate Forecaster,According to 2021 Forecast Watch report Get the app https://www.forecastwatch.com/AccuracyOverview2017-2020,Get the app,,,video,ecommerce,69419,1086,73,721.88
enriched_ad_2024,campaign_041,Offering Maximum Guaranteed Income in Retirement?,Clients can protect their future with our guaranteed income plans.,,,,image,finance,87392,834,24,2437.4
enriched_ad_2025,campaign_035,DOLN OLMAN LAW GROUP - A Personal Injury and Civil Trial Firm,"NO RECOVERY NO FEE PROMISE Offices in Clearwater, St. Petersburg & New Port Richey Click to Schedule a Free Consultation",Click to Schedule,,,image,legal services,54179,1129,84,670.68
enriched_ad_2026,campaign_023,Head Over Heels Photo,"Specializes in Weddings, Family Photos, Senior Portraits and Videography.",,,,video,ecommerce,54710,972,85,972.79
enriched_ad_2027,campaign_039,New Vibe,WEB DESIGN Affordable Genius Difficult Projects Welcome. Superior References.,Learn More,,,image,ecommerce,42310,668,62,520.34
enriched_ad_2028,campaign_037,AWARD WINNING International Moving Services,Best U.S. News Rankings Best Customer Service Newsweek statista,,,,image,ecommerce,32737,599,59,576.97
enriched_ad_2029,campaign_029,Free Dealer Price Quote,Get the best deal on a new car! Get your price quote today!,Get Free Quote,,,image,automotive,60282,709,22,1176.22
enriched_ad_2030,campaign_001,KENKEN KenKen. for your Mobile,"FREE DOWNLOAD for iPhone, iPad and Android GET IT NOW PLAY Bon",,,,video,entertainment,24685,573,66,183.33
enriched_ad_2031,campaign_005,Unlock Your Blog's True Revenue Potential,Get Started with Monetization Strategies for Maximum Earnings. Discover how to unlock your blog’s true revenue potential and start earning today.,GET STARTED,,,image,ecommerce,96810,1249,80,1417.16
enriched_ad_2032,campaign_032,Making A Difference,"Get involved! Mattresses by BJC Direct, Refloor - The Last Plock Holl Ever Bed.",,,,image,ecommerce,69759,740,53,1119.85
enriched_ad_2033,campaign_017,HEIN THE GLENN ARMENTOR LAW CORPORATION,"LEGAL AUTHORITY, LA FAYETTE. TIMES BEST BASED ON PUBLE VOTE THROUGH The Times Of Acodiono.",,,,image,legal services,29136,542,31,335.9
enriched_ad_2034,campaign_026,DO IT IN THE BACKSEAT,DOWNLOAD THE APP AND START DOING IT NOW. Blake’s LOTABURGER GETON Google Play Downed ON THE App Store,,,,video,ecommerce,56688,815,63,714.86
enriched_ad_2035,campaign_044,Expert Care at CHristus St.Vincents Mayo Clinic,"Right Here, right in the comfort of your home. Experience top-notch healthcare with CHRISTUS.",,,,image,healthcare,81685,1091,78,1713.61
enriched_ad_2036,campaign_030,Expert Care | Right Here at Home,CHRISTUS. ST. VINCENT MAYO CLINIC CARE NETWORK Member,,,,image,healthcare,58052,899,38,1245.62
enriched_ad_2037,campaign_035,Discover KTOO and its offerings,"Explore the world of entertainment with KTOO. Whether you're interested in movies, TV shows or documentaries, we've got you covered.",Learn More >,facebook,,image,entertainment,90111,2206,275,664.88
enriched_ad_2038,campaign_017,Register Your Card Now,"LANDMARK Extras - Redeem points for free movies ($5 off), Concessions, Free large refills. LandmarkExtras.com/register",LandmarkExtras.com/register,,,image,entertainment,56601,835,122,328.31
enriched_ad_2039,campaign_026,Searching for a New Job?,,,,,image,,23055,458,35,238.66
enriched_ad_2040,campaign_024,Weather Forecast Before You Hit The Road,Get accurate and up-to-date weather information with our service. No need to worry about privacy as we don't track your data.,Sign Up Now!,facebook,,image,ecommerce,28525,407,36,344.04
enriched_ad_2041,campaign_044,Weather Forecast Tomorrow,"Get accurate and detailed weather predictions to plan your trip. No need for any apps or devices, just start with us.",Plan Your Trip Now,facebook,,image,travel,27505,455,38,453.56
enriched_ad_2042,campaign_021,Follow The Trail With National Geographic's Illustrated Maps,,Buy Here,,,image,entertainment,80598,1282,241,507.91
enriched_ad_2043,campaign_013,Whiskey Raiders,Your one-stop shop for whiskey reviews and coverage. SEE THE RAIDINGS,,,,image,entertainment,29993,759,122,157.44
enriched_ad_2044,campaign_002,Looking for More Qualified Candidates?,,Post Your Job Now,,,image,ecommerce,85887,930,86,1368.17
enriched_ad_2045,campaign_040,Mobile Insurance,(800) 458-4320 www.MobileAgency.com Commercial Real Estate Insurance Experts Kurt Kelley President,,,,image,ecommerce,68092,1062,106,687.06
enriched_ad_2046,campaign_020,KLYSTRON POWERFUL TELEVATION RADAR,News 13 Spectrum O,,,,image,entertainment,59400,1349,207,436.51
enriched_ad_2047,campaign_006,Watch Live News On The Go,News on the go from your team at Spectrum News 13. Visit the app for more.,Visit The App,facebook,,video,entertainment,43326,1237,231,318.3
enriched_ad_2048,campaign_026,Call Before You Dig!,,,,,image,,59115,702,34,582.71
enriched_ad_2049,campaign_044,Start & End Your Day with Newser Newsletters,"Join the 300,000 people who start and end their day with our daily news updates. Get all your important stories delivered straight to you.",Subscribe Now,facebook,,image,ecommerce,85118,975,83,1331.13
enriched_ad_2050,campaign_014,MASHOPS - Most Trusted Numismatic Marketplace,"Join the most trusted numismatic marketplace and start your journey in collecting rare coins, stamps, and other precious metals today.",JOIN NOW,,,image,ecommerce,33273,449,43,512.97
enriched_ad_2051,campaign_033,Scribble Hub,tre N Read Now,,,,image,,43358,805,80,678.76
enriched_ad_2052,campaign_045,GET THE PAPER ★ WEEKLY★ NEWSLETTER SIGN UP HERE,,Sign Up Here,,,image,entertainment,37475,532,85,264.24
enriched_ad_2053,campaign_028,Book Your Group!,"Viv!
Rent our theaters! Learn more",,,,image,entertainment,41478,1020,138,236.7
enriched_ad_2054,campaign_015,Give Me Those Puppy Dog Eyes,,,,,image,entertainment,78045,2006,257,403.92
enriched_ad_2055,campaign_014,Make Your Move with Trusted Brands in Media,"Discover the most trusted brands across various media platforms including newspapers, magazines and online publications.",,,,image,ecommerce,80645,1222,60,1129.29
enriched_ad_2056,campaign_007,WE'LL FIND THE DOORS FOR YOU,You decide which one to open. Media Job Board Find your next job MEDIA JOBBOARD.COM,,,,image,ecommerce,87811,1079,85,939.73
enriched_ad_2057,campaign_031,AUSTRALIAN PROP TALK WITH REDOM SYED AND CURTIS STEWART,,,,,image,ecommerce,36751,698,39,471.75
enriched_ad_2058,campaign_041,A Pizza Chain's Path to Growth,"Old-world Italian gets a modern, tech-forward twist at this exciting fast casual which is ready for major growth. Share:",,,,image,ecommerce,55941,961,65,786.96
enriched_ad_2059,campaign_018,RENTAL INSURANCE,Insure and protect your treasures. Get Quote Now Powered by SURE.,Get Quote Now,,,image,ecommerce,41077,785,68,610.17
enriched_ad_2060,campaign_001,TRANE It's Hard To Stop A Tran,"HIGHLY TRAINED EXPERTS IN CUSTOMER SATISFACTION WE STAND BEHIND EVERY TRANE. TOUT 4243 S. Main St., Salisbury, NC 704-633-8095 HEATING & AIR CONDITIONING, INC.",,,,image,ecommerce,74092,1209,83,871.18
enriched_ad_2061,campaign_047,"Tactical Works, Inc. - Precision Accessories",Calculated Effective Operative Activity Long Range Precision Accessories,,,,image,ecommerce,56125,986,86,672.64
enriched_ad_2062,campaign_005,Want Knowledge Delivered Daily?,Join our newsletter to receive science alerts every day.,JOIN OUR NEWSLETTER,,,image,education,52819,715,102,569.09
enriched_ad_2063,campaign_005,Particle V M,ScienceN Martian Wanderers mag bal Science Ne Beyo BR ScienceNews CELEBRATING enceNews SCIENCE JOURNALISM Dolly the hand more 1000000 enceNews YEARS OF E DIGITAL alto Evolution Physics Byte Never miss a discovery. Subscribe to Science News.,Subscribe to Science News,,,image,ecommerce,85231,1037,73,1007.15
enriched_ad_2064,campaign_047,The Rebound,RELIEVE. RESPOND. REVIVE WORKING TOWARD FINANCIAL RECOVERY TOGETHER.,LEARN MORE,,,image,finance,78011,640,24,2028.53
enriched_ad_2065,campaign_012,House Hunting Made Easy!,Go Search Silive for Real Estate Listings on Staten Island. Visit silive.com and get the latest updates from Staten Island Advance.,Search Now,facebook,,image,real_estate,84215,823,17,1429.98
enriched_ad_2066,campaign_012,Searching for a New Job?,,,,,image,,50305,906,54,678.93
enriched_ad_2067,campaign_001,MusicDirect - Access Music Accessories,Discover an extensive collection of music accessories. Shop now for $49 Free Shipping and enjoy our satisfaction guarantee.,Shop Now,,,image,ecommerce,95257,1120,105,1203.0
enriched_ad_2068,campaign_027,ATTRACT MORE BUSINESS,,,,,image,,92335,1934,98,1395.6
enriched_ad_2069,campaign_028,The Get The Star Headline Stories,Subscribe to our newsletter and receive the latest 'Star' headlines directly in your email inbox every morning for free.,FREE SUBSCRIPTION →,,,image,entertainment,51007,1039,195,382.04
enriched_ad_2070,campaign_030,Book University Open Days and Virtual Events,"Complete your journey with our comprehensive guide to attending all the important dates for universities. Discover how you can participate in open days, virtual events, workshops, lectures, interviews, campus tours, etc.",Get Your Guide Now!,,,image,education,76593,1845,281,883.55
enriched_ad_2071,campaign_005,Discover Free TV Channels,Love finding more free channels? O THE FREETV PROJECT offers you the chance to rescan your TV and get new channels using just an ordinary antenna. LEARN HOW HERE.,LEARN MORE,,,image,entertainment,75602,1191,194,470.72
enriched_ad_2072,campaign_029,Joyology,Lake Orion - Now Open Save on your first visit Shop Now,Shop Now,,,image,ecommerce,98973,1309,90,1394.26
enriched_ad_2073,campaign_042,Kennedy Hafen LLP,Attorneys at Law specializing in legal services for businesses and individuals.,,,,image,legal_services,95132,1060,103,1673.98
enriched_ad_2074,campaign_008,Bridge House Grace House THRIFT STORES,"You Shop, Someone gets A Second Chance at Life! NEW ORLEANS 4243 Earhart Blvd METAIRIE 7901 Airline Drive www.bridgehouse.org",,,,image,ecommerce,24547,360,19,344.96
enriched_ad_2075,campaign_016,Times Observer - Your Trusted News for Warren County,,Subscribe Today,,,image,news and media,55120,816,72,718.52
enriched_ad_2076,campaign_028,Discover Our Newsletters,"Never miss a video, article, tip, or technique. See newslets.",,,,video,ecommerce,31351,676,46,456.74
enriched_ad_2077,campaign_038,Take Pride in Where You Travel,PROVINCETOWN EXPLORE NOW PTOWNTOURISM.COM,,,,image,travel,58168,680,34,1040.04
enriched_ad_2078,campaign_035,Share Your Voice in the Fan Lab!,Members can be eligible to win vinyl and merch. Join Now,,,,image,entertainment,81711,2175,272,565.39
enriched_ad_2079,campaign_006,LACROSSE CHAMPIONSHIP,"HOW-CAFE HT MAKE YOUR MEMORIAL DAY WEEKEND PLANS! MAY 26 & 28-CARY, NC-WAKEMED SOCCER PARK GET TICKETS",,,,image,entertainment,74189,1836,211,585.6
enriched_ad_2080,campaign_047,Upstyle Create Looks You Love,,,,,image,ecommerce,56964,821,71,611.26
enriched_ad_2081,campaign_043,SUCCESS STARTS HERE,The Naval Institute's independent forum is where professionals figure it out before it matters.,JOIN NOW,,,image,education,35741,481,39,355.87
enriched_ad_2082,campaign_007,"Vermont","Public Watch Live TV",Learn More,facebook,,video,ecommerce,82118,1908,162,1197.96
enriched_ad_2083,campaign_044,"visor","DOWN YouTube",Learn More,facebook,,image,ecommerce,92522,1482,126,1323.83
enriched_ad_2084,campaign_049,"DOWN",YouTube,Learn More,facebook,,image,ecommerce,27813,521,26,320.78
enriched_ad_2085,campaign_048,WNCT9 on Your Side,,,,,image,,34915,532,52,555.25
enriched_ad_2086,campaign_014,Weather Channel - More,"The Weather Channel offers more than just weather updates. Discover our new feature, 'Radar to Love', with an innovative future radar that provides forecasts up to 24 hours ahead.",Get the app now!,,,image,entertainment,91933,2198,276,496.12
enriched_ad_2087,campaign_042,Guardian Foundation Repair,Rest easy knowing your biggest investment is on a solid foundation.,,,,image,real_estate,63490,745,16,1094.84
enriched_ad_2088,campaign_013,Sal Slick Deals,Get the extension. Best Buy Coupons for Walmart and Costco at over 3000 stores.,,,,image,ecommerce,28407,377,34,492.47
enriched_ad_2089,campaign_009,Get SlickDeals for Free,,Click Here to Get Coupon?,,,image,ecommerce,94771,1714,99,1308.81
enriched_ad_2090,campaign_024,Sal Slick Deals,Score Big Savings Get coupons at your favorite stores GET the extension Walmart BEST BUY Macy's Adidas,,,,image,ecommerce,62356,984,59,1043.52
enriched_ad_2091,campaign_048,Sal Slick Deals Coupons Available,,Continue →,,,image,ecommerce,50089,693,33,718.53
enriched_ad_2092,campaign_042,COUPONS AVAILABLE,,,,,image,ecommerce,50890,695,69,693.64
enriched_ad_2093,campaign_041,COUPONS AVAILABLE,Applied Automatically At Checkout CONTINUE sal slickdeals I I I,,,,image,,51872,982,66,523.47
enriched_ad_2094,campaign_012,The Last Resort,Greetings from Midland Sat Oct 15 TOUR Greek Theatre,,,,image,entertainment,66826,945,132,373.74
enriched_ad_2095,campaign_047,COUPONS AVAILABLE,Applied Automatically At Checkout CONTINUE → sal slickdeals,,,,image,ecommerce,90770,1172,83,1585.03
enriched_ad_2096,campaign_019,The AVALANCHES LIVE!,September 22 at Greek Theatre,,,,image,entertainment,94821,2583,380,793.64
enriched_ad_2097,campaign_026,Sal Slick Deals,"Get coupons for over 3000 stores including Costco, Walmart and Target.",GET THE EXTENSION,,,image,ecommerce,57592,674,35,695.08
enriched_ad_2098,campaign_027,Fred Again,Oct 16 Terminal 5 New York City Terminal 5,,,,image,,96214,1817,153,1083.4
enriched_ad_2099,campaign_013,MIDLAND - The Last Resort,"Greetings from an OPEAL GEN Mikki Lane Chane Choth & the Cants Tour Sat. Oct. 15 Greek Theatre Los Angeles, CA",,,,image,entertainment,65181,1475,239,375.97
enriched_ad_2100,campaign_003,COUPONS AVAILABLE,,CONTINUE → sal slickdeals,,,image,ecommerce,88047,1763,146,1034.24
enriched_ad_2101,campaign_008,Fred Again,"Oct 16 Terminal 5 New York City
Terminal 5",,,,image,,83140,1204,89,1471.65
enriched_ad_2102,campaign_044,Get the Best Deals at Costco,"Discover coupons and exclusive discounts for over 3,000 stores. Shop smarter with our curated deals.",GET THE EXTENSION NOW!,facebook,,image,ecommerce,22602,447,25,383.24
enriched_ad_2103,campaign_032,Sal Slick Deals - Need A Coupon?,,Start Saving Now,,,image,ecommerce,70285,1165,73,1000.57
enriched_ad_2104,campaign_005,Get the Extension,,Shop Now,,,image,ecommerce,65135,1031,62,1066.36
enriched_ad_2105,campaign_010,The AVALANCHES LIVE!,September 22 at Greek Theatre,,,,image,entertainment,52115,1451,194,286.21
enriched_ad_2106,campaign_012,Integrate SOFTSWISS Sportsbook,Get a sweet offer on GAME AGGREGATOR,,,,image,ecommerce,20169,247,12,285.71
enriched_ad_2107,campaign_001,Fred Again,Oct 16 Terminal 5 New York City Terminal 5,,,,image,,91008,1786,141,900.36
enriched_ad_2108,campaign_035,Sal Slick Deals,Score Big Savings Get coupons at your favorite stores GET the extension BEST BUY ★ Macy’s O Walmart Adidas,,,,image,ecommerce,66907,1380,123,752.42
enriched_ad_2109,campaign_025,Xero Makes Tax Digital Ready,Agreed that Xero made Making Tax Digital (MTD) easy. *Based on a survey run by Xero in the UK in August 2021 of 375 Xero subscribers.* Try Xero for free.,Try Xero for free,,,image,ecommerce,53993,742,71,892.78
enriched_ad_2110,campaign_027,Get the Extension,,Click Here for Coupons!,,,image,ecommerce,48849,1006,85,579.48
enriched_ad_2111,campaign_046,Get the Special Discount!,,Buy Now,,,image,ecommerce,39134,549,38,573.15
enriched_ad_2112,campaign_012,sondermind,How Therapy Works. How are you feeling? Understand your emotions and what they could mean.,,,,image,healthcare,26357,332,15,555.81
enriched_ad_2113,campaign_046,Do This Every Evening & Fungus Will Be Gone In A Week,,,,,video,healthcare,43701,878,58,1106.44
enriched_ad_2114,campaign_010,Insurance for Visitors to the US,VisitorPLANS.com offers insurance that travels with you. Get your quote at www.visitorplans.com or call us at 1-855-5-VISITOR/ and/or 1-510-353-1180.,Get Quote,,,image,ecommerce,89010,1569,85,1307.08
enriched_ad_2115,campaign_006,Sal Slick Deals,Coupons for 3000+ stores. Get the extension.,,,,image,ecommerce,96059,1422,130,1431.44
enriched_ad_2116,campaign_018,Sal Slick Deals,Score Big Savings Get coupons at your favorite stores GET THE EXTENSION Walmart BEST BUY adidas O ★ macy's,,,,image,ecommerce,26711,502,32,349.28
enriched_ad_2117,campaign_027,"LSE","THE LONDON SCHOOL OF ECONOMICS AND POLITICAL SCIENCE Designed,",Learn More,facebook,,image,ecommerce,43185,726,56,606.48
enriched_ad_2118,campaign_008,Your Forever Begins Here,"Resort at Balboa Bay, Elegant Newport Beach Wedding along California’s dazzling coastline.",,,,image,ecommerce,68699,1411,75,1233.26
enriched_ad_2119,campaign_013,Sal Slick Deals,Score Big Savings Get Coupons at Your Favorite Stores GET THE EXTENSION BEST BUY ★ Macy's Walmart Adidas,,,,image,ecommerce,37944,732,76,507.94
enriched_ad_2120,campaign_013,Master's in Wealth Management,"Columbia University offers an exceptional Master's program focused on wealth management, preparing students for successful careers.",,,,image,education,78444,1852,147,825.9
enriched_ad_2121,campaign_020,BITDEFENDER TUTORIAL MEETUP,Bitdefender. Total Security May Get You A Special Discount!,Buy Now,,,image,ecommerce,80205,987,100,1123.15
enriched_ad_2122,campaign_040,MAKING TAX DIGITAL FOR VAT EASY,88% agreed that Xero made Making Tax Digital for VAT easy. Try Xero for free.,Try Xero for free,,,image,ecommerce,84988,1199,78,1492.24
enriched_ad_2123,campaign_019,Get the Extension,,Shop Now,,,image,ecommerce,60520,897,58,1034.91
enriched_ad_2124,campaign_041,Banana Republic,A Voyage of Wonder,Shop Now,,,image,ecommerce,38338,620,41,435.67
enriched_ad_2125,campaign_031,Get the Special Discount!,Secure your device with Bitdefender. Total security for all devices.,BUY NOW,,,image,ecommerce,50269,976,75,685.28
enriched_ad_2126,campaign_023,85% of SREs Want to Standardize Observability Platform,by 2025.,,,,image,ecommerce,56111,595,41,941.8
enriched_ad_2127,campaign_021,Pacific - Organic Gluten-Free Chicken Broth,"Experience the rich and wholesome taste of Pacific's organic, gluten-free broth made from free-range chicken. Perfect for those who prefer healthy eating options.",Shop now,,,image,ecommerce,97878,1402,118,1712.02
enriched_ad_2128,campaign_018,COLDPLAY MUSIC OF THE Spheres A World Tour With Special Guest H.E.R.,A WORLD TOUR WITH SPECIAL GUEST H.E.R. TICKETS ON SALE NOW AT COLDPLAY.COM Ⓡ LIVE NATION,,,,video,entertainment,81919,2294,321,416.35
enriched_ad_2129,campaign_039,Repost,Reach fans everywhere. Try Repost by SoundCloud.,,,,image,entertainment,43691,818,104,247.74
enriched_ad_2130,campaign_035,Your Forever Begins at Balboa Bay,Discover the elegance of an unforgettable wedding experience along California’s dazzling coastline. Say 'I Do' with us.,Book Your Wedding Today!,facebook,,image,ecommerce,32208,609,32,393.12
enriched_ad_2131,campaign_044,"Fred again..","Oct 16 Terminal 5 New York City Terminal 5",Learn More,facebook,,image,ecommerce,35549,475,28,549.24
enriched_ad_2132,campaign_046,Let's Build Something That Changes The World,AWS is looking to hire software developers at Amazon. Aman Equal Opportunity Employer.,,,,image,"ecommerce, saas",80808,1416,139,876.05
enriched_ad_2133,campaign_028,Banana Republic Factory,280+ New Arrivals from $24.99 SHOP NOW,Shop Now,,,image,ecommerce,64287,788,75,809.41
enriched_ad_2134,campaign_005,GET THE SPECIAL DISCOUNT! BUY NOW,,BUY NOW,,,image,ecommerce,57138,1150,113,611.37
enriched_ad_2135,campaign_044,The AVALANCHES LIVE!,September 22 at Greek Theatre,,,,image,entertainment,85142,2104,279,544.36
enriched_ad_2136,campaign_028,Insurance for Visitors to the US,Get Quote VisitorPLANS.com 1-855-5-VISITOR/ Insurance that travels with you 1-510-353-1180 www.visitorplans.com Info@visitorplans.com,,,,image,ecommerce,54495,811,63,757.55
enriched_ad_2137,campaign_014,Conny Now Open,Buy tickets for Conny at ticketmaster Harrah's Las Vegas.,Shop Now,facebook,,image,entertainment,54204,1106,127,479.69
enriched_ad_2138,campaign_042,MUSIC of the SPHERES A WORLD TOUR WITH SPECIAL GUEST H.E.R.,COLDPLAY.COM LIVE NATION THE NEW ALBUM MUSIC of the SPHERES OUT NOW TICKETS ON SALE NOW,TICKETS ON SALE NOW COLDPLAY.COM,,,video,entertainment,93964,3054,581,693.97
enriched_ad_2139,campaign_048,Banana Republic A Voyage of Wonder,,Shop Now,,,image,ecommerce,63291,836,49,1031.58
enriched_ad_2140,campaign_036,Spring 2022 - Leader with 4X More Reviews,"Discover the power of dynatrace, as evidenced by its impressive collection of reviews. Experience unparalleled performance and reliability.",See why Dynatrace is leading now!,,,image,ecommerce,75692,1536,140,978.41
enriched_ad_2141,campaign_027,Peacock - Office Girls Season 5,"The peacock Original, the office GIRLS season 5 EVA. Premier League with over 60K+ hours of hit shows including LIVE SPORTS & MORE.",SIGN UP NOW,,,image,entertainment,51229,1370,200,306.46
enriched_ad_2142,campaign_042,The New From Theaters,,Sign Up Now,,,video,entertainment,83104,1555,239,447.38
enriched_ad_2143,campaign_050,Total Security,Secure your device with Bitdefender. Get total security for just $489!,Buy Now,,,image,ecommerce,94391,1431,118,969.61
enriched_ad_2144,campaign_021,BANANA REPUBLIC A VOYAGE OF WONDER,,Shop Now,,,image,entertainment,22046,574,106,112.04
enriched_ad_2145,campaign_003,Special Discount on Bitdefender!,,Buy Now,,,image,ecommerce,49006,601,47,733.12
enriched_ad_2146,campaign_014,New Hit Movies Every Week,"Stream Firestarter, Die Hard and Fear & Loathing in Las Vegas now. Peacock is bringing you new hit movies every week.",STREAM NOW,facebook,,video,entertainment,42010,1183,197,308.34
enriched_ad_2147,campaign_046,Banana Republic A Voyage of Wonder,,Shop Now,,,image,ecommerce,35755,700,58,458.27
enriched_ad_2148,campaign_025,Fred Again,"Oct 16 Terminal 5 New York City
Terminal 5",,,,image,,63482,822,79,899.4
enriched_ad_2149,campaign_025,Lead the Digital Defense,"Earn Your M.S. in Cyber Security
Operations and Leadership 100% Online
Learn More",,,,image,education,98975,1797,269,1093.51
enriched_ad_2150,campaign_006,Fiverr Short Video Ads,Experience long-lasting success with our short video advertisements. Create engaging content that resonates and drives results.,Get Started Now!,facebook,,video,ecommerce,68131,1353,65,711.49
enriched_ad_2151,campaign_023,Your Forever Begins Here,Balboa Bay RESORT - Elegant Newport Beach Wedding Along California's Dazzling Coastline $4 Say I Do,,,,image,ecommerce,68528,886,86,924.4
enriched_ad_2152,campaign_047,"Trade In, Trade Up with Motorola",Learn More about trading your old devices for new ones at Pay as Low As $1.,Shop Now,facebook,,image,ecommerce,48038,576,41,773.87
enriched_ad_2153,campaign_034,LEAD THE DIGITAL DEFENSE,Earn Your M.S. in Cyber Security Operations and Leadership 100% Online University San Diego LEARN MORE,,,,image,education,57408,1165,104,578.51
enriched_ad_2154,campaign_005,Your Forever Begins Here,"Resort at Balboa Bay, Elegant Newport Beach. Wedding along the dazzling coastline of California.",,,,image,ecommerce,48802,729,58,500.5
enriched_ad_2155,campaign_033,COLDPLAY MUSIC OF THE Spheres WORLD TOUR,MUSIC of the SPHERES World Tour WITH SPECIAL GUEST HE.R. TICKETS ON SALE NOW COLDPLAY.COM LIVE NATION,,,,video,entertainment,96863,2690,490,640.52
enriched_ad_2156,campaign_038,Cloud Storage at 1/5th the Price?,"That's HOT
€
Learn More",Shop Now,,,image,ecommerce,91700,1165,80,1393.69
enriched_ad_2157,campaign_046,LUB Peacock ORIGINAL,Saved by the Bell Season Kenan Season 2 peacock BINGE-WORTHY SERIES For only $4.99/mo SIGN UP NOW Content shows require paid upgrade.,SIGN UP NOW,,,image,entertainment,54337,815,107,359.85
enriched_ad_2158,campaign_044,Save $800 on Select Adjustable Mattress Sets,up to MON AAAA AA STEARNS & FOSTER LEARN MORE *Select adjustable mattress sets only. Lesser savings may apply.,Learn More,,,image,ecommerce,94973,1368,89,1196.52
enriched_ad_2159,campaign_016,JEL - Changing the World Requires Hard Choices,"Which Tequila You Drink Shouldn't Be One Of Them. ESPolotequila, 40% All/Vol. (30 PROOF). ©2012 Campari America, New York, NYRESE TO THE CALL BRINE RESPONSIBLY.",,,,image,ecommerce,80184,1607,126,1123.41
enriched_ad_2160,campaign_031,"aws","Build. Host. Create. Get started for free > @O (₂ Ogo",Learn More,facebook,,image,ecommerce,33393,649,42,516.74
enriched_ad_2161,campaign_001,Fiverr App Development,Are you looking to develop an app? We're ready and waiting. Find the perfect freelance developer on Fiverr.,Shop Now,facebook,,image,ecommerce,40765,460,32,616.53
enriched_ad_2162,campaign_033,Bastille - Give Me The Future Tour 2022,The Factory May 31 with Sarah Jaffe,,,,image,entertainment,88147,1595,310,531.94
enriched_ad_2163,campaign_016,Let's Build Something That Changes The World,"AWS is now looking for talented individuals to join their team as Software Developers. As an Aman Equal Opportunity employer, we are committed to creating opportunities and fostering innovation.",Now Hiring at AWS,,,image,ecommerce,48445,833,45,735.41
enriched_ad_2164,campaign_047,Exclusivo Online Panvel SAIBA Mais,,,,,image,ecommerce,63299,1321,122,927.39
enriched_ad_2165,campaign_047,All Dressed Up,SHOP NOW > CUL FREE STYLE HELP IN STORES & ONLINE,> SHOP NOW,,,image,ecommerce,20289,290,20,304.75
enriched_ad_2166,campaign_001,SAVE BIG AT Costco,"Get the best deals on groceries, electronics, and more. Shop whole-sale items in bulk to save money.",SIGN UP NOW AND SAVE MORE!,facebook,,image,ecommerce,31686,423,20,402.32
enriched_ad_2167,campaign_021,AWS Data Warehousing - Get Started for Free,,Get started,,,image,ecommerce,39539,600,42,649.89
enriched_ad_2168,campaign_005,Get Ready for Bon Voyage,"Until May 27th, you can purchase mileage points. Get an impressive offer of up to 85% bonus miles on your purchases.",Buy Miles Now!,,,image,ecommerce,55929,642,37,737.71
enriched_ad_2169,campaign_029,PowerBroker - Quarterly Deals,"Get industry recognition for your top deals. Submissions will be accepted until July 8, 2022.",SUBMIT Q2 DEALS,,,image,ecommerce,23555,424,35,297.95
enriched_ad_2170,campaign_030,"Trade In, Trade Up with Motorola",Learn More about trading in and upgrading to the latest technology. Pay as little as $1 for trade-in deals.,Shop Now,facebook,,image,ecommerce,67257,1377,94,1162.51
enriched_ad_2171,campaign_044,Banana Republic - International,,Shop Now,,,image,ecommerce,47522,757,57,512.52
enriched_ad_2172,campaign_025,Bastille With Sarah May 31,Give Me The Future Tour 2022 Vaffe The Factory,,,,image,entertainment,33297,913,83,253.83
enriched_ad_2173,campaign_048,Now Hiring Tech Professionals,Discover opportunities for tech professionals and learn about CARFAX services.,Learn More,,,image,ecommerce,96074,1647,120,958.97
enriched_ad_2174,campaign_044,UP TEMPUR-PEDIC ON SELECT ADJUSTABLE MATTRESS SETS,*Select adjustable mattress sets only. Lesser savings may apply.,SHOP NOW,,,image,ecommerce,25992,428,42,463.32
enriched_ad_2175,campaign_039,Grand Residences Rivera Cancun,Discover the ultimate getaway at Grandresidencias.com.mx. Experience spring in paradise with stunning views and luxurious accommodations.,Book Now,,,image,travel,94540,1646,138,1613.01
enriched_ad_2176,campaign_042,Memorial Day AARP Limited Time Offer,$9 When you sign up for a 5-year term JOIN NOW PER YEAR,JOIN NOW,,,image,ecommerce,47784,795,47,474.94
enriched_ad_2177,campaign_004,Now Hiring Tech Professionals,Tech Professionals and more! CARFAX Learn More CAR FOX,,,,image,ecommerce,79264,1026,98,1186.45
enriched_ad_2178,campaign_014,Discovery + Original,Love in the Jungle. Discovery+. Start Free Trial Terms Apply.,,,,image,entertainment,48408,1322,227,325.43
enriched_ad_2179,campaign_029,slickdeals Score Big,Savings GET THE EXTENSION adidas ★ macy's BEST BUY Walmart,,,,image,ecommerce,51087,880,61,644.5
enriched_ad_2180,campaign_030,The Last Resort,Midland's premier destination for experiencing the rich culture and history of Greece through its stunning Theatre.,,,,image,entertainment,93281,2046,395,465.52
enriched_ad_2181,campaign_014,Monetize on YouTube,,TRY REPOST BY SOUNDCLOUDBY SOUNDCLOUD,facebook,,image,entertainment,62219,1356,147,368.61
enriched_ad_2182,campaign_043,Get Live TV Now with Disney+ and ESPN+ on Hulu,"Hulu offers live television including DISNEY, ESPN, now expanded to include DISNEY+ AND ESPN+. Restrictions apply. Enjoy your favorite shows directly through hulu + LIVE TV.",Enjoy Your Favorite Shows!,facebook,,image,entertainment,28757,424,60,171.8
enriched_ad_2183,campaign_002,exclusivo online SAIBA MAIS dermage Neutrogen purified skin PanVel BEN VOCE. VOCE BEM alanan wwwa BO,,,,,image,,89591,1749,107,875.22
enriched_ad_2184,campaign_046,Grand Residences,Spring in Paradise - Book Now!,Book Now,,,image,travel,98296,1343,101,1842.22
enriched_ad_2185,campaign_021,Lead the Digital Defense,University of San Diego A LEAD THE DIGITAL DEFENSE Earn Your M.S. in Cyber Security Operations and Leadership 100% Online Learn More,,,,image,education,81652,1956,222,668.4
enriched_ad_2186,campaign_019,REDEEMING LOVE NEW FROM THEATRES & STREAMING ONLY ON peacock SIGN UP NOW,Content shown may require paid upgrade.,SIGN UP NOW,peacock,,video,entertainment,99908,2354,316,698.33
enriched_ad_2187,campaign_036,Executive Global Master's in Management,Designed to equip you with advanced management skills for global leadership roles.,,,,image,education,34005,586,69,308.52
enriched_ad_2188,campaign_044,Rise With No Regrets,"Refresh Your Nights Seize The Day Ⓒ2022 Idorsia Pharmaceuticals, Ltd. US-IDS-00401 03/22",,,,image,healthcare,25551,401,23,494.97
enriched_ad_2189,campaign_025,Rise With No Regrets,"Refresh Your Nights Seize The Night & Day ©2022 Idorsia Pharmaceuticals, Ltd. US-105-00401 03/22",,,,image,ecommerce,86961,1430,138,1015.95
enriched_ad_2190,campaign_036,Carfax Now Hiring Tech Professionals and More!,,Learn More,,,image,ecommerce,88833,1578,112,860.04
enriched_ad_2191,campaign_012,Audible ORIGINAL - Miranda,"NYOM Audible featuring VIOLA DAVIS, FINDING ME REMINDERS OF HIM COLLEEN HOOVER Beach-ready. Binge-worthy.",Start your free 30-day trial,,,image,entertainment,53001,813,103,354.84
enriched_ad_2192,campaign_003,Dynatrace More Satisfied Customers Than Splunk,,,,,image,ecommerce,83683,1299,107,1271.88
enriched_ad_2193,campaign_013,A Voice You'll Love,Discover unique voices on fiverr that will captivate your audience.,Shop Now,fiverr,,image,ecommerce,82176,983,86,817.49
enriched_ad_2194,campaign_019,Welcome to YoVido,"Experience the thrill of FIRESTARTER, DIE HARD in LAS VEGAS with peacock. Enjoy NEW HIT MOVIES every week and STREAM NOW.",Stream Now,facebook,,video,entertainment,50367,1173,198,321.73
enriched_ad_2195,campaign_034,Banana Republic A Voyage of Wonder,,Shop Now,,,image,ecommerce,91586,1766,139,1066.67
enriched_ad_2196,campaign_046,COLDPLAY MUSIC OF THE Spheres #A WORLD TOUR WITH SPECIAL GUEST H.E.R. TICKETS ON SALE NOW,,TICKETS ON SALE NOW COLDPLAY.COM LIVE NATION The New Album OUT NOW ∞∞o,,,video,entertainment,43185,1075,130,355.65
enriched_ad_2197,campaign_019,Memorial Day,$9 AARP LIMITED TIME OFFER When you sign up for a 5 year term PER YEAR JOIN NOW,,,,image,ecommerce,95378,1179,60,1569.38
enriched_ad_2198,campaign_046,Fiverr App Development,"Are you looking to hire an app developer? Look no further! Fiverr has the perfect solution. With our platform, it's easy and quick to find top-notch freelancers who can help bring your ideas to life.",Shop Now,facebook,,image,ecommerce,80243,1422,101,855.64
enriched_ad_2199,campaign_023,SB ZOOM BLAZER,,Shop Nike.com,,,image,ecommerce,75119,1070,66,806.33
enriched_ad_2200,campaign_022,88% agreed that Xero made Making Tax Digital ready,Making Tax Digital for VAT easy* - Based on a survey run by Xero in the UK in August 2021 of 375 Xero subscribers.,Try Xero for free,,,image,ecommerce,63729,1167,72,849.79
enriched_ad_2201,campaign_017,Americans Are Talking,End high Rx prices now. Congress must listen.,,,,video,healthcare,78908,1083,75,1403.06
enriched_ad_2202,campaign_039,Americans Are Talking. Congress Must Listen.,AARP® AMERICANS ARE TALKING. CONGRESS MUST LISTEN. End high Rx prices now. The People's Hearing-5/18. WATCH HERE,,,,video,entertainment,47393,1352,243,382.58
enriched_ad_2203,campaign_007,Americans Are Talking. Congress Must Listen.,AARP End High Rx Prices Now The People’s Hearing - 05/18 Watch Here,,,,video,ecommerce,34795,582,36,351.74
enriched_ad_2204,campaign_040,Raise the Bar on Engineering,Now Hiring Software Developers at AWS Excellence Apply Now!,,,,image,ecommerce,96715,1741,93,990.29
enriched_ad_2205,campaign_017,Oral Rx treatment options available for COVID-19,Discover an option from Pfizer > ©2021 Pfizer Inc. All rights reserved. PP-CPI-USA-0058-03/v1.0) Dec 2021 Pfizer,,,,image,ecommerce,68586,1109,85,1233.18
enriched_ad_2206,campaign_037,Oral Rx treatment options are now available for COVID-19,"Discover an option from Pfizer > Pfizer
Ⓒ2021 Pfizer Inc. All rights reserved.
PP-CPI-USA-0058-021v1.0) Dec 2021",,,,image,healthcare,80972,1355,102,2178.28
enriched_ad_2207,campaign_030,Summer Fashion,"Bring on the heat with uplifting colors and relaxed, do-it-all styles. Shop Women > FREE STYLE HELP IN STORES & ONLINE.",Shop Women > FREE STYLE HELP IN STORES & ONLINE,,,image,ecommerce,34149,441,33,513.16
enriched_ad_2208,campaign_022,Peacock Original,Sodumbits CRIMINAL Hosted by Snoop Dogg Peacock Sign Up Now,Sign Up Now,,,image,entertainment,37497,894,105,323.67
enriched_ad_2209,campaign_011,Get Ready for Bon Voyage Until May 27,Buy Miles and Get Up to 85% Bonus Miles. Buy MileagePlus.,Buy miles,,,image,ecommerce,28906,544,47,490.0
enriched_ad_2210,campaign_010,Sal Slick Deals,"Coupons for 3000+ stores. Get the extension at Walmart, Best Buy, Costco and Wholesale.",,,,image,ecommerce,55386,885,59,745.87
enriched_ad_2211,campaign_030,Reform Kitchen Design,Kitchen design with room for personality. Learn more.,,,,image,ecommerce,91302,1026,78,1493.14
enriched_ad_2212,campaign_017,Marketplace,Build trust and value with content from Semrush.,,,,image,ecommerce,49141,815,65,638.34
enriched_ad_2213,campaign_050,"Travel Today, Your Way","Save up to 20%. Save an additional 5%, plus get 15% off dining. Book now.",Book Now,,,image,travel,28940,599,28,560.93
enriched_ad_2214,campaign_028,Millions of Stunning Visuals,at Low Price + FREE One-click Editing Tools,START NOW,,,image,ecommerce,81690,1558,103,1053.63
enriched_ad_2215,campaign_034,SPORTSBOOK WIN THE MARKET,,,,,image,ecommerce,35910,700,59,480.49
enriched_ad_2216,campaign_015,Comprehensive Leadership Programs,Programs for key transition points in your career.,,,,image,education,67053,1429,170,665.93
enriched_ad_2217,campaign_028,Stock that Fridge JOIN NOW,,JOIN NOW,,,image,ecommerce,36531,397,34,533.04
enriched_ad_2218,campaign_028,Millions of Stunning Visuals,at Low Prices + FREE One-click Editing Tools,START NOW,,,image,ecommerce,90110,1695,159,1274.24
enriched_ad_2219,campaign_008,United MileagePlus. Get Ready & Bon Voyage,"Until May 27, Buy Miles And Get Up To 85% Bonus Miles.",Buy Miles,,,image,travel,34017,481,35,411.13
enriched_ad_2220,campaign_044,2022 Q2 Deals,CoStar™ POWERBROKER™ QUARTERLY DEALS Get industry recognition for your top deals. Submissions will be accepted until July 8.,,,,image,ecommerce,98369,1217,69,1212.85
enriched_ad_2221,campaign_031,Is for Google,Move your data to Wasabi at a fraction of the cost with all the protection. Try Free wasabi hot cloud storage.,,,,image,ecommerce,85628,1531,140,1190.48
enriched_ad_2222,campaign_027,Banana Republic Factory Imagination Takes Flight New Arrivals,,Shop Now,,,image,ecommerce,34476,446,40,452.19
enriched_ad_2223,campaign_022,Exclusivo Online SAIBA Mais PanVel Bem Voz,,,,,image,ecommerce,99015,1160,65,1131.74
enriched_ad_2224,campaign_013,CEELO GREEN AS SOUL BROTHA #100 A TRIBUTE TO JAMES BROWN,,,,,image,entertainment,97388,2191,407,533.63
enriched_ad_2225,campaign_012,High-Performance Pistols Gen5,"From GLOCK™, GEN5 TECHNOLOGIES - LEARN MORE LOCK PERFECTION GEN15",LEARN MORE,,,image,ecommerce,46228,656,65,774.86
enriched_ad_2226,campaign_042,SRE Challenges with Silos and Tools,"68% of SREs say siloed teams & multiple tools make it hard to align on a single version of ""the truth"". Read the report.",,,,image,technology,51809,1025,73,922.59
enriched_ad_2227,campaign_004,LifeLock™ by Norton,It can be easy to steal your identity. Help protect yourself.,,,,image,ecommerce,37235,725,51,373.46
enriched_ad_2228,campaign_039,Watch Sneak,$$ SUPERMARKET STAKEOUT Season Premiere TONIGHT 10/9c FOOD,,,,video,ecommerce,86631,1562,136,1499.9
enriched_ad_2229,campaign_017,Welcome Britain,,,,,image,,69583,1048,89,863.42
enriched_ad_2230,campaign_011,Dynatrace - Leader in Performance Monitoring,"Experience the power of Dynatrace with its advanced monitoring capabilities. Enjoy real-time insights, proactive issue detection and comprehensive observability across your entire IT infrastructure.",Get Started Today!,facebook,,image,ecommerce,51249,1013,52,815.76
enriched_ad_2231,campaign_017,Master's in Wealth Management,,Learn More,,,image,education,98731,1618,218,891.18
enriched_ad_2232,campaign_001,Peacock Premier League STREAM Exclusive,,Sign Up Now,,,video,entertainment,99382,2700,505,802.35
enriched_ad_2233,campaign_044,Lead the Intel Digital Defense,"University of San Diego® Earn Your M.S. in Cybersecurity Operations and Leadership, 100% Online",LEARN MORE,,,image,education,58726,873,79,391.82
enriched_ad_2234,campaign_023,United for Business,You're building the business of your dreams. Now fly like it. Travel solutions and services tailored to your business.,,,,image,ecommerce,64257,1077,103,823.29
enriched_ad_2235,campaign_041,MEMORIAL DAY LIMITED TIME OFFER,AARP $9 when you sign up for a 5-year term. JOIN NOW PER YEAR.,JOIN NOW,,,image,ecommerce,92765,1310,113,966.55
enriched_ad_2236,campaign_034,Tech Series DevOps Platform Demo,"Discover the process of creating, testing and deploying machine learning applications with our Tech Series. Learn how to leverage tools like GitLab and Kubernetes for efficient development workflows.",Register Now,facebook,,video,ecommerce,56718,867,65,928.3
enriched_ad_2237,campaign_024,"Discover formidable Barú, minutes by yacht from Cartagena.",Book your stay at SOFITEL AIE. Live the French way,,,,image,ecommerce,85956,1147,90,897.82
enriched_ad_2238,campaign_037,SB Zoom BLAZER,,Shop Nike.com,,,image,ecommerce,37310,689,68,574.17
enriched_ad_2239,campaign_008,Virtual Programs Competing in the Age of AI,"Join Harvard Business School's Executive Education and gain insights into virtual programs competing in today's digital landscape. Virtual Begins on September 22, 2022.",Apply Now,,,image,education,91022,1173,130,683.66
enriched_ad_2240,campaign_034,Nike Air Force 1,,Shop Nike.com,,,image,ecommerce,27289,338,20,265.61
enriched_ad_2241,campaign_004,Nielsen Comprehensive,"A representative panel accurate and unbiased of over 100,000 people Get the facts",,,,image,ecommerce,43162,607,59,683.55
enriched_ad_2242,campaign_019,AROMA A PERFUME AS UNIQUE AS YOUR FINGERPRINT.,,#FOLLOWMYSCENT SHOP NOW,,,image,ecommerce,83628,879,75,1098.65
enriched_ad_2243,campaign_038,MEMORIAL DAY LIMITED TIME OFFER,AARP $9 PER YEAR JOIN NOW When you sign up for a 5-year term,JOIN NOW,,,image,ecommerce,44041,720,42,467.06
enriched_ad_2244,campaign_003,SHOOTTO THRILL CC Miri,20 GCH Aubaner PA 22 LR COFFER PLATED BOUND MOS 300 200 KREAC -200- SG₁ CLEAN-22 UNIVERS CCI MAKE EVERY ROUND A REVOLUTION LEARN MORE,LEARN MORE,,,image,entertainment,69678,985,97,456.08
enriched_ad_2245,campaign_040,85% of SREs Want to Standardize on Observability Platform,by 2025.,,,,image,technology,65574,1148,101,801.52
enriched_ad_2246,campaign_011,More than Money Nab,"Join us for over 160 years and across more than 120 locations. Discover opportunities in Agribusiness, Bankers.",,,,image,ecommerce,73887,1048,76,767.28
enriched_ad_2247,campaign_042,Unlimited Uploads,Enjoy seamless music sharing with unlimited uploads on SOUNDCLOUD. Experience the joy of creating and uploading without any restrictions.,Sign Up Now,facebook,,image,ecommerce,84689,895,71,972.55
enriched_ad_2248,campaign_002,Sportsbook Wins Market,,,,,image,ecommerce,52489,937,48,575.81
enriched_ad_2249,campaign_046,Driving Technology Forward,Innovation that delivers the cross-domain advantage.,Learn More,,,image,ecommerce,46275,940,73,501.25
enriched_ad_2250,campaign_019,Kids Air Force One,,Shop Nike.com,,,image,ecommerce,32051,376,35,470.9
enriched_ad_2251,campaign_012,MoMo NYABO WAAKA!,,Deposit 20k,,,image,ecommerce,35824,475,44,547.6
enriched_ad_2252,campaign_006,The Streaming Home of Paranormal Discovery + Start Free Trial,Terms apply.,,,,video,entertainment,21782,703,113,184.73
enriched_ad_2253,campaign_034,Hannover Messe 2022,"Get your promo code for a free ticket May 30 - June 2 Hall 11, booth C58 Register here Life Is On Schneider Electric",,,,image,ecommerce,91260,1278,65,1451.27
enriched_ad_2254,campaign_034,Marry Me Modern Family The Proposal peacock,"60K+ HOURS OF HIT SHOWS, NEW MOVIES & MORE Only $4.99/mo STREAM NOW Content shown may require paid upgrade.",Stream Now,,,video,entertainment,45968,1208,132,262.6
enriched_ad_2255,campaign_031,Trench Schottkys in CFP Packages,Low Qrr and well-balanced VF/IR tradeoff. CFFISA AUTHORIZED Digi-Key DISTRIBUTOR ELECTRONICS Schedule Shipments.,>>,,,image,electronics,45038,829,47,778.65
enriched_ad_2256,campaign_012,Rise With No Regrets,"Refresh Your Nights ©2022 Idorsia Pharmaceuticals, Ltd. US-IDS-00401 03/22 seite the night & day",,,,image,healthcare,73754,1409,59,1508.57
enriched_ad_2257,campaign_046,Insurance for Visitors to the US,Get Quote VisitorPLANS.com INSURANCE THAT TRAVELS WITH YOU www.visitorplans.com 1-855-5-VISITOR/ 1-510-353-1180 info@visitorplans.com,,,,image,ecommerce,44047,757,44,447.62
enriched_ad_2258,campaign_013,NEUBERGER BERMAN - An Electrifying Investment Option,NBCT | NB Carbon Transition & Infrastructure ETF - A Smarter Way to Tap into Tomorrow. EXPLORE OUR ETFs,,,,image,ecommerce,77496,1622,78,1249.74
enriched_ad_2259,campaign_047,TEMPUR-PEDIC TO SAVE YD $500 ON SELECT ADJUSTABLE MATTRESS SETS,*Select adjustable mattress sets only. Lesser savings may apply.,SHOP NOW,,,image,ecommerce,75194,1063,93,892.14
enriched_ad_2260,campaign_012,Just About Everything™,,Shop Now,,,image,ecommerce,96552,1615,89,1631.18
enriched_ad_2261,campaign_024,University of San Diego Kr - Drama,"-11/201 Speech Day, SECURE YOUR FUTURE
Earn Your M.S. in Cyber Security Engineering
In-Person or Online
LEARN MORE",,,,image,education,77545,1288,124,702.96
enriched_ad_2262,campaign_005,Tire Rack Fast Free Shipping on All Orders Over $50,General Tire GT Learn How to Get Up To A $100 Rebate Offer Valid: 5/1-5/31/22 | LEARN HOW >>,,,,image,ecommerce,92385,1685,154,912.59
enriched_ad_2263,campaign_027,Discovery + Original,Love in the Jungle Start Free Trial Terms Apply Discovery+ Original,,,,image,entertainment,73992,1615,169,388.27
enriched_ad_2264,campaign_033,Kids' Air MAX Motes,,Shop Nike.com MAD,,,image,ecommerce,70626,940,71,1010.22
enriched_ad_2265,campaign_034,Insurance for Visitors to the US,Get Quote VisitorPLANS.com 1-855-5-VISITOR/ Insurance that travels with you 1-510-353-1180 www.visitorplans.com info@visitorplans.com,,,,image,ecommerce,89675,1806,101,1508.51
enriched_ad_2266,campaign_001,Peacock Original/Girls5 Eva,,Sign Up Now,,,image,entertainment,38662,1007,131,265.03
enriched_ad_2267,campaign_044,Fresh Tomatoe's Rotten New Outfit,,,,,video,entertainment,51795,948,95,373.07
enriched_ad_2268,campaign_038,Banana Republic Factory,280+ New Arrivals from $24.99 SHOP NOW,Shop Now,,,image,ecommerce,46254,934,73,635.04
enriched_ad_2269,campaign_050,Become an Influential Leader,University of San Diego offers the only nationally ranked online Master’s degree program in Law Enforcement & Public Safety Leadership. This unique opportunity allows you to earn your M.S. while continuing with other commitments.,Enroll Now!,,,image,education,49131,837,82,489.59
enriched_ad_2270,campaign_005,M.S. in Human Capital Management,,,,,image,education,98442,1490,171,1107.83
enriched_ad_2271,campaign_016,Watch This Season's MLB Action,"With DIRECTV STREAM, enjoy the thrill of baseball season. Sign up now and save $30 over two months.",Sign Up Now,facebook,,video,entertainment,79223,2513,270,516.77
enriched_ad_2272,campaign_033,LEARN HOW YOUR COTTON IS OUR FOCUS,,,,,image,,78608,1284,63,791.26
enriched_ad_2273,campaign_023,Win Big with MoMo!,"Join the fun at Mutaro! Deposit just Kshs. 20,000 to start winning big on Cam & MTN.",Deposit Now,facebook,,image,ecommerce,61344,1095,109,976.87
enriched_ad_2274,campaign_045,Why Dynatrace is the Ultimate War Room,"Dynatrace provides comprehensive monitoring and observability solutions that help you stay ahead in today's fast-paced digital world. With real-time insights, proactive alerts, and advanced analytics, your team can make informed decisions quickly.",Learn More About Dynatrace Today!,facebook,,image,ecommerce,53351,905,83,779.94
enriched_ad_2275,campaign_018,Demonstration,6120 Columbia University School of Professional Studies NYC Ivy League School Learn More,,,,video,education,53892,1028,124,364.03
enriched_ad_2276,campaign_035,Marry Me,peacock STREAM NOW Content shown may require paid upgrade.,,,,video,entertainment,42653,1311,246,227.21
enriched_ad_2277,campaign_006,REDESIGNED WITH ALL OF US IN MIND,Stericup® E & Steritop® E sterile filters - evolved with an eco-conscience. Learn More Millipore SIGMA M M Millipore.,,,,image,ecommerce,95156,1479,111,1187.95
enriched_ad_2278,campaign_034,CHOOSING TO PAY THE RENT OR FIX THE CAR TO GET TO WORK LEAVES US WITH NO MONEY TO BUY MEALS.,"Daniel, California FEEDING AMERICA Hunger IS A STORY WE CAN END. End IT",,,,image,entertainment,83985,1903,225,625.57
enriched_ad_2279,campaign_046,A TRULY MUST-SEE SHOW!,"-DAILY NEWS
Debra Messing
BIRTHDAY
CANDLES ON BROADWAY THROUGH MAY 29 ONLY
ROUNDABOUT THEATRE COMPANY",BUY TICKETS,,,image,entertainment,35759,626,110,247.65
enriched_ad_2280,campaign_044,Tony Award® Nominee Best Play Steppenwolf's Production of The Minutes,"Steppenwolf's production of The Minutes n by Tracy Letts directed by Anna D. Shapiro, a play by Buy Tickets Critic's Pick",,,,video,entertainment,27442,757,79,178.53
enriched_ad_2281,campaign_001,Dynatrace More Satisfied Customers Than New Relic,,,,,image,ecommerce,44146,841,54,578.47
enriched_ad_2282,campaign_012,SPORT,"EN LIGNE JE M'INSCRIS JOUER COMPORTE DES RISQUES: ISOLEMENT, ENDETTEMENT... APPELEZ LE 09 74 75 13 13 (APPEL NON SURTAXE)",,,,image,entertainment,71438,1475,262,497.31
enriched_ad_2283,campaign_031,Cabela's Hornady Must-Haves,,Shop Now,,,image,ecommerce,97279,1798,133,1655.4
enriched_ad_2284,campaign_007,HISCOX - Business Insurance Experts,Business insurance tailored specifically to janitorial services. Get your customized quote today.,Get a Quote,,,image,ecommerce,29739,395,20,445.79
enriched_ad_2285,campaign_037,solarwinds Faster database analySISS,,Learn More,,,image,ecommerce,35831,509,28,349.63
enriched_ad_2286,campaign_046,Vampire Blood Hunt,"Dominate the Night • Play Free Now. Pss, Steam Mature 17+, M Content Rated ESRB",,,,video,entertainment,60613,1225,158,510.27
enriched_ad_2287,campaign_043,"Centre Aery For Sport, Fun & Everyone",,Learn More,,,image,entertainment,52421,1163,137,315.6
enriched_ad_2288,campaign_010,A Development Partnership That Stands The Test Of Time,PRINCETON Make Your Mark,,,,image,ecommerce,35469,640,58,503.89
enriched_ad_2289,campaign_002,Yellowstone All Seasons Streaming Exclusively,,Stream Now,,,video,entertainment,57463,1058,167,328.06
enriched_ad_2290,campaign_036,Ready to Go? MIRAND VIOLA DAVIS FINDING Mc,We're with you. audible oi Start your free trial.,,,,image,entertainment,37470,621,105,321.74
enriched_ad_2291,campaign_011,New Look at Your Financial Strategy,Discover how Edward Jones can help you find the right financial advisor to meet all of your needs.,,,,image,finance,47323,433,19,1340.96
enriched_ad_2292,campaign_049,MUN pre SuiVecti MMA StriVectin & lift peptight-T Dikey WHE StriVectin NEW FOR NECK Peptight 'T Tigh,,SHOP NOW,,,image,ecommerce,52231,780,75,588.26
enriched_ad_2293,campaign_005,"Trade In, Trade Up with Motorola",Learn More about our trade-in program. Pay as little as $1 for trading up.,Shop Now,facebook,,image,ecommerce,73200,1030,89,833.57
enriched_ad_2294,campaign_038,PROMO CODES AVAILABLE SEE CODES,,,,,image,ecommerce,52440,1004,93,552.95
enriched_ad_2295,campaign_024,CAPITALE SHOPPING COUPONS AVAILABLE,,,,,image,ecommerce,96138,1090,77,1050.94
enriched_ad_2296,campaign_027,Who Handled The Economy Better: Biden or Trump?,,,,,image,ecommerce,55109,1122,102,867.09
enriched_ad_2297,campaign_015,BERGDORF GOODMAN GIFTS LOR HIM Shop Now,,Shop Now,,,image,ecommerce,50338,687,57,681.27
enriched_ad_2298,campaign_020,From Academy Award Nominee Mamoru Hosoda,MAMORU HOSODA BELLE I MISS YOU #WholesBelie Belle IN THEATRES Jan 14,,,,image,entertainment,74408,1552,298,466.57
enriched_ad_2299,campaign_012,Win This House in Los Angeles,,Enter Now,,,image,real_estate,27474,364,8,809.34
enriched_ad_2300,campaign_037,From Mamoru Hosoda's 'Belle' - Theatrical Release January 14,,,,,video,entertainment,29920,1015,196,151.78
enriched_ad_2301,campaign_003,Shutterstock Flex,"Images, footage, and music all in one plan.",Learn More,,,image,ecommerce,55658,726,55,807.45
enriched_ad_2302,campaign_046,CAPITAL ONE SHOPPING COUPONS,Get exclusive coupon codes for Capital One shopping. Discover amazing deals and discounts with our browser extension.,Shop Now!,facebook,,image,ecommerce,67121,1383,101,662.0
enriched_ad_2303,campaign_024,CAPITALE SHOPPING COUPONS AVAILABLE,,,,,image,ecommerce,79490,1632,90,773.33
enriched_ad_2304,campaign_001,CAPITAL ONE SHOPPING COUPONS,,,,,image,ecommerce,71956,1027,103,1181.59
enriched_ad_2305,campaign_001,RUN WINDOWS ON MAC,"Parallels is the leading software that lets you run Microsoft Windows applications seamlessly alongside macOS. With Parallels Desktop for Mac, users can enjoy an authentic and smooth experience of running their favorite Windows programs on a sleek Apple device.",TRY NOW,,,image,ecommerce,75766,1135,88,846.45
enriched_ad_2306,campaign_043,Free Coupon,Discover exclusive Capital Shopping codes with our browser extension. Get instant discounts and save money effortlessly.,Download Now,facebook,,image,ecommerce,38006,756,65,561.14
enriched_ad_2307,campaign_002,CAPITAL ONE SHOPPING COUPONS AVAILABLE,Get exclusive coupon codes for Capital One Shopping. Enhance your shopping experience with our Coupon-Finding Rower Extension.,Shop Now,,,image,ecommerce,79400,1039,101,1373.01
enriched_ad_2308,campaign_008,COUPON CODES AVAILABLE,,Get Codes,,,image,ecommerce,66723,807,61,1074.72
enriched_ad_2309,campaign_031,Do Not Ignore These Early Warning Signs of Toxic and Dying Livers,Normal Liver N Toxic Liver Dying Liver Do Not Ignore These Early Warning Signs #2 Is Scary,,,,image,healthcare,85791,1240,54,1996.4
enriched_ad_2310,campaign_015,PROMO CODES AVAILABLE,,,,,image,ecommerce,50165,1005,81,566.27
enriched_ad_2311,campaign_018,Monumetric - Grow Your Site Revenue,"Discover how Monumetric can help you increase your site's revenue. With our advanced tools and analytics, you'll gain valuable insights to optimize performance.",Get Started,,,image,ecommerce,66874,1237,102,790.85
enriched_ad_2312,campaign_026,Toptoon - Family Care,"We are family, so who cares? Mom please...",,,,image,entertainment,68380,1627,274,568.49
enriched_ad_2313,campaign_046,America's Register Now!,,,,,image,,89193,1243,124,1057.55
enriched_ad_2314,campaign_043,Free Coupon,See Codes Capital Shopping The Coupon-Finding Browser Extension,,,,image,ecommerce,68849,1274,130,1236.5
enriched_ad_2315,campaign_017,CAPITAL SHOPPING COUPON CODES AVAILABLE GET CODES,The Coupon-Finding Browser Extension I I I I I,,,,image,ecommerce,96404,1093,55,1445.06
enriched_ad_2316,campaign_037,J. Me Black,,Shop Now,,,image,ecommerce,89153,1812,160,995.28
enriched_ad_2317,campaign_017,Get The Blueprint To Account-Based Marketing,Access Now,,,,image,ecommerce,45386,851,66,709.16
enriched_ad_2318,campaign_003,Meet The Ridge,"A slim, RFID-blocking wallet designed to streamline.",SHOP NOW,,,video,ecommerce,96040,1714,148,1562.17
enriched_ad_2319,campaign_016,Free Coupons for Capital One,Discover exclusive deals and discounts with our browser extension. Find codes effortlessly while shopping at Capital One.,Download Now,facebook,,image,ecommerce,27738,357,34,397.66
enriched_ad_2320,campaign_004,Put It To The Test,CECIL's Tractors & Truck Repair FREE DEMO > S,,,,video,ecommerce,91684,2367,148,1535.47
enriched_ad_2321,campaign_021,Get Started in Just Three Simple Steps,"Click 'Start', download the app, and get quick search tool. Click 'Start' to begin.",Download on our website!,facebook,,image,ecommerce,24355,399,29,298.41
enriched_ad_2322,campaign_008,Get Started in Just Three Simple Steps,"Discover the convenience of using just three easy steps to get started. Click 'Start', download on our website, and enjoy quick search tool.",Click 'Start',website,,image,ecommerce,57271,869,44,578.75
enriched_ad_2323,campaign_016,FROM ACADEMY AWARD® NOMINEE MAMORU HOSODA BELLE,,,,,image,entertainment,62855,1027,156,359.13
enriched_ad_2324,campaign_036,Grow Your Site Revenue,,,,,image,ecommerce,34733,548,44,334.75
enriched_ad_2325,campaign_047,2021 Promo - Capital One Shopping,Discover exclusive offers and discounts with our codes available now. Don't miss out on the best deals at your fingertips.,Shop Now!,facebook,,image,ecommerce,90082,1650,127,870.79
enriched_ad_2326,campaign_033,Awkwardest Moments Caught On Live TV,,,,,image,entertainment,27325,418,79,197.72
enriched_ad_2327,campaign_049,Home Comfort with Mitsubishi Electric,Make yourself comfortable at home. Get $74 off of your maintenance or service!,Learn More,,,image,ecommerce,92531,1703,92,1584.87
enriched_ad_2328,campaign_022,Try Parallels,Experience seamless integration of your favorite Microsoft Office applications with the latest version of macOS. Run Windows on Mac effortlessly using our powerful software.,TRY NOW,,,image,ecommerce,56084,1129,93,815.97
enriched_ad_2329,campaign_015,Today's Online Purchase,$10 CASH BACK CONTINUE → Smarty,,,,image,,46596,778,50,584.57
enriched_ad_2330,campaign_020,TOE Theme Park Pics,Theme Park Pics for Mature Audiences Only,,,,image,entertainment,39233,723,68,198.34
enriched_ad_2331,campaign_023,BERGDORF GOOD MAN,,Shop Now,,,image,ecommerce,54196,659,49,968.46
enriched_ad_2332,campaign_050,The Gift They Unwrap,,Shop Now,,,image,ecommerce,90418,1637,153,956.44
enriched_ad_2333,campaign_017,WIN THIS MIAMI DREAM HOUSE,,Enter Now,,,image,entertainment,59574,1043,124,503.87
enriched_ad_2334,campaign_019,Grow Your Site Revenue,,Get Started,,,image,ecommerce,88729,1555,155,980.67
enriched_ad_2335,campaign_036,Parallels,3040 Windows Runs on Mac Parallels Desktop 17 for Mac TRY NOW,,,,image,ecommerce,93952,1408,69,1687.76
enriched_ad_2336,campaign_011,Cecil's Tractors Trucks Repairs,,,,,video,automotive,91808,1916,44,1298.05
enriched_ad_2337,campaign_021,DEFEAT THE BOSS!,,,,,image,,91150,1189,91,1025.95
enriched_ad_2338,campaign_012,WEAR YOUR WONDERFUL,,SHOP NOW >,,,image,ecommerce,67699,1113,89,683.32
enriched_ad_2339,campaign_007,Today's Refinance Rate,"* APR 15
1.997%
1917
NO REGISTRATION, NO LOGIN REQUIRED
Calculate Payment
*Terms & conditions apply.
NMLS #1912050 (nmisconsumeraccess.org).
YR FIXED
TERM",,,,image,finance,37350,356,17,710.95
enriched_ad_2340,campaign_023,3 Easy Steps to Find What You Need,Click 'Continue' -> Download on our website! -> Get Quick Search Tool. Quick Search Tool is here for you.,Download now!,facebook,,image,ecommerce,35808,751,36,530.97
enriched_ad_2341,campaign_016,Cal Insane Snow Pics,,,,,image,,88871,1293,99,1556.81
enriched_ad_2342,campaign_033,COUPON CODES AVAILABLE,,GET CODES,,,image,ecommerce,73137,1345,92,865.28
enriched_ad_2343,campaign_012,Save Big on LEGFT,Discover the best deals and discounts at Banggood. Shop now for amazing savings!,Shop Now,facebook,,image,ecommerce,96137,1741,163,1092.74
enriched_ad_2344,campaign_047,Toptoon - Oh My... DON'T Do It Too Much Now. I'm Being Run Ragged.,,,,,image,entertainment,22532,530,69,146.47
enriched_ad_2345,campaign_019,"FROM MAMORU HOSODA (MIRAI, WOLF CHILDREN) BELLE",,,,,image,entertainment,48734,731,99,332.67
enriched_ad_2346,campaign_041,Trust Housesitting Services,"Our trusted housesitting services ensure your home is taken care of while you're gone. Next time you go away, he'll be looked after with the utmost respect and attention.",Join today,,,image,ecommerce,82121,1542,90,1075.76
enriched_ad_2347,campaign_007,JustFashion Now,,Shop Now,,,image,ecommerce,38261,680,69,641.66
enriched_ad_2348,campaign_024,Level Up with Chabba!,"Experience the ultimate power-up in your favorite game! Boost your character's attack, defense and speed to new heights. Whether you're at Level 25 or ready for an epic battle on Hero Wars, our exclusive Slug boosts will make you unstoppable.",Shop Now,facebook,,image,entertainment,20701,524,90,148.27
enriched_ad_2349,campaign_026,Toptoon + Family,We Are A Family So Who Cares? Mom Please...,,,,image,entertainment,34560,603,81,280.76
enriched_ad_2350,campaign_028,Get Quick Search Tool,"3 Easy Steps:
1) Click 'Start'
2) Download on our website!
3) Get Quick Search Tool
Quick Search Tool",,,,image,ecommerce,76801,1367,108,1277.12
enriched_ad_2351,campaign_033,Win This Multimillion-Dollar Miami Dream House,"Support Make-A-Wish and win this multimillion-dollar dream house in Miami. Yes, it's real! Don't miss out on your chance to make dreams come true.",Donate Now!,facebook,,image,ecommerce,28482,561,27,495.38
enriched_ad_2352,campaign_035,Monumetric - Grow Your Site Revenue,Discover how Monumetric can help you increase your site's revenue. Get started today!,Get Started,,,image,ecommerce,85067,1008,89,1413.13
enriched_ad_2353,campaign_039,Find Your Dream Job Today!,"Looking for full-time, part-time or retail jobs? Discover our wide range of sales positions and more. Visit us at Jobs2Careers to explore your career options.",Visit Us,,,image,employment services,36152,454,22,416.2
enriched_ad_2354,campaign_019,Teen ESRB SplitGate Play Free,,,,,video,entertainment,78060,2231,378,687.21
enriched_ad_2355,campaign_028,Harry Potter Bano,,Shop Now,,,image,entertainment,74995,1262,129,600.9
enriched_ad_2356,campaign_047,How To: Combat Prostate Issues,[Watch Now],,,,video,healthcare,71885,1363,59,1539.92
enriched_ad_2357,campaign_009,DO WHAT'S YOUR REAL ESTATE INVESTMENT STRATEGY?,REALTY MOGUL INCOME REIT (MOGULREIT I) RM ADVISER ON BEHALF OF,,,,image,real_estate,29057,261,3,521.28
enriched_ad_2358,campaign_034,FREE GUIDE | Mismanaging Retirement Withdrawals,"You've accumulated a large nest egg, making the wrong withdrawals could put your retirement at risk. If you have a $500,000 portfolio, you should read '13 Retirement Investment Blunders to Avoid.' FISHER INVESTMENTS* Learn More",,,,image,finance,56542,492,18,1342.82
enriched_ad_2359,campaign_022,Think Your Homegrown ERP Is Working?,Let's Find Out! Read Whitepaper,,,,image,ecommerce,76400,941,81,838.76
enriched_ad_2360,campaign_025,Join the Heart of Healthcare as a Pharmacist at CVS Health,As a Pharmacist at CVS Health. Sign-on bonus available in select markets.,> Apply now > ♥CVS Health,,,image,healthcare,65597,1142,55,968.61
enriched_ad_2361,campaign_005,Collaborate with Remote Teams,Speech to Text to Magic on Video Transcripts - trint. Get Started.,Get Started,,,video,ecommerce,61745,1408,105,1074.2
enriched_ad_2362,campaign_028,COUPON CODES AVAILABLE,,GET CODES,,,image,ecommerce,92848,1751,106,1322.14
enriched_ad_2363,campaign_038,Put a Subscription KiwiCo under the Tree,,Shop Now,,,image,ecommerce,31594,580,44,442.45
enriched_ad_2364,campaign_027,DEFEAT THE BOSS!,,,,,image,,31094,565,27,417.69
enriched_ad_2365,campaign_016,Trustworthy Housesitting Service,"Trusted by over 130,000 pet lovers globally. Join our community of trusted housesitters.",Join us > Trusted Housesitters,,,image,ecommerce,77495,1588,118,1320.95
enriched_ad_2366,campaign_001,"X","TURN OFF ALL ADS TURN OFF TOTAL Adblock",Learn More,facebook,,image,ecommerce,41959,710,51,613.09
enriched_ad_2367,campaign_046,Tesla AIN Superlithium: The Future of Lithium,Discover the next generation lithium technology that powers Tesla's innovative solutions.,Learn More,,,image,ecommerce,30933,607,57,426.57
enriched_ad_2368,campaign_016,"Better Flexibility, Better Pay",,Apply Now,,,image,ecommerce,51040,950,67,879.53
enriched_ad_2369,campaign_041,VValleyHealth,"Healthier, together. Offering Care Throughout Your Life FIND PRIMARY CARE",,,,image,healthcare,48980,647,37,1293.97
enriched_ad_2370,campaign_037,PROMO CODES AVAILABLE SEE CODES,,,,,image,ecommerce,33697,460,35,325.89
enriched_ad_2371,campaign_034,THE NOW Auction,"Sotheby's
Evening
Auction
NEW YORK
18 NOVEMBER
LEARN MORE
SOTHEBY'S, INC. LICENSE NO.1216058.
SOTHEBY'S, INC. 2021
Ⓒ2021 GEORGE CONDO/ARTISTS RIGHTS SOCIETY (ARS), NEWYORK, NY",Learn More,,,image,ecommerce,35086,719,56,570.17
enriched_ad_2372,campaign_048,COUPON CODES AVAILABLE,,GET CODES,,,image,ecommerce,79264,1012,68,1340.19
enriched_ad_2373,campaign_029,Early Warning Signs of Liver Disease,"If you are experiencing symptoms like jaundice, abdominal pain or unexplained weight loss, it is crucial to seek medical attention. Ignoring these early warning signs can lead to severe complications.",Learn More About Your Health Today!,,,image,healthcare,33300,553,36,542.03
enriched_ad_2374,campaign_008,Newchic,,,,,image,,32716,370,31,556.89
enriched_ad_2375,campaign_003,Shine,"""Alexa, clean the toilet please."" GET OFFER Sponsored | Shine",,,,image,ecommerce,84837,1544,94,1211.52
enriched_ad_2376,campaign_027,Rent a Home for Your Next Vacation,Explore Rentals,,,,image,real_estate,47019,626,14,1371.69
enriched_ad_2377,campaign_031,GET TRADE IN VALUE,(29 STEVEN SHOP NOW,,,,image,,43094,865,68,763.57
enriched_ad_2378,campaign_046,Join the SmoothGloNation,The only bundle you need to launch your aesthetic practice. Lumenis.,,,,image,ecommerce,29383,443,35,421.36
enriched_ad_2379,campaign_001,CHOOSE YOUR SIGN TO FIND OUT YOUR FATE,,,,,image,entertainment,26905,499,63,234.24
enriched_ad_2380,campaign_003,The World's Largest Christmas Light Maze,Experience the magic of millions of twinkling lights at Nationals Park. The World's Largest Christmas Light Maze is an enchanting holiday attraction that promises to dazzle visitors with its breathtaking display.,Buy Tickets Now!,facebook,,image,entertainment,82646,1853,310,632.92
enriched_ad_2381,campaign_035,Codes Available,"2021 Promo
Codes Available
See Codes
Capital One Shopping
The Coupon-Finding Browser Extension",,,,image,ecommerce,42319,657,57,591.98
enriched_ad_2382,campaign_005,America's Best Racing,,Get In The Action,,,image,entertainment,42254,903,158,216.22
enriched_ad_2383,campaign_039,Up To 68% Off,,,,,image,ecommerce,68933,1033,77,1136.51
enriched_ad_2384,campaign_024,Looking for a Side Gig? We Need Writers,,,,,image,ecommerce,93156,1409,133,1198.06
enriched_ad_2385,campaign_008,Trust Housesitting Services,"Our trusted housesitting services ensure your home is in safe hands. Next time you're going to travel, let us take care of it for you.",Join Today,,,image,ecommerce,30996,426,29,446.06
enriched_ad_2386,campaign_006,eBay Motors - Have A Project In The Works? Get Every Part And Accessory You Need,,Take a Look → FFG,,,image,automotive,85109,827,23,1908.71
enriched_ad_2387,campaign_049,2021 Promo - Capital One Shopping,Discover exclusive codes available for your shopping needs. Enhance your experience with our unique offers.,See Codes,,,image,ecommerce,58037,811,53,1038.6
enriched_ad_2388,campaign_003,Today's Refinance Rate,"APR | 15-YEAR FIXED TERM NO REGISTRATION, NO LOGIN NO SSN REQUIRED. J894 Calculate Payment *Terms & conditions apply.",,,,image,real_estate,60832,671,9,1601.59
enriched_ad_2389,campaign_019,WATCH SOCCER LIVE,Roku firetv LaLiga DEPORTES CHAMPIONS LEAGUE TUDN LIGUE 1 Uber Eats beIN SPORTS fubo™ START YOUR FREE TRIAL,,,,video,entertainment,60074,2108,379,354.72
enriched_ad_2390,campaign_038,ONEWHEEL INTRODUCING PINT X,"Higher performance, longer range, same fun size.",Shop Now,,,image,ecommerce,41080,789,52,725.51
enriched_ad_2391,campaign_028,Superlithium May Be Musk's Solution To The Battery Revolution,,Learn More,,,image,ecommerce,82593,1043,100,1306.01
enriched_ad_2392,campaign_038,Tesla Superlithium May Be Elon Musk's Solution to the Battery Revolution,Superlithium may be Tesla CEO Elon Musk's proposed answer to one of today's biggest challenges in battery technology.,,,,image,ecommerce,41579,484,34,575.78
enriched_ad_2393,campaign_049,COLLEGE FOOTBALL SATURDAY NIGHTS ARE MEANT TO BE FUN,+HHH+ SATURDAY NIGHT KATE SCOTT & MIKE GOLIC deliver a fresh play-by-play broadcast this fall. POWERED BY LEARFIELD.,,,,video,entertainment,24935,461,60,158.14
enriched_ad_2394,campaign_036,Save $2 on Nature Made Vitamins,Nature Made Letters or Multivitamins at Publix. Click Here for more details.,Click HERE to Shop Now!,,,image,ecommerce,69883,1384,97,736.25
enriched_ad_2395,campaign_018,RIDGE YOUR WALLET,,MAKE THE SWITCH,,,image,ecommerce,50074,731,74,830.79
enriched_ad_2396,campaign_029,I'm The Oldest Sister I Make The Rules Lilicl Th Jesus Is Essential Yesterday Today Forever,,,,,image,,98105,1473,85,997.33
enriched_ad_2397,campaign_034,"Tree Santor Match On! The Showstopper, Luchador!",,,,,image,entertainment,89238,2245,327,513.02
enriched_ad_2398,campaign_023,TESLA Superlithium - The Future of Lithium,Discover the next generation lithium batteries that promise to revolutionize energy storage and usage. Learn more about how Tesla's innovative approach is setting new standards in sustainability.,Learn More,,,image,ecommerce,87893,1785,162,1415.63
enriched_ad_2399,campaign_014,Choose Your Sign to Find Out Your Fate,,,,,image,entertainment,37508,972,90,327.45
enriched_ad_2400,campaign_038,Free Coupon,See Codes Capital One Shopping The Coupon-Finding,,,,image,ecommerce,91333,1640,161,970.28
enriched_ad_2401,campaign_008,BRILLIANT EARTH' Ethical Engagement Rings,,Shop Now,,,image,ecommerce,34109,703,63,361.58
enriched_ad_2402,campaign_010,35TH ANNIVERSARY CASTLE IN THE SKY FROM HAYAO MIYAZAKI AND STUDIO GHIBLI,"IN THEATERS NOV 14, 15 & 18 BUY TICKETS ZUS FATHOM SAGIOCHI KIDS",BUY TICKETS,,,image,entertainment,81764,1597,246,439.72
enriched_ad_2403,campaign_045,Newchic Fashion,,,,,image,fashion,51308,1065,93,890.88
enriched_ad_2404,campaign_004,35TH ANNIVERSARY STUDIO GHIBLI FEST 2021,"CASTLE IN THE SKY FROM ACADEMY AWARD-WINNING DIRECTOR HAYAO MIYAZAKI IN THEATERS NOVEMBER 14, 15 & 18 BUY TICKETS 'スタジオジブリ作品 STUDIO CH FATHOM EVENTS GKIDS",BUY TICKETS,,,image,entertainment,85941,1548,195,595.75
enriched_ad_2405,campaign_019,Put It To The Test,Free Demo > Verge CECIL'S Tractors & Truck Repair,,,,video,ecommerce,72602,1035,74,1002.58
enriched_ad_2406,campaign_046,Less Stress With JMS,Specialized Home Services Indoor & Outdoor Renovations JMS CONSTRUCTION Learn More,,,,image,ecommerce,94649,1323,82,1663.43
enriched_ad_2407,campaign_018,Normal vs Toxic & Dying Livers? Most People Miss These Four Warnings!,"Discover the differences between Normal Liver, Toxic Liver and Dying Liver. Learn about these four warning signs that most people notice too late (#2 Is Scary!).",,,,image,healthcare,88712,1737,130,2042.41
enriched_ad_2408,campaign_025,Join the Heart of Healthcare as a Pharmacist,CVSHealth offers opportunities for pharmacists. Sign-on bonuses are offered in select markets.,Apply Now,,,image,healthcare,94042,1570,100,1358.61
enriched_ad_2409,campaign_007,SplitGate - Play Free Teen Games,,,,,video,entertainment,90845,2454,246,445.86
enriched_ad_2410,campaign_013,Shine - Time to Ditch The Old School,"Say goodbye to the outdated toilet brush. With over 50,000 devices sold, it's time for an upgrade.",Shop Now,,,image,ecommerce,50660,583,43,503.44
enriched_ad_2411,campaign_030,SKINCARE POWERED BY KANUKA HONEY AND BEE VENOM,INTRODUCING Skincare powered by Kanuka Honey and Bee Venom SAVE 20%,,,,image,ecommerce,91437,996,99,1369.58
enriched_ad_2412,campaign_003,3 Easy Steps to Find What You Need,Click 'Continue' -> Download on our website! -> Get Quick Search Tool. Quick Search Tool is here for you.,Download on our website!,,,image,ecommerce,81674,1185,91,798.06
enriched_ad_2413,campaign_017,Wyndham Capital - Still Waiting to Refinance?,Refinance? Learn 5 Reasons You Should Start Today! NMLS#: 2948,Learn More,,,image,ecommerce,33200,447,25,404.16
enriched_ad_2414,campaign_010,Get Quick Search Tool,"3 Easy Steps:
1) Click 'Start'
2) Download on our website!
3) Get Quick Search Tool
Quick Search Tool",,,,image,ecommerce,36391,760,71,371.54
enriched_ad_2415,campaign_017,STEVE TOYOTA GET TRADE IN VALUE,,SHOP NOW,,,image,ecommerce,67914,1277,84,784.16
enriched_ad_2416,campaign_036,The Last Wallet You'll Ever Need,,,,,image,ecommerce,88441,1422,79,987.99
enriched_ad_2417,campaign_025,Chewy Flash Deals,Snag today's deal on the perfect gift. Shop Now O howy lovers where.,Shop Now,,,image,ecommerce,61007,854,54,878.7
enriched_ad_2418,campaign_041,Join the Heart of Healthcare as a Pharmacist at CVS Health,Health. Sign-on bonus available in select markets.,Apply Now,,,image,healthcare,77572,869,33,1556.5
enriched_ad_2419,campaign_015,Language Learning Made Easy,"Unlock the power of language learning with Rosetta Stone. Whether you're starting from scratch or looking to master new languages, our comprehensive courses are designed for all levels.",Start Your Free Trial Today,,,image,education,48277,710,92,422.44
enriched_ad_2420,campaign_016,Fed Stimulus Cuts Your House Payment,"If you pay over $999/month, this could save you money.",,,,image,finance,33454,375,11,664.24
enriched_ad_2421,campaign_019,Save $2 on Nature Made Vitamins at Publix,,Click Here,,,image,ecommerce,60319,652,45,985.61
enriched_ad_2422,campaign_027,Try Parallels Desktop 17 for Windows,"Experience seamless integration with your existing software. Run any version of Microsoft Windows seamlessly on macOS, Linux and Solaris.",TRY NOW,,,image,ecommerce,43828,522,39,449.78
enriched_ad_2423,campaign_041,Black Friday Zolucky Sale - Up to 50% Off,,Shop Now,,,image,ecommerce,87080,1250,113,958.99
enriched_ad_2424,campaign_029,Versatility That Works,Request demo > CECIL's 2 Tractors & Trucks Ready to Serve You Today!,,,,video,ecommerce,52461,1078,88,721.14
enriched_ad_2425,campaign_014,Thank You for Voting,,,,,image,entertainment,82148,1846,256,557.54
enriched_ad_2426,campaign_041,What's in Your Wallet? Coupons & Rewards,Get Codes Capitale Shopping The Coupon-Finding Browser Extension,,,,image,ecommerce,26887,323,26,329.63
enriched_ad_2427,campaign_034,Ready to Join Sunday Service Safely?,Get up. Get out. Get Vaccinated.,Click Here,,,image,healthcare,57226,997,67,1233.98
enriched_ad_2428,campaign_035,Choose Your Sign to Find Out Your Fate,,,,,image,entertainment,98215,2351,378,849.22
enriched_ad_2429,campaign_031,Genuine Leather O Gualpra,,,,,image,ecommerce,71309,772,65,1207.55
enriched_ad_2430,campaign_018,Wellness for Your Clients and You,,Apply Now,,,image,healthcare,64620,657,36,1324.37
enriched_ad_2431,campaign_042,Settle your medical bills with life insurance policy,Sell your Neur life insurance policies and get paid cash. A convenient way to manage unexpected expenses.,Learn More,facebook,,image,ecommerce,57785,1144,61,970.71
enriched_ad_2432,campaign_003,Free Coupon,Discover Capital One's exclusive offers with our browser extension. Find and redeem your codes effortlessly.,Download Now,facebook,,image,ecommerce,84651,1251,80,1467.24
enriched_ad_2433,campaign_044,Zolucky,Soft.clouds UP TO 55% OFF SHOP NOW,Shop Now,,,image,ecommerce,33927,517,46,590.05
enriched_ad_2434,campaign_046,Get Started in Just Three Simple Steps,"Click 'Start', download the app, and get quick search tool. Click 'Start' to begin.",Download on our website!,facebook,,image,ecommerce,51323,658,49,532.29
enriched_ad_2435,campaign_007,BUSY PAIN SPECIALISTS Need Simple Solutions It's Time to Make the Switch,Learn Why Modernizing Medicine Can Help You Find Relief Today!,LEARN WHY MODERNIZING MEDICINE CAN HELP YOU FIND RELIEF TODAY!,,,image,healthcare,48296,504,26,968.26
enriched_ad_2436,campaign_004,Personalized Solar System Apparel,,Shop Now,,,image,ecommerce,49959,843,40,733.92
enriched_ad_2437,campaign_046,"The Wallet, Reimagined",,Shop Now,,,image,ecommerce,99656,2031,204,1436.8
enriched_ad_2438,campaign_011,Put It To The Test,Free Demo Ted Cecil's J Tractors & Truck Repair,,,,video,ecommerce,39934,991,102,487.83
enriched_ad_2439,campaign_035,Have You Had Your Mammogram?,We're committed to safe in-person mammography care. SCHEDULE NOW You're safe at Sentara,SCHEDULE NOW,,,image,healthcare,69100,1172,90,1833.28
enriched_ad_2440,campaign_004,People's Choice Awards,,,,,image,entertainment,89256,1390,222,670.34
enriched_ad_2441,campaign_019,Exclusive Turkey Products for Commercial and Institutional Purchasers,"Discover our premium selection of turkey products tailored specifically to meet the needs of commercial or institutional purchasers. Whether you're looking for tender, juicy wings that satisfy even the most discerning palates, or succulent breasts perfect for a variety of culinary applications - we'",Shop Now,facebook,,image,ecommerce,92737,1395,93,1543.58
enriched_ad_2442,campaign_003,Refinance Calculator,"1.99%RATE 2.01%*APR *Terms & conditions apply. Mortgage.net. NMLS #1912050 (nmisconsumeraccess.org). Loan amount $530,000 Credit score Excellent Loan term 15-Year Fixed ▾ Calculate Payment 1917 D",,,,image,ecommerce,75458,979,75,866.85
enriched_ad_2443,campaign_036,Beast Year Vay,,Shop Now,,,image,entertainment,42757,895,113,223.73
enriched_ad_2444,campaign_029,Everyday Health,Get your FREE Healthy Living Newsletter. Daily tips delivered right to your inbox.,,,,image,healthcare,47827,825,55,1121.68
enriched_ad_2445,campaign_028,Monday Sales CRM,Stop taking on work. CRM should do for you. Sales pipeline vice deals.,Show me how →,,,image,ecommerce,96064,1238,117,1658.13
enriched_ad_2446,campaign_011,Protect your tickets with Ticket Insurance Allianz,,,,,image,entertainment,34729,934,101,225.27
enriched_ad_2447,campaign_009,Roofing,"Paul Bange
305-981-ROOF 954-981-ROOF
.
Roofing Re-Roofing Repairs
Over 30 Years Experience.
Absolutely All Work is Guaranteed.",,,,image,ecommerce,31192,520,30,553.71
enriched_ad_2448,campaign_036,L'OFESIEL,Major Moces GRO ANCORANEAN $1957457557 L'OFFICIEL featuring Cynthia Erivo ORDER NOW AMTO,ORDER NOW,,,image,entertainment,81437,2080,365,647.27
enriched_ad_2449,campaign_037,LOG HOMES,"DONE RIGHT.
The Right Logs. The Right Advice.",,,,image,ecommerce,70250,888,75,696.11
enriched_ad_2450,campaign_019,Get the Look of Wood Without Steel,"Experience authentic wood aesthetics with TruLog® Siding, eliminating maintenance hassles. Visit TruLog Siding.com for more details.",Visit TruLog Siding.com,,,image,ecommerce,36244,717,68,365.76
enriched_ad_2451,campaign_032,International Log Home & Timber Frame Show,"Denver, CO April 28-30th, 2023 Please register now to secure your spot at this exclusive event showcasing the finest log homes and timber frames.",Register Now,,,image,ecommerce,55389,684,56,575.63
enriched_ad_2452,campaign_025,Digital Payments Accepted Everywhere,"[PayTM, Axis Pay, etc) accepted at all our Locations MAHARASHTRA Mumbai Pune Latur Garuda Vega WWW.GARUDAVEGA.COM",,,,image,ecommerce,94612,1375,101,1696.82
enriched_ad_2453,campaign_036,Recognized as one of the Top Workplaces on Long Island!,"info@ROK.biz
1-877-7-ROKBIZ
Ⓒrokfi.biz/TopLIWorkplace",,,,image,ecommerce,47518,730,75,508.59
enriched_ad_2454,campaign_010,Top Workplaces Nationwide,Mengage Baskets locates the best workplaces across various industries. Discover top-rated companies that offer great rewards and opportunities for career growth.,,,,image,ecommerce,70236,1390,139,857.61
enriched_ad_2455,campaign_025,Ultra Luxury Apartments with Rainforest-Inspired Landscapes,"Kerala's Creams Apartment Complex, Jawahar Nagar, Kowdiar Thiruvanthapuram. ARTECH Building Happiness in Kerala.",,,,image,real_estate,42544,509,7,889.36
enriched_ad_2456,campaign_020,Authentic Jobs - Work At Home,Experience the ultimate flexibility with our exclusive JOBS 100% OFF COUPON code. Embrace work at home and enjoy unparalleled freedom in your career.,Shop Now for Exclusive Deals!,facebook,,image,ecommerce,78917,1469,137,1054.13
enriched_ad_2457,campaign_026,Stop Being Tracked Online,"Startpage offers you the privacy and freedom to search online without being tracked. With Startpage, your searches are private.",Search Privately Now,,,image,ecommerce,46559,917,57,706.44
enriched_ad_2458,campaign_024,Mapping Digiworld,,,,,image,,59686,769,39,592.64
enriched_ad_2459,campaign_001,FOLLOW THE TRAIL,National Geographic's Trails Illustrated Maps Buy Here,,,,image,entertainment,48284,979,109,323.37
enriched_ad_2460,campaign_018,FOLLOW THE TRAIL,"With National Geographic's Trails Illustrated Maps, explore the world like never before. Discover hidden gems and uncover new adventures with our detailed maps that bring every journey to life.",,,,image,entertainment,96576,2604,238,543.54
enriched_ad_2461,campaign_012,FOLLOW THE TRAIL,National Geographic's Trails Illustrated Maps Buy Here,,,,image,entertainment,43993,991,131,293.67
enriched_ad_2462,campaign_028,New Year CD,"4.0% Annual Percentage Yield for 12-month Term Share Certificate, minimum $1,000 deposit, effective 1/1/23 and subject to change. Penalty for early withdrawal APY MarinCU.org Grow your savings Federally insured by NCUA Marin County Credit Union",,,,image,finance,52763,669,32,1427.43
enriched_ad_2463,campaign_012,"the","cleaning Meet Our Print Issue! GET IT NOW",Learn More,facebook,,image,ecommerce,56658,743,53,618.51
enriched_ad_2464,campaign_003,NEW! GROW BAGS,10- & 20-GALLON bio36 Wid bio365 Get More Info Use Priority Access Code OUTMXY bio365.com/outdoors,,,,image,ecommerce,42035,666,51,710.75
enriched_ad_2465,campaign_036,NEW! GROW BAGS,10- & 20-GALLON PERFECT FOR OUTDOORS GET MORE INFO Use Priority Access Code bio365.com/outdoors. bio36 bio365,,,,image,ecommerce,34958,429,20,430.42
enriched_ad_2466,campaign_043,Internet Starting At All,"All-in-one Internet solution starting at $4/month with a 2-year price lock. Powered by McNeel Network (MCN). For more information, please visit our website.",,,,image,ecommerce,90655,1051,94,1208.94
enriched_ad_2467,campaign_031,Physician Career Center Job Board,Search 1000's of Physician Jobs Click Here,,,,image,ecommerce,69897,1312,76,784.69
enriched_ad_2468,campaign_045,Exceptional Heart Care,Look closer. LEARN MORE Owensboro Health Heart Care.,Learn More,,,image,healthcare,52928,890,36,1220.06
enriched_ad_2469,campaign_048,"Edward Jones","Go Cyclones! MKT-5894N-A Ryan C Kent, CFP®, ChFC®, ABFP™ Financial Advisor 1411 First Avenue South Fort Dodge, IA 50501-4950 515-576-2771 edwardjones.com",Learn More,facebook,,image,ecommerce,47148,924,74,567.49
enriched_ad_2470,campaign_050,Advanced Orthopedic Care,Affiliated with Columbia University. Schedule Online at Mount Sinai Medical Center.,,,,image,healthcare,54296,1020,79,1100.8
enriched_ad_2471,campaign_034,Capital City Film Festival,,,,,image,entertainment,85072,1976,281,739.5
enriched_ad_2472,campaign_013,Cottage & Lakefront Living Show,"Grand Rapids
March 24-26, 2023
Foo
MARCH 24-26, 2023
get Tickets at GRCottageShow.com",,,,image,entertainment,83737,2261,263,530.46
enriched_ad_2473,campaign_037,"M","FLINT COLLEGE OF INNOVATION & TECHNOLOGY",Learn More,facebook,,image,ecommerce,72055,823,85,838.92
enriched_ad_2474,campaign_005,"Honestly, This Changed My Body","All of my bloats are gone. All Of It* - Kristine K., Verified Customer Probiotic + Shop Now",Shop probiotic+,,,image,ecommerce,60850,1170,69,686.35
enriched_ad_2475,campaign_041,I noticed a difference the very first night.,"- Suzanne K., verified customer Pe mindbodygreen sleep support+
- shop sleep support +",,,,image,ecommerce,63665,1034,84,759.3
enriched_ad_2476,campaign_027,"Mabay - Market Place, Employee Owned",Market place with 100% employee ownership. Specializing in Foods.,Click here for our weekly specials,,,image,ecommerce,64466,1142,55,836.01
enriched_ad_2477,campaign_019,Jim Lake Outfitters,"Fully guided hunts for spring bear, fall bear and waterfowl. Lodging and home-cooked meals available.",Click here for Availability,,,image,entertainment,68287,1820,190,334.07
enriched_ad_2478,campaign_029,LIMITED TIME OFFER! 6 months of local news for just $2,,Subscribe Now,,,image,entertainment,67256,1114,185,406.62
enriched_ad_2479,campaign_001,Mix - Your Go-To Source for High-End Audio Production,,Subscribe Today!,,,image,ecommerce,60399,938,50,947.98
enriched_ad_2480,campaign_042,Get $100 Fanatics,"Gift Card
$100
Fanatics
Let's Go!
*Shop, Play, Get Rewarded","*Shop, Play, Get Rewarded",,,video,ecommerce,74847,1306,65,805.42
enriched_ad_2481,campaign_041,Everlight Solar - Voted Minnesota's BEST Solar Installer,'Best' Tesla Energy Certified Installer everlightsolar.com,,,,image,ecommerce,22418,292,14,387.89
enriched_ad_2482,campaign_008,Warm up to winter and have fun!,Variat sa p StarTribune %15% OFF ITEMS IN WE LOVE WINTER CATEGORY Use code: LOVEWINTER Expires 3/15/23 NNESOTA GET YOURS NOW,,,,image,entertainment,53533,858,138,400.69
enriched_ad_2483,campaign_002,Unlock Your Blog's True Revenue Potential,"Streamline Monetization, Site Speed and more. Get Started.",Get Started,,,video,ecommerce,52354,882,60,890.65
enriched_ad_2484,campaign_002,Quick & Easy Haircuts,We always come in first. Check-in Now at Great Clips MONOTER JAM.,,,,image,ecommerce,74621,853,51,1211.91
enriched_ad_2485,campaign_038,Haircuts that Rock at Prices You'll Flip For,,CHECK IN NOW,,,image,ecommerce,69162,1361,135,1168.02
enriched_ad_2486,campaign_030,Region’s Premier Outpatient Joint Replacement Program,Schedule now to benefit from our HEALTH SYSTEM joint replacement services.,Schedule Now,,,image,healthcare,76941,1379,55,1590.09
enriched_ad_2487,campaign_006,THAT conquer the day,"Feelings. Learn more about Orgain Organic Protein S21 O, which is all-natural and rich in nutrition.",Learn More,,,image,ecommerce,47128,568,38,656.73
enriched_ad_2488,campaign_013,What Would You Do For Birth Control?,"Discover the latest in contraception with MSI, trusted by millions worldwide.",Shop Now,facebook,,image,ecommerce,66588,1391,109,963.5
enriched_ad_2489,campaign_014,INVITATION,LEXUS SALES EVENT RZ Luxury NX 450h+. Limited availability ENDS APRIL 3 LEXUS LEARN MORE,,,,image,ecommerce,52571,1067,72,715.4
enriched_ad_2490,campaign_027,Microsoft SQL Server 2022 - Generally Available,The most cloud-connected SQL Server release yet. Learn more.,Learn More,,,image,ecommerce,37860,500,43,583.25
enriched_ad_2491,campaign_024,Microsoft SQL Server 2022 Now Generally Available,The most cloud-connected SQL Server release yet. Learn more.,,,,image,ecommerce,62582,991,47,1114.37
enriched_ad_2492,campaign_011,MAKE COVID SUCK LESS. REQUEST MEDICATION,California Department of Public Health,,,,image,healthcare,53158,1031,48,1168.38
enriched_ad_2493,campaign_045,MTL MONTEREGIE SUPO PAS K,In partnership with TOURISME MONTĒRĒGIE,,,,image,entertainment,85787,1942,324,460.76
enriched_ad_2494,campaign_004,Join Cybertruck Owners Club,"Become part of the exclusive community dedicated to Tesla's innovative Cybertruck. Share your experiences, get insights from fellow enthusiasts and stay updated with all things related to this groundbreaking vehicle.",Sign Up Now!,facebook,,image,ecommerce,30465,561,34,539.32
enriched_ad_2495,campaign_019,FREEBIES & DEALS,Save BIG on the stuff you need the most. GET DEALS TLO,,,,image,ecommerce,68258,856,73,781.19
enriched_ad_2496,campaign_050,Vivi Among the Birds and the Trees,"Musica Viva Australia Wednesday 3 May, 7pm Queensland Conservatorium Theatre TICKETS STARTING AT $58",,,,image,entertainment,23789,633,84,193.87
enriched_ad_2497,campaign_018,"Centralize, Optimize, Align Resources",Create a culture of team-centric staffing through our WEBINAR on demand.,,,,video,education,93049,1923,211,880.47
enriched_ad_2498,campaign_040,WEBINAR TUESDAY MARCH 28,"Work Smarter with Advanced Infusion Pump Technology - PANELISTS Susan Niemeier (MHA, BSN, RN) Brittany Sours (BSN, RN, CEN, CPEN)",REGISTER TODAY!,,,video,education,90727,1939,194,665.58
enriched_ad_2499,campaign_014,FOR SEDER™ Push Back on Antisemitism with Love and Matzah,,Sign up!,,,image,education,92339,2218,267,612.41
enriched_ad_2500,campaign_003,LET US DO THE WORK FOR YOU!!!,Do you spend too much time trying to advertise your open positions? WE CAN HELP!,Learn More,,,image,ecommerce,26362,360,18,401.37
enriched_ad_2501,campaign_003,XDbVisualizer - Try the World's Highest User Satisfaction! *According to G2.com,MySQL MySQL editor Download for free!,,,,image,ecommerce,39604,617,30,571.54
enriched_ad_2502,campaign_001,Download the MySQL editor with the highest user satisfaction,"*Rated 1st place on G2.com (4.6/5)
DbVisualizer",,,,image,ecommerce,57363,734,39,601.87
enriched_ad_2503,campaign_001,Experience the Joy of Camp Life,Discover friendship and adventure at our camp since its establishment in 1956.,Join Us Now!,facebook,,image,travel,81619,954,74,1048.64
enriched_ad_2504,campaign_020,FREE TRIAL COURSE for new CCEI users!,SOC111: Children and Grief. Valid Until: 3/31/23 ENROLL HERE! CHILDCARE Education in Institute A StraighterLine Company,ENROLL HERE!,,,image,education,65502,1178,124,578.27
enriched_ad_2505,campaign_010,FREE TRIAL COURSE FOR NEW CCEI USERS!,SOC111: Children and Grief ENROLL NOW! Valid Until 3/31/23 CHILDCARE EDUCATION INSTITUTE A Straighterline Company,ENROLL NOW!,,,image,education,41306,806,77,319.27
enriched_ad_2506,campaign_050,AMERICA INNOVATE TRANSFORM OUR FUTURE,Discover more about our DI Innovation Research and Development Funding. Awards up to $500k.,,,,image,ecommerce,67148,1313,82,985.91
enriched_ad_2507,campaign_041,BEARDOWN & OUT CHICAGO'S TEAM MOVES TO THE SUBURBS,,,,,image,,21419,409,35,309.32
enriched_ad_2508,campaign_034,POWELL ELECTRIC,"DELLELEG ""We'll fix it..."" POWELL in a flash! Electrical Repair Experts CA LICENSE #631836 Schedule an appointment 800-896-5797",,,,image,ecommerce,30217,521,30,535.18
enriched_ad_2509,campaign_038,We'll Fix It In A Flash!,POWELL ELECTRIC - Electrical Repair Service. Experts with CA License #631836.,Schedule an Appointment,,,image,ecommerce,39909,684,42,388.35
enriched_ad_2510,campaign_005,MACMULKIN CHEVROLET IS NOW THE LARGEST CORVETTE DEALER IN THE WORLD!,Based off of the 2022 new corvette sales,,,,image,automotive,22242,259,8,313.69
enriched_ad_2511,campaign_013,First Alertz - Certified by WeatherRate,Most accurate forecast available.,,,,image,entertainment,58513,1455,242,443.45
enriched_ad_2512,campaign_014,"Your NEW CAR Alternative! Better Price, Better Warranty, Better Service",,Explore Now!,,,image,automotive,27636,471,16,589.23
enriched_ad_2513,campaign_022,Your NEW CAR Alternative!,Explore Now! G.O. CRIVELLI LIFETIME Better Price Better Warranty Better Service,,,,image,automotive,35850,374,9,513.92
enriched_ad_2514,campaign_047,"Register to Read, Reflect and Revive Your Faith",National Catholic Register GET 6 FREE issues this LENT season.,,,,image,education,77143,1096,141,851.7
enriched_ad_2515,campaign_030,The Cutting Edge in Lifestyle Training,"Join the International Association of Fitness Sciences and elevate your fitness journey with our cutting-edge lifestyle training programs. Discover new ways to achieve peak physical performance, mental clarity, and overall well-being.",Enroll Now,,,image,ecommerce,35596,523,41,627.45
enriched_ad_2516,campaign_026,New Funding for Child Care in Nevada,More Families Now Eligible. Apply Today!,,,,image,ecommerce,47129,888,79,621.98
enriched_ad_2517,campaign_035,The Evolution of Care,Tahoe Orthopedics & Sports Medicine is dedicated to providing top-notch orthopedic care and sports medicine services.,,,,image,healthcare,76169,1108,81,1966.81
enriched_ad_2518,campaign_010,AVANGRID is Accelerating the Clean Energy Transition,LEARN MORE VINEYARD WIND 1 AVANGRID A Member of The Iberdrola Group Offshore Wind,,,,image,ecommerce,99524,1822,121,1379.35
enriched_ad_2519,campaign_025,ZEMCO ROOFING & REPAIRS INC.,"We Specialize in ALL Types of Roof Repairs, including Total Roof Replacements! $25 OFF Any Service Over $150 Offer Code: News-Herald FREE INSPECTIONS!!! (440) 379-7291 www.ZemcoRoofing.com",,,,image,ecommerce,49530,789,70,880.44
enriched_ad_2520,campaign_046,Find Care,Every cancer is unique. So is every treatment plan.,,,,image,healthcare,66586,698,42,1400.69
enriched_ad_2521,campaign_009,Find Care | Chief Mike Cancer Patient,Health. Every cancer is unique. So is every treatment plan.,FIND CARE,,,image,healthcare,96543,1661,66,1672.54
enriched_ad_2522,campaign_038,Job Opportunities at European Molecular Biology Laboratory,"Discover career prospects within Europe's leading research institution. Explore job opportunities in various life sciences fields across multiple countries including France, Germany, Italy, Spain and the UK.",,,,image,education,64357,1145,177,618.98
enriched_ad_2523,campaign_025,Casino Night,"SPONSORED BY COMMUNITY CARE RX
SUPPORT RISE LIFE SERVICES, AN ORGANIZATION THAT HELPS THOSE WITH PHYSICAL & MENTAL DISABILITIES.
(631) 339-3293
april 20,2023 | 6PM-10PM",Join Us!,,,image,entertainment,96094,1367,194,536.59
enriched_ad_2524,campaign_027,StreamFreeNow Now,,,,,video,,92270,1557,150,1023.93
enriched_ad_2525,campaign_010,"FlyPaper - Fully Optimized Website, Google Ads & Local Service Ads",A FULLY OPTIMIZED WEBSITE with GOOGLE ADS and LOCAL SERVICE ADS. Social Media ADS AND PROGRAMMATIC ADVERTISEMENTS. AN AUTOMATED CRM SYSTEM that lets us do the work for you! Contact: 501-625-9845 | www.customerswhostick.com,,,,image,"ecommerce, saas",75850,1033,77,1100.2
enriched_ad_2526,campaign_041,Complex Community Presentations,"Discover the latest news and updates from NewsWest with our comprehensive coverage. Dive into detailed reports, exclusive interviews, and insightful analysis that keep you informed about what's happening in your area.",Read More Now!,facebook,,image,news,97435,1472,126,1333.51
enriched_ad_2527,campaign_014,Our Record of Cancer Breakthroughs,Dana-Farber is one of the largest recipients of NIH funding.,LEARN MORE >,,,image,healthcare,42809,754,41,861.86
enriched_ad_2528,campaign_042,Start Your Journey with P Jets NFTs,Discover the unique world of digital collectibles and art through our exclusive collection curated by E. Mare.,Explore Now!,instagram,,image,entertainment,99611,2544,289,546.32
enriched_ad_2529,campaign_022,Powering a better game,See how Microsoft Surface Jig's can elevate your gaming experience.,,,,image,entertainment,49751,743,137,423.64
enriched_ad_2530,campaign_025,Imagine More,Imagine a marketing partner with more ADVANCE MEDIA New York. Learn MORE.,,,,image,ecommerce,21325,255,26,354.42
enriched_ad_2531,campaign_013,Are Universal Coin.com Trusted Experts in Low Bullion Prices and Fast Shipping?,Universal Coin.com offers condition census coins with low bullion prices & fast shipping.,> Shop Now,,,image,ecommerce,38195,580,45,605.39
enriched_ad_2532,campaign_027,Performing Arts Series at Palacetheatre,"Little Women March 31, 2023 - St. Mary's Bank is proud to present this year's Performing Arts series featuring Little Women.",Buy Tickets Now!,,,image,entertainment,24461,374,58,137.98
enriched_ad_2533,campaign_019,Lowest Price Guarantee,Competition offers the lowest price on all our Products with FREE shipping and Standard ground shipping to Continental US.,,,,image,ecommerce,30430,520,53,354.39
enriched_ad_2534,campaign_021,Catch All The Action NHRA Com NA,,,,,image,entertainment,23338,469,81,113.84
enriched_ad_2535,campaign_032,Shop Our Large Selection of Trailers,,Click Here,,,image,ecommerce,68246,1261,65,1225.79
enriched_ad_2536,campaign_005,WE MAKE EVERYDAY MATTER,Ask about Hospice at JeffersonHospice.org or call us at 315.788.7323.,,,,image,healthcare,90125,1598,122,1622.29
enriched_ad_2537,campaign_033,One Night Ⓡ,"An Evening of Fine Dining,
Dancing to ""Atlas"" & Diamonds!
Proceeds will purchase Bio Fire modules &
support the Hologic Breast PACS System
Saturday, March 25
Samaritan
TICKETS ON SALE NOW!",,,,image,entertainment,77115,1258,155,676.43
enriched_ad_2538,campaign_050,Rouge FM,,,,,image,,79616,1276,131,1204.62
enriched_ad_2539,campaign_022,All of Our Accounts Come With Wisdom,,Learn More,,,image,ecommerce,66097,945,58,1055.18
enriched_ad_2540,campaign_010,Call or visit us online today!,"(405) 329-2076
waggonersHVAC.com
WAGGONERS
HEATING | PLUMBING | ELECTRIC | AIR CONDITIONING",,,,image,ecommerce,66368,926,72,651.5
enriched_ad_2541,campaign_018,AARP Voters Springboard,"Discover the power of your vote in Springfield, Illinois. Our Voices is here to amplify those voices and ensure that mayoral candidates listen closely.",Learn More,,,image,ecommerce,35248,669,55,350.76
enriched_ad_2542,campaign_018,Choose Your Cards Now,,,,,image,entertainment,59207,1279,131,289.39
enriched_ad_2543,campaign_017,Premier Protein - Sweeten The Journey,"100% Whey Protein Powder, PROTEIN C. Perfect for your fitness goals with just 30g of protein and only 19 calories per serving.",SHOP NOW,,,image,ecommerce,92295,1071,57,1443.85
enriched_ad_2544,campaign_043,PC TECH DEALS,"WE SCOUR 100s OF SITES TO FIND YOU UP
UP TO 50% OFF THE HOTTEST TECH PRODUCTS
GET THE DEALS",,,,image,ecommerce,71636,972,97,1054.1
enriched_ad_2545,campaign_010,The By-Line Project,where small leads become big stories.,Learn More,,,image,entertainment,98999,1516,251,760.79
enriched_ad_2546,campaign_033,Where Small Leads Become Big Stories,The By-Line Project OKP. Learn More,,,,image,entertainment,56533,1119,107,439.23
enriched_ad_2547,campaign_042,TREVALA SHIMANO,,,,,image,ecommerce,68689,1047,74,1063.89
enriched_ad_2548,campaign_032,Celebrating 100 Years of The Walt Disney Company,Central Florida Community Arts with Disney-themed programming!,,,,image,entertainment,65872,1014,123,465.34
enriched_ad_2549,campaign_011,Win Winter Garden in Florida,,> FLORIDA,,,image,real_estate,36723,369,8,1065.39
enriched_ad_2550,campaign_040,"Win Winter Park, Florida",,,,,image,real_estate,36843,488,10,627.78
enriched_ad_2551,campaign_022,Take Us With You!,The All-New OutdoorNews.com! Sports Me. Breaking News since 1967.,,,,image,entertainment,47148,1104,145,342.42
enriched_ad_2552,campaign_009,TIME FOR A DUNKIN' RUN,"Great deals on food with the purchase of a medium or larger coffee ORDER NOW DU $1 $3 Offer valid on sausage, egg and cheese sandwich only. Excludes Specialty Donuts and Foncies. Price and participation may vary. Limited time offer. Exclusions and terms apply.",ORDER NOW,,,image,food,44248,1049,116,422.03
enriched_ad_2553,campaign_003,TIME FOR A DUNKIN' RUN,"Great deals on food with the purchase of a medium or larger coffee ORDER NOW $2 Dunkin$3 Offer valid on sausage, egg & cheese sandwich only. Excludes Specialty Donuts& Fancies Price & part may vary. Limited time offer. Exclusions and terms apply.",ORDER NOW,,,image,food,85987,1356,149,863.28
enriched_ad_2554,campaign_034,Discover The New Home of Modern Golf,,Book Now ,,,image,entertainment,89200,1612,208,523.78
enriched_ad_2555,campaign_025,OMNI PGA FRISCO,Be One Of The First. OPENING May 2023 BOOK NOW >,Book Now,,,image,entertainment,40135,574,101,195.86
enriched_ad_2556,campaign_042,"Omnia.Co PGA Opens in Frisco, Opening May 2023",,,,,image,ecommerce,84732,1463,82,1170.86
enriched_ad_2557,campaign_031,Transforming Trauma and Navigating Overwhelm,With author Laura van Dernoot Lipsky SIGN UP FREE EVENT MAY 4 Parent Ed Talks,,,,image,education,44277,592,86,298.65
enriched_ad_2558,campaign_021,The Habits of Highly Effective Adolescents,"With Christine Carter, Ph.D., and Laura Kastner, Ph.D.",SIGN UP,,,image,education,72181,1693,134,752.32
enriched_ad_2559,campaign_006,Transforming Trauma & Talks on Thursday May 4,Navigating overwhelm with expert guidance from Author Laura van Dernoot Lipsky in an exclusive FREE webinar.,SIGN UP ▶,,,video,education,53786,994,141,427.59
enriched_ad_2560,campaign_028,Pathees - Books of The Bible,Get our FREE Study Guide Series. BOOKS OF THE BIBLE Featuring reflections from 12 of the most popular and powerful books of the Bible.,,,,image,education,20160,423,41,183.03
enriched_ad_2561,campaign_042,HOLY BIBLE,Get our FREE Study Guide Series BOOKS OF THE BIBLE GET STARTED,,,,image,education,79740,1224,119,617.91
enriched_ad_2562,campaign_033,Gillette Labs PATRIOTS WITH EXFOLIATING BAR,Do Effortless Shaving In One Efficient Stroke Ⓒ2022 The Gillete Co. LLC,,,,image,ecommerce,41806,715,57,600.3
enriched_ad_2563,campaign_050,Shutterstock - Save 20% Sitewide to Celebrate 20 Years,"To commemorate our two decades in the creative industry, we're offering you an exclusive discount. Use code HAPPY20TH and redeem now.",Redeem Now,,,image,ecommerce,43737,833,40,726.86
enriched_ad_2564,campaign_023,SPOTIFY EXCLUSIVE,A PEDESTRIAN DAILY FRESH DUMP OF MORNING NEWS Only on Spotify,,,,image,entertainment,89582,1671,183,533.37
enriched_ad_2565,campaign_017,Winning Coverage,"High School Sports Hill PA ONS 23 Click for scores, stats, and more",,,,image,education,34705,860,77,225.26
enriched_ad_2566,campaign_017,PERSONNEL TODAY | WEBINAR,"CRAFTING A COMPELLING EMPLOYER BRAND:
Lessons from professional services
16th March 2023 | 11am
8 ISSZA REGISTER NOW tmp.worldwide",REGISTER NOW,,,video,education,86256,1668,181,739.7
enriched_ad_2567,campaign_035,Peppy Webinar - Lessons Learnt from International Women's Day,Join us for an insightful webinar on the lessons we've learned during this year's International Women's Day. Don't miss out!,Register now,,,video,education,67962,2004,191,787.43
enriched_ad_2568,campaign_017,PERSONNEL TODAY,Sign up to receive HR News,,,,image,ecommerce,67266,1244,72,966.62
enriched_ad_2569,campaign_040,PERSONNEL TODAY | WEBINAR,"CRAFTING A COMPELLING EMPLOYER BRAND: Lessons from professional services. Du ISTA - tmp.worldwide, REGISTER NOW.",REGISTER NOW,,,video,education,39141,673,80,289.85
enriched_ad_2570,campaign_044,Starting Saturday March 18,Scream - Ticker Holders Receive A Free Collector's Print,,,,image,entertainment,93081,1792,252,676.65
enriched_ad_2571,campaign_035,"WATCH US ON",YouTube.com/PhoneArena,Learn More,facebook,,video,ecommerce,98862,2556,144,1063.59
enriched_ad_2572,campaign_017,PITTSBURGH WINE& SPIRITS FESTIVAL,"Join us for an unforgettable evening at the Pittsburgh Wine & Spirits Festival on May 20, 2023. Experience world-class wines and spirits in a vibrant atmosphere from 6-10PM.",Shop Now!,facebook,,image,entertainment,61349,1633,251,456.51
enriched_ad_2573,campaign_019,WOMEN & BUSINESS AWARDS,April 12 | 5:30-8 pm National Aviary S&Bank YY Presenting Sponsor The Children's Institute,,,,image,"ecommerce, saas, education, healthcare, finance, entertainment, travel, food, automotive, real_estate",60597,935,48,926.22
enriched_ad_2574,campaign_034,Exceptional Reliability Since 1979,"Robinson Helicopter Company has been providing exceptional reliability in the aviation industry since its inception. Our commitment to quality and safety ensures that every Robinson helicopter is built with precision, durability, and excellence.",,,,image,ecommerce,93096,1643,123,1268.76
enriched_ad_2575,campaign_007,Exceptional Reliability,"Since 1979, Robinson Helicopter Company has been synonymous with exceptional reliability. Our commitment to excellence is evident in every helicopter we build.",,,,image,ecommerce,53370,679,52,929.74
enriched_ad_2576,campaign_024,TipStrR - Get Football Tips,Receive top-notch football tips directly to your inbox daily. Sign up for our newsletter and never miss out on the latest strategies.,Sign Up Free,,,image,entertainment,58941,922,146,514.59
enriched_ad_2577,campaign_025,Pukelias,,Download Our Free App,,,video,ecommerce,35739,826,64,389.9
enriched_ad_2578,campaign_038,Free Stand Promotion on Axiom Precision CNC Router,"Purchase any Axiom Precision CNC router, and receive a FREE stand! Up to $649 in value. Expires 03/31/2023.",Shop Now,,,image,ecommerce,56701,702,59,1012.67
enriched_ad_2579,campaign_023,Retail Me Not,Deal Finder™ Want instant savings on the tech you love? Try RetailMeNot Deal Finder™ O.N.E 08:36,,,,image,ecommerce,75277,1526,117,1339.91
enriched_ad_2580,campaign_017,"Rachmaninoff, Tennyson & Poe with The Cathedral Choral Society and the Baltimore Symphony Orchestra","Join us for an unforgettable concert featuring RACHMANINOFF, TENNYSON & POE at Washington National Cathedral on Sunday, March 19 at 4pm. Tickets start at $25!",Buy tickets now,,,image,entertainment,60894,877,163,464.93
enriched_ad_2581,campaign_022,"OLD, INEFFICIENT ATTIC INSULATION? WE UNCOMFORTABLE FIX HOMES HOME ENVIRONMENT SOLUTIONS & CONTACT U",,"Contact Us For a Free Estimate & Evaluation, Insulate Now!",,,image,ecommerce,53256,563,29,904.42
enriched_ad_2582,campaign_023,March is here. It's time to play!,"HOOPS frenzy If your teams win, so could you! Register Now! Play Starts March 15 SC Picks brought to you by Bud Light Gharleston Beer Works IST 2002",Register Now!,,,video,entertainment,66844,2340,263,594.86
enriched_ad_2583,campaign_013,PostgreSQL XDbVisualizer,"Try the PostgreSQL editor with the world's highest user satisfaction. *According to G2.com*, Download for free.",,,,image,ecommerce,23442,451,45,318.35
enriched_ad_2584,campaign_026,SUPORAN GOOD HEALTH,GOOD HEALTH BEGINS WITH GREAT PRIMARY CARE VOTED BEST CLINIC OR MEDICAL GROUP LOCALS river Health 970.625.1100,,,,image,healthcare,99353,1601,120,1726.99
enriched_ad_2585,campaign_017,Final Voting is Open! Vote Daily Through Mar. 19,Vote daily through March 19 in partnership with Health River.,,,,image,ecommerce,41510,473,43,584.0
enriched_ad_2586,campaign_018,NEW! ATLAS TUBE,"- JUMBOHSS -
-MADE IN AMERICA
-BUILD TALLER.
-WIDER. BIGGER.",,,,image,ecommerce,40221,801,58,670.47
enriched_ad_2587,campaign_034,Courier Leader Sentry Post,Southern Maine Weeklies News a little closer to home. Your community news published weekly.,,,,image,ecommerce,50078,591,29,646.64
enriched_ad_2588,campaign_038,2023 Core77 Design Awards,OPEN FOR ENTRY C77DA,,,,image,"ecommerce, saas, education, healthcare, finance, entertainment, travel, food, automotive, real_estate",66613,1187,114,1130.42
enriched_ad_2589,campaign_042,Print Book Club,"Christoph Niemann author of IDEA DIARY March 28, 2023 at 11:01 PM EST",,,,image,entertainment,46786,851,100,390.08
enriched_ad_2590,campaign_022,"and Why","PRINT Book сть PRINT Christoph Niemann PRINT the brilliant author of PRINT IDEA DIARY THE RISE THE RISE PRINT March 28.1 PM ET PRINT",Learn More,facebook,,image,ecommerce,86437,912,83,1065.35
enriched_ad_2591,campaign_029,THE NEW AMERICAN HOME 2023,"WEBINAR: THURSDAY, MARCH 30, 2023
2 PM ET/1PM CT/11 AM PT
10 TIPS TO ACHIEVE A HIGH PERFORMANCE 2017 HOME
ΤΝΔΗ. PROBUILDER NAHB The New American Home",,,,video,ecommerce,21793,453,45,308.79
enriched_ad_2592,campaign_034,"F","SAKA loro MOCK DRAFT SIMULATOR YOU'RE ON THE CLOCK",Learn More,facebook,,image,ecommerce,60152,1048,91,869.52
enriched_ad_2593,campaign_034,Australian Property Talk with Redom Syed and Curtis Stewart,"Australia's fastest growing property podcast featuring industry experts like Redom Syed, CEO of Real Estate News Network Australia (RENN), and Curtis Stewart from Sydney Morning Herald. Join us for insightful discussions on real estate trends, market analysis, investment opportunities, legal aspects",,,,image,ecommerce,70715,881,81,864.95
enriched_ad_2594,campaign_033,PsychView - Psychiatric Times,"Expert perspectives on the unmet needs in the management of major depressive disorder. Watch now! New, 10-part series.",,,,video,healthcare,63619,1474,84,999.97
enriched_ad_2595,campaign_022,Into The VORTEX,"Two Charles E. Gannon, ISBN9781982192471 $26.00 US/$34.00 CAN A LITTLE BIT OF KNOWLEDGE CAN BE A DANGEROUS THING Book Two in the Vortex of Worlds Series Click to read an excerpt On Sale 3/7 www.baen.com BAEN",,,,image,entertainment,24943,353,53,132.09
enriched_ad_2596,campaign_001,This Is Where We Send All The Genius Tricks,Get PureWow's Daily Email Here SIGN UP,,,,image,entertainment,48414,846,164,421.77
enriched_ad_2597,campaign_043,Plan trip in your budget,Wayclix.com offers an affordable way to plan trips with flexible budgets for New York and Los Angeles. Book now!,Shop Now,,,image,travel,23331,505,25,448.86
enriched_ad_2598,campaign_050,WayClix - The Journey Maker,,,,,image,entertainment,23892,470,90,202.72
enriched_ad_2599,campaign_002,SEG SOLAR - A Leading US Solar Module Manufacturer,Discover the best quality and innovative solutions for your energy needs. Visit www.segsolar.com to learn more about our products.,Visit us now!,,,image,ecommerce,84982,1469,94,1136.92
enriched_ad_2600,campaign_017,The Best Bacteria for Your Health,"There's good bacteria, and then there's the best bacteria. Julia BioGaia Prode FOR GUMS AND TEETH E ACTRE Order FREE Patient Samples",Order Free,,,image,healthcare,56914,940,71,1203.13
enriched_ad_2601,campaign_039,"VELOS LBP - Full-Auto Rated, Low Back Pressure",,,,,image,entertainment,58901,1216,156,369.88
enriched_ad_2602,campaign_009,Using Technology to Mitigate Supply Chain Disruptions,"IBDO © 2023 RDO USA, LLR Migh Retail CFOs are using technology to mitigate supply chain disruptions FIND OUT HOW ►",,,,image,ecommerce,92906,1852,123,1043.76
enriched_ad_2603,campaign_010,Retail CFOs using Technology,"+ Retail CFOs are using technology to mitigate supply chain disruptions FIND OUT HOW Ⓒ3003 BCD USA, LLP signs.",,,,image,ecommerce,45956,828,58,790.06
enriched_ad_2604,campaign_031,Go Green. Get Rewarded.,aco Comfort Solutions ATF Com INTRODUCING CONTRACTOR REWARDS QLED,,,,image,ecommerce,51199,606,31,732.26
enriched_ad_2605,campaign_042,The Easiest Way to Buy & Sell Used Equipment,,,,,image,ecommerce,32155,555,30,566.72
enriched_ad_2606,campaign_049,Job Got You Down?,Search all types of energy jobs,,,,image,ecommerce,62431,752,42,638.24
enriched_ad_2607,campaign_008,RULE THE STREETS,"1.99% FOR UP TO 60 MONTHS ON SELECT KTM STREET MODELS*
*Restrictions apply. See website for full promotion details
GRA KM",,,,image,ecommerce,87063,946,55,1165.18
enriched_ad_2608,campaign_034,Road Daily Roundup,"The industry's most important news in your inbox, daily.",,,,image,entertainment,26029,586,71,174.18
enriched_ad_2609,campaign_026,Play the Latest DirectX Games on Oculus Rift,,CLICK HERE,,,video,entertainment,69106,1434,230,539.81
enriched_ad_2610,campaign_014,Road Tovr Daily Roundup,"The industry's most important news in your inbox, daily.",,,,image,entertainment,59560,1569,268,515.0
enriched_ad_2611,campaign_041,Road Z Tovr Daily Roundup,"The industry's most important news in your inbox, daily.",Get It,,,image,ecommerce,22550,379,28,338.31
enriched_ad_2612,campaign_006,Explore Top Dining Destinations in NYC,"Discover the best dining spots with our top picks for affordable and delicious meals. Whether you're looking to dine out, explore new cuisines, or simply enjoy great food at reasonable prices.",READ MORE ON EATER > Total Orygon,facebook,,image,ecommerce,23180,393,34,327.49
enriched_ad_2613,campaign_034,Skunk Haze Afghan NORTHERN Lights MMM C Genetics,,,,,image,ecommerce,60113,1128,115,705.36
enriched_ad_2614,campaign_027,ROTOWIRE - The Most Award Winning Site in Fantasy Sports,"The most award-winning site in fantasy sports. Get customized rankings, tools and advice for your leagues.",JOIN NOW,,,image,ecommerce,90790,1034,88,1323.0
enriched_ad_2615,campaign_033,Explore A New Way to Express Your Creativity!,City of Hamilton Public Art Initiative,,,,image,entertainment,84190,1908,334,414.08
enriched_ad_2616,campaign_013,Join FMCA Today,protection Peace-of-mind and money-saving RV programs. FMCAassist Roadside Rescue® FMCA's Tire Savings Program Your Ring Panky VIEW BENEFITS,,,,image,ecommerce,25247,310,17,269.8
enriched_ad_2617,campaign_036,THE BOOK READING CAMPAIGN,"PODCAST
REAL SA
Reading and Leadership in South African Schools (REALS-SA)
unicode
NATIONAL OUCATION
COLLABORATION
enrollment Education SABC",,,,image,education,43228,571,65,433.23
enriched_ad_2618,campaign_027,MASTER SINGERS,"The Sofia Theatre (2700 Capitol Ave, Sacramento) will host an unforgettable concert featuring songs in the key of life on March 18 at 7:00 PM - March 19 at 3:00 PM. Tickets are available only through The Sofia's box office.",Buy tickets,,,image,entertainment,70122,1310,141,554.28
enriched_ad_2619,campaign_014,Visit us for ALL your LANDSCAPING and GARDENING SUPPLIES!,,,,,image,ecommerce,47385,614,62,466.28
enriched_ad_2620,campaign_040,$3 OFF your first online order CAGNEY'S KITCHEN THE NEIGHBORHOOD'S BEST KEPT SECRET,,,,,image,ecommerce,26214,440,31,371.07
enriched_ad_2621,campaign_008,Cources La Sylphide,arasota Ballet director IAIN WEBB Her supernatural beauty hides a dark fate MAR 24 - 25 VAN WEZEL Buy Tickets Now,Buy Ticks NOW,,,image,entertainment,98386,2690,415,631.33
enriched_ad_2622,campaign_035,Ready to Start Your Higher Education Savings?,Invest in your future with our savings plan. Invest529 can guide you through the process.,Learn More,,,image,education,83231,1341,151,654.45
enriched_ad_2623,campaign_005,Invest in Your Future with Our 529 Plan,Start saving for higher education today. Invest wisely and secure the future of you or someone else’s college dreams.,Learn More & Get Started Today!,,,image,education,90197,1571,176,1063.96
enriched_ad_2624,campaign_004,USAToday.com - Sportscar Championship,"Join us for the thrilling USAToday.com coverage of the SPORTACAR CHAMPIONSHIP at SEBRING INTERNATIONAL RACEWAY on SAT | MAR 18, starting from 4:30PM ET. Don't miss out!",Watch Live,facebook,,image,entertainment,68367,1034,128,560.09
enriched_ad_2625,campaign_004,FEEL GOOD IN ACTION,"GOOD YEAR (and Foot and are trademarks The Tire & Rubber
FOOTWEAR used under license by SCL Footwear Group, New York, USA. Copyright 2022 The Goodyear Tire & Rubber Company",,,,image,ecommerce,42422,872,58,477.07
enriched_ad_2626,campaign_018,Want Knowledge Delivered Daily?,Join our newsletter to receive science alerts every day.,JOIN OUR NEWSLETTER,,,image,education,47080,736,112,512.37
enriched_ad_2627,campaign_020,Want Knowledge Delivered Daily?,,,,,image,education,40724,638,72,366.79
enriched_ad_2628,campaign_029,NFL+ - Watch Live Local and Primetime Games on Mobile,,Sign Up Now,,,video,entertainment,66840,1498,289,432.59
enriched_ad_2629,campaign_027,Microsoft Surface Powering A Better Game,,,,,image,ecommerce,25210,399,25,246.61
enriched_ad_2630,campaign_011,"HANSHAW Kennedy Hafen, LLP Attorneys at Law HKH",,,,,image,legal services,62055,1082,83,785.71
enriched_ad_2631,campaign_015,Anniversary Sale - Used Cars,"Donate your old vehicle and receive a maximum tax deduction! Don't trade it, donate it. Schedule a Pickup Today at www.bridgehouse.org.",Schedule a Pickup Today,,,image,ecommerce,48082,519,46,642.74
enriched_ad_2632,campaign_047,Kennedy Hafen LLP Attorneys,Specializing in legal services for businesses and individuals.,,,,image,legal_services,82632,1360,110,1132.75
enriched_ad_2633,campaign_045,SALE CAN WE STAY AHEAD OF THEFT? LOSS PREVENTION TACTICS TO NAVIGATE THE STORM SOLUTIONS BY SECTOR W,,,,,video,ecommerce,81866,1714,174,1231.2
enriched_ad_2634,campaign_033,ZEROTRUST STRATEGIES SUMMIT,"SECURITY SUMMITS Function logo VIRTUAL EVENTS Sunction loc 16110 REGISTER NOW error m#4:80a?:/ Wednesday April 12, 2023 fl",,,,image,ecommerce,89550,1460,115,909.73
enriched_ad_2635,campaign_024,The Focused Pastor,"Free Ebook
Why Pastors are Burnt Out, Want To Quit & What To Do About It By David Murray
How to fix pastor burn out",DOWNLOAD THE FOCUSED PASTOR,,,image,education,50493,772,106,418.6
enriched_ad_2636,campaign_020,Celebrate Easter with Joy and Hope,"No sorrow, only celebration! Join us at LHM.org to experience the true meaning of Easter through uplifting stories that inspire joy in every heart.",Learn More About Our Stories,facebook,,image,education,30477,418,45,227.72
enriched_ad_2637,campaign_041,6TH ANNUAL CONFERENCE,"BREAKING BARRIERS Finding Purpose & Possibilities Together A conference featuring international speakers Nadine Burke Harris, Dacher Keltner, BJ Miller, Jeffrey Swanson and Anna Malaika Tubbs. LEARN MORE HOWARD H CENTER Help is here.",LEARN MORE,,,image,education,71553,1252,103,624.28
enriched_ad_2638,campaign_021,My Outdoor TV,"Start your FREE trial with MyOutdoorTV on App Store, Google Play, Roku, Amazon Fire TV and XBOX.",Shop Now,facebook,,video,entertainment,58343,1082,204,378.52
enriched_ad_2639,campaign_046,WATCH THE LATEST TRAILERS,,,,,video,,35258,580,57,500.65
enriched_ad_2640,campaign_041,F AND F,We love movies. Endless movie adventures.,Buy Now,,,image,entertainment,88673,1872,248,698.88
enriched_ad_2641,campaign_048,Institute of Theology,ai.edu/ccee Engage your Catholic faith. Transform your community.,,,,image,education,37483,826,99,378.84
enriched_ad_2642,campaign_037,A Fanatics Experience - New Store Opening,Visit our new store in six nations for rugby fans. Enjoy exclusive discounts and offers.,Shop Now!,,,image,ecommerce,65090,1304,124,912.37
enriched_ad_2643,campaign_039,New Tamron Standard Zoom Lens,"Introducing the new Tamron standard zoom lens, perfect for your Sony mirrorless camera. This versatile 'standard zoom' offers an impressive range from 20-40mm with F/2.8 Di III VXD aperture.",,,,image,ecommerce,97400,1169,109,1090.93
enriched_ad_2644,campaign_020,Free Webinar on Security & Compliance,"VANTA Presents? Vanta
Security and compliance: is your business at risk?
THURSDAY 16 MARCH | 2PM AEDT
REGISTER NOW",Register Now,,,video,education,54514,937,92,591.82
enriched_ad_2645,campaign_009,Free Webinar on Vanta Security & Compliance,VANTA Presents: Is your business at risk? Join our webinar to learn about security and compliance.,Register Now,facebook,,video,education,68342,1984,239,463.28
enriched_ad_2646,campaign_004,Looking for TVs?,LONGING PHILIPS LG SONY O LCD LED O OLED O QLED 24-32 inch 32-40 inch 40-50 inch O 50-55 inch Compare Before You Buy,Compare Now,,,image,ecommerce,61200,1128,89,614.34
enriched_ad_2647,campaign_007,READY TO JOIN THE RANKS OF CERTIFIED EXECUTIVE COACHES IN 2023?,Get certified this April in San Mateo via an ICF Level 1/2 coach training program. Raise the quality of your coaching.,LEARN MORE & SIGN UP,,,image,executive_coaching,26311,310,31,297.56
enriched_ad_2648,campaign_011,Best Solution Lithium Battery,"RESIDENTIAL BATTERY STORAGE · Tier One, A+ Cell Composition . Modular Design, Easy Expansion • UL standard battery pack . Compatible with 48V inverters SLBATT13SL BATT",,,,image,ecommerce,21248,263,13,205.64
enriched_ad_2649,campaign_003,OFFICER.com TACTICAL & SPECOPS UPDATES,"Sign-up to receive Tactical & SpecsOps updates, the monthly eNewsletter delivering the latest updates on events, tactics, protocols and developing policies. Subscribe Today - CLICK HERE.",Subscribe Today - CLICK HERE,,,image,ecommerce,59053,1231,108,840.46
enriched_ad_2650,campaign_008,Your Intake at Lyons Optometry,"At Lyons Optometry, we believe that an intake should be more than just filling out forms on a clipboard; it’s about having meaningful conversations with your doctor. Dr. Kimberly Lyons is here to make sure you feel comfortable and understood.",Schedule Your Appointment Today!,,,image,ecommerce,91964,1321,75,1367.38
enriched_ad_2651,campaign_049,Auto Loan Rate Sale,,Apply now,,,image,finance,25942,202,5,700.11
enriched_ad_2652,campaign_030,Arylic Antic Latest Whole House Audio System,,Learn More,,,image,ecommerce,82111,936,46,1007.58
enriched_ad_2653,campaign_016,The LinnStrumentalists,,,,,video,,56697,945,72,951.48
enriched_ad_2654,campaign_009,WIN A LUXURY FRIDGE/FREEZER,Home Owner Click Here to See More,,,,image,ecommerce,68626,825,65,1031.36
enriched_ad_2655,campaign_021,DISCOVER WHAT'S INSIDE THE LATEST ISSUE IMPACTFUL DESIGN SOUTH AFRICAN INFORMED INNOVATIVE INSPIRED ,,CLICK HERE TO SEE MORE,,,image,ecommerce,27498,322,25,340.44
enriched_ad_2656,campaign_042,SparkNotes Now Offers Free Trial,"Yes, the book is on SparkNotes. And now so are Flashcards, Mastery Quizzes, and more! *sparknotes Start your 7-day FREE trial",Start your 7-day FREE trial,,,image,education,21980,374,32,216.55
enriched_ad_2657,campaign_035,*SparkNotes - Every Study Tool You Need for That Big Test Next Week*,Got a big test next week? Start your 7-day FREE trial.,Start your 7-day FREE trial,,,image,education,31726,421,31,219.12
enriched_ad_2658,campaign_031,Audi - Official Luxury Vehicle for Sporting Kansas City,"(000) Audi is the official luxury vehicle brand associated with Sporting Kansas City, showcasing high-end performance and elegance.",,,,image,entertainment,27150,400,50,238.68
enriched_ad_2659,campaign_026,SBJ - BRAND INNOVATION SUMMIT,CHANGING THE GAME OF SPORTS MARKETING JUNE 7-8 | CHICAGO PARENTAL PARTNERSHIP PARAGON LEARN MORE,LEARN MORE,,,image,ecommerce,20694,430,21,305.1
enriched_ad_2660,campaign_044,SPORTS - CONCERTS EVENTS,,,,,image,entertainment,85076,1360,242,707.6
enriched_ad_2661,campaign_027,SPORTS CONCERTS | Events,,,,,image,entertainment,77034,2028,182,552.86
enriched_ad_2662,campaign_036,INDUSTRY EXCLUSIVE EVENT,"MAR. 22-23, 2023
9AM - 5PM
18
HAWAI'I
Hotel & Restaurant
Show
THIS SHOW IS POWERED BY STAR #EVENTS HAWAII CONVENTION CENTER
PRE-REGISTER NOW!",PRE-REGISTER NOW!,,,image,entertainment,92342,1975,201,818.97
enriched_ad_2663,campaign_003,PENN STATE startup week powered by PNC,Register to attend Penn State Startup Week from March 20–24. Visit startupweek.psu.edu #PennStateStartup for more details.,Register Now >,,,image,education,92937,2300,352,723.32
enriched_ad_2664,campaign_035,Rise & Shine IT'S COFFEE TIME! BARISTA BOX AND FRAPPES,"Duck donuts warm, delicious and made to order Mocha frappé Duck donut new coffee icing!",,,,image,food,72015,1630,174,848.9
enriched_ad_2665,campaign_031,IM MOTZE A FIND YOUR PERFECT COTTAGE,RetreatState College.com The Retreat,,,,image,real_estate,25535,389,7,763.86
enriched_ad_2666,campaign_037,Discover Audirvana's new features,,,,,video,,37537,889,78,487.55
enriched_ad_2667,campaign_010,Seat Tickets for CitySC,Get your seat at the popular CitySC in St. Louis with our convenient ticket service.,Shop Now,,,image,entertainment,68813,1692,199,353.73
enriched_ad_2668,campaign_025,Access to Arts & Education,"The G Jerome L. Greene Foundation provides opportunities for individuals interested in pursuing careers or hobbies related to art, music, dance, theater arts and other creative fields.",,,,image,education,92419,2072,269,801.59
enriched_ad_2669,campaign_006,Marci Orpheum Theatre,Join us for an unforgettable performance featuring Zakir Hussain and Daoud Zaki on Sunday at 7 PM. Experience the Masters of Percussion concert.,Buy Tickets Now!,facebook,,image,entertainment,63498,982,170,335.77
enriched_ad_2670,campaign_023,Stars & Stripes Journalists Share U.S. Military Role in Afghanistan,"The story of the U.S. military's role in Afghanistan, as seen through the eyes of Stars and Stripes journalists.",Order Now,,,image,entertainment,92769,1318,211,716.94
enriched_ad_2671,campaign_010,TOGETHERWESERVED.COM,Get A Free Plaque Of Your Military Service! ITCS PASQUALE ENRICO LUCENTI United States Navy USN Active Main Claim Your Plaque! Army. Navy. Marine Corps Air Force Coast Guard,,,,image,entertainment,43797,1069,152,374.93
enriched_ad_2672,campaign_004,Start Your Day With The Top Headlines From Stars & Stripes,,,,,image,news and media,52716,1035,106,909.75
enriched_ad_2673,campaign_021,MED ENZO CUSTOM,This is true custom. Suits from $495.,SHOP NOW,,,image,ecommerce,67182,1359,116,1147.37
enriched_ad_2674,campaign_016,Cultivating the Floral Community,"floriexpo
MAY 31 - JUNE 2, 2023
FORT LAUDERDALE CONVENTION CENTER
FORT LAUDERDALE, FL
LEARN MORE",,,,image,ecommerce,44831,790,73,767.52
enriched_ad_2675,campaign_006,Accelerate your Career,Learn more > THE UNIVERSITY OF NEWCASTLE AUSTRALIA CRICOS Prowder 001093,,,,image,education,37776,853,131,264.46
enriched_ad_2676,campaign_027,Accelerate your Career,Learn more > O S THE UNIVERSITY OF NEWCASTLE AUSTRALIA,,,,image,education,47172,671,55,470.24
enriched_ad_2677,campaign_032,"Introducing the New YZ450F - Lighter, Slimmer, Faster",,,,,image,entertainment,85164,1393,211,595.75
enriched_ad_2678,campaign_046,All-New YZ450F Monster Energy Yamaha Racing Edition,REVS YOUR HEART with the all-new YZ450F Monster Energy Yamaha Racing Edition. Experience unparalleled performance and thrill like never before.,LEARN MORE,,,image,entertainment,50255,1164,122,245.26
enriched_ad_2679,campaign_047,Stay up-to-date on the latest food retail news & trends,Subscribe to free eNewsletters from SUPERMARKET sn NEWS Sign Up Now,Sign Up Now,,,image,food,38817,900,103,340.63
enriched_ad_2680,campaign_008,TUTTOFOOD International Milano Food Exhibition,,,,,image,food,43540,959,108,409.23
enriched_ad_2681,campaign_020,The State of Yachting 2022,"+48% USED
YACHTS
NEW
YACHTS
-96% NE",,,,image,ecommerce,95063,1071,62,1326.9
enriched_ad_2682,campaign_037,The State of Yachting 2022,+48% +96%,,,,image,ecommerce,90700,1898,119,1421.64
enriched_ad_2683,campaign_025,DECAPITATOR,"Subtle to extreme saturation $199
35 Mambal
PRIH-DECAPITATOR-BITU-SOUNDTOYS",SHOP NOW,,,image,ecommerce,28136,518,34,458.45
enriched_ad_2684,campaign_034,Innovation in Every Detail,"Discover the ultimate blend of style and innovation with our latest SL MKIII Centrepiece. Crafted to perfection, this piece is designed for those who appreciate cutting-edge design merged seamlessly into everyday elegance.",Shop Now,facebook,,image,ecommerce,93425,1618,110,1257.91
enriched_ad_2685,campaign_043,STAVE IN SERMS AT AMIT,ballistic FO The Terminal List 50+NEW GUNSGEAR FOR 2005 TACTICAL LIFET Foro To Win American Frontiersman Guns Por Concealed Carr Handguns Combat Handguns Save Big With Home Delivery And Never Miss An Issue! www.p43 VIP Click Here To Get The Deal!,CLICK HERE,,,image,ecommerce,97962,1148,114,1359.06
enriched_ad_2686,campaign_040,Experience the Spectacle of a New Broadway Season,Season tickets on sale now! Straz Center Photo by Mathew Murphy for MurphyMode,,,,image,entertainment,34962,924,102,286.97
enriched_ad_2687,campaign_048,Florida Strawberry Festival,"We have a winner! Mar. 2-12, 2023 Plant City, FL Tickets On Sale Now!",,,,image,entertainment,82632,1178,215,421.93
enriched_ad_2688,campaign_036,Accelerating Drug Discovery through Systematic Cell and Protein Analysis,,Read Now,,,image,education,55718,1032,153,530.29
enriched_ad_2689,campaign_021,Join Our Global Insights Panel,,JOIN OUR GLOBAL INSIGHTS PANEL,,,image,education,45550,692,53,336.63
enriched_ad_2690,campaign_011,ANNOUNCING THE TEXARKANA GAZETTE,2023 FEVER MARCH CONTEST PICK YOUR TEAMS March 13TH WIN PRIZES $25 PER ROUND (1-6) $100 OVERALL,CLICK TO PLAY!,,,video,entertainment,60772,1382,176,545.06
enriched_ad_2691,campaign_004,ANNOUNCING THE TEXARKANA GAZETTE MARCH CONTEST,2023 FEVER March Contest Pick Your Teams! WIN PRIZES $25 PER ROUND (1-6) $100 OVERALL Click To Play!,Click to play!,,,video,entertainment,29935,1045,118,248.27
enriched_ad_2692,campaign_048,ANNOUNCING THE TEXARKANA GAZETTE CONTEST,2023 MARCH PICK YOUR TEAMS MARCH 13TH WIN PRIZES $25 PER ROUND (1-6) $100 OVERALL,,,,video,entertainment,32146,991,108,210.49
enriched_ad_2693,campaign_003,Quest,"Diagnostics
For you. For them.
Together for a healthier Texas.",Learn more,,,image,healthcare,54005,639,27,1349.4
enriched_ad_2694,campaign_006,ATCC hTERT-IMMORTALIZED,,Learn More,,,image,education,37989,655,62,351.03
enriched_ad_2695,campaign_008,Complex Care Powered by Academic Medicine,"Located in Tampa, TGH General Hospital is part of USF Health and Morsani College of Medicine.",,,,image,healthcare,55593,572,27,1454.3
enriched_ad_2696,campaign_021,Star Raia and Ruto Face Party Primaries Headache Uru,,Subscribe to The Star E-paper SUBSCRIBE →→,,,image,entertainment,82411,1229,159,573.81
enriched_ad_2697,campaign_016,ALPENA BUICK GMC Serving the Sunrise Side,Certified Pre-Owned,,,,image,automotive,23792,268,5,355.79
enriched_ad_2698,campaign_037,Blend In. Stand Out.,,,,,image,ecommerce,60982,1244,123,1095.96
enriched_ad_2699,campaign_043,RECYCLING CREATING,ad COUNCE KEEP AMERICA BEAUTIFUL -KAB.ORG LEARN MORE ,,,,image,,38514,620,57,487.86
enriched_ad_2700,campaign_049,Ranked #1 BEST Children’s Hospital in Tampa Bay Hospitals U.S. News RANKED IN 4 SPECIALTIES 2022-23,Learn more » JOHNS HOPKINS All Children's Hospital,,,,image,healthcare,49697,719,41,812.78
enriched_ad_2701,campaign_028,Daily Beast,Like this article? Support journalism for less than 11¢ per day. Subscribe Now.,Subscribe Now,,,image,entertainment,85939,2174,359,634.5
enriched_ad_2702,campaign_041,THE MODERN NETWORK FOR MILITARY SPOUSES LEARN MORE ABOUT MilSpouseFest Events,Here! The Official Sponsor of MilSpouseFest Events USAAⓇ,,,,image,entertainment,70165,1353,207,464.48
enriched_ad_2703,campaign_044,Choose the Desired Body,Monday Tuesday Wednesday Thursday Friday Monday Tuesday VEDR Monday Tuesday BUILDER Monday Tuesday De Athlete KingFre DE Weng Cross-Fit Workout BODY CHOOSE THE DESIRED BODY MONDAY TUESDAY THURSDAY Over Wing 32 FRIDAY Choose the Desired Body CROSS-FIT BODY WORKOUT,,,,image,ecommerce,81785,1010,56,944.0
enriched_ad_2704,campaign_027,Open an account with Domini,"Pursue your financial goals
Firearm-free & fossil-fuel free in accordance with our investment standards
Help create a greener world",Learn More,,,image,ecommerce,58587,1058,93,588.03
enriched_ad_2705,campaign_004,University of Washington - A Future Where Every Child Gets the Building Blocks for a Healthy Start,Find out how W,,,,image,education,26716,352,41,314.63
enriched_ad_2706,campaign_004,University of Washington,A future where every child gets the building blocks for a healthy start. Find out how W,,,,image,education,45013,853,90,493.92
enriched_ad_2707,campaign_006,Them Grieve,To Which I Bore Witness February 2023 Apple Music Bandcamp Spotify 13,,,,image,entertainment,57972,1021,152,509.69
enriched_ad_2708,campaign_038,The Monthly,,Learn More,facebook,,image,ecommerce,52448,675,44,890.16
enriched_ad_2709,campaign_017,The Monthly,,Learn More,facebook,,image,ecommerce,38374,484,30,527.65
enriched_ad_2710,campaign_047,The Monthly,,,,,image,,97361,1156,65,1247.01
enriched_ad_2711,campaign_035,Is your child struggling with spelling?,Put an end to spelling test tantrums today. Sur Terraaraa alper Start your FREE 14-day trial TODAY TheSchoolun.com,Start free 14-day trial,,,image,education,75988,1890,232,641.11
enriched_ad_2712,campaign_031,Panoptica - The Cisco Secure Application Cloud,"Security for cloud-native apps. Reduce risks, improve visibility and streamline collaboration.",Get Started,,,video,ecommerce,30504,828,58,476.11
enriched_ad_2713,campaign_041,Panoptica - The Cisco Secure Application Cloud,Secure your Kubernetes clusters with Panoptica. Try it now and experience the power of security in cloud computing.,Try for Free,,,image,ecommerce,86410,1703,122,1281.4
enriched_ad_2714,campaign_036,The Spruce Cleaning,Meet Our Print Issue!,,,,image,ecommerce,50943,557,51,527.34
enriched_ad_2715,campaign_015,UNCLUTTER,Your News Feed. T&Cs apply.,,,,image,entertainment,99353,1959,379,530.65
enriched_ad_2716,campaign_003,Podcast,"Listen to the latest episodes on financial topics, featuring interviews with industry experts and discussions about current events.",,,,image,education,68641,1255,195,576.63
enriched_ad_2717,campaign_048,Logistics Positions Available,"Are you looking for an exciting career in logistics? Discover our latest openings and opportunities that will help propel your professional journey forward. Whether you're interested in warehousing, transportation management or supply chain coordination - we've got the perfect fit waiting just aroun",Apply Now,facebook,,image,ecommerce,79514,1211,91,1199.99
enriched_ad_2718,campaign_032,"Formal & elegant, full-service venue","Our full-service venue is perfect for Weddings, Showers, Corporate Events, Birthdays and Celebrations... both indoor or outdoor in our lush gardens.",NOW BOOKING,,,image,ecommerce,68502,742,36,1037.82
enriched_ad_2719,campaign_004,THE WORLD'S 50 BEST HOTELS,,,,,image,ecommerce,35172,664,49,534.88
enriched_ad_2720,campaign_033,IT'S OFFICIAL. YOU'RE ONE OF US.,"DEAR GUILD MEMBERS, IT'S OFFICIAL. YOU'RE ONE OF US. THE WRAP SIGN UP TO BE INVITED TO EXCLUSIVE SCREENINGS",SIGN UP TO BE INVITED,,,image,entertainment,52565,1402,252,429.07
enriched_ad_2721,campaign_002,WRAP PRO,Unlock Exclusive Content Get Started,,,,image,,98518,1747,180,1187.03
enriched_ad_2722,campaign_041,Our Word,Don't just take our word for it. Follow us on The Wrap.,FOLLOW US,facebook,,image,entertainment,55531,1139,104,347.36
enriched_ad_2723,campaign_032,WRAPPRO,Unlock Exclusive Content GET STARTED,,,,image,,60656,1027,92,1017.66
enriched_ad_2724,campaign_026,"The","Investment Center, Inc. WHEN YOU PRIORITIZE SUPPORT,",Learn More,facebook,,image,ecommerce,50026,1002,85,698.01
enriched_ad_2725,campaign_025,VANS OFF THE WALL,Skateboarding the skater's dream. Old School vibes with Breana Geering.,,,,image,entertainment,75089,1559,267,644.29
enriched_ad_2726,campaign_006,Lennox - Air is Life,Make it perfect with SAC Mechanical Heating and AC. Get your service repair for any amount over $100 at Lennox.,$35 OFF Coupon Available!,,,image,ecommerce,28475,502,33,459.11
enriched_ad_2727,campaign_028,Download the New App,We recently launched our new app. Download it today to read TimesDaily on your phone or tablet.,Download TD,,,image,ecommerce,51132,747,40,561.33
enriched_ad_2728,campaign_036,Recipes | Quick & Easy Meal Prep Ideas,Discover easy and beginner-friendly recipes to help you with meal prep. Get inspired by our collection of ideas that make cooking simple for everyone.,Learn More,,,image,ecommerce,51135,537,48,538.81
enriched_ad_2729,campaign_033,Chatter Nominations,Nominate today! Nominations now open through April 15. C Times Free Press.,,,,image,entertainment,23196,614,66,187.39
enriched_ad_2730,campaign_002,Connecting You to Free TV,"Discover AntennaWeb, the ultimate solution for accessing free over-the-air television channels. No more expensive subscriptions or cable bills! With our easy-to-use platform and comprehensive database of local stations, you can enjoy a wide variety of high-quality content right from your home.",Visit us now at AntennawEB.org,facebook,,image,entertainment,82849,1862,237,557.58
enriched_ad_2731,campaign_033,Looking To Cut The Cord?,Click here to find out how many channels you can get free with an antenna,CLICK HERE,,,image,ecommerce,52175,683,45,809.07
enriched_ad_2732,campaign_015,Cut the Cord? Discover Free Channels!,AntennawEB.org offers you FREE access to numerous channels. Click here to find out how many channels you can receive for free with an Antenna.,Click Here,,,image,entertainment,56190,1365,201,399.07
enriched_ad_2733,campaign_047,Fight For Air,15 Years & counting May 20TH - American Family Field American Lung Association. Fight For AIR Climb REGISTER NOW Do Good Feel Great TMJ Anthem.,REGISTER NOW,,,image,healthcare,53114,902,54,774.76
enriched_ad_2734,campaign_035,Fight For Air,→Climb May 20TH - American Family Field REGISTER NOW Do Good Feel Great American Lung TMJA v Anthem.,,,,image,entertainment,28709,600,105,226.08
enriched_ad_2735,campaign_041,Stay Plugged In With United Methodist News,Your official source of UM News & Information VISIT OUR WEBSITE Fair Faithful Trusted.,,,,image,entertainment,45503,1082,102,337.26
enriched_ad_2736,campaign_046,Cookies for Kids Cancer,Let's Get Baking!,,,,image,ecommerce,85780,1735,143,1178.32
enriched_ad_2737,campaign_048,UMCOR SUNDAY,Support the sustainable work of UMCOR. GIVE NOW SPECIAL Sunday AG.,GIVE NOW,,,image,ecommerce,56157,1002,64,932.56
enriched_ad_2738,campaign_021,Inspire and Fuel Their Curiosity,with Nat Geo Kids SUBSCRIBE KRS LYNX Bas KIDS CO FUTURE,,,,image,education,68420,1252,146,773.9
enriched_ad_2739,campaign_013,Bond University,"Gold Coast, AUSTRALIA See why Bond University is QS rated 5 stars overall REGISTER NOW FOR OUR VIRTUAL OPEN DAY CRICOS Providercode COSA Provide",REGISTER NOW FOR OUR VIRTUAL OPEN DAY,,,image,education,29437,663,95,190.59
enriched_ad_2740,campaign_010,Bachelor of Science Get a double major and start your international career!,,,,,image,education,68247,1152,145,508.49
enriched_ad_2741,campaign_003,King Scars of the Epic Story That Began in Shadow and Bone Continues,,,,,image,entertainment,71415,1405,221,430.84
enriched_ad_2742,campaign_047,Workers' Compensation Insurance,Learn more about Texas Mutual's Workers' Comp insurance.,,,,image,ecommerce,39871,494,30,383.83
enriched_ad_2743,campaign_010,Unwanted TELEMARKETER,Uncall A High Tech Bidet Toilet Seat Will Wipe Away Your Need for Toilet Paper READ MORE,,,,image,ecommerce,96101,1897,150,1466.1
enriched_ad_2744,campaign_020,COME SEEK Royal Caribbean INTERNATIONAL,Learn more,,,,image,entertainment,42326,870,112,234.4
enriched_ad_2745,campaign_009,"BoardingArea","Personalized travel news all in one place. Read your favorite stories with MyBoardingArea. tarding your sp Download on the App Store GET IT ON Google Play",Learn More,facebook,,video,ecommerce,95740,1419,100,1587.82
enriched_ad_2746,campaign_043,SAVE UP TO 38% HM (Travel Impressions) CATALONIA HOTELS & RESORTS,,,,,image,travel,51437,753,61,927.02
enriched_ad_2747,campaign_015,TRAVELPULSE,WHITE SAND RESORT & SPA CAUSADA. WIN A STAY AT GRAND PALLADIUM White Sand Resort & Spa START QUIZ.,WIN A STAY AT GRAND PALLADIUM WHITE SAND RESORT & SPA,,,image,travel,79701,1230,63,1626.02
enriched_ad_2748,campaign_024,Save Up to 38% on Hotels and Resorts in Catalonia,Discover the best deals for your travel impressions™. Book now!,Book Now,,,image,travel,41193,776,43,635.18
enriched_ad_2749,campaign_033,Norwegian Cruise Line - Feel Free,Earn More Than Ever With NCL. Free at sea plus commissions on NCFs! Learn more.,Learn More,,,image,ecommerce,90749,1610,82,1528.02
enriched_ad_2750,campaign_002,Epic Journeys,Johnstown and Altoona Travel Show Free Admission Learn More Epic Journeys,,,,image,entertainment,59703,1277,125,457.5
enriched_ad_2751,campaign_014,Epic Journeys,Travel Show Johnstown and Altoona You are cordially invited.... Epic Journeys amazing memories Free Admission Learn More,,,,image,travel,90257,1081,96,1161.49
enriched_ad_2752,campaign_010,Webflow - Design and Develop,,,,,image,ecommerce,64105,1286,117,661.48
enriched_ad_2753,campaign_049,Meet the Author Tarryn Fisher,"HENDERSON COUNTY PUBLIC LIBRARY
MARCH 17, 2023
6:00 PM - 7:30 PM
PRESTON ARTS CENTER",,,,image,education,47834,1019,91,456.05
enriched_ad_2754,campaign_016,Meet the Author Tarryn Fisher,"HENDERSON COUNTY PUBLIC LAKE
MARCH 17, 2023
6:00 PM - 7:30 PM
PRESTON ARTS CENTER",,,,image,entertainment,83816,2332,347,455.19
enriched_ad_2755,campaign_034,Top Green Fleet Nomination Today!,Submit your nomination for the Best Trucking Company in green today! Visit truckinginfo.com/green to learn more.,Visit now,facebook,,image,ecommerce,85357,1749,172,1160.96
enriched_ad_2756,campaign_022,Discover Your Passion for Music and TV,"Are you passionate about discovering new music or following your favorite TV series? Join TuneFind to submit songs, follow shows, ask questions, share playlists with friends, discover trending topics in the world of entertainment. Sign up now!",SIGN UP NOW,,,image,entertainment,97765,2355,444,852.74
enriched_ad_2757,campaign_029,Share Your Music Passion,"Love music? Love TV? Join TuneFind to submit songs, follow shows, ask questions, and much more. SIGN UP now!",SIGN UP NOW,,,image,entertainment,76597,1636,224,491.98
enriched_ad_2758,campaign_001,Primetre - ICREA Contenidos Para Tus Redes Sociales!,,,,,image,entertainment,33698,810,76,247.42
enriched_ad_2759,campaign_028,Find out what's in TV,"TVTechnology today, tomorrow, and in the future.",Subscribe Today!,,,image,entertainment,36999,956,153,266.34
enriched_ad_2760,campaign_030,Antec P20CO Mid-Tower E-ATX Gaming Case,A neways Amazon available now. Notec,,,,image,ecommerce,20538,317,29,361.46
enriched_ad_2761,campaign_045,GOGOOD YEAR READY FOR ANYTHING,(3) BRAKING HANDLING GRIP EAGLE F1 ASYMMETRIC 6 Auto EXPRESS TYRE TEST COMO CO 2022 (11),,,,image,ecommerce,65366,1059,51,1124.3
enriched_ad_2762,campaign_035,"SI UK",STUDYIN-UK.CA,Learn More,facebook,,image,ecommerce,47730,662,64,729.92
enriched_ad_2763,campaign_020,Mission Moments & More,,,,,image,ecommerce,62489,833,78,985.33
enriched_ad_2764,campaign_047,Inspiration for Faithful Living,United Methodist NOWI provides practical tools to help you celebrate and grow your faith.,Subscribe Now For Free Download,,,image,ecommerce,75845,1474,107,970.18
enriched_ad_2765,campaign_046,We Stand With You,,,,,image,,55181,591,55,966.45
enriched_ad_2766,campaign_028,Best Practices in the Utilization of Preventative Testing and Screening to Optimize Men’s Health,Listen now Patient Care,,,,image,healthcare,46244,672,41,902.43
enriched_ad_2767,campaign_024,Get Towing,We’ve got you covered. Get professional tow services to ensure the safety and security of your beloved vessel.,Shop Now,facebook,,image,ecommerce,40378,552,40,641.98
enriched_ad_2768,campaign_039,CHECK TODAY FOR DAILY DEALS,,Shop Now,,,image,ecommerce,20631,338,17,328.52
enriched_ad_2769,campaign_020,Charleston WTA,"CreditOne
Open
500
WHERE THE COURT MEETS THE COAST
Learn More
APRIL 1-9, 2023
after April 8th in Charleston, SC.",Learn More,,,image,entertainment,25132,401,75,179.34
enriched_ad_2770,campaign_016,Growth Built on a Strong Foundation,UTI Long Duration Fund NFO PERIOD: 6- 15 MARCH 2023 INVEST NOW uti UTI Mutual Fund 2015,INVEST NOW,,,image,ecommerce,96934,1777,148,1011.52
enriched_ad_2771,campaign_050,Custom Window Treatments Designed To Fit Your Space,"Discover the perfect window treatments for your home with our custom solutions. Our products are designed to fit any space, ensuring both beauty and functionality.",Book Now,,,image,ecommerce,81028,942,68,1435.41
enriched_ad_2772,campaign_032,Find Best Hotel Prices with ViaMichelin,[Image not provided],,,,image,ecommerce,54753,1135,97,573.96
enriched_ad_2773,campaign_033,Discover Best Hotel Prices with ViaMichelin,"Be it where you're going or on the road, ViaMichelin has all the hotels at the best prices. See more MICHELIN VIAMICHEIN C ** ***",,,,image,travel,22524,289,13,387.76
enriched_ad_2774,campaign_047,Sale! Save $50% on All Reservations!,"Book Now at Rada Plaza Resort & Suites, International Drive - Orlando",BOOK NOW!,,,image,ecommerce,49020,950,76,733.24
enriched_ad_2775,campaign_007,Madame Watson SL Mk III,your new centerpiece innovation at home.,,,,image,entertainment,48248,1078,169,339.84
enriched_ad_2776,campaign_005,"It's just","a shoe... }",Learn More,facebook,,image,ecommerce,59688,1189,98,591.58
enriched_ad_2777,campaign_023,VOGUE NEWSLETTER,,Subscribe Now,,,image,entertainment,95790,2612,311,631.43
enriched_ad_2778,campaign_040,Find New Roads,Victorville Chevrolet offers the latest in automotive innovation with our exclusive deals on new models. Don't miss out on this year's best cars at unbeatable prices.,Shop Now!,facebook,,image,ecommerce,71396,1247,121,1123.3
enriched_ad_2779,campaign_036,Injured? We'll fight for you!,"THEACCIDENTGUYS
YOUR INJURY ATTORNEYS (760) 201-1758 Our expert attorneys specialize in Car Accidents and Work Injuries. Talk to an attorney",,,,image,"legal services, personal injury lawyers",27951,452,28,367.55
enriched_ad_2780,campaign_032,FIND YOUR NEW 2023 FORD BRONCO SPORT AT DARLING’S!,,Click to shop now,,,image,automotive,82969,818,22,1586.96
enriched_ad_2781,campaign_046,LIVE NEWSCASTS and 24/7 Weather,"STREAMING ON WAFB+, AND The 9News App + Sponsored By Our Lady of the Lake Cancer Institute",,,,video,"entertainment, healthcare",35620,513,30,437.81
enriched_ad_2782,campaign_027,COOPERATI FARMERS CO-OP,"Alabama Farmers - Your Friendly Farm & Garden Supply Store For Over Eighty Years. Learn More About Products Cooperative, Inc., Established in Ear 1976.",Learn More,,,image,ecommerce,33230,388,27,444.28
enriched_ad_2783,campaign_041,Move-In Special! Get More & Pay Less for Boutique-Style Senior Living,,,,,image,ecommerce,24610,437,32,383.91
enriched_ad_2784,campaign_016,LIGHT AND CEILING FAN SUPER STORE,"DULLES
ELECTRIC
SUPPLY
Since 1985
The Mid-Atlantic's Largest Lighting Showroom
STOP IN TODAY!",,,,image,ecommerce,46325,941,70,487.05
enriched_ad_2785,campaign_012,Experience Watchmaking from March to April,> WATCHES AND WONDERS GENEVA OPEN TO THE PUBLIC 1-2 APRIL 2023 > Click here for more information,Click here,,,video,entertainment,95851,3359,523,778.08
enriched_ad_2786,campaign_029,WATCHES AND WONDERS GENEVA,Experience Watchmaking from 27 March to 2 April 2023. OPEN TO THE PUBLIC.,> Click here for more information,,,video,entertainment,80051,1575,230,483.57
enriched_ad_2787,campaign_042,AMEN FRANK FRIENDS SHOW,Watch the latest episode here! Subscribe for free on YouTube!,Subscribe for free on YouTube!,youtube,,video,entertainment,81826,1889,184,576.84
enriched_ad_2788,campaign_004,FRANK FRIENDS SHOW,Watch the latest episode here! Subscribe for free on YouTube!,Subscribe for free,youtube,,video,entertainment,38036,831,113,255.42
enriched_ad_2789,campaign_039,Save Up to $3000 on High-Efficiency HVAC System,Request an estimate for Constellation Home's high-efficiency HVAC system.,,,,image,home improvement/electrical appliances,31782,353,24,466.86
enriched_ad_2790,campaign_020,WEST SHORE - HOMEMADE AMERICA'S MOST ADMIRED HOME REMODELING BRANDⓇ,"Contactar Click For A Free Quote ALE PATROCROFL: CROIDES, OFC14DEGA: GOOD14 POIN PC MD MICH NICOH PLES PA PA Pis Contact HR #263 Hans Involvement Conor Lice D1000 TERPOP RP0",,,,image,home improvement/electrical/plumbing,63789,1095,75,900.83
enriched_ad_2791,campaign_010,CHAND THRAE BAND MR,"A A
CHAND THRAE BAND MR
6.7 BILLION
EDUCATION
ART
| PLAYING OUR LOTTERY",,,,video,"education, art",69196,1680,118,1170.67
enriched_ad_2792,campaign_045,The WCAX Bracket Challenge is Back!,"Starting March 13th, make your picks for a chance to WIN A 60"" TV! ENTER NOW!
Sponsored By:
NORTH COUNTRY
Honda Dealers",ENTER NOW!,,,image,entertainment,78754,1192,133,627.73
enriched_ad_2793,campaign_033,The WCAX Bracket Challenge Is Back!,"Starting March 13th, make your picks for a chance to WIN A 60"" TV! ENTER NOW!",ENTER NOW,,,image,entertainment,87753,2255,379,647.36
enriched_ad_2794,campaign_046,Winner of Voter’s Choice Awards! Best Medical Clinic,"Discover Omnis Health Clinic, the leading provider for Whole Health. Mind and body wellness at its finest.",Visit Us Today!,,,image,healthcare,84472,1034,50,1619.92
enriched_ad_2795,campaign_011,Enjoy $450 Bonus with High-Performance Checking Account,Receive your bonus when you open a new high-performance checking account and meet monthly requirements.,,,,image,finance,38309,415,11,860.69
enriched_ad_2796,campaign_049,Switch & Never Look Back,cibm BANK get when you open a High Performance Checking Account and meet qualifications EQUAL HOUSING LENDER MEMBER FDIC. $450,,,,image,finance,25434,232,9,705.66
enriched_ad_2797,campaign_040,DOUBLER BY GOLD RUSH,FLORIDA Lottery Sudrapanes Gold Rush sublet learn more,,,,image,ecommerce,76456,975,66,1283.25
enriched_ad_2798,campaign_030,WELLS FARGO CHAMPIONSHIP CHARLOTTES PREMIER TICKET,,BUY NOW,,,image,entertainment,81949,2014,362,626.39
enriched_ad_2799,campaign_041,2022 SILVERADO 1500 TRUCK SEASON 0% APR FOR WELL-QUALIFIED BUYERS,Must finance with GM Financial. Some customers may not qualify. Length of contract limited. Not available with lease and some other offers.,Learn More,,,image,ecommerce,41201,816,57,670.34
enriched_ad_2800,campaign_010,NEW LOCATION! Come see Woolvine Chrysler Dodge Jeep Ram's,,,,,image,automotive,91639,1383,38,1406.12
enriched_ad_2801,campaign_039,Bringing Generations Together In Christ,"Dr. Joey Brent, Pastor SAFTE DURCH Im Every Sunday Morning at 11AM on WDAM ABC Located on Hwy 98 across from Merit Health Wesley www.MainStreetBaptistChurch.org 601-296-8000 MAIN STREET",,,,image,religion,24387,338,20,316.34
enriched_ad_2802,campaign_011,Delaware's Home Show March 18-19 at Chase Center,"TheHomeOwnersExpo.com invites you to the DIY Network’s Stone House Revival, featuring Jeff Devlin.",CLICK TO LEARN MORE,,,image,ecommerce,29009,576,58,372.2
enriched_ad_2803,campaign_030,Kentucky Trailer,A Servant Leader Company We're Hiring Apply at What We Make Matters® Welders & Assemblers Apply at kytrailer.com,,,,image,ecommerce,62990,770,52,881.12
enriched_ad_2804,campaign_023,Kentucky Trailer - Hiring Welders and Assemblers,A Servant Leader Company. We're hiring welders & assemblers to join our team at KYTRAILER.COM.,Apply now!,,,image,ecommerce,57084,1190,119,999.93
enriched_ad_2805,campaign_012,THIS SEASON'S OUTSTANDING HAT-TRICK,"5.99% P.A INTEREST
2 NO DEPOSIT,
36 MONTHS TO PAY
3 YEAR WARRANTY SUZUKI KINGQUAD IN STOCK NOW.
FROM $13,999.",FIND OUT MORE T&Cs APPLY,,,image,ecommerce,94851,1632,168,925.43
enriched_ad_2806,campaign_016,Have you been to Boswell's lately?,BOSWELL'S HOME FURNISHINGS Come see what's new!,,,,image,ecommerce,75695,1127,54,845.36
enriched_ad_2807,campaign_014,School & Event Simmons - Closing Info Rockwell Nissan,,,,,image,ecommerce,80706,1149,97,1342.58
enriched_ad_2808,campaign_021,FSA Consulting - Pittsburgh’s Tech Concierge,"You want it done right, and we do too. Pittsburgh's Technology Concierge at your service.",,,,image,ecommerce,83090,1085,92,1406.48
enriched_ad_2809,campaign_041,RENEWAL by Andersen,Full-Service Window & Door Replacement KI $300 OFF $825 OFF Every Window* All Patio Doors+12 Months Special Financing* Ends 3/31/23. Conditions apply. Ask for details #CGC1527613,,,,image,ecommerce,69097,1203,67,872.59
enriched_ad_2810,campaign_004,A SPECIAL MEMBERSHIP OFFER FOR OUR MOST LOYAL READERS!,GET ONE MONTH,,,,image,ecommerce,21200,361,20,352.7
enriched_ad_2811,campaign_025,GLOBAL ASK ABOUT NO MONEYS DOWN PROGRAM,,CALL NOW!,,,image,ecommerce,73046,1184,67,1278.38
enriched_ad_2812,campaign_037,Join Telstra Plus,Earn points towards devices and more. Eligibility criteria apply.,,,,image,ecommerce,25584,352,32,451.06
enriched_ad_2813,campaign_016,WOODWARD DENTAL CARE,Changing lives through healthy smiles.,,,,image,healthcare,22055,394,30,555.41
enriched_ad_2814,campaign_022,We Value Mecklenburg County,Our community has grown. Learn more about your new property valuation.,,,,image,real_estate,54252,730,9,1621.07
enriched_ad_2815,campaign_002,Need A Tow? Call The Name You Know,(330) 652-8045,,,,image,ecommerce,61590,1011,72,881.91
enriched_ad_2816,campaign_030,BLEAK EXPECTATIONS,,Book Now,,,image,entertainment,46321,764,73,413.49
enriched_ad_2817,campaign_026,BLEAK EXPECTATIONS CRITERION THEATRE PERFORMANCES,,Book Now,,,image,entertainment,57055,1458,249,416.78
enriched_ad_2818,campaign_001,Saying goodbye is never easy.,"When it's time, tell your vet you want Pets at Peace. Petace - Peace Harris Find Out FUNERAL HOME, INC. MEMORIAL & CREMATION SERVICE LLC",,,,image,entertainment,38434,816,153,337.14
enriched_ad_2819,campaign_038,Saying goodbye is never easy.,"When it's time, tell your vet you want Pets at Peace. PAUL W
Pets
Peace Harris
Funeral Home, Inc.
Memorial & Cremation Service, LLC",,,,image,ecommerce,67988,1276,119,724.75
enriched_ad_2820,campaign_011,Fashion and Beauty,Delivered Daily SIGN UP NOW,,,,image,"fashion, beauty",78387,1086,110,879.26
enriched_ad_2821,campaign_020,"Style. Beauty, Good Vibes Only.",,,,,image,ecommerce,24089,479,45,407.0
enriched_ad_2822,campaign_001,"WEST HAM","UNITED LONDON (V EUROPA CONFERENCE LEAGUE™",Learn More,facebook,,image,ecommerce,21746,264,27,353.9
enriched_ad_2823,campaign_012,Long Lighting Consulting Group,"Consulting Group Maminating your way since 1996 Let Us Help with Your Next Lighting Project 2111 SW Belle Ave, Topeka (785) 272-0404",,,,image,ecommerce,72678,1389,117,1277.46
enriched_ad_2824,campaign_047,Menards Gift Cards,Discover endless possibilities with Menards gift cards. Shop online and enjoy exclusive deals at your favorite store.,Click Here to Order Online!,facebook,,image,ecommerce,30543,497,24,528.01
enriched_ad_2825,campaign_043,Murphy's Pub & Grill J&J Gaming Guinness Get Free Wings with Any Meal Purchase!,,Purchase Now,,,image,ecommerce,37787,707,47,375.64
enriched_ad_2826,campaign_023,HARDWOODS MAKE IT A HOMEI BUTCHER BLOCK TOPPER,Text or call 800-292-5937 the workbench.com Get Details MANSON Son mor],,,,image,ecommerce,28005,372,23,328.98
enriched_ad_2827,campaign_044,SPRING 2023 PARADE of HOMES,"FEBRUARY 25 - MARCH 19, 2023 MAGAZINE OFFICIAL GUIDE to CANADA'S BIGGEST AND BEST PARADE OF HOMES Manitoba Home Buders Association Free Press TOUR OVER 120 NEW HOMES READ NOW >",,,,image,ecommerce,37101,700,64,597.83
enriched_ad_2828,campaign_001,Tax Season is Here! All Winnipeggers Qualify for Digital News Subscription Tax Credit,All Winnipeg Free Press subscriptions qualify for the Digital News Subscription Tax Credit. Free Press YEARS LEARN MORE ►,Learn More,,,image,ecommerce,76762,1306,104,1099.12
enriched_ad_2829,campaign_035,Line That Doesn't Flinch When It's Kicked In The Knots,,,,,image,,31426,484,24,325.21
enriched_ad_2830,campaign_022,Home Theatre System,"Presented by Tec, Indiana Council on Problem Gambling Inc. Sign up by March 14th to enter.",Sign Up By March 14th,,,image,entertainment,50957,1303,171,289.65
enriched_ad_2831,campaign_010,"WED - PET WASTE GOES IN TRASH CANS, NOT ON LEAF PILES",,,,,image,ecommerce,80302,1340,97,1054.79
enriched_ad_2832,campaign_022,Teacher,"the Week
of
Meet the Teacher
of the Week
Wednesdays during WITN News at Sunrise or click here to visit the Teacher of the Week web site
NC Education Lottery WITN witn.com",,,,image,education,59465,1069,87,441.24
enriched_ad_2833,campaign_033,Save the Michaels of the World,We're here to help (716) 984-8375 Learn More,,,,image,ecommerce,56004,1035,95,745.47
enriched_ad_2834,campaign_030,Save the Michaels of the World,We're here to help (716) 984-8375 Learn More,,,,image,ecommerce,69686,1406,117,702.87
enriched_ad_2835,campaign_037,Good Morning Augusta! WJBF-TV,,,,,image,entertainment,93299,1689,238,602.79
enriched_ad_2836,campaign_036,WATERVIEW - THE BIG,CASINO & HOTEL. The Official Sponsor of WJTV's Coverage Of The Big Tournament.,,,,image,entertainment,85863,1546,170,512.51
enriched_ad_2837,campaign_038,Madison Cellars - Premium Wine & Spirits,The Official Sponsor of WJTV's Coverage of The Big Tournament. News focused on you.,,,,image,entertainment,95568,1578,231,839.19
enriched_ad_2838,campaign_029,Grand Opening Offers,Get limited-time introductory specials you won't want to miss.,Shop Now,,,image,ecommerce,59351,705,61,1025.94
enriched_ad_2839,campaign_029,Basketball Challenge Play Now!,,Play NOW! Sponsored by 1Cochran,,,video,ecommerce,83119,1968,190,835.99
enriched_ad_2840,campaign_050,Preserving Historic Beauty,"-83 E
MOBILE
BLP PAINTS
Serving the Gulf Coast for 100 Years",,,,image,ecommerce,75686,840,64,1177.0
enriched_ad_2841,campaign_039,Mobile Paints Coast,Serving the Gulf for over 100 years.,,,,image,ecommerce,20623,245,16,323.97
enriched_ad_2842,campaign_015,Support Local Journalism,Join us in supporting public media and journalism. Your contributions help keep the community informed.,Donate Now,facebook,,image,ecommerce,39349,437,35,566.23
enriched_ad_2843,campaign_022,A 2022 WNBA ACES CHAMPIONS,,SHOP NOW,,,image,ecommerce,68234,819,58,1207.82
enriched_ad_2844,campaign_034,"Fast, Easy, and Convenient","Bath, Window, and Door Remodeling at West Shore Home. Evening and weekend appointments available.",,,,image,ecommerce,57897,827,73,909.06
enriched_ad_2845,campaign_013,West Shore Home Remodeling Services,"Fast, easy and convenient. Bath, window, door remodeling with free design consultation available in the evenings & weekends.",Book an Appointment Today!,facebook,,image,ecommerce,45161,623,58,646.91
enriched_ad_2846,campaign_028,DVUV - Wood Powder Coating,"Discover the benefits of powder coated MDF components. Request sample for free, with start-to-finish service in just 20 minutes.",Request Sample,,,image,ecommerce,25029,293,18,287.45
enriched_ad_2847,campaign_012,FOSTER THE IDEAL COLLABORATOR,#Adopt Purelove THESHELTERPETPROJECT.ORG - MISSING YOUR TEAM? FOSTER THE IDEAL COLLABORATOR.,,,,image,entertainment,29234,444,60,230.12
enriched_ad_2848,campaign_036,MINISO Life is for FUN,,Click to Shop,,,image,ecommerce,86747,1809,157,988.59
enriched_ad_2849,campaign_020,Get WOWHEAD,"PREMIUM $2 A MONTH Enjoy an ad-free experience, unlock premium features & support the site!",,,,image,ecommerce,57156,950,79,744.27
enriched_ad_2850,campaign_021,Unlock Premium Features,"Enjoy an ad-free experience, unlock premium features and support the site! Get WOWHEAD PREMIUM for just $200 A MONTH.",,,,image,ecommerce,32155,386,25,516.6
enriched_ad_2851,campaign_041,SARTORY LINK. WENDA CON VTE PALMBEN FLONID COUNTY,Municipal Election Day is MARCH 14TH Find your polling location VotePalmBeach.gov,,,,image,ecommerce,28407,558,30,406.73
enriched_ad_2852,campaign_049,Experts on Your Side,"Click Here to View Columbus, Auburn/Opelska Experts",CLICK HERE,,,image,ecommerce,76595,1302,89,1252.7
enriched_ad_2853,campaign_022,College Basketball Picks,Pick the perfect bracket for college basketball. Win up to $1 million by signing up today.,Sign Up Today,,,image,entertainment,53423,834,148,357.84
enriched_ad_2854,campaign_011,U Pick Em,College Basketball Pick The Perfect Bracket Win $1 Million Sign Up Today,Sign Up Today,,,image,entertainment,21614,315,38,163.4
enriched_ad_2855,campaign_028,HEATING & AIR PLUMBING ELECTRICAL AIR QUALITY FREE AIR CONDITIONER WITH PURCHASE OF FURNACE *FOR A L,,BOOK NOW,,,image,ecommerce,42285,755,75,694.47
enriched_ad_2856,campaign_047,AMERICA'S MOST ADMIRED HOME REMODELING BRANDⓇ,"CLICK FOR A FREE QUOTE WEST SHORE Home ROCZNE, FL COCZESNE, OFCHEROSE, GA GOODOSTON, MPISHI, IN POND MCN 2000 NU NO #SHED ON PLATS PAPAD (2954 Phil Contacte L574HP20 TN Residential C#75672 Ingement Contractor Line #10 T: RMPITERAP",,,,image,home improvement/electrical/plumbing/furniture/fixtures/shelving and cabinetry/home remodeling services,34698,375,18,497.91
enriched_ad_2857,campaign_009,Geisinger Better Health Easier,,Learn More,,,image,healthcare,90941,914,65,2202.73
enriched_ad_2858,campaign_001,Geisinger Better Health Easier,,Learn More,,,image,healthcare,55849,684,31,1443.46
enriched_ad_2859,campaign_041,"$10 LOTTERY - WIN UP TO $10,000! Tiny Home",Details at wylottery.com Click for details Please play responsibly.,CLICK FOR DETAILS,,,video,ecommerce,78035,1436,123,1223.62
enriched_ad_2860,campaign_043,Shutterstock - Save 20% Sitewide,,Redeem Now,,,image,ecommerce,39968,578,43,668.38
enriched_ad_2861,campaign_037,Empa,"We Care Practice safety before, during, and after storms. Visit EMEPA Storm Center for tips to prepare.",,,,image,ecommerce,88512,1240,97,1119.82
enriched_ad_2862,campaign_045,"Together we","changed many 9 lives in 2022 goodwill goodwill LEARN MORE",Learn More,facebook,,image,ecommerce,52381,902,86,562.4
enriched_ad_2863,campaign_007,CAREER CE,Together we changed many lives in 2022 both 19 goodwill EN LEARN MORE,,,,image,ecommerce,20378,297,16,293.52
enriched_ad_2864,campaign_015,Nominate Your Favorite Businesses in Central/Eastern Kentucky!,,Nominate Now,,,image,ecommerce,27706,361,36,376.41
enriched_ad_2865,campaign_041,Gentiva G - Care that Helps Make Every Moment Count,"gentiva G offers comprehensive care solutions to help you make the most of every moment. Whether you're looking for hospice services or other forms of compassionate support, gentiva G is here to assist.",CALL NOW 1-866-973-3169 HOSPICE,,,image,healthcare,58249,716,39,1504.52
enriched_ad_2866,campaign_048,CAROLINA CARE,Urgent Care Sports Medicine Aesthetics,,,,image,healthcare,32496,415,31,657.6
enriched_ad_2867,campaign_002,Get Back in the Game,URGENT CARE SPORTS MEDICINE CAROLINA CARE,,,,image,healthcare,47264,593,31,1175.73
enriched_ad_2868,campaign_050,BIOGRAPHY W LEGENDS,,Watch Next Day On The A&E App,,,video,entertainment,28414,548,89,232.12
enriched_ad_2869,campaign_005,Decanter - Bordeaux 2020,"Premium selection of the best-scoring wines from Bordeaux 2020, full overview in one place.",,,,image,ecommerce,70063,1133,87,1163.82
enriched_ad_2870,campaign_026,Apple Watchで登山体験が変わる!,,,,,video,entertainment,76274,2767,266,506.57
enriched_ad_2871,campaign_025,Win $2400,NOMINATE YOUR HERO!,,,,image,entertainment,25981,592,62,226.43
enriched_ad_2872,campaign_017,Shriners Children's™,"Hosted by Raychel Adiutori, LIVE March 14 FROM the Millick Creek Mall at JET24. Event time is from 5PM-6:30PM.",,,,image,entertainment,57248,1137,154,466.01
enriched_ad_2873,campaign_036,Subscribe to OVO,Weekly and Monthly Horoscopes Free Delivery to your Mailbox.,Subscribe Now,,,image,entertainment,82680,1634,194,473.56
enriched_ad_2874,campaign_008,Astrologi Signs Zodiac Subscribe,Weekly and Monthly Horoscopes Free Delivery to your Mailbox. Subscribe Now,Subscribe Now,,,image,entertainment,94633,2583,248,781.84
enriched_ad_2875,campaign_035,ESSAY CONTEST,NAVAL HISTORY Sponsored by General Dynamics Deadline: 31 May 2023 More Details Here OTO CARDY 00:0,,,,image,education,30627,476,71,355.51
enriched_ad_2876,campaign_023,EST TATER TOT SQUEALS THE SHOW OLS ADAPTIVE GOLF,,,,,image,entertainment,52360,1273,220,402.73
enriched_ad_2877,campaign_042,FAAOS Qualified Surgeons FIND YOURS,,,,,image,ecommerce,33933,527,25,544.0
enriched_ad_2878,campaign_001,Find cheap gas near you! Right here in YP app.,,Download Now,,,image,ecommerce,55179,1043,55,637.88
enriched_ad_2879,campaign_041,Together We Can Fill Their Fridge,Donate Now TOGETHER WE'RE Ad Council FEEDING AMERICA,,,,image,ecommerce,87239,1621,104,1278.01
enriched_ad_2880,campaign_019,Click Chemistry Tools,,,,,image,ecommerce,80034,850,52,1032.28
enriched_ad_2881,campaign_016,Royal Society of Chemistry RSC Select,On-demand access to groundbreaking research.,,,,image,education,40947,959,116,408.48
enriched_ad_2882,campaign_042,Trending Podcasts in Healthcare,,Download Now,,,image,healthcare,82752,1253,49,2169.51
enriched_ad_2883,campaign_029,NEVER MISS A STORY,SUBSCRIBE NOW MY BEST BODY A CHOW SHEL SAVED HER ITWA MARRIAGE OUDING ALBUM! wwwwww Wida POLK HOLL GROWING UP ROYAL!,,,,image,,71301,1076,56,767.49
enriched_ad_2884,campaign_044,BEST BODY! - KO NEVER MISS A STORY,www.rink.com/how-she/saved-his-marriage-album!/ums/bausmi/dogod/minist/cono/pentumshow/wedding-up-royal-subscribe-now-dikey-pe,SUBSCRIBE NOW,,,image,ecommerce,66946,1107,98,827.66
enriched_ad_2885,campaign_034,Show Them Your Support Operation Gratitude,,,,,image,,93108,1515,87,1223.74
enriched_ad_2886,campaign_024,World Report,Find the best hotel for your next adventure. Search now.,,,,image,travel,55321,1165,54,774.98
enriched_ad_2887,campaign_045,Poetry.com Presents,POETRY CONTEST A CHANCE TO WIN CASH PRIZES FOR YOUR POETRY! www.poetry.com/contest,,,,image,entertainment,95748,2121,340,515.74
enriched_ad_2888,campaign_037,Top Sports Betting Promo and Bonus Codes,"Get exclusive promo codes for top sports betting sites. Enjoy bonuses, cashback offers, free bets, deposit matches & more.",GET CODES NOW!,,,image,ecommerce,69783,1391,124,926.07
enriched_ad_2889,campaign_028,Try Before You Buy,"Borrow products from our $3,000,000 Audiophile Lending Library and hear the difference the right cables make in your system. Featuring high-end cables, power cords & more!",,,,image,ecommerce,86472,1458,70,1360.46
enriched_ad_2890,campaign_007,ANDANTE - TRAVELS WITH THE NUMBER 1 TOUR OPERATOR FOR ARCHAEOLOGY,,,,,image,travel,60304,1053,55,1138.5
enriched_ad_2891,campaign_009,Baby Center Tizz,,,,,image,ecommerce,98292,1933,189,1615.04
enriched_ad_2892,campaign_036,babycenter.,,Learn More,facebook,,image,ecommerce,86477,1766,95,1207.52
enriched_ad_2893,campaign_050,SHOTGUN + OPTIC,940 Pro Tactical Micro Dot Combo NOCT © 940 PRO LEARN MORE MOSSBERG,,,,image,ecommerce,91321,1036,106,1050.14
enriched_ad_2894,campaign_026,All-New Design,"Patriot™ LR Tactical ADJUSTABLE, CUSTOMIZABLE LONG RANGE RIFLES LEARN Mossberg More",,,,image,ecommerce,84990,1202,62,945.64
enriched_ad_2895,campaign_044,Aspire to Lower Our Carbon Emissions,We aspire to lower our carbon emissions to net zero by 2045 and help others do the same. See how PUGET PSE SOUND ENERGY can assist you in achieving this goal.,,,,image,environmental_sustainability,21605,341,19,263.81
enriched_ad_2896,campaign_009,Suzuki Marine Limited Warranty,Now Offering Suzuki Marine with limited warranty for up to five years.,,,,image,automotive,52587,698,23,693.6
enriched_ad_2897,campaign_031,Inspiration Sent Daily to Your Inbox!,The KJV Verse of the Day Bible Gateway SIGN UP NOW,Sign Up Now,,,image,education,89748,2034,158,983.62
enriched_ad_2898,campaign_033,Sign Up Now,Inspiration sent daily to your INBOX! The KJV VERSE of the DAY Bible Gateway Sign Up Now,Sign Up Now,,,image,education,85344,2064,233,634.17
enriched_ad_2899,campaign_004,Free Fonts Available Only For Limited Time,,Get Them Today,,,image,ecommerce,31325,522,49,550.7
enriched_ad_2900,campaign_050,SHOP THESE DEALS NOW! UP TO 80% OFF!,,Shop Now,,,image,ecommerce,70507,767,56,1231.74
enriched_ad_2901,campaign_021,SHOP THESE DEALS NOW!,,Shop now,,,image,ecommerce,92126,977,77,966.95
enriched_ad_2902,campaign_025,10 ATHLETE WENS & OF THE WEEK PRESENTED BY encova,Do you know a high school athlete that makes an impact on his or her community? Your nominee could be Encova Insurance's Athlete of the Week! Encova is proud to support Central Ohio's future leaders.,Nominate Now,,,image,ecommerce,87727,1692,173,1321.21
enriched_ad_2903,campaign_015,A Brand New Home for Cosmetic Surgery,"Schedule a Consultation at CHRISTUS in Southeast Texas, specializing in Plastic and Reconstructive Surgery.",Book Now,,,image,healthcare,89685,1421,85,1925.52
enriched_ad_2904,campaign_004,Just Got A Lift,Cosmetic surgery at CHRISTUS in Southeast Texas offers Plastic and Reconstructive Surgery services.,Schedule a Consultation,,,image,healthcare,72543,1353,58,1170.54
enriched_ad_2905,campaign_036,Join Our Family at Wood County Hospital,"Depend on us. Now Hiring $10,000* Medical Laboratory Scientists in Small-Town Community with Big-City Technology Sign-On Paid Upon Hire *For Eligible Positions Forbes 2012 America's Best-In-State Employers",,,,image,healthcare,29846,495,18,798.63
enriched_ad_2906,campaign_046,BEST Achieved the highest standards,HOSPITALS WOMEN'S CHOICE AWARD LEARN MORE BARIATRIC SURGERY 2023 The Center for IM Weight Loss Surgery AT WOOD COUNTY HOSPITAL,LEARN MORE,,,image,healthcare,20835,308,22,330.2
enriched_ad_2907,campaign_007,Corsaw Wood Lumber Inc.,"High-quality lumber for your construction needs. Located at 26015 N County Hwy 2, Smithfield, IL",,,,image,ecommerce,95958,1675,82,1727.1
enriched_ad_2908,campaign_046,FIND THE ONE,,,,,image,,67518,712,43,1052.45
enriched_ad_2909,campaign_007,Foster Adopt Rescue Advocate,,,,,image,"non-profit, animal welfare",20915,230,14,351.12
enriched_ad_2910,campaign_050,WHIT TO,,Subscribe Now,,,image,ecommerce,25434,428,32,375.91
enriched_ad_2911,campaign_042,AHEAD GAME OF THE SATURDAYS IN MARCH,,Learn More,,,image,ecommerce,29555,375,20,433.28
enriched_ad_2912,campaign_036,501 BRACKET,"OMADNESS FILL OUT YOUR BRACKET NOW FOR YOUR CHANCE TO WIN $1,000 SPONSORED BY CHOCTAW CASINOS & RESORTS","Fill Out Your Bracket Now For Your Chance to Win $1,000 Sponsored By Choctaw Casinos & Resorts",,,image,ecommerce,25655,277,27,381.57
enriched_ad_2913,campaign_029,Snowy Adventures Tune-In Thursdays on Four,,,,,image,entertainment,88076,1312,122,433.01
enriched_ad_2914,campaign_029,Sony A New Generation of 4K 3D/2D Displays for Neurology,,,,,video,electronics/electronic components/smart tvs and monitors,81752,1922,198,1107.67
enriched_ad_2915,campaign_015,Rare Mopar Parts,The Best Place to Get Hard-to-Find Mopar Parts - Discover exclusive deals and high-quality parts for your vehicle.,Shop Now,,,image,automotive,33922,331,11,732.98
enriched_ad_2916,campaign_045,Wealth Management with Stephen & Kyle Lynch,"It all starts with the right strategy. Stephen Lynch and Kyle Lynch, both registered representatives, offer services via United Planners Financial Services.",,,,image,ecommerce,33124,483,43,407.74
enriched_ad_2917,campaign_011,Support Clean Energy,New Mexico leaders support clean energy and work for the benefit of all New Mexicans. Ma is paid by NRDC Action Fund.,,,,image,"environmental advocacy, renewable energy",24215,493,24,267.21
enriched_ad_2918,campaign_005,BUSINESS LOANS BUILT FOR YOU,Century Bank offers tailored business loans to suit your needs.,,,,image,finance,35018,246,12,1139.3
enriched_ad_2919,campaign_009,Reimagine Your Accounting Workflows,Tasks Do .. Learn More AVISE,,,,image,,49495,756,60,814.07
enriched_ad_2920,campaign_001,Reimagine Your Accounting Workflows,Tasks .. Claim Free Trial AVISE,,,,image,ecommerce,81836,1473,116,1131.05
enriched_ad_2921,campaign_009,"Small Clients, Small Profits. Not anymore",From only £2 a month Find out more xero,,,,image,ecommerce,25352,351,34,432.89
enriched_ad_2922,campaign_041,Xero - Make Personal Tax Less Taxing,Discover how to simplify your taxes and save time by using our easy-to-use platform.,Learn More,,,image,ecommerce,33285,390,37,435.97
enriched_ad_2923,campaign_021,It's Snow Season. Stay Ahead of the Storm.,AccuWeather - It's snowing! Get ready for up to 4-8 inches in snowfall this season with AccuWeather's latest updates and forecasts. Don't let winter catch you off guard; stay ahead by downloading our app today!,Get the App,,,image,ecommerce,27722,328,18,340.44
enriched_ad_2924,campaign_025,Smart Care O Design Build & Repair,,,,,image,ecommerce,59654,880,52,792.94
enriched_ad_2925,campaign_033,COTOSEN up to 50% OFF,,Shop Now >>,,,image,ecommerce,74090,1344,115,781.22
enriched_ad_2926,campaign_008,Spring Market,"AGRICENTER INTERNATIONAL / MEMPHIS, TN MARCH 31 APRIL, 1 & 2 Please visit us for the Spring Festival!",,,,image,ecommerce,94486,1653,87,1667.42
enriched_ad_2927,campaign_028,EVERY ATTEMPT GETS YOU CLOSER TO QUITTING FOR GOOD,CALIFORNIA SMOKERS HELPLINE 1-800-NEW-START YOU'VE GOT THIS,,,,image,healthcare,67456,1289,63,1184.2
enriched_ad_2928,campaign_023,Scientific Sessions on Demand,"American Heart Association. AHA22 Anytime, Anywhere Instant Scientific Sessions On-Demand INSTANTLY Watch 300+ Sessions Purchase Today!",Purchase Today!,,,video,ecommerce,25725,503,25,299.9
enriched_ad_2929,campaign_022,"-Pulse","DIGITAL MAGAZINE FOR NURSES IN THE SOUTHEAST +",Learn More,facebook,,image,ecommerce,73317,1232,111,1245.35
enriched_ad_2930,campaign_044,Medtronic Power,"Discover the revolutionary Medtronic Phenom™, designed for enhanced performance and reliability.",Shop Now,,,image,ecommerce,34132,379,18,435.13
enriched_ad_2931,campaign_043,Sudoku,Fresh new puzzles every day The best online sudoku player Download free puzzle books 23 9 8 3 7 Take a break at www.7Sudoku.com 1 9,,,,video,entertainment,23668,598,70,186.53
enriched_ad_2932,campaign_016,Your Small Business Advantage,"Real Business Owners, Real Business Advice! Newsletter Sign Up",,,,image,ecommerce,31169,374,33,412.56
enriched_ad_2933,campaign_006,Celero - Powerful Payment Solutions,"Drive loan, deposit, and fee income growth for your institution with our powerful payment solutions.",Learn More,,,image,ecommerce,55519,663,49,878.35
enriched_ad_2934,campaign_025,REGISTER NOW,"COVID-19 TESTS
8 FREE At-Home Tests
FREE SHIPPING
FAST & RELIABLE
tampa Bay Diagnostic Institute is certified under CLIA (CLIA# 10D2238542)",,,,image,healthcare,42368,484,32,639.88
enriched_ad_2935,campaign_031,CLEARAUDIO HIGH ENDI MARTESANANY,20000 INTRODUCING LIMITED EDITION REFERENCE JUBILEE,,,,image,,95287,1975,198,1435.6
enriched_ad_2936,campaign_018,NEW COLORSILK,DIGITONES™ Intense shine REVLON S COLORSILK PRE-ING LORSILK MAKE YOUR MOVE Shop Now,Shop Now,,,image,ecommerce,23111,455,30,399.98
enriched_ad_2937,campaign_018,What to Watch on Titan,"Find out what's on TV, no matter how you watch TV.",,,,video,entertainment,97355,2796,425,529.96
enriched_ad_2938,campaign_024,What's On,,,,,image,entertainment,46922,809,147,233.71
enriched_ad_2939,campaign_014,Get the Best Racing Tips,"Receive top-notch racing tips directly to your inbox daily. Sign up for our newsletter and start enjoying free, expert advice on improving your race strategies.",Sign Up Free,,,image,entertainment,34104,843,161,172.97
enriched_ad_2940,campaign_031,Stream Your Favorite Content,"Discover the convenience of streaming with just three easy steps! Begin by clicking 'Start', then activate your account, and finally access all your favorite entertainment. Enjoy seamless viewing experience on our platform.",Click to Start Streaming Now!,facebook,,video,entertainment,63330,1510,163,337.36
enriched_ad_2941,campaign_019,CUSTOM WINDOW TREATMENTS Designed To Fit Your Space,"Buy 1 Get 1, Book Now, You’ll Love The Treatment. 3DAYBLINDS",Book Now,,,image,ecommerce,60915,654,36,1013.52
enriched_ad_2942,campaign_013,MARCH MANIA - WIN$1 MILLION,Arkansas Democrat Gazette invites you to participate in the March Madness College Basketball Bracket Challenge. Register now and stand out from millions of other participants.,REGISTER NOW,,,video,entertainment,44897,886,96,342.61
enriched_ad_2943,campaign_026,WIN $1 MILLION FOR THE PERFECT BRACKET,PRIZE MONEY NOT PROVIDED BY THE ARKANSAS DEMOCRAT-GAZETTE. MARCH COLLEGE BASKETBALL 3-IN-1 BRACKET CHALLENGE SPONSORED BY OOOO OAKLAWN RACING CASINO RESORT.,REGISTER NOW,,,video,entertainment,32418,1096,212,172.32
enriched_ad_2944,campaign_016,Sign up for Artist Alerts,from Artnet. Learn More,,,,image,ecommerce,37545,758,58,512.36
enriched_ad_2945,campaign_041,SWANN AUCTION GALLERIES,"19th & 20th Century Art Featuring Dada & Surrealism At Auction March 23 Bid Now Salvador Dalí, 1973. $7,000 to $10,000.",Bid Now,,,image,ecommerce,61951,893,68,1008.23
enriched_ad_2946,campaign_014,SWANN AUCTION GALLER LERIES DINNER,"George Grosz, circa 1933. $20,000 to $30,000.
19th & 20th Century Art:
Featuring Dada & Surrealism
At Auction March 23
Bid Now",Bid Now,,,image,ecommerce,64137,749,48,818.1
enriched_ad_2947,campaign_050,BECOME A BETTER MAN IN 30 DAYS,"Buy Now - Transform into the man you aspire to be in just thirty days. Discover how with our exclusive program designed by Mag, your journey towards becoming more confident and self-assured begins here.",BUY NOW,,,image,ecommerce,61738,716,55,1045.27
enriched_ad_2948,campaign_026,The Art of Manliness Collection,Manlines - The Art Of Manliness Collection. A boxed set signed by Brett McKay.,Buy Now,,,image,entertainment,48479,1233,192,286.31
enriched_ad_2949,campaign_017,The Illustrated ART of Manliness,Brett McKay and Ted Slameyak,,,,image,entertainment,34472,719,110,207.3
enriched_ad_2950,campaign_049,Commission Rates and Property Management Issues,"Explore the complexities of managing properties, from understanding different types of commissions to addressing common property management challenges.",,,,image,real_estate,93875,789,19,2748.3
enriched_ad_2951,campaign_031,YOU HAVE THE POWER,"43 LAWYERS ON STAFF
POWERFUL INJURY LAWYERS
ONE CALL, THAT'S ALL!
1-800-CALL KEN OVER $1.5 BILLION RECOVERED",,,,image,ecommerce,77856,1467,114,830.49
enriched_ad_2952,campaign_019,BEHIND THE CAMERA WITH CASPER RUUD BREAK POINT WATCH ON NETFLIX,,,,,video,entertainment,81905,1863,324,441.74
enriched_ad_2953,campaign_011,BEHIND THE CAMERA,WITH MATTEO BERRETTINI BREAK POINT WATCH ON NETFLIX,,,,video,entertainment,29633,611,98,266.32
enriched_ad_2954,campaign_029,DOC LAB Incorporated,We are your answer for in-house urology laboratory testing. How can Molecular Diagnostic tests be reimbursed successfully under the new MolDX LCD?,LEARN MORE,,,image,ecommerce,53801,660,55,773.21
enriched_ad_2955,campaign_046,DOC LAB Incorporated - In-house Urology Laboratory Testing,We are your answer for in-house urology laboratory testing. How can Molecular Diagnostic tests be reimbursed successfully under the new MoIDX LCD?,LEARN MORE,,,image,ecommerce,76141,1445,149,940.16
enriched_ad_2956,campaign_017,Strange Luck,Discover the unusual and unexpected with STRANGE. Join us at luckpresents.com for exclusive events in Willie Nelson's lucky Texas.,Join Now!,facebook,,image,entertainment,52202,1317,188,279.22
enriched_ad_2957,campaign_024,Shop Now,"8 Hookey 2, 12, 13, 10 CHECK OUT OUR BRAND NEW ONLINE STORE",,,,image,,64779,934,79,708.88
enriched_ad_2958,campaign_034,Explore Quark Expeditions,Join us on our polar expeditions and discover new frontiers. Experience adventure like never before.,Book Your Expedition Now,facebook,,image,travel,38079,726,60,567.8
enriched_ad_2959,campaign_036,HONDA The Power of Dreams,THINKS ABOUT THE NEXT MOVE. SEES FURTHER. SEES AHEAD. THINKS AHEAD New Honda Sensing Enabled City and City e:HEV BOOK NOW NEW CITY NEW CITY e: HEV,BOOK NOW,,,image,ecommerce,92608,1256,112,1402.68
enriched_ad_2960,campaign_006,THE POWER OF DREAMS,THINKS AHEAD The New Honda Sensing Enabled City and City e:HEV BOOK NOW CITY CITY,BOOK NOW,,,image,ecommerce,54804,1083,111,725.52
enriched_ad_2961,campaign_030,Auto Service Professional,Used by technicians and dealers alike.,,,,image,automotive,22612,300,11,408.96
enriched_ad_2962,campaign_039,Things I've Never Asked,My Girlfriend of Three Years About Her Childhood And High School Years by Kayla Kumari Upadhyaya AUTOSTRADDLE Join A+ for just $30/yr and get access to our exclusive content! READ NOW,READ NOW,,,image,entertainment,21398,321,56,113.87
enriched_ad_2963,campaign_046,AUTOSTRADDLE,A+ Roundtable Do We Have Kids? Do We Want to Have Kids?,Join A+ for just $30/yr and get access to our exclusive content!,,,image,entertainment,80614,1257,221,544.87
enriched_ad_2964,campaign_026,U.S. Airport Professional Program,Earn your U.S.Apprisal Accreditation with ACT in North America.,,,,image,education,41865,712,79,470.32
enriched_ad_2965,campaign_016,"Innovation, Performance, & Value","HSU RESEARCH ULS-15 MK2 Buying my review sample Juan C. Ayllon, Ayllon Media, Oct 2015",,,,image,ecommerce,29626,456,29,431.8
enriched_ad_2966,campaign_035,Need Support Taking Care of Loved One?,See if the Arizona Family Caregiver Reimbursement Program can help,,,,image,healthcare,98087,1597,72,2077.05
enriched_ad_2967,campaign_001,The State of Scientific Marketing '23,'23 Market Report Download AZO Network,Download Now,,,image,ecommerce,55264,651,43,635.11
enriched_ad_2968,campaign_018,Network Media Kit 2023,"Content Creation, Digital Marketing and Advertising solutions to create once. AZO Network distributes this media kit indefinitely.",Download Now,,,image,ecommerce,92397,1154,93,912.56
enriched_ad_2969,campaign_024,New ChickSafe Automatic Coop Door Openers by Brinsea,"If a hen could choose... Brinsea is adding the NEW ChickSafe automatic coop door openers to its range of incubators, brooders, egg candlers and starter kits. All with 3 year warranty.",,,,image,ecommerce,38888,548,27,696.1
enriched_ad_2970,campaign_050,Join MumsNet Panel,Love to share your opinion? Get rewarded with free products and prizes draws when you join our panel mumsnet voices.,,,,image,ecommerce,37058,394,24,662.46
enriched_ad_2971,campaign_002,MOSSBERG MC2c Compact,"MC2sc Micro-Compact, LEARN MORE OPTIC-READY. CARRY-READY.",LEARN MORE,,,image,ecommerce,64288,928,49,798.6
enriched_ad_2972,campaign_029,Home Services provided by Apex Builders Group,Mid-Atlantic Premier Builder | apexbuildersgrp.com | info@apexbuildersgrp.com | 443.850.6885,,,,image,construction/everyday-services/home-improvement,38278,627,31,668.89
enriched_ad_2973,campaign_013,STACY'S PITA CHIPS RISE,Stacy's Pita Chips is a proud sponsor of the Sundance Film Festival. Watch Now.,,,,video,food and beverage,66751,1669,159,1133.37
enriched_ad_2974,campaign_032,Patch Aid - Large Selection of Bariatric Vitamins and Minerals,"Discover our extensive range of bariatric vitamins and minerals available in convenient patch form. Our products include essential nutrients like Vitamin D3, Calcium Potch.",Shop Now,facebook,,image,ecommerce,77780,871,81,1173.91
enriched_ad_2975,campaign_041,Things From Japan That Foreigners Can't Grasp,,,,,image,ecommerce,46516,798,80,687.49
enriched_ad_2976,campaign_029,The World's Most Powerful Television Radar,KLYSTRON - The World’s Most Powerful TELEVISION RADAR. Click to View Spectrum News 9.,,,,image,entertainment,39683,950,148,215.28
enriched_ad_2977,campaign_042,The World's Most Powerful Television Radar,KLYSTRON 9 - The world's most powerful television radar. Click to view Spectrum News 9 exclusively on Spectrum.,,,,image,entertainment,63750,1392,246,539.99
enriched_ad_2978,campaign_003,YOU FROM THE 'LAND? 205 YOU BET.,"-34 DEPOSIT $200, GET $250 tipico SPORTSBOOK Bet Now USA TODAY Sports Terms Apply. 21+ only. Gambling problem?",Bet Now,,,image,entertainment,74390,1567,213,421.36
enriched_ad_2979,campaign_037,Grow Your Savings with CD Specials,"4.25% for 25 months
4.25% for 13 months
VIEW DETAILS
First Fed Member FDIC | Equal Housing Lender
APY is Annual Percentage Yield",,,,image,finance,95250,1050,28,2858.91
enriched_ad_2980,campaign_027,BETFRED - SPORTSBOOK KB,MUST BE 21+ WAGERS ONLY ACCEPTED IN OH GAMBLING PROBLEM? CALL OHIO PROBLEM GAMBLING HELPLINE AT 1-800-589-9966.,DOWNLOAD HERE,,,image,ecommerce,91722,1557,153,1449.89
enriched_ad_2981,campaign_015,Urgent Medical Care When You Need It The Most,More,,,,image,healthcare,74352,1233,92,1736.14
enriched_ad_2982,campaign_006,BLACKVUE DASH CAMERAS,All-in-one 4K UHD FIDELITY AND LTE CONNECTIVITY BlackVue DR 970 X LTE SERIES Learn More 4K LTE 4K 4G UHD LTE,Learn More,,,image,ecommerce,39825,432,22,668.1
enriched_ad_2983,campaign_003,EURO BISNIS MELESAT,DENGAN TEPAT NEW FE 74 HOS A CANTER FE 71 FUSO INFORMASI SELENGKAPNYA KLIK DISINI,,,,image,ecommerce,47547,520,24,832.6
enriched_ad_2984,campaign_018,Fortune Summit,Multi-stakeholder Platform for Impactful Business Decision Makers Conference Exhibition Networking Night Businessperson of The Year-40 Under 40 Change The World Awarding 15-16 March 2023 | The Tribrate Dormowongso Jakarta See your IDN MEDIA GENTA SATU COM,,,,image,"ecommerce, saas, education, healthcare, finance, entertainment, travel, food, automotive, real_estate",47471,672,33,470.66
enriched_ad_2985,campaign_011,The First Annual Robert Swann Lecture,"SCHUMACHER ""Shifting Focus: Organizing for an Ecosocialist Future"" featuring Kali Akuno Author, activist and Cooperation Jackson Co-Founder Sunday, Mar. 26 at 7:00 PM Saint James Place, Great Barrington REGISTER FOR FREE CENTER for a new economics",REGISTER FOR FREE,,,image,education,77554,1291,158,660.58
enriched_ad_2986,campaign_018,Family of Dealerships,"Discover the Haddad family of dealerships, offering unparalleled service and support. Join us in March Madness with Mega Sweepstakes!",Shop Now,facebook,,image,ecommerce,89695,1539,145,1605.64
enriched_ad_2987,campaign_047,FREE DEVOTIONAL,A quiet time tool for busy moms from Focus on the Family The Jung melalud Download Now FOCUS FAMILY.,Download Now,,,image,ecommerce,93533,1308,128,1141.64
enriched_ad_2988,campaign_024,Date Night in NYC,Discover the ultimate date night experience with us. Where to have an unforgettable evening together.,Read More On Eater,,,image,entertainment,24365,512,88,185.21
enriched_ad_2989,campaign_021,Day by Day Devotionals,"One year, BY day devotions Grace Theated Jour Chris. Bob Hoekstra BOB HOOKSTRA MORE INFO.",,,,image,education,77245,1251,99,755.83
enriched_ad_2990,campaign_027,Join Our Panel for Rewards,Love to share your opinion? Get rewarded with free products and prizes draws when you join our panel. Register now on mumsnet.,Register Now,facebook,,image,ecommerce,75539,993,62,981.37
enriched_ad_2991,campaign_015,30-Day Returns Textbooks,,,,,image,education,91434,1239,111,951.66
enriched_ad_2992,campaign_044,It's Up To You,Its up to you it's okay to question Now get the facts on COVID-19 vaccines. GetVaccineAnswers.org ad COUNCIL,,,,image,healthcare,48993,790,46,1203.36
enriched_ad_2993,campaign_029,Spring Craft Festival,"March 18 & 19 at Shriner's Auditorium in Wilmington, MA. Arts ~ Crafts ~ Specialty Foods.",,,,image,entertainment,51785,1104,134,274.06
enriched_ad_2994,campaign_043,Under Armour,The new season is right around the corner. Get the gear you need to get out in front of it.,Shop Now,,,image,ecommerce,62718,1110,86,802.26
enriched_ad_2995,campaign_042,A MOUNTAIN OF ENTERTAINMENT™ CRIMINAL MINDS:,EVOLUTION * 1923 * FANTASY FOOTBALL EXCLUSIVELY ON mount+ TRY IT FREE,,,,image,entertainment,53868,1130,187,328.39
enriched_ad_2996,campaign_003,CAN YOU BEAT THE SPREAD?,CHECK OUT THE LATEST ODDS AND SPORTS BETTING ANALYSIS. MAKE YOUR PICKS,,,,image,entertainment,74263,1194,159,496.08
enriched_ad_2997,campaign_032,ONE-STOP CAN SHOP,"Sleeved Printed • Brites
SOURCE COLLABORATE COFFEE
0 REAT DIVIDE RELEASE Craft beverages that look as good as they taste.
NEED CANS?",,,,image,ecommerce,70149,1176,96,940.07
enriched_ad_2998,campaign_045,ONE-STOP CAN SHOP. Sleeved Printed Brites,can SOURCE COFFEE E BREWED AND CANNED GREAT DIVIDE www LIMITE mmmmm COLLABORATION AVA P O Craft beverages that look as good as they taste. NEED CANS?,,,,image,"ecommerce, food",61937,882,57,903.63
enriched_ad_2999,campaign_022,Get Cash Back When You Buy a Home,Discover the benefits of buying your dream home with Prevu. Get cash back on top of it all!,Learn More,,,image,real_estate,48124,713,8,1174.82
enriched_ad_3000,campaign_033,Ivw Forums,,,,,image,entertainment,56556,978,189,380.58
