ad_id,campaign_id,headline_text,body_text,call_to_action,platform,placement,ad_format,category,impressions,clicks,conversions,spend
enriched_ad_1001,campaign_005,"NeatInvoices™","One simple tool for every invoice & every payment O PAID Sign up now, it's free....really! neat®",Learn More,facebook,,image,ecommerce,59050,1185,90,864.97
enriched_ad_1002,campaign_022,DIGITAL TRENDS Best Fitness Trackers,Discover the latest in digital trends with our top-rated best fitness trackers. Stay ahead of time and monitor your health effortlessly.,,,,image,ecommerce,49333,720,73,556.06
enriched_ad_1003,campaign_033,TAKE CARE WITH WHOLE BODY WELLNESS THERAFLU,MAIL.COPION abreva THERATU FLONASE Robitussin Emergenc IMMUNE NASE Available at Publix SAVE NOW ADVIL Elderberry gsk WINC CHA EXCEDRIN Use products as directed.,,,,image,ecommerce,83470,1502,149,1018.32
enriched_ad_1004,campaign_015,Black Friday Sale - Up to 70% OFF,,Shop Now,,,image,ecommerce,21307,297,18,326.35
enriched_ad_1005,campaign_034,NeatInvoices™ - One Simple Tool,Every Invoice & Every Payment Made Easy. Sign Up Now for Free!,"Sign up now, it's free....really! VOID PAID neat",,,image,ecommerce,49483,814,49,703.81
enriched_ad_1006,campaign_024,Today's Refinance Rate,"1.997% - NO REGISTRATION, NO LOGIN - NO SSN REQUIRED.
Calculate Payment
*Terms & conditions apply.
NMLS# 1912050 (nmlsconsumeraccess.org).
1894",,,,image,finance,60858,477,18,1396.85
enriched_ad_1007,campaign_022,Complete Shielding Solutions,"Select™ offers custom, portable shielding solutions with high attenuation for fabricators.",,,,image,ecommerce,52593,827,57,854.23
enriched_ad_1008,campaign_038,Add Up to 57 HP to Your Ram Ecodiesel,,Learn More,,,image,automotive,66287,1046,40,1144.31
enriched_ad_1009,campaign_026,Just a Pinch Recipes,Discover delicious dessert recipes that are quick and easy to make. Perfect for when you're craving something sweet but don't have much time.,Get Recipies,,,image,food,20260,509,64,252.53
enriched_ad_1010,campaign_015,ListRaK - One Platform,,Get Started,,,image,ecommerce,84802,1243,113,1379.48
enriched_ad_1011,campaign_007,JustFashion Now,,Shop Now,,,image,ecommerce,93528,1150,104,1127.39
enriched_ad_1012,campaign_036,CELCOM Let Yourself Shine,,Shop Now,,,image,ecommerce,52902,1073,87,684.84
enriched_ad_1013,campaign_040,"$20,000 BLAST STA This Crypto Conglomerate IPO Is Taking Esports by Storm! (OTC: APETF CSE: ALPA) LE",,LEARN MORE,,,image,ecommerce,83284,1617,96,1041.84
enriched_ad_1014,campaign_015,Collaborate with Remote Teams! Speech to Text to Magic on Video Transcripts,Get started now and transform your videos into searchable text using Trint's cutting-edge speech-to-text technology.,GET STARTED,,,video,ecommerce,40214,631,40,627.2
enriched_ad_1015,campaign_047,NEWCHIC IS HIGH TOP SNEAKERS KHAKI BLACK,,,,,image,ecommerce,99547,1374,82,1596.18
enriched_ad_1016,campaign_026,Make Every Event Count,"#1 meeting and events platform powering unique company event experiences anywhere. Request a Demo je to i ja e glisser Dupellentesque non esse NATICINAT 44 3,766 59%",,,,video,,84908,2242,162,1107.75
enriched_ad_1017,campaign_025,Fed Stimulus Pays Off Your Mortgage,"If you have no missed payments, the Fed stimulus can help pay off your mortgage.",,,,image,finance,91687,933,30,2596.71
enriched_ad_1018,campaign_020,LEDIN - Free Shipping,Up to 60% off on all products. Shop now and save big!,Shop Now,,,image,ecommerce,98756,1773,96,1677.9
enriched_ad_1019,campaign_010,Meet Adorable Lucy Platina in Advance,"Come and experience the charm of our adorable bakery girl, Lucy. Pre-create your personalized platters now!",Pre-CREATE NOW,,,image,ecommerce,94538,1414,143,1063.92
enriched_ad_1020,campaign_043,Build Your Online Brand,SQUARESPACE offers an easy way to brand your online presence with just a few simple steps.,,,,image,ecommerce,43129,839,41,518.43
enriched_ad_1021,campaign_026,TAKE CARE WITH WHOLE BODY WELLNESS,abreva FLONASE LONASE Rebussi Advil FO THERAFLU THERARD WATE bebery Available at Publix SAVE NOW gsk Use products as directed.,,,,image,ecommerce,38561,477,22,374.89
enriched_ad_1022,campaign_009,Dostane - The Orderings BoxLunch,,Shop Now,,,image,ecommerce,92129,1040,69,938.39
enriched_ad_1023,campaign_033,Lucid Collaboration,Better collaboration through visuals. Explore Lucid.,,,,image,ecommerce,23734,272,13,391.38
enriched_ad_1024,campaign_006,"Trees, Seeds Feeds",EST.1984 GOLDEN GATE NURSERY Local Family-Owned & Operated 239.455.7233,,,,image,ecommerce,97632,1841,143,968.61
enriched_ad_1025,campaign_001,FOR A LIMITED TIME New Websites for Community Banks,"New websites are available at no charge, providing simple solutions and unimaginable results. Discover more about our services.",LEARN MORE,,,image,ecommerce,67336,803,77,990.27
enriched_ad_1026,campaign_014,ARM YOURSELF FOR ADVENTURE.,Get your vaccine before you go. Visit Vaccines.gov for more information and to get vaccinated safely.,Visit Vaccines.Gov,,,image,healthcare,71893,1175,51,1238.05
enriched_ad_1027,campaign_050,Important Design,,Learn More,,,image,ecommerce,58783,986,97,905.94
enriched_ad_1028,campaign_007,RE-ENROLLMENT,Bringing stop-outs back to graduate GET STARTED >,,,,image,education,36454,836,74,391.0
enriched_ad_1029,campaign_016,LEDIN EXTRA,,Shop Now,,,image,ecommerce,33269,372,24,436.92
enriched_ad_1030,campaign_027,DELIVER ON THE PROMISE ANALYTICS OF GET THE GUIDE LEARNING MADE EASY Snowflake Special Edition Cloud,"Snowflake Special Edition offers a unique approach to learning about the world of cloud marketing and analytics. Discover how you can easily unify and analyze all your data, breaking down silos for comprehensive insights.",,,,image,ecommerce,70832,1129,91,1072.32
enriched_ad_1031,campaign_008,The World's Largest Wine Competition,2022 Decanter World Wine Awards - UNRIVALLED GLOBAL REACH. Enter Now.,,,,image,entertainment,32420,898,134,169.07
enriched_ad_1032,campaign_025,NordicTrack BLACK FRIDAY STARTS EARLY,Shop NordicTrack for Black Friday deals starting early. Get up to 25% off on selected models.,SHOP NOW,,,image,ecommerce,21070,334,31,317.6
enriched_ad_1033,campaign_008,Have You Had Your Mammogram?,Early Detection Saves Lives. SCHEDULE NOW You're Safe at Sentara,Schedule Now,,,image,healthcare,79376,1503,106,1892.37
enriched_ad_1034,campaign_046,LIVER IN DANGER?,"↑↑↑
12
Dying Liver???
4 Warning Signs of Dying Liver (#2 Is Scary!)",,,,image,healthcare,34617,597,21,667.08
enriched_ad_1035,campaign_016,The Ultimate Collection: Event Marketing and Management for Dummies,,GET THE BUNDLE,,,image,education,73212,1075,164,776.04
enriched_ad_1036,campaign_036,More Than Just Headless Commerce Platform,III. The complete solution you need to confidently deliver business results fast.,,,,image,ecommerce,43008,708,47,585.58
enriched_ad_1037,campaign_031,JUSTFASHION NOW,WEAR YOUR BEAUTY Find Your Favorite Look Multiple Sizes and Colors SHOP NOW,SHOP NOW,,,image,ecommerce,65732,751,41,1054.89
enriched_ad_1038,campaign_024,Upload Your Audio/Video File.,Get a Transcript In 1 HOUR. transcribe Transcribe Now,,,,video,ecommerce,61773,1576,141,793.4
enriched_ad_1039,campaign_025,NeatBooks™ Accounting Software,Accounting software that speaks your language. Start my 15-day free trial.,Start My Free Trial,,,image,ecommerce,77592,899,56,1246.82
enriched_ad_1040,campaign_015,"Amortgage.net","Today's Refinance Rate 1.997% APR | 15-YEAR FIXED TERM NO REGISTRATION, NO LOGIN NO SSN REQUIRED. Calculate Payment *Terms & conditions apply. NMLS #1912050 (nmisconsumeraccess.org). J894",Learn More,facebook,,image,ecommerce,85956,1468,131,1407.2
enriched_ad_1041,campaign_033,Want Instant Savings on Tech You Love?,"Discover exclusive deals, cash back offers and more with Retail Me Not's Deal Finder™. Find the best prices for your favorite tech products.",Shop Now,facebook,,image,ecommerce,72332,1130,60,1098.2
enriched_ad_1042,campaign_047,Andy’s Favorite Brands,,,,,image,ecommerce,55206,729,61,878.5
enriched_ad_1043,campaign_006,Andy’s Favorite Brands,"Discover Andy's favorite brands and get inspired by the latest trends in fashion, beauty, tech gadgets, home decor, etc. Explore our curated collection of top-notch products that are sure to impress.",Click Here To Learn More...,,,image,ecommerce,41314,841,73,426.89
enriched_ad_1044,campaign_038,"Like A Grandmother, But So Much Cooler","Gigi. jee-jee/-noun.
1. like a grandmother,
but so much cooler
see also:
best friend,
extraordinary
5THINGS YOU SHOULDN'T FORGET MY HUSBAND.",,,,image,entertainment,47142,741,123,374.07
enriched_ad_1045,campaign_026,Anniversary Up to 25x,,Shop Now,,,image,ecommerce,80472,1364,91,1324.56
enriched_ad_1046,campaign_017,Today's Refinance Rate,"1.997 % APR
15-YEAR FIXED TERM
Calculate Payment
*Terms & conditions apply.
nMLS# 1912050 (nmisconsumeraccess.org).
j894",,,,image,real_estate,46963,408,10,820.9
enriched_ad_1047,campaign_038,Austin Trail Lights,Powered by H-E-B Experience The Magic Schedule Your Visit,,,,image,entertainment,22262,522,66,154.17
enriched_ad_1048,campaign_025,I Didn't Get Screened Because I Was Afraid,"GetScreened - Terry, Colon Cancer Survivor. American Cancer Society.",Learn More,,,image,healthcare,74040,1191,80,1960.12
enriched_ad_1049,campaign_032,"Tis the Season, Austin","Explore roasts, toasts & holiday cheer.",Explore Now,,,image,ecommerce,69191,926,67,817.79
enriched_ad_1050,campaign_012,PROMOTED SERIES THE NEIGHBORHOOD GUIDE,PRESENTED BY Kuper Sotheby's INTERNATIONAL REALTY Thaule 88 Austin Neighborhoods EXPLORE AUSTIN NEIGHBORHOODS,,,,image,real_estate,56940,554,11,1259.45
enriched_ad_1051,campaign_030,Newchic Mens Fashion,,Show Now,,,image,ecommerce,70195,1473,136,765.02
enriched_ad_1052,campaign_019,The Spruce Design Your Dream Yard,,Get Started,,,image,home improvement/electrical/plumbing/landscaping/gardening,22027,307,19,303.02
enriched_ad_1053,campaign_044,You're Invited to Become A Member,Jed Beekeeping Hive Minds Sign Up Today!,,,,image,ecommerce,64535,1159,119,806.5
enriched_ad_1054,campaign_041,Learn How to Care,"Flock Starter Guide - The Journey from Chiudete Layers Backyard Poultry Nutrena From brooder and coop setup to which breeds are best for you! We also explore feeding, heating, and common ailments. It's FREE!",,,,image,ecommerce,44249,608,57,483.64
enriched_ad_1055,campaign_040,Backyard Poultry Magazine,"America's favorite poultry magazine. Homestead, Racket for the dangers of change.",Subscribe Today!,,,image,ecommerce,82866,1130,80,882.42
enriched_ad_1056,campaign_013,"Improve Enrollment, Retention and Completion",Get Started > Through Coaching,,,,image,education,89862,1311,134,944.24
enriched_ad_1057,campaign_023,Ready Rice,,Add to Cart,,,image,food,81701,1876,199,949.49
enriched_ad_1058,campaign_016,Want to Start a Business? Connect to Your Future with JA Connect!,Learn More EY Junior Achievement,,,,image,education,54492,843,91,373.56
enriched_ad_1059,campaign_026,SAVE BIG ON HOME SECURITY,"SIMPLI-SAFE offers comprehensive home security solutions to keep your loved ones safe. With our affordable packages, you can enjoy peace of mind without breaking the bank.",SHOP NOW,,,image,ecommerce,62810,1283,84,1050.73
enriched_ad_1060,campaign_015,Free Shipping,,,,,image,ecommerce,55727,1057,71,870.04
enriched_ad_1061,campaign_031,Trust Your Mac with Notarization,Ensure the security and reliability of your device. Get certified for peace of mind.,Get CleanMyMac X Now!,facebook,,image,ecommerce,65997,1305,103,1169.16
enriched_ad_1062,campaign_017,ARRIA - Intelligent Narratives,Experience now for Digital Finance. Watch on demand.,,,,video,ecommerce,50989,1039,103,799.13
enriched_ad_1063,campaign_012,Free Domain Name,Get your own APP or DEV domain name for just $1. Sign up now to claim your free domain!,Sign Up Now,,,image,ecommerce,66529,873,42,824.52
enriched_ad_1064,campaign_023,Unlimited Royalty Free Music,"Corporate, Sound Effects, Logos and Indents. Cinematic music available.",Start Now,,,image,ecommerce,84369,1471,142,1484.0
enriched_ad_1065,campaign_013,Book Fair at Green Valley,"Join us for our weekly book fair from Tuesday to Saturday, open every day between 8 am and 5 pm. Discover new books in the cozy setting of green valley.",SHOP NOW,,,image,ecommerce,30968,578,53,372.95
enriched_ad_1066,campaign_028,Perfect Gifts FOR the HOLIDAYS,,Shop Now,,,image,ecommerce,43939,694,37,666.73
enriched_ad_1067,campaign_016,Free Domain Name,,,,,image,ecommerce,92033,969,61,1122.28
enriched_ad_1068,campaign_025,MARVEL Champions,Ⓒ2021 Marvel The Card Game Be a Champion!,Order Now,,,image,entertainment,38874,825,99,333.54
enriched_ad_1069,campaign_001,"New in Proclaim - Easy Live Stream, Multi-Screen Setup",Experience the power of live video with slides. You deserve to shine.,,,,video,entertainment,95867,2766,460,815.89
enriched_ad_1070,campaign_015,Lightinthebox.com,,Learn More,facebook,,image,ecommerce,29867,432,39,395.23
enriched_ad_1071,campaign_027,Cruise critic Crystal,"Announcement: Free charter air and hotels on Antarctica cruises. Savings up to $9,000 per suite with Crystal Expedition Cruises.",Learn More,,,image,entertainment,50795,1354,156,291.47
enriched_ad_1072,campaign_007,Purchase Your New Cover Today!,,Shop Now,,,image,ecommerce,72035,1450,133,995.32
enriched_ad_1073,campaign_026,"Pilates Practice Pilates Online, Anytime",Start your journey with our online Pilates classes. Enjoy the convenience of practicing anytime and anywhere.,START 15-DAY TRIAL,,,image,ecommerce,77879,893,92,786.94
enriched_ad_1074,campaign_025,Are You a Digital Marketer?,Learn How Agile Can Help You,,,,image,ecommerce,54930,952,92,535.66
enriched_ad_1075,campaign_006,Perfect Gifts FOR The Holidays,,Shop Now,,,image,ecommerce,60567,644,50,1067.0
enriched_ad_1076,campaign_021,65% OFF Genuine Leather,,,,,image,ecommerce,69678,1255,126,1103.89
enriched_ad_1077,campaign_013,Dying Liver?,Most People Notice This Too Late. 4 Warning Signs (#2 Is Scary! >,,,,image,healthcare,21073,334,15,361.56
enriched_ad_1078,campaign_019,Perfect Gifts FOR the HOLIDAYS,,Shop Now,,,image,ecommerce,40786,539,42,613.01
enriched_ad_1079,campaign_021,Perfect Gifts FOR the HOLIDAYS,NHLSHOP.COM AF Fanatics Experience C epitels Washington Shop Now,Shop Now,,,image,ecommerce,50189,691,51,661.27
enriched_ad_1080,campaign_047,FanByte - The Best Gaming Content Delivered Daily,"Discover the ultimate in gaming news, reviews, and updates. Get your fix of top-tier game insights straight to you every day.",Join FanByte Today!,facebook,,image,entertainment,55970,1306,185,325.23
enriched_ad_1081,campaign_031,FOR THE LOVE OF CATS. GO NATURALLY SAFE.,,Switch Today,,,image,ecommerce,73193,1143,70,1072.48
enriched_ad_1082,campaign_021,Love War Betrayal The True Story Of Pocahontas,,Get Your DVD & 4K Streaming Pocahontas,,,video,entertainment,59393,1244,161,434.51
enriched_ad_1083,campaign_028,1-Step Jowl-Lifting Technique (Try Tonight),For illustrative purposes only. City,,,,image,healthcare,52490,934,47,1342.47
enriched_ad_1084,campaign_007,"Shop Now! Buy 3 Get 4th, Save up to 40% Off",,SHOP NOW >>,,,image,ecommerce,86054,1218,86,1137.3
enriched_ad_1085,campaign_036,MSI CREATOR ACADEMY ONLINE WORKSHOP with Rio Purba & Christiawan Lie,,JOIN NOW!,,,image,education,73179,1736,179,744.07
enriched_ad_1086,campaign_045,Official PC & Monitor of TSM FTX,The World's first 16' QHD Gaming laptop. GEAR UP NOW with LEGION 7 featuring Intel® Core™ i9 Lenovo.,GEAR UP NOW,,,image,ecommerce,86534,1034,93,1079.15
enriched_ad_1087,campaign_039,Save on Restaurants with GrubHub Perks,Discover special deals and get restaurant deliveries you love faster. Check out GrubHub Perks today!,Check out Grubhub Perks for Special Deals! Get delivery now,,,image,ecommerce,56859,957,50,690.3
enriched_ad_1088,campaign_013,The Musical Grinch Stole Christmas!,"NOV. 16-21, 2021 Belk Theater Dr. Seuss How The Grinch Stole Christmas! Get Tickets",Get TICKETS,,,image,entertainment,81368,1174,178,556.66
enriched_ad_1089,campaign_001,75TH ANNIVERSARY THANKSGIVING PARADE,"WE'RE LIGHTING UP THE NIGHT SKY UPTOWN CHARLOTTE | WEDNESDAY, NOV 24 | STEPS OFF AT 6PM TUN HUN",,,,image,entertainment,79768,2080,339,604.64
enriched_ad_1090,campaign_024,Date My Age,"Cloe, 42 Find a match for everyone CHAT NOW",Chat Now,,,image,entertainment,91819,2276,362,706.31
enriched_ad_1091,campaign_014,LEDIN UP TO 60%,,SHOP NOW,,,image,ecommerce,24276,449,30,335.38
enriched_ad_1092,campaign_008,LEDIN UP TO OFF SHOP NOW,,Shop Now,,,image,ecommerce,28399,577,59,467.34
enriched_ad_1093,campaign_025,Redefining Affordable Housing,"AND //FAIRSTEAD REDEFINING AFFORDABLE HOUSING 25,000 residents www. I 90+ communities 18 states LEARN MORE",,,,image,real_estate,28094,219,4,795.46
enriched_ad_1094,campaign_029,"Soothe Better Flexibility, Better Pay",,Apply Now,,,image,ecommerce,25103,481,33,352.92
enriched_ad_1095,campaign_014,Experience the Freedom of Cloud-First ChromOS,"ChromOS is designed for secure, flexible hybrid and remote workplaces.",,,,image,ecommerce,58856,1231,85,838.46
enriched_ad_1096,campaign_031,Choose Your Christmas,Sermon Series Holy Night D UGLY Christmas Sweater More Available At Sermon Central,,,,image,entertainment,85632,1766,182,500.09
enriched_ad_1097,campaign_016,Create Your Free Resume Templates,"Discover our collection of free, professionally designed resume templates. Whether you need samples or formatting tips for your perfect resume.",Download Now,facebook,,image,ecommerce,22835,374,31,241.91
enriched_ad_1098,campaign_008,More Than A Mortgage,Going beyond Just lending. LendSolid offers more than just mortgages.,,,,image,finance,34975,360,17,1145.19
enriched_ad_1099,campaign_018,Osonatype - Federal Software Applications Under Attack,Get ready to protect your federal government systems with Osonatype's advanced security solutions.,Shop Now,facebook,,image,ecommerce,28613,420,22,428.61
enriched_ad_1100,campaign_024,The Future of Defi,,Click Here to Join.,,,image,ecommerce,37929,709,71,640.72
enriched_ad_1101,campaign_046,Global X Blockchain ETF,Put Digital Assets to work with Global X by Mirae Asset.,,,,image,finance,88024,769,21,2301.95
enriched_ad_1102,campaign_035,The Tech That Syncs with You,,Shop Now →,,,image,ecommerce,53011,770,57,603.4
enriched_ad_1103,campaign_007,Ready Rice JASMINE,,Add to Cart,,,image,food,93968,1275,134,1182.36
enriched_ad_1104,campaign_042,Create Instant Mockups,"Get Bots, T-Shirts, Devices, Packaging Stationery and Books instantly with Placeit by Envato. Discover more products to create.",Place it Now,facebook,,image,ecommerce,35768,577,55,489.29
enriched_ad_1105,campaign_045,Essential TMT Insights,"Exclusive Tech, Media & Telecom insights delivered to your inbox each month. S&P Global Market Intelligence.",,,,image,ecommerce,88820,1258,74,1187.08
enriched_ad_1106,campaign_018,Royals,Keeping the Crown Curiosity STRI Watch Now,,,,video,entertainment,97895,3324,567,515.07
enriched_ad_1107,campaign_033,Wood Burning Stoves,STOVES STAY WARM THIS WINTER. High quality wood burning stoves at an affordable price with FREE SHIPPING.,SHOP NOW rockfordchimneysupply.com,,,image,ecommerce,97427,1991,181,1365.51
enriched_ad_1108,campaign_033,Instant Logo Maker,"Gaming Logos, Clothing Brands, Sports Teams YouTube Channels and more. Create logos for your favorite brands or sports teams with our instant logo maker.",Create Now,,,image,ecommerce,58431,956,64,588.88
enriched_ad_1109,campaign_017,Air Compression Boots,"New Air Relax - Comfortable, stylish footwear designed for ultimate comfort and support.",,,,image,ecommerce,95084,1533,156,1439.74
enriched_ad_1110,campaign_049,JustFashion Just In Time Sale,Shop the latest collection at justfashion.com with up to 45% off. Don't miss out on this exclusive offer!,SHOP NOW,,,image,ecommerce,51445,591,35,518.37
enriched_ad_1111,campaign_019,Don't just know. Be in the know.,STAY IN THE KNOW ► Powered by GlobalSpec Electronics 360,,,,image,electronics,52742,996,79,891.09
enriched_ad_1112,campaign_021,LILICL TH - 5 THINGS YOU SHOULD KNOW ABOUT MY HUSBAND,"1. He Is A Freaking Awesome Husband
2. He loves me to the moon and back
3. He's also a GRUMPY MAN
4. He has anger issues and a serious dislike for stupid people
5. Mess with me and he'll make your death look like an accident",,,,image,entertainment,82857,1491,199,610.54
enriched_ad_1113,campaign_003,Are You Ready?,There were 62.9 billion cyber attacks in 2021.,Try CBTnu,,,image,ecommerce,59024,970,91,666.86
enriched_ad_1114,campaign_026,List Rak - Get Started,,,,,image,ecommerce,74586,918,71,1306.0
enriched_ad_1115,campaign_012,FACTORING,eagle MADE SIMPLE,,,,image,,66310,702,53,765.57
enriched_ad_1116,campaign_015,AI for Defi,Learn How.,,,,image,finance,60048,776,33,1555.71
enriched_ad_1117,campaign_032,Insure H Ad Secure,LIVE WEBINAR Cyber Secu BIG NEW 2 U SUMMER HOSTGATOR.COM 1-866-96-HOSTGATOR DITCH THE ADS GO PREMIUM TRN UPGRADE NOW,UPGRADE NOW,,,video,ecommerce,35691,578,45,555.22
enriched_ad_1118,campaign_009,BLACK Zolucky Up to 50% Off,,Shop Now,,,image,ecommerce,23535,408,20,347.2
enriched_ad_1119,campaign_019,Chrome OS - Cloud-Powered Remote Work,Enable cloud-powered solutions for businesses to thrive in the era of remote working. Discover how Chrome OS can revolutionize your work-from-home setup.,,,,image,"ecommerce, saas",36512,506,43,503.69
enriched_ad_1120,campaign_010,What if there was a better alternative to your social media needs?,Agorapulse constantly ranks higher by users on popular review sites. Find out how →,,,,image,ecommerce,76079,1388,102,1125.76
enriched_ad_1121,campaign_038,Brilliant Vehicle Trackers,These Brilliant Vehicle Trackers Are Taking the US by Storm! Expert Market,,,,image,ecommerce,78607,909,86,935.69
enriched_ad_1122,campaign_035,MARVEL Champions The Card Game,"Become the ultimate hero with Marvel's latest card game! Dive into an epic adventure filled with powerful characters and thrilling battles. Whether you're playing solo or competing against friends, this is your chance to become a champion!",Order Now,,,image,entertainment,88690,2130,304,526.71
enriched_ad_1123,campaign_042,"THE LUXE LIFE.","THE Preston and NW Hwy.",Learn More,facebook,,image,ecommerce,98100,1407,82,1335.05
enriched_ad_1124,campaign_047,The Luxe Life,"Experience luxury living at Plaza Preston, located on WW Highway. Discover the epitome of elegance with stunning views.",,,,image,ecommerce,47732,857,47,649.29
enriched_ad_1125,campaign_032,Shop Bigger! AVTODO,A GUCCI LARGEST OUTLET CENTERS Samarco's IN United States Tour San Marcos.com,,,,image,ecommerce,34694,577,40,483.08
enriched_ad_1126,campaign_005,The Luxe Life,Discover the epitome of luxury with Royal Preston at Northwest Highway. Elevate your lifestyle to new heights.,,,,image,ecommerce,40897,667,61,630.02
enriched_ad_1127,campaign_024,Intelligent Narratives for Digital Finance,Experience now with INTELLIGENT NARRATIVES tailored specifically to the needs of digital finance. Discover innovative solutions that can transform your financial landscape.,Watch on demand,facebook,,video,ecommerce,79976,1428,95,1328.81
enriched_ad_1128,campaign_023,"Why Yes, I Can Drive A Stick",,Shop Now,,,image,entertainment,80373,2194,391,399.66
enriched_ad_1129,campaign_034,Orth & Feet - Recommended Shoes by Podiatrists,Shop now for up to 25% off on shoes recommended by podiatrists.,Shop Now,,,image,ecommerce,28474,408,35,417.68
enriched_ad_1130,campaign_017,Date My Age,"Alex, 46 Find a match for everyone CHAT NOW",,,,image,,82126,874,83,961.09
enriched_ad_1131,campaign_007,PAY OFF YOUR HOME,FASTER BY SWITCHING TO A 15-YEAR FIXED TERM MORTGAGE.NET Ⓒ No SSN Required. Calculate Payment NO SSN REQUIRED MORTGAGE.NET Ⓒ *Terms & conditions apply. NMLS #1912050 (nmisconsumeraccess.org),,,,image,finance,29827,306,12,612.31
enriched_ad_1132,campaign_036,Save $50 on Our Most Popular Storage Server,"Includes Unlimited Traffic, Limited Time Offer. Choose Yours Now.",,,,image,ecommerce,89167,1855,164,1551.73
enriched_ad_1133,campaign_017,Rated Higher,Yogabed $250 less than others. Get the best yoga experience with Yogabed.,,,,image,ecommerce,51158,595,54,748.15
enriched_ad_1134,campaign_009,PROMO CODES AVAILABLE,,,,,image,ecommerce,37144,741,48,420.16
enriched_ad_1135,campaign_016,Find Your Calling,It's time to find your true purpose. Get the right training and see my options.,,,,image,education,81109,1628,169,570.12
enriched_ad_1136,campaign_011,HOT TOPIC WIZERING WORLD Harry Potter,,Shop Now,,,image,entertainment,79263,1879,309,399.02
enriched_ad_1137,campaign_004,SOFT.CLOUDS ZOLUCKY UP TO 50% OFF,,,,,image,ecommerce,83475,1111,56,809.87
enriched_ad_1138,campaign_043,Safe Electric Material Handling,"Request a Demo
Move up to 8,000 Lbs./4 Tons
nU+STAR
Power Tug™
PowerPusher
If It Rolls...We Can Move It.™",,,,video,ecommerce,63054,1232,108,864.5
enriched_ad_1139,campaign_015,Relief Factor,Quickstart Relief for Aches and Pains - Only $19.95 supports relief of aches & pains with 100% botanical & fish oil created by physicians.,,,,image,healthcare,49431,830,33,1161.75
enriched_ad_1140,campaign_023,Experience the Freedom of Cloud-First Chrome OS,"chrome OS Experience the freedom of cloud-first. Designed for secure, flexible hybrid and remote workplaces.",,,,image,ecommerce,21281,355,27,302.34
enriched_ad_1141,campaign_006,Dying Liver??,*DO NOT* Ignore These Early Warning Signs (#2 Is Scary!),,,,image,healthcare,56497,904,39,1151.71
enriched_ad_1142,campaign_020,Open Trail ATV & UTV Accessories,Learn More About OE & HD Axles at opentrailusa.com. Discover the best Open Trail and Opentral Axle options for your adventure.,Shop Now,,,image,ecommerce,56589,959,85,823.77
enriched_ad_1143,campaign_026,"timeless","styles LE MIDWAY COLLECTIO",Learn More,facebook,,image,ecommerce,24713,440,21,286.29
enriched_ad_1144,campaign_027,One Business Management System That Works With Everything You Already Have,Acumatica The Cloud ERP See it in action,,,,image,ecommerce,72311,1515,79,909.15
enriched_ad_1145,campaign_011,LifeStance,"HEALTH There is no one face to depression, anxiety or any mental health struggle. Learn More",,,,image,healthcare,95828,1401,55,2208.8
enriched_ad_1146,campaign_018,Highlands,Cove Realty AT Old Edwards Club Get the Inside Scoop on Luxury NC Real Estate We Can Help,,,,image,real_estate,86588,1323,19,1386.94
enriched_ad_1147,campaign_037,Individually Handcrafted Engagement Rings,Discover the beauty of individually handcrafted engagement rings by Pampillonia. Our creators are dedicated to crafting fine jewelry that stands out in every detail.,,,,image,ecommerce,60287,1209,107,822.82
enriched_ad_1148,campaign_025,REUTERS EVENTS - Energy Transition,"Energy Transition Europe Online I Interactive I On Demand 22-23 November 2021 Unite with European energy leaders to inspire action, set benchmarks and deliver net zero #ETEurope",,,,image,ecommerce,48142,839,68,513.05
enriched_ad_1149,campaign_020,ORTH®FEET UP TO 25% OFF SHOP NOW,"""LIFESAVERS! I can walk PAIN-FREE for the first time in years"" - Donna Paine",SHOP NOW,,,image,ecommerce,39733,778,80,550.19
enriched_ad_1150,campaign_013,Unlock the Built-In Business Capabilities of Chrome OS,"Chrome OS is designed to seamlessly integrate with your workflow, providing you with powerful tools and features that enhance productivity. Contact our dedicated team for more information.",Contact sales,,,image,ecommerce,93179,1254,85,1457.35
enriched_ad_1151,campaign_037,Your All-In-One EHS Solution,"Discover the ultimate solution for managing your Enterprise Human Resources (EHR) needs. Our comprehensive platform offers seamless integration, robust security features and unparalleled user experience.",Test Drive Now!,facebook,,image,ecommerce,94667,1155,90,1574.9
enriched_ad_1152,campaign_020,Become a Master In Continuous Security Validation,"With Cymulate eCademy Free Course, Como Secr. Learn More About How to Become A Master in Continuous Security Validation with Cymulate.",Learn More,,,image,education,63349,1319,106,580.7
enriched_ad_1153,campaign_019,Dino Run,,,,,image,entertainment,59275,1554,225,377.85
enriched_ad_1154,campaign_030,glisser Make Every Event Count,"#1 meeting and events platform powering unique company event experiences, anywhere. Download Now",Download Now,,,image,ecommerce,70544,1480,139,699.61
enriched_ad_1155,campaign_007,Discover Digital Content,"Click to start, activate and access games ebooks music movies in one place. Find everything you need for entertainment.",Start Now!,facebook,,image,entertainment,75400,1754,182,439.98
enriched_ad_1156,campaign_035,High Attenuation Portable RF/EMI Shielded Enclosures,"Light-weight, custom faraday cages for any application. Learn More
Select Fabricators EMC Testing • Secure Communications Vehicle Testing • Wireless Device Testing",,,,image,ecommerce,92271,1315,128,1259.94
enriched_ad_1157,campaign_001,Attention: Dying Liver?,"4 Signs Your Liver Can't Stand
Your Lifestyle Any Longer
(#2 Is Scary!)",,,,image,healthcare,53290,894,45,1043.79
enriched_ad_1158,campaign_050,8888PERSPIRE - HOT + NEW Franchise Opportunity,,,,,image,ecommerce,50240,1007,99,759.28
enriched_ad_1159,campaign_049,Better Social Media Archiving,ArchiveSocial offers better social media archiving solutions to ensure records compliance. Try it now!,Try ArchiveSocial,,,image,ecommerce,60477,825,74,999.51
enriched_ad_1160,campaign_027,Switzerland knows the deal,Compare health insurance now and save,,,,image,ecommerce,46071,775,72,784.24
enriched_ad_1161,campaign_026,Send 2 Free Press Releases,,Click Here,,,image,ecommerce,84015,944,52,1272.45
enriched_ad_1162,campaign_027,New Daily Rides Between Virginia and Washington,,Book Now At OurBus.com,,,image,transportation/ecommerce,31987,650,39,363.33
enriched_ad_1163,campaign_018,University of Louisville College of Business Equine Industry Program,Enhance your career with UofL's graduate Horse Racing Industry Business Certificate. APPLY TODAY! Visit our online platform at Business.Louisville.edu/OnlineEquine.,APPLY TODAY!,,,image,education,59404,1259,106,382.44
enriched_ad_1164,campaign_011,Elite price for everyone,Finance the Hunter WA685-CM HawkEye Elite wheel alignment system for a special low rate. Offers valid through Nov. 19 $27.96 per day hunter.com/expo HUNTER EXPO 2021||| wwwblow HUNTER,,,,image,finance,44496,329,9,949.64
enriched_ad_1165,campaign_032,M COTOSEN UP TO 50% OFF,,,,,image,ecommerce,44436,661,67,580.07
enriched_ad_1166,campaign_028,"Allbirds - Tread Brighter, Tread Lighter",,Shop Now,,,image,ecommerce,59464,1202,109,764.41
enriched_ad_1167,campaign_006,TODAY'S REFINANCE RATE,"15-Year Fixed Term at 2.01% No SSN Required
30-Year Fixed Term at 2.42%
Calculate Payment Mortgage.net *Terms & conditions apply.
nMLS #1912050 (nmisconsumeraccess.org)
1834",,,,image,finance,75673,979,32,2254.72
enriched_ad_1168,campaign_019,Today's Refinance Rate,"1.997% 
15-YEAR FIXED TERM
Calculate Payment *Terms & conditions apply.
NMLS #1912050 (nmisconsumeraccess.org).
J894",,,,image,ecommerce,32110,378,20,457.68
enriched_ad_1169,campaign_023,MARVEL - CHAMPIONS,The Card Game | BE A CHAMPION!,Order Now,,,image,entertainment,79307,1981,348,506.4
enriched_ad_1170,campaign_036,MILAMODE UP TO 45% OFF,,Shop Now,,,image,ecommerce,53383,621,59,883.98
enriched_ad_1171,campaign_044,FitRated - Best Home Gym Equipment,"Discover the top-rated home gym equipment for your fitness journey. Our selection includes high-quality, durable products designed to meet all your workout needs.",Shop Now!,facebook,,image,ecommerce,64402,787,79,772.48
enriched_ad_1172,campaign_028,I Never Finish Anything - DO WHAT YOU WANT WHEN AND WHERE YOU WANT,* But only the finest raise redheads* Lilicl Th,,,,image,entertainment,93697,2153,254,674.69
enriched_ad_1173,campaign_008,Discover CALVERT'S Walk Apartments,Experience the charm of living in an upscale apartment complex. Schedule your tour today to see for yourself!,Schedule Your Tour Today,,,image,real_estate,45615,553,9,842.21
enriched_ad_1174,campaign_019,Say Goodbye To Your Mortgage,"If you have no missed payments, it's time to say goodbye to your mortgage.",,,,image,finance,89314,1237,40,1874.87
enriched_ad_1175,campaign_027,Perfect Gifts for Holidays,Discover the ultimate gifts at NHLSHOP.COM. Enjoy an exclusive AF Fanatics experience and shop now!,Shop Now,,,image,ecommerce,56711,1137,111,561.68
enriched_ad_1176,campaign_017,Perfect Gifts FOR The Holidays,NHLSHOP.COM AF Fanatics Experience P Shop Now,Shop Now,,,image,ecommerce,93057,1684,101,1046.69
enriched_ad_1177,campaign_032,LILICL TH SometimeS Feel Old But Then I Realize My Sister Is Older Sisters Loose on the sistere trip,,,,,image,entertainment,48611,722,97,386.63
enriched_ad_1178,campaign_045,Put the #1 SBA lender in DC to Work for Your Business,Understand what’s Important with M&T Bank.,Learn more,,,image,finance,25618,253,12,556.08
enriched_ad_1179,campaign_004,FIFTH ANNIVERSARY OPENING NIGHT CELEBRATION,"Five Years of WINDY CITY BULLS Presented by BMO. $5 TICKETS available for the event on November 17, 2021 at 7PM.",$5 or less tickets available now!,,,image,entertainment,31734,612,64,263.45
enriched_ad_1180,campaign_023,Fifth Anniversary Celebration,TORWNUT CITY DSLLS is celebrating its fifth anniversary with an opening night celebration. Tickets are available for just $5.,Buy Now,,,image,entertainment,54049,930,122,330.43
enriched_ad_1181,campaign_018,Limited Edition Waifu Cups,Only available at Gamersupps.com. Gamer Suppps.,,,,image,ecommerce,60546,1075,83,634.58
enriched_ad_1182,campaign_040,Fashion Newchic,,,,,image,fashion,69890,912,81,804.86
enriched_ad_1183,campaign_016,NAVIEN NCB-H Series,"High Capacity, High Performance Condensing Combi-boilers Heating up to 150,000 BTU/H DHW up to 210,000 BTU/H Learn More",Learn More,,,image,ecommerce,35128,684,48,338.52
enriched_ad_1184,campaign_004,Knight Always Leading the Charge,,Learn More,,,image,entertainment,95760,2536,251,781.6
enriched_ad_1185,campaign_045,CADET FRITZ! DIRTMAG® Pro - Dirt Separator with Dual Magnets,"Experience the ultimate in dirt separation and filtration. Our innovative dual magnets technology ensures that even tiny particles are captured, leaving your system cleaner than ever before.",Shop Now!,facebook,,image,ecommerce,70409,1300,123,1077.67
enriched_ad_1186,campaign_031,Get Heating Supplies Fast This Season!,"R2 offers over 450 brands and more than 200,000 products. SupplyHouse.com is your trusted source for heating supplies.",Shop Now,,,image,ecommerce,52581,1017,86,730.06
enriched_ad_1187,campaign_007,Taco - High-Efficiency ECM,Discover the power of Circulators! Elevate your experience with our Comfort Solutions. Perfect for those who value efficiency and comfort in every aspect.,,,,image,ecommerce,28051,564,54,363.02
enriched_ad_1188,campaign_012,Grade 'SMART' Intellihot Tankless Water Heaters,"Intellihot offers up to 3 million BTUs with multiple heat engines that have individual controls. This reduces the need for equipment and simplifies installation, maintenance, as well as remote monitoring through a low gas pressure system.",,,,image,ecommerce,45079,526,46,435.62
enriched_ad_1189,campaign_040,Improves Burner Performance,"Easily removes air from the system, delivering foam-free fuel to the nozzle providing cleaner maximized combustion.",Learn More,,,image,ecommerce,83833,1093,85,1481.21
enriched_ad_1190,campaign_015,New Magnetic Boiler Filter XL,"Patents pending. Webstone, a brand of NIBCO®️ offers the latest in magnetic boiler filter technology.",,,,image,ecommerce,76147,1515,79,1363.2
enriched_ad_1191,campaign_034,UK/I 2021 Salary Survey Results,Download the latest UK and Ireland salary survey results for Computer Weekly.,Download here,,,image,ecommerce,76974,1562,91,1065.74
enriched_ad_1192,campaign_003,"Introducing Officer - The Leader in Products, Technology and Innovation","Subscribe today! Raster... for with new purchases p. 30/ Introducing the latest vehicles p. 22
The only law enforcement resource you'll ever need.",Subscribe now!,,,image,ecommerce,87218,1782,157,1235.69
enriched_ad_1193,campaign_006,EXOTIC. RARE. YOURS.,,,,,image,,35707,535,45,538.82
enriched_ad_1194,campaign_050,Advantage - The Leader in Home Repairs and Projects,"The Leader in Home Repairs & Projects offers DESIGN & BUILD PROMO with Free Basic Drawings valued at $3k, as well as FREE Kitchen & Bath Design valued at $750.",,,,image,ecommerce,63634,868,63,938.01
enriched_ad_1195,campaign_044,SORRY WE MADE THE RESERVE SERIES SOUND SO AMAZING YOU'LL NEED NEW SPEAKERS,,Buy Now,,,image,ecommerce,60481,1095,108,927.6
enriched_ad_1196,campaign_042,YOU WERE ONCE SONICALLY LOST. NOW YOU'VE BEEN FOUND.,(C PERLISTEN,,,,image,,21166,372,23,344.05
enriched_ad_1197,campaign_034,Discover the JBL 4309 Studio Monitor Bookshelf Loudspeakers,,,,,image,ecommerce,83313,1093,104,1154.21
enriched_ad_1198,campaign_041,"Manage, Plan & Organise","manage, plan & organise your team projects with ✓monday.com Start free trial Team projects",,,,image,ecommerce,78297,1050,66,1014.57
enriched_ad_1199,campaign_021,"Smartsheet - Plan, Track & Automate",Discover Smartsheet's powerful tools to streamline your workflow and increase productivity.,,,,image,ecommerce,97668,1249,112,1116.22
enriched_ad_1200,campaign_029,Pavilion Tankless - Hot Water & Heating Solutions,"Discover the ultimate comfort with Pavilion's hot water and heating products. Whether you need reliable solutions for your home or business, Pavilion offers top-quality tankless systems that cater to all of your needs.",Shop Now at Tankless.com!,facebook,,image,ecommerce,75224,872,49,747.3
enriched_ad_1201,campaign_011,International Fellowship of Christians and Jews - Stand for Israel,"* FEE FREE
* FLAG PIN!
REQUEST TODAY
****
****
FFFF
FETE
****
2014
FREE EFFE",,,,image,ecommerce,33552,522,26,338.87
enriched_ad_1202,campaign_021,Everyone Had A Crush On Her,In the '90s. This is her now.,,,,image,entertainment,89869,2091,392,473.55
enriched_ad_1203,campaign_034,Discover the Secrets of Ancient Civilizations,"Explore our extensive collection on HeatingHelp.com, featuring stories and insights from ancient civilizations. Dive into fascinating tales that reveal hidden knowledge about historical societies.",Shop Now,facebook,,image,education,78246,1619,201,517.28
enriched_ad_1204,campaign_035,The 30-Second Bunnies,Re-enacting TV Shows! angryalion.com Only at PRIMETIMER,,,,image,entertainment,58569,1205,124,434.41
enriched_ad_1205,campaign_028,Find A Contractor,,Click Here,,,image,ecommerce,45647,631,62,450.77
enriched_ad_1206,campaign_045,Penn's Pre-Health Programs,Prepare for health professional school success with Penn Fall 2022 early decision application deadline: February 15 Penn Pre-Health Programs APPLY NOW,APPLY NOW,,,image,education,86773,2171,305,991.98
enriched_ad_1207,campaign_005,Pre-Med? Shadow and Study Abroad with us During Breaks Connect at Atlantis,,,,,image,education,32901,571,62,296.86
enriched_ad_1208,campaign_036,An Thor LT Series Ultra Light Thermal Rifle Scope,,,,,image,ecommerce,97772,1808,114,1050.13
enriched_ad_1209,campaign_047,INTRODUCING THE ALL NEW HYBRID ST2,,>SHOP NOW,,,image,ecommerce,77292,1421,113,796.87
enriched_ad_1210,campaign_036,Learn Languages with Babbel,"+Babbel offers courses in French, German, Italian, Spanish and Portuguese. Practice anytime anywhere.",,,,image,education,56519,1312,182,496.33
enriched_ad_1211,campaign_015,"Introducing Officer - The Leader in Products, Technology and Innovation","The only law enforcement resource you'll ever need. Subscribe today! Feet Cyli OFFICER LEADER IN PRODUCTS, TECHNOLOGY AND INNOVATION Technology Upgrade for Patrol Know your needs for mode.",Subscribe now!,,,image,ecommerce,63988,1262,128,920.59
enriched_ad_1212,campaign_019,Officer Com - Command Staff Briefing,The monthly eNewsletter delivering the latest in law enforcement operations.,Subscribe Today!,,,image,ecommerce,60030,779,51,811.44
enriched_ad_1213,campaign_004,EnvatoElements Best Motion Graphics Templates,"Discover the ultimate collection of motion graphics templates, including backgrounds elements, overlays, transitions, and miscellaneous items like interface effects. Perfect for enhancing your projects with professional-grade visuals.",Start now,,,image,ecommerce,52357,1076,64,594.73
enriched_ad_1214,campaign_041,Is Gen Z deconstructing or reconstructing religion?,Springtide™ RESEARCH INSTITUTE DOWNLOAD THE FREE REPORT 2021 The State of Religion & Young People NAVIGATING UNCERTAINTY,,,,image,education,63246,940,94,567.22
enriched_ad_1215,campaign_031,Is Gen Z Deconstructing or Reconstructing Religion?,The State of Religion & Young People NAVIGATING UNCERTAINTY,DOWNLOAD THE FREE REPORT,,,image,education,85997,1985,258,973.93
enriched_ad_1216,campaign_040,Toptoon - Learn How to Draw,"Discover the secrets of drawing with Toptoon. Whether you're an aspiring artist or just want to improve your skills, this platform offers step-by-step tutorials that make learning fun and easy.",Get Started Today!,facebook,,image,education,81686,1776,258,964.61
enriched_ad_1217,campaign_039,CleanMyMac X,Ihr Mac. So gut wie neu.,,,,image,ecommerce,91712,1604,117,1157.85
enriched_ad_1218,campaign_004,The World's Most Game Recognize,Game League Auron HE THE World’s Nost Learn More,,,,image,,39235,604,61,648.37
enriched_ad_1219,campaign_036,Cymulate - eCademy Free Course,Building an effective continuous security validation strategy for your organization.,Learn More,,,image,education,59811,1234,174,495.2
enriched_ad_1220,campaign_011,Are your cholesterol numbers creeping up?,You may be eligible for an important cholesterol-lowering study. See if you qualify> AstaZecca,,,,image,healthcare,87401,1002,62,2344.32
enriched_ad_1221,campaign_032,Need Writers,Want to create lots of content every day? We need writers.,Apply Now,,,image,ecommerce,34442,525,43,352.95
enriched_ad_1222,campaign_018,Grand Gheft Auto San Andreas Battlegrounds Minecrash Games Shop,,,,,image,entertainment,58346,1379,161,286.68
enriched_ad_1223,campaign_024,PRA AC INFINITY,For A Smarter Grow At Home,,,,image,ecommerce,70601,1353,105,1051.31
enriched_ad_1224,campaign_047,Acorns - How Much You Need to Start Investing,,,,,image,ecommerce,48678,868,74,730.94
enriched_ad_1225,campaign_038,Average Acores Customers,"Total Round-Up acorns Your spare change can really add up in just 4 months. Start Now $28.58 $57.91 audijenci te nak including bons of principal Round is me $92.29 $118.60 DONO arts are inanand in an Acara, por coming of de",,,,image,,45265,811,69,483.41
enriched_ad_1226,campaign_017,Becoming A Master in Continuous Security Validation,eCademy offers the Cymulate eCademy Free Course to help you become proficient in continuous security validation. Learn more about Cand Security and ValidFr with our comprehensive resources.,Learn More,,,image,education,32872,610,46,285.53
enriched_ad_1227,campaign_034,Simplified Issue Term Life Insurance,"Get up to $500,000 with our simple policy. No need for any medical exams.",Visit Havens Simple today!,,,image,ecommerce,52360,688,55,853.62
enriched_ad_1228,campaign_016,SunEOast Blood Centers,"We come to you! Donate blood and save lives at SunEOast. Our dedicated team ensures safe, efficient collection of donated blood.",Donate BLOOD NOW!,,,image,healthcare,23965,418,18,446.95
enriched_ad_1229,campaign_023,Ultimate UMA Medical Academy,"Graduates at No Recruiting Cost - Career-ready with over 63,000 graduates.",,,,image,education,90803,1641,142,1027.94
enriched_ad_1230,campaign_049,NURX. AGE BETTER WITH TRETINOIN GOLD STANDARD ANTI-AGING INGREDIENT,,Learn More,,,image,ecommerce,94011,1702,168,1267.48
enriched_ad_1231,campaign_041,Unlock New Languages with Rosetta Stone,"Start Your Free Trial Today and Explore Chinese, Spanish, French, Italian, German, Arabic, Hindi, Korean. Learn languages effortlessly at your own pace.",Sign Up for a Free Trial Now!,,,image,education,25605,414,52,289.76
enriched_ad_1232,campaign_040,NURX. AGE BETTER,Tretinoin GOLD STANDARD ANTI-Aging INGREDIENT Learn More,,,,image,ecommerce,96443,1206,124,1481.84
enriched_ad_1233,campaign_011,Beauty How-To Tighten Skin Around Jaw Before Bed,(Do this before bed),,,,image,beauty,90068,1219,118,1024.22
enriched_ad_1234,campaign_005,Time the March,A groundbreaking virtual reality exhibit by American Family Insurance.,,,,image,ecommerce,60731,936,61,753.22
enriched_ad_1235,campaign_020,The March - A Groundbreaking VR Exhibit,Walk in their footsteps and experience the American Family's revolutionary virtual reality exhibit.,,,,image,entertainment,53214,1050,177,329.93
enriched_ad_1236,campaign_041,Check Out Today's Action,,Go Now,,,image,ecommerce,85352,1604,85,1500.39
enriched_ad_1237,campaign_014,Pilates Anytime,"Practice Pilates Online, Anytime. START 15-DAY TRIAL.",,,,image,ecommerce,72257,1119,83,917.63
enriched_ad_1238,campaign_008,Check Out Today's Action,,Go Now,,,image,ecommerce,79074,1256,102,993.88
enriched_ad_1239,campaign_040,JustFashion Now Free Shipping,,,,,image,ecommerce,44583,607,49,571.63
enriched_ad_1240,campaign_048,Cloud-Power Your Business and Enable Remote Work with Chrome OS,"Chrome OS is designed to power businesses, enabling them to operate remotely. Discover how it can transform your work environment.",Learn more,,,image,ecommerce,62991,954,54,730.35
enriched_ad_1241,campaign_036,"$20,000 BLAST ST This Crypto Conglomerate IPO Is Taking Esports by Storm! (OTC: APETF CSE: ALPA)",,LEARN MORE,,,image,ecommerce,75724,864,73,1069.94
enriched_ad_1242,campaign_050,Home Comfort,Ame offers $74 OFF on your HVAC maintenance or service call! Make yourself comfortable with Mitsubishi Electric.,Learn More,,,image,ecommerce,78924,1418,131,813.7
enriched_ad_1243,campaign_014,Noom Changing The Way You Eat,Changing the way you eat starts with psychology. Take the quiz.,Take The Quiz,,,image,ecommerce,58550,773,68,763.07
enriched_ad_1244,campaign_048,HERO WARS HOW TO LOOT?,,Try,,,image,entertainment,55330,1142,220,388.66
enriched_ad_1245,campaign_021,J. Me Black,FRIDAY SALE UP TO 70% OFF *FREE SHIPPING ON EVERYTHING!,SHOP NOW,,,image,ecommerce,52828,798,49,929.07
enriched_ad_1246,campaign_038,"UFC FIGHT FOR GOLD, FIGHT FOR GLORY","Drink responsibly. Modelo Especial and Modelo Negra Bers Imported by Crown Imports, Chicago, IL Modelo Modelo",,,,image,entertainment,27584,543,104,194.96
enriched_ad_1247,campaign_043,Amerikan Heart Association Giving Tuesday,,,,,image,healthcare,27657,384,19,464.1
enriched_ad_1248,campaign_021,Where Bounty Meets Beauty,,,,,image,ecommerce,75492,1075,94,826.52
enriched_ad_1249,campaign_008,Create Your Own Website,Start now with Wix to design and build your own website effortlessly.,Get Started Today!,facebook,,image,ecommerce,84326,1327,90,879.16
enriched_ad_1250,campaign_006,Sierra Pacific - Your Lender for Life,Wherever life takes you! START HERE at Sierra Pacific. Discover our mortgage solutions tailored to your needs.,START HERE,,,image,finance,84988,1145,56,2014.54
enriched_ad_1251,campaign_007,JustFashionNow,"(LC
002
defree shipping)",,,,image,ecommerce,53003,855,46,943.46
enriched_ad_1252,campaign_047,Settle Medical Debt with Settlement Group,Our settlement group offers you the chance to pay your medical bills and sell life insurance policies. Get immediate cash by selling your policy today.,Sell Your Policy Now,,,image,finance,46035,619,22,1365.92
enriched_ad_1253,campaign_048,Free Coupon,See Codes Capital One Shopping The Coupon-Finding Browser Extension,,,,image,ecommerce,91391,1172,81,881.42
enriched_ad_1254,campaign_001,FORTVENT,,,,,image,,49708,819,75,783.71
enriched_ad_1255,campaign_023,Add a Coupon Code to Your Cart,Best Extension for Online Deals Get Coupons CoupertⓇ,,,,image,ecommerce,45497,609,52,494.82
enriched_ad_1256,campaign_009,Social Security Claim,123-45-6789 THIS NUMBER HAS BEEN ESTAD FOR JOHN O PUBLIC IMENT OF USA SIGNATURE All seniors over 65 are due a large benefit this month (but only if they claim it). Outer Money Learn More >>,,,,image,ecommerce,85858,1092,99,1363.84
enriched_ad_1257,campaign_044,Menico Brand Shoes - Focus on handmade and comfy,,Shop Now,,,image,ecommerce,55264,1137,67,736.9
enriched_ad_1258,campaign_009,Breaking News and Top Stories,Get your daily dose of global updates directly to you. Follow us on Twitter at @MailOnline.,Follow Us On Twitter,twitter,,image,"entertainment, news",83015,1633,153,855.95
enriched_ad_1259,campaign_009,Join Our Diverse Workforce,,,,,image,,81981,1427,140,1088.04
enriched_ad_1260,campaign_022,auvik Easy Network Monitoring and Management,Easy network monitoring and management. Try it for yourself.,TRY THE SANDBOX,,,image,ecommerce,83303,1199,85,1245.53
enriched_ad_1261,campaign_002,Follow Elle & Vire,,Try It Now!,,,image,ecommerce,20708,317,26,264.83
enriched_ad_1262,campaign_016,CoolTone by CoolScupting,,Learn More,,,image,ecommerce,24234,330,22,298.45
enriched_ad_1263,campaign_037,CELEBRATION 25 YEARS UK JEWISH FILM FESTIVAL,"UK Jewish Film Festival, featuring over 50 films. Book now for £45.",Book Now,,,image,entertainment,81941,1385,151,690.77
enriched_ad_1264,campaign_013,GoldenCheck,You want to check up on your parents. But they're in Florida and you're not. Golden Check are here when you can't be.,click here to access promo code,,,image,ecommerce,71578,1124,80,827.46
enriched_ad_1265,campaign_041,Golden Check,You want to check up on your parents. But they're in Florida and you're not. Golden Check is here when you can’t be.,click here to access promo code,,,image,ecommerce,68495,1196,72,1027.21
enriched_ad_1266,campaign_008,"Looting, Loss, and Recovery",A Virtual Symposium Video Premieres: Dec 6 Live Panel: Dec 9 Free with RSVP Jewish Museum LEARN MORE,LEARN MORE,,,video,education,85232,1948,159,977.88
enriched_ad_1267,campaign_015,Golden Check,You want to check up on your parents. But they're in Florida and you're not. Golden Check is there when you can't be.,click here to access promo code,,,image,ecommerce,72155,1216,90,987.64
enriched_ad_1268,campaign_042,Today's Best Deals Are Here,The Inventory team is rounding up discounts on hot items you don't want to miss.,Click here to browse!,,,image,ecommerce,46577,727,58,752.51
enriched_ad_1269,campaign_006,Wellness for Your Clients,,Apply Now,,,image,ecommerce,26536,532,41,262.53
enriched_ad_1270,campaign_014,Metaverse Gaming Experience,Experience the thrill of gaming like never before with Meta Quest 2. Join Avan Jogia as he takes on Evil 4 for the first time in an immersive virtual reality experience that will leave you breathless.,Watch Now,facebook,,video,entertainment,78404,2258,353,566.12
enriched_ad_1271,campaign_041,Cymulate - eCademy Course,Free course on Building an Effective Continuous Security Validation Strategy for your organization.,Learn More,,,image,education,97458,1852,184,736.61
enriched_ad_1272,campaign_043,Kelley's Official Deals,Discover the best deals on Kelley Blue Book with these exclusive offers. Don't miss out!,Shop Now,facebook,,image,ecommerce,78172,1082,74,793.3
enriched_ad_1273,campaign_046,Shopping Top-10 Cars?,"Price One Now! Get started $20,745 - $20,692 Invoice Fair Purchase Price $20,465 KELLE BLUE BOOK OFFICIAL GUIDE",,,,image,automotive,70254,992,30,1202.14
enriched_ad_1274,campaign_029,SMART REPORTING,Intelligent narratives for finance. Get The Fact Sheet ARRIA Collably the back.,,,,image,finance,94756,711,17,1703.29
enriched_ad_1275,campaign_036,ARRIA - Get The Fact Sheet,"Smart Reporting, Intelligent Narratives for Finance. Fathalabey Atlet.",,,,image,finance,61003,573,17,1468.09
enriched_ad_1276,campaign_048,PROMO CODES AVAILABLE SEE CODES,,,,,image,ecommerce,49285,742,38,708.02
enriched_ad_1277,campaign_047,Discover CALVERT'S Walk Apartments,"Experience the charm of walking to your destination with our apartments located in downtown. Enjoy modern amenities, spacious living areas and stunning views.",Schedule A Tour Today!,facebook,,image,ecommerce,74032,1107,114,1218.03
enriched_ad_1278,campaign_002,First Time Home Buyer? 20% REBATE of Commissions,Learn More SRE.com Human Assisted eCommerce Home Loans Fixed Rate & APR 1.550%,LEARN MORE,,,image,finance,90233,904,32,2924.9
enriched_ad_1279,campaign_017,Matouk Creating Fine Bed & Bath Linens Since 1929,Shop Now for Quality Bedding Products That Have Been Crafted With Care and Precision.,SHOP NOW,,,image,ecommerce,56384,743,72,782.19
enriched_ad_1280,campaign_029,Five Pay Three Stay Four Extend The F,,Book Now,,,image,entertainment,72356,1311,208,546.3
enriched_ad_1281,campaign_010,Promote Your Savings with Capital Shopping,Discover exclusive promo codes and coupons directly in your browser. Enhance shopping experiences by seamlessly integrating coupon-finding capabilities into everyday browsing.,Download Now,facebook,,image,ecommerce,93284,1771,113,950.59
enriched_ad_1282,campaign_014,DataCamp - A Modern Learning Experience,"DataCamp offers an engaging platform to learn data science, analytics, R programming with SQL extensions. Discover the best tools for your learning journey.",Learn More,,,image,education,60270,907,126,629.56
enriched_ad_1283,campaign_039,MineCraft Casualsquad,,,,,image,entertainment,41763,659,120,257.66
enriched_ad_1284,campaign_013,THE MEADOWS AT CANTON,"16.9%* TARGET IRR
11.3% * TARGET CASH ON CASH RETURN
ACCESS DEAL
SPONSORED BY THE GSH GROUP REALTYMOGUL'",,,,image,real_estate,93680,1049,16,2255.16
enriched_ad_1285,campaign_004,BIOSKOP - Original Story of Dinda,Second Chance Of Happiness Seubah Film Karya GIMANTI Roma Aurelie Moeremans Abimana Aryasatya Ardhno Pramono Cantika Abigail celebrities.id,,,,image,entertainment,64669,1536,287,322.49
enriched_ad_1286,campaign_024,NORACORA MERRY CHRISTMAS,,Shop Now,,,image,ecommerce,49120,795,50,777.95
enriched_ad_1287,campaign_046,TODAY'S REFINANCE RATE,"15-Year Fixed Term, 30-Year Fixed Term, 2.01% - 2.42%, No SSN Required, Calculate Payment at NO SSN REQUIRED MORTGAGE.NET Ⓒ *Terms & conditions apply. NMLS #1912050 (nmisconsumeraccess.org)",,,,image,finance,69881,901,42,1916.91
enriched_ad_1288,campaign_010,LEGION 71,With Intel® Core™ i9 SUVAINE Purpose-forged Elite performance GEAR UP NOW TOV Lenovo SD TSM Official PC & Monitor of TSM FTX,GEAR UP NOW,,,image,ecommerce,71908,1098,54,1123.77
enriched_ad_1289,campaign_022,LEGION 71 With Intel® Core™ i9,"The world's first 16"" QHD Gaming laptop. Official PC & Monitor of TSM FTX Lenovo.",GEAR UP NOW,,,image,ecommerce,85392,1495,140,1035.28
enriched_ad_1290,campaign_012,Save on Restaurants You Love,Perks offers exclusive discounts at your favorite eateries. Check out GrubHub Parks for special deals!,Check Out GrubHub Parks Now,,,image,ecommerce,57086,954,56,602.25
enriched_ad_1291,campaign_013,We Can Optimize Your Social Media Plan,Compulsively Integrated Marketing Full-Service Digital Agency. Learn More >>,,,,image,ecommerce,88559,1413,73,1245.75
enriched_ad_1292,campaign_023,Get Started in Just Three Simple Steps,"Click 'Start Now', download the extension, and get quick search tool. Follow these three easy steps to enhance your productivity.",Shop Now,facebook,,image,ecommerce,64683,807,43,1093.88
enriched_ad_1293,campaign_006,Choose Your Cards Now,,,,,image,,70558,1207,98,1062.29
enriched_ad_1294,campaign_035,WIN A + A DREAM,DREAM SUV House Enter now omaze (30),,,,image,,71477,1044,57,784.63
enriched_ad_1295,campaign_029,Discover Political Appointment Process in Malaysia,PANTAU kuasa offers insights on how politicians are appointed into Federal statutory bodies (FSBS) and tracks political appointments in Malaysia.,Learn More,facebook,,image,ecommerce,97558,1709,89,1008.42
enriched_ad_1296,campaign_029,WIN THIS HOUSE AND START EVERY DAY,All to support Make-A-Wish.,,,,image,entertainment,84894,1445,192,499.77
enriched_ad_1297,campaign_041,Home Services,SEARS offers valuable protection with covered repairs. Get a quote today.,Get a Quote,,,image,ecommerce,57312,1165,112,869.7
enriched_ad_1298,campaign_006,APPLIANCE REPAIR,"sears offers home services for appliances, service & protection, improvement and caution. Our team proudly serves your neighborhood.",Schedule now,,,image,ecommerce,58985,936,56,668.97
enriched_ad_1299,campaign_041,Hagas - Expert Appliance Repair,"Home Services | Sears
EXPERT APPLIANCE REPAIR Wherever you bought it, WE CAN FIX IT Schedule now 1-888-314-3067",Schedule Now,,,image,ecommerce,33532,586,59,601.01
enriched_ad_1300,campaign_021,TRUMP & ROOT ARE THEY TWINS?,Wayne Allyn Root The Conservative Warrior Daily on USA Radio Network,,,,image,entertainment,97724,2139,262,858.27
enriched_ad_1301,campaign_038,"Week 23,093 Offers So Good",,Bring Your Friends MGM Resorts Book Now,,,image,entertainment,51097,952,123,327.99
enriched_ad_1302,campaign_035,WINK AND YOU'LL MISS IT,"UP TO 50% OFF YOUR STAY. THRU TUES, NOV 30 ONLY.*
THE COSMOPOLITAN
LAS VEGAS
*TERMS APPLY.
SEIZE THE STAY",,,,image,ecommerce,81297,1189,100,1035.73
enriched_ad_1303,campaign_010,Hot Topic Wizarding World,,Shop Now,,,image,entertainment,97132,2669,415,467.01
enriched_ad_1304,campaign_030,Automation. Transparency.,Industry-leading expertise. Choose us as your self-serve advertising partner. Contact us DanAds™,,,,image,ecommerce,25228,428,41,244.66
enriched_ad_1305,campaign_009,Best Gaming,Logo Maker COMMANDER INFINITE JUSTICE GALACTIC MARIAG NIGHTMARE Place it by @envato NASTY BAKKY PLAYER DARK Create Now GO GAMER METAL OCTOPE BRUTAL SQ.,,,,video,entertainment,27368,798,102,181.82
enriched_ad_1306,campaign_009,PAY OFF YOUR HOME,"FASTER BY SWITCHING TO A 15-YEAR FIXED
2.01%
No SSN Required
30-Year Fixed Term
2.42%*
Calculate Payment
NO SSN REQUIRED MORTGAGE.NET
*Terms & conditions apply.
 NMLS #1912050 (nmisconsumeraccess.org)",,,,image,finance,30432,290,11,878.72
enriched_ad_1307,campaign_042,THE COMPLETE RASPBERRY PI 4,STEP-BY-STEP DIGITAL LEARNING BUNDLE - BUILD WORKING PROJECTS LIMITED TIME OFFER POWER LEARNING ACADEMY,,,,image,education,28374,615,65,324.37
enriched_ad_1308,campaign_009,Win a Mercedes-AMG GT Stealth Edition,,Enter Now,,,image,ecommerce,29493,584,58,491.12
enriched_ad_1309,campaign_015,Recover $1M on Hospital Budgeting,Discover how stratum's hospital budgeting efforts saved millions. Read the case study to learn more.,READ THE CASE STUDY,,,image,ecommerce,38127,400,33,381.3
enriched_ad_1310,campaign_005,Boost your site's engagement with custom content experiences,Discover how INSTICATOR can transform the way you interact on websites.,Learn More,,,image,ecommerce,44485,795,39,560.83
enriched_ad_1311,campaign_015,Generate Cute Name,For Your Cute Baby Dog,,,,image,entertainment,68371,1455,232,458.15
enriched_ad_1312,campaign_043,2019 Guide to Enhancing Quality Control in Your Medical Devices,Get the Guide SARTORIUS,,,,image,healthcare,83684,1278,48,2056.16
enriched_ad_1313,campaign_049,"Cubis® II: Your Balance, Your Way",SARTORIUS AFFLM Increase Stent Weighing Throughput Request Demo,,,,video,ecommerce,20336,447,21,349.84
enriched_ad_1314,campaign_019,Sartorius Speed Up Stent,"Weighing:
Choose the New
Cubis® II Balance Learn More",,,,image,ecommerce,99794,1934,186,1744.53
enriched_ad_1315,campaign_003,Paranormal Mind Reading Magic by Fredric da Silva,Rated 4.9/5 Exceptional Experience with tickets from $28 Buy Tickets Now!,Buy Tickets,,,image,entertainment,50340,818,110,336.33
enriched_ad_1316,campaign_018,Sartorius Solutions,Solutions that steer you through every step of pDNA production. Discover now.,,,,image,ecommerce,89330,1282,72,1141.49
enriched_ad_1317,campaign_031,Quitting Drinking Doesn't Have To Be Hard,"Learn More About BioRebalance, the Ultimate Solution for Quitting Alcohol.",LEARN MORE,,,image,healthcare,31320,515,33,625.76
enriched_ad_1318,campaign_003,"YOUR LOGO HERE","Your Sponsor Ad here click here for details",Learn More,facebook,,image,ecommerce,86050,1507,145,1026.55
enriched_ad_1319,campaign_029,JustFashionNow Free Shipping,,,,,image,ecommerce,70018,1364,85,762.76
enriched_ad_1320,campaign_023,0% APR Financing for Up to 36 Months on Your New Honda,Shop Now at Local Honda Dealers and Get the Best Deal Today!,SHOP NOW,,,image,ecommerce,98504,1260,110,1209.47
enriched_ad_1321,campaign_024,STANOMINEES YOU CHOOSE THE YEAR'S BEST,,VOTE NOW,,,image,entertainment,98006,1622,234,814.89
enriched_ad_1322,campaign_031,FULLY MANAGED VPS Hosting,"Liquid Web™ offers FULLY MANAGED VPS hosting with Acronis Backups, DDoS Protection and 24/7/365 Support. Liquid Web is E MOST HELPFUL HUMANS IN HOSTING.",,,,image,ecommerce,84517,1500,91,815.88
enriched_ad_1323,campaign_041,FISHER INVESTMENTS,HOW CLOSE ARE YOU TO RETIREMENT? Where are you in your journey to retirement? If you have $500k+ get this free guide to help bring you one step closer to your destination. Learn More,,,,image,finance,60853,542,15,1979.68
enriched_ad_1324,campaign_001,Get Real. Get YF.,Opteon-YF Automotive Refrigerante SELF-SEAL CAN Oumours Net W Opteon YF R-1234yf,LEARN MORE,,,image,automotive,22798,297,10,468.8
enriched_ad_1325,campaign_039,INTELLIGENT NARRATIVES FOR FINANCE,"Get the fact sheet on ARRIA, which Collably has unfortunately passed away.",,,,image,finance,98633,1365,44,2965.9
enriched_ad_1326,campaign_007,Austria Winter Love,,> Discover Now >,,,image,entertainment,93482,2122,237,625.45
enriched_ad_1327,campaign_038,ONEWHEEL TIME TO LEVEL UP,One Wheel Time To Level Up More Power More Range More !!!!!! GNewWheel New New Pintz Shop Now,Shop Now,,,image,ecommerce,37286,656,32,436.02
enriched_ad_1328,campaign_034,Generate Cute Name for Your Baby Dog,,,,,image,ecommerce,96441,1197,107,926.55
enriched_ad_1329,campaign_003,Modernizing Medicine,"DERMATOLOGISTS, SLOW SOFTWARE? It's about time you had a system as fast as you. ModMed.",,,,image,healthcare,60444,967,54,1277.34
enriched_ad_1330,campaign_014,COME BACK TOGETHER AT CANADA'S #1 MUSICAL,COME FROM AWAY REOPENING DECEMBER 15 ROYAL ALEXANDRA THEATRE BUY TICKETS,,,,image,entertainment,62810,1057,138,325.28
enriched_ad_1331,campaign_009,Affordability,Over 50% of members with a subsidy pay $a month.,,,,image,ecommerce,99771,2073,125,1675.26
enriched_ad_1332,campaign_008,Affordability,Over 50% of members with a subsidy pay $0 a month. NC FREE QUOTE,,,,image,ecommerce,46371,900,81,482.91
enriched_ad_1333,campaign_007,Affordability,Over 50% of members with a subsidy pay $0 a month. FREE QUOTE,,,,image,ecommerce,27307,558,40,344.24
enriched_ad_1334,campaign_004,Strata - Benchmark Against Peers,Leverage volume with data from 2 million patient encounters. Discover how Strata can help you benchmark against peers in the healthcare industry.,LEARN MORE,,,image,healthcare,80427,1324,64,1564.17
enriched_ad_1335,campaign_038,Run Your Law Firm,From Anywhere Learn More mycase,,,,image,,70899,1133,58,750.34
enriched_ad_1336,campaign_012,Voted #1 in SIX Categories,End-to-End E-Discovery. Foreign Language Translation. End-to-End Litigation Consulting. Managed Document Review. Predictive Coding Solution. Legal Staffing. TLS.,,,,image,ecommerce,71141,1046,84,833.14
enriched_ad_1337,campaign_049,Named a Leader in The Forrester Wave: Low-Code Development Platforms,"For Business Developers, Q4 2021 Get the report B Betty Blocks",,,,image,ecommerce,95737,1584,146,1039.09
enriched_ad_1338,campaign_042,Benefit-Specific & Functional,Holiday Sale -40% Off Shop Now Enjoy Code: ENJOY40 ne 121 reed SOMS wwwinge,Shop Now,,,image,ecommerce,96427,1702,165,1007.94
enriched_ad_1339,campaign_024,11 Sign Up For the Invested Newsletter Delivered Daily by U.S. News Editors,"Invested provides investors with advice, 850 rankings and stock market news.",Sign Up us.News INVESTED,,,image,finance,46927,542,14,1510.23
enriched_ad_1340,campaign_010,Shop Now Newchic,,Shop Now,,,image,ecommerce,21672,440,36,351.72
enriched_ad_1341,campaign_046,DISCOVER BOTSWANA,"Africa's Most Exclusive Destination
EXPERIENCE EXCELLENCE | SAFARI.CO.UK
AFRICA
EXCLUSIVE",,,,image,travel,40564,745,46,609.06
enriched_ad_1342,campaign_025,GIFTS FOR LISTENERS,SHOP STLPR UNDER-UNDERSTANDING Starts Here P stil pr,,,,image,ecommerce,60058,727,59,783.41
enriched_ad_1343,campaign_042,gifts for listeners,Shop STLPR sitil pr UNDER-Understanding Starts Here,shop,,,image,ecommerce,30280,575,44,368.18
enriched_ad_1344,campaign_007,Curious Ceus Submit Your Question Today,,,,,image,,83852,1382,105,1388.76
enriched_ad_1345,campaign_041,Pella Window & Door Replacement,pellacolumbus.com Gunton CARAFARA PARATOTO SCHEDULE A FREE IN-HOME CONSULTATION TODAY! Refresh. Replace. Relax.,Click for details,,,image,ecommerce,33195,693,60,414.49
enriched_ad_1346,campaign_012,Inventing Improv A Chicago Stories Special,Explore the website for more details.,Explore The Website,facebook,,image,entertainment,81765,2246,317,629.11
enriched_ad_1347,campaign_007,Merz Apothecary - Discover Unique Gifts,"APOTHECARY Established in 1875. Globally Sourced, Locally Loved.",Shop Now,,,image,ecommerce,92910,1764,175,1573.67
enriched_ad_1348,campaign_042,A Million Little Things,,,,,image,,42120,784,57,744.86
enriched_ad_1349,campaign_044,RUDOLPH Santa Love Like Jesus Sister I' M The Reason We Have Rules Lilicl Th,,,,,image,entertainment,41886,620,65,332.58
enriched_ad_1350,campaign_010,Recover Health System Saves 20K Hours,"Financial Recovery through stratum health systems saves up to 20,000 hours of leadership time. Read the case study.",READ THE CASE STUDY,,,image,healthcare,33275,489,26,722.0
enriched_ad_1351,campaign_028,Let's Build Austin,Join the largest online real estate investing platform.,Learn More,,,image,real_estate,68154,618,10,1944.33
enriched_ad_1352,campaign_045,Set 2 Separate Timers with D-LINK's Smart Plug,,,,,image,electronics/electrical appliances/smart home devices/plug adapters & power strips/plugs and sockets/d-link smart plug timers,33007,541,32,390.02
enriched_ad_1353,campaign_032,Shine - Automate Toilet Cleaning,,,,,image,ecommerce,89396,1740,86,903.64
enriched_ad_1354,campaign_025,ONLINE FUN FOR MOVIE LOVERS!,,,,,video,entertainment,33812,911,107,297.62
enriched_ad_1355,campaign_006,Helping You Live Better and Feel Better,PGHealth & Wellness Pittsburgh Post-Gazette. Sponsored by UPMC Life Changing Medicine.,,,,image,healthcare,58152,918,34,1511.1
enriched_ad_1356,campaign_048,Celebrating All That's Good,Sundays in Pittsburgh Post-Gazette Sponsored by HIGHMARK | AHN,,,,image,entertainment,45989,792,131,388.08
enriched_ad_1357,campaign_039,Sundays in the Pittsburgh Post-Gazette,Sponsored by HIGHMARK ◆AHN Celebrating all that's good. PG,,,,image,entertainment,32273,600,99,286.43
enriched_ad_1358,campaign_006,Art Basel Miami,"Experience Art Basel at its finest location - Miami Beach. Join us from December 2 to April 4, 2021.",,,,image,entertainment,54216,1115,116,305.25
enriched_ad_1359,campaign_049,Carnival Sale,"Trifox Bike Anniversary Flash Sales From $0.01, Two Rounds a day! Buy Frame, Get handlebar for free! Choose any handlebars you like!",,,,image,ecommerce,59956,800,44,781.88
enriched_ad_1360,campaign_004,Perfect Gifts FOR The Holidays,Discover the ultimate gifts for your loved ones at NHLSHOP.COM. Enjoy an exclusive experience with AF Fanatics.,Shop Now,facebook,,image,ecommerce,88803,934,61,1030.77
enriched_ad_1361,campaign_042,Explore 2020 Explorer,"Highly viewable, lightweight video tailored to your site. INSTICATOR Explore 2020 Explorer - 11 Learn More",Learn More,,,video,entertainment,95517,3036,364,737.13
enriched_ad_1362,campaign_002,Design Your Dream Home!,,,,,image,real_estate,21088,320,8,377.48
enriched_ad_1363,campaign_029,"X","TURN OFF ALL ADS TOTAL Adblock OFF",Learn More,facebook,,image,ecommerce,56828,1139,57,815.09
enriched_ad_1364,campaign_036,Ready to Use Sound Effects,"Urban sounds, human sounds, industrial sounds and more. Game sounds, nature sounds.",Start Now,,,image,ecommerce,54026,749,45,757.99
enriched_ad_1365,campaign_015,Nomad MagSafe Made Easy,,Shop Now,,,image,ecommerce,96517,1432,101,1648.91
enriched_ad_1366,campaign_013,Taiwan Business & Trade Show Webinar,"Live Stream on Friday, 26th November 2021 at 10.00 WIB featuring Automobile Electronics and IOV Industries.",,,,video,ecommerce,72010,1623,142,1185.52
enriched_ad_1367,campaign_015,TAIWAN BUSINESS & TRADE SHOW WEBINAR,"Automobile Electronics and IOV Industries LIVE STREAM Fri, 26 November 2021 | 10.00 WIB Organized by Bureau of Foreign Trade (BoFT) Taiwan External Trade Development Council (TAITRA)",,,,video,ecommerce,23487,440,42,252.91
enriched_ad_1368,campaign_045,Need a Coupon Code?,,Get It Here,,,image,ecommerce,35675,648,56,411.45
enriched_ad_1369,campaign_013,AIRTAME Making Screens Back to School?,"How to create a safer, more informed school with digital signage and get your free eBook.",,,,image,education,69430,1169,85,662.11
enriched_ad_1370,campaign_009,WE CAN OPTIMIZE YOUR SOCIAL MEDIA PLANS,COMPULSIVE INTEGRATED MARKETING AND FULL-SERVICE DIGITAL AGENCY. ✔ LEARN MORE > Q,LEARN MORE » Q,,,image,ecommerce,38503,542,43,452.25
enriched_ad_1371,campaign_047,LOVE JANCE AND RUDOLPH LIKE FROSTY WINE,,,,,image,entertainment,68649,1170,203,478.94
enriched_ad_1372,campaign_015,HYPERSOFT SNEAKERS,Your Feet Need Hypersoft. GET 70% OFF en.gethypersoft.com,,,,image,ecommerce,34645,570,48,436.21
enriched_ad_1373,campaign_034,CAPITAL ONE SHOPPING COUPON CODES,COUPON CODES AVAILABLE GET CODES The Coupon-Finding Browser Extension I I I 1 I I 1,,,,image,ecommerce,64252,859,45,1009.28
enriched_ad_1374,campaign_044,Perfect Gifts FOR the HOLIDAYS,,SHOP NOW C,,,image,ecommerce,39656,714,68,411.15
enriched_ad_1375,campaign_007,shutterstock flex,"Images, footage, and music-all in 1 plan.",Learn more,,,image,ecommerce,49421,873,69,848.64
enriched_ad_1376,campaign_011,NEW ARRIVALS FOR FW21,,,,,image,ecommerce,35654,713,43,549.19
enriched_ad_1377,campaign_012,Clochee Listopad Miesiąc Darmowe Dostosowane Dostawy na Zakup!,,,,,image,entertainment,63365,1621,171,429.74
enriched_ad_1378,campaign_006,Learn Languages with Babbel,"+Babbel offers courses in multiple languages including Practice French, Practice German, Practice Italian, Practice Spanish and Practice Portuguese.",,,,image,education,82930,1345,103,772.92
enriched_ad_1379,campaign_017,Need A Coupon Code?,,,,,image,,30339,562,37,420.14
enriched_ad_1380,campaign_016,Mag Level Up!,Unlock the full potential of Mag with our exclusive LEVEL UP feature. Experience enhanced ATTACK and DEFENSE SPEED as you progress through levels up to MAG LEVEL 60.,Join Now,facebook,,image,entertainment,72523,1049,138,533.87
enriched_ad_1381,campaign_022,CBS SPORTS NFL Paramount +,NFL TRY IT FREE CBS EVENING NEWS KAMP KORAL WITH NORAH O’DONNELL SPOGGIE BOY’S UNDER YEARS,,,,image,entertainment,92413,1926,358,638.2
enriched_ad_1382,campaign_020,Try Rakute for Free,"Experience the ultimate sports streaming with Rakute. Enjoy CBS Sports, NFL, PGA Tour and more on Paramount+. Try it free now!",TRY IT FREE,,,image,entertainment,42407,934,159,297.18
enriched_ad_1383,campaign_047,"Get Insights, Win Holiday Campaign Wars",Discover how to dominate your holiday campaigns with our expert analysis and strategies.,Learn More,,,image,ecommerce,54140,1113,86,759.98
enriched_ad_1384,campaign_026,ManageEngine ADSelfService Plus,"Enterprise Single Sign-on Solution for over 100 Cloud Applications including Office365, GSuite, Salesforce, Zendesk and ServiceNow.",TRY NOW,,,image,ecommerce,26832,399,37,441.36
enriched_ad_1385,campaign_024,Master the Fundamentals of Anesthesiology with ACE,ACE offers comprehensive courses and resources to help you master the essentials in anesthesiology. Our expert-led programs are designed for aspiring professionals looking to excel in this critical field.,Enroll Now,facebook,,image,education,41218,756,111,302.42
enriched_ad_1386,campaign_023,Insights from Global CIOs,Power your digital business ecosystem strategy with APIs. Learn more about Google Cloud.,Learn More,,,image,"ecommerce, saas, education, healthcare, finance, entertainment, travel, food, automotive, real estate",83432,977,66,1134.71
enriched_ad_1387,campaign_023,"Myka - Sterling Silver, Rose Gold & Diamond",,,,,image,ecommerce,64242,698,71,768.73
enriched_ad_1388,campaign_016,Lordrings NLP Middle-earth Ent.,Le to New Line 2,Shop Now,,,image,ecommerce,70873,1372,92,773.17
enriched_ad_1389,campaign_027,Arria - Smart Reporting,INTELLIGENT NARRATIVES FOR FINANCE GET THE FACT SHEET,,,,image,finance,63431,489,13,1639.67
enriched_ad_1390,campaign_019,Anastasia → Krystensen Baltra,"Com Truisé - Cut Copy DJ Set at 599 Johnson Ave, Brooklyn NY. Elsewhere Crities.",,,,image,entertainment,86306,1858,219,702.01
enriched_ad_1391,campaign_017,J.me - Celebrating Our Third Anniversary,Join us as we celebrate our third anniversary with exclusive discounts and offers. Enjoy up to $50 off on your first purchase using the code JING20.,Shop Now!,facebook,,image,ecommerce,24667,407,20,269.32
enriched_ad_1392,campaign_048,Perfect Gifts for Holidays,Discover the ultimate gifts at NHLSHOP.COM. Enjoy an exclusive experience with AF Fanatics.,Shop Now,,,image,ecommerce,44954,644,57,575.63
enriched_ad_1393,campaign_011,Perfect Gifts for Holidays,Discover the ultimate gifts at NHLSHOP.COM. Enjoy an exclusive experience with AF Fanatics.,Shop Now,facebook,,image,ecommerce,74913,1519,93,848.17
enriched_ad_1394,campaign_015,Get Real. Get YF.,R-1234yf Automotive Refrigerant Opteon-YF Automotive Refrigerant SELF-SEAL CAN N,Opteon YF LEARN MORE,,,image,automotive,49888,495,13,1000.61
enriched_ad_1395,campaign_044,Keep Your Bobcat Equipment Performing Like New,Get the ce kit for your Bobcat. Buy Bobcat parts to keep them performing like new.,Buy Bobcat Parts,,,image,ecommerce,80339,1538,117,1425.46
enriched_ad_1396,campaign_031,Shop Now,"2304x Samsung LM301H
288x Osram 660nm WHI
Shipment from USA Warehouse
3-5 Days Delivery
Hort Bloom Best LED Grow Lights",,,,image,ecommerce,76493,990,97,766.43
enriched_ad_1397,campaign_015,HOLIDAY IN DUBAI,"Pay 3 Stay 4, Extend The Fun, Pay 6 Stay 8. Book Now Five.",Book Now,,,image,travel,78980,1290,91,1212.09
enriched_ad_1398,campaign_007,Target IRR | 16.3% * Target Cash on Cash,The Meadows at Farmington Hills On Behalf of The GSH Group Realtymogul Real Estate Investment Trust (REIT) specializing in commercial real estate investments.,,,,image,real_estate,87964,785,10,1801.73
enriched_ad_1399,campaign_028,STYLEWE Up to 60% OFF,,Shop Now,,,image,ecommerce,75551,1536,100,879.21
enriched_ad_1400,campaign_028,Click for Hefty Bags,,CLICK!,,,image,ecommerce,28778,494,24,479.54
enriched_ad_1401,campaign_026,COMMUNICATING AAAAS Science Program,Workshops for Scientists and Engineers. LEARN MORE,,,,image,education,22872,463,60,236.63
enriched_ad_1402,campaign_041,Calculate Your Monthly Mortgage Payment,,Get Started,,,image,finance,25408,211,6,779.01
enriched_ad_1403,campaign_042,Final Block of Tickets On Sale Now,teamLab - Asian Art Museum MUSEUM Differently.,BUY NOW,,,image,entertainment,66201,1271,147,544.17
enriched_ad_1404,campaign_021,BUY NOW CONTINUITY FINAL BLOCK OF TICKETS ON SALE,,Buy Now,,,image,entertainment,92647,2081,302,616.09
enriched_ad_1405,campaign_035,Continuity - Museum Differently,Final block of tickets on sale now at teamLab Art Museum.,Buy Now,,,image,ecommerce,50775,806,82,506.92
enriched_ad_1406,campaign_005,CROWDSTRIKE FORRESTER Study Finds Falcon Complete MDR Delivers,403% ROI & Zero Hidden Costs See How >,,,,image,ecommerce,41182,828,47,603.07
enriched_ad_1407,campaign_008,Noracora - Jesus MERRY Christmas,,Shop Now,,,image,ecommerce,24822,390,25,432.99
enriched_ad_1408,campaign_024,Honey - The Money-Saving Browser Extension,Need coupons for Big Deal Days? Get Them Here. Honey is not affiliated with Target.,,,,image,ecommerce,47664,506,31,507.23
enriched_ad_1409,campaign_040,Outsystems Webinar - How to Prevent and Reduce Technical Debt,"Join us on December 7 for an insightful webinar that will guide you through the process of preventing and reducing technical debt in your projects. Learn effective strategies, best practices, and tools from industry experts.",Register Now,,,video,education,46264,974,115,371.09
enriched_ad_1410,campaign_021,Hot Loot Hunt,"Join Harry Potter and venture into the thrilling world of auto theft, minecrafing, and more. Discover hidden treasures at VAGAGAME.COM.",Shop Now,facebook,,image,entertainment,32840,473,84,242.56
enriched_ad_1411,campaign_039,#FlattenTheCurve,,,,,image,,98034,1615,127,1543.55
enriched_ad_1412,campaign_023,Journey with Jesus Only in Theaters,,Reserve Your Tickets Today!,,,image,entertainment,91733,2566,251,796.53
enriched_ad_1413,campaign_011,"The Wallet, Reimagined",,Shop Now,,,image,ecommerce,60226,1007,49,795.58
enriched_ad_1414,campaign_048,BUSY PAIN SPECIALISTS SMART SOLUTIONS It's Time to Make the Switch AMY,It's time to make the switch. Modernizing medicine is essential for better health outcomes.,,,,image,ecommerce,35396,526,34,393.94
enriched_ad_1415,campaign_033,SOFT OCTOPUS,,,,,image,,67462,1213,63,1124.84
enriched_ad_1416,campaign_011,REDEMPTION,"'MR X' Boss, Clue Scroll Overhaul & More!",PLAY NOW,,,video,entertainment,39619,1101,204,303.82
enriched_ad_1417,campaign_034,COUPONS AVAILABLE,,Save Now,,,image,ecommerce,96602,1461,83,1346.34
enriched_ad_1418,campaign_008,SHADES TO THE THAI LANE,,,,,image,entertainment,96106,1620,151,580.46
enriched_ad_1419,campaign_010,Free Coupon,See Codes Capital One Shopping The Coupon-Finding Rouser Extension,,,,image,ecommerce,35887,733,50,404.33
enriched_ad_1420,campaign_005,12th Gen Intel® Core™ desktop process,Built for the next generation of gaming. Save Now >,Save Now >,,,image,ecommerce,46125,566,46,770.05
enriched_ad_1421,campaign_048,Is Your Insurance Coverage Adequate?,Are you prepared? Find out if you're ready for life's big moments with our comprehensive insurance plans.,Learn More,,,image,ecommerce,35094,539,39,526.3
enriched_ad_1422,campaign_050,Certified Publisher Monetization,Discover how to monetize your child's publishing efforts with our certified platform. Ideal for young creators looking to make their mark.,Learn More,,,image,education,44711,662,66,518.16
enriched_ad_1423,campaign_023,LILIENTHAL BERLIN,Designed in Berlin. Made in Germany.,Shop Now,,,image,ecommerce,33494,406,39,444.29
enriched_ad_1424,campaign_029,Free Exploratory Testing App,"P/B/00/€£0|||S She Fest M-YYYYHDD-YYYYXCear Sind BZ A 90- Insert your video commentere TRY NOW Colum ap pranations. Ba Export Spe Easy to use: Take notes, screenshots and record videos",,,,video,ecommerce,79735,1988,139,1196.21
enriched_ad_1425,campaign_025,Hot Topic Wizarding World,Discover the magic of Harry Potter with our exclusive collection. Shop Now to get started!,Shop Now,,,image,entertainment,42856,842,129,302.0
enriched_ad_1426,campaign_018,Hot Topic Wizarding World,,Shop Now,,,image,entertainment,94967,2387,224,769.17
enriched_ad_1427,campaign_013,REALTYMOGLU Real Estate Investment Trust,"The Meadows at Farmington Hills, with an impressive target IRR (Internal Rate of Return) and Cash on Cash return rate.",,,,image,real_estate,25332,358,6,449.27
enriched_ad_1428,campaign_038,Mailgun,Get more emails delivered with Mailgun Get Started Free 94% 1.1.,,,,image,ecommerce,27217,534,29,407.93
enriched_ad_1429,campaign_034,Shield Your Retirement Savings,From Biden's Tax Plans Protect Your Wealth,,,,image,finance,31244,281,11,726.39
enriched_ad_1430,campaign_036,CAPITALE SHOPPING,"Promote your business with CAPITALE, the ultimate coupon-finding browser extension. Discover exclusive promo codes and save money effortlessly.",Get Started Today!,facebook,,image,ecommerce,54706,720,72,933.73
enriched_ad_1431,campaign_010,Let's Build Something New,Join the largest online real estate investing platform.,Learn More,,,image,real_estate,54113,493,6,967.97
enriched_ad_1432,campaign_016,Watch Now Full Movies & Series Online!,Quick 1-minute sign up • Unlimited access to films & series • Steam your favorite HD movies and series. This and much more on Streaming Online.,,,,video,entertainment,79694,2571,231,467.31
enriched_ad_1433,campaign_001,Access All-In-One Digital Content,Get access to all-in-one platform with the best digital content. Create your account.,Create Your Account,,,image,ecommerce,78672,1232,92,1156.46
enriched_ad_1434,campaign_028,Sotheby's Contemporary Evening Auction,"NEW YORK, November 18th. LEARN MORE SOTHEBY'S, INC. LICENSE NO.1216058. SOTHEBY'S, INC. 2021 Ⓒ 2021 WAYNE THIEBAUD/LICENSED BY VAGAAT ARTISTS RIGHTS SOCIETY (ARS), NY",,,,image,ecommerce,95811,1265,131,935.98
enriched_ad_1435,campaign_010,Single-Game Tickets on Sale Now,,,,,image,entertainment,36049,869,78,285.93
enriched_ad_1436,campaign_005,SIMPLI-SAFE MEETS THE NEW WIRELESS OUTDOOR SECURITY CAMERA,,Shop Now,,,image,ecommerce,56656,670,39,599.79
enriched_ad_1437,campaign_006,Free Coupon,See Codes Capital One Shopping The Coupon-Finding Browser Extension,,,,image,ecommerce,48397,754,41,742.77
enriched_ad_1438,campaign_038,Smith Honey Moroccan + Glam,,Shop The Collection >,,,image,ecommerce,57896,785,60,778.05
enriched_ad_1439,campaign_026,Get The Blueprint To Account-Based Marketing,Access Now We Power High-Performing Marketing Teams™ M ACCESS NOW,,,,image,ecommerce,24716,366,31,267.8
enriched_ad_1440,campaign_039,Grow Your Site Revenue,,Get Started,,,image,ecommerce,57157,1190,59,661.37
enriched_ad_1441,campaign_041,OMAZ - DREAM HOUSE,"- Los Angeles
-WIN THIS HOUSE IN LA OR $3M
-Enter Now",,,,image,real_estate,74506,659,11,1704.76
enriched_ad_1442,campaign_046,A Bold Twist,On Your Wrist The Watch Strap SHOP NOW,Shop Now,,,video,ecommerce,84894,1232,123,1151.68
enriched_ad_1443,campaign_028,fubo™ - Watch live TV & sports without cable,abc OCBS FOX ESPN FS1 TUDN HGTV ams FX News TLC MSNBC NETWORK NBC Learn more IM 100+ Live Channels Monthly subscription required. Plans start at $64.99/mo.,Learn More,,,video,entertainment,95858,2613,424,518.68
enriched_ad_1444,campaign_001,DEFEAT THE BOSS!,,,,,image,,89556,1687,105,1512.89
enriched_ad_1445,campaign_046,"PAIN PHYSICIANS, SLOW SOFTWARE? It's About Time",,Learn More,,,image,ecommerce,50067,753,41,822.75
enriched_ad_1446,campaign_022,Start Your Conversion Journey Today,"Add our Online File Converter to your system and start converting files effortlessly with Convert Files 4 Free. No more hassles, just seamless conversion.",Get Started Now!,facebook,,image,ecommerce,66550,852,46,692.36
enriched_ad_1447,campaign_022,COUPONS AVAILABLE,,Save Now,,,image,,60878,739,67,920.6
enriched_ad_1448,campaign_026,Experience the Flexibility of Cloud-First IT Management,Free for 30 days. Chrome OS Start Free Trial,,,,image,ecommerce,91751,1134,117,1371.93
enriched_ad_1449,campaign_008,Trint - Collaborate on Video Transcripts with Remote Teams,"Get started now and collaborate seamlessly with your team, regardless of location. Trint makes it easy to create video transcripts that can be shared across platforms.",GET STARTED,facebook,,video,ecommerce,31289,730,53,444.39
enriched_ad_1450,campaign_006,"Me. Lasting Weight Loss","Download on the App Store GET IT ON Google Play",Learn More,facebook,,video,ecommerce,97464,2153,155,1573.26
enriched_ad_1451,campaign_033,Fitness Equipment Reviews,"Best Home Gym
Equipment of 2021",Learn More,,,image,ecommerce,33181,523,37,509.95
enriched_ad_1452,campaign_004,Gartner peerinsights.™L.,Your insight is valuable! Share your experience and get rewarded. Write a review →→ Approved reviews earn:,Write a review,,,video,ecommerce,89929,1907,128,1316.19
enriched_ad_1453,campaign_033,eBay Motors - Have A Project In The Works? Get Every Part And Accessory You Need,Have you got an automotive project in the works on eBay Motors?,Take a look → ASCE,,,image,automotive,86932,1275,32,1511.07
enriched_ad_1454,campaign_050,Get Coupon Codes,Discover exclusive coupon codes with our browser extension. Save time and money while shopping online.,Download Now,facebook,,image,ecommerce,63843,792,38,1093.0
enriched_ad_1455,campaign_008,Need a Job? Sign Up for Free,,Sign Up for Free,,,image,ecommerce,83586,1245,122,886.61
enriched_ad_1456,campaign_043,Men's Hoodies Up to 65% Off,Light offers Men's hoodies at up to 65% off. Limited offer available.,,,,image,ecommerce,58148,789,67,868.31
enriched_ad_1457,campaign_012,TODAY'S REFINANCE RATE,"15-Year Fixed Term
2.01%
No SSN Required
30-Year Fixed Term
2.42%*
Calculate Payment
NO SSN REQUIRED MORTGAG.NET
*Terms & conditions apply.
nMLS #1912050 (nmisconsumeraccess.org)",,,,image,finance,31839,408,19,782.02
enriched_ad_1458,campaign_016,Find Out How Much Weight You Can Lose While Staying at Home,Take the Quiz to discover your weight loss potential while staying home.,TAKE THE QUIZ,,,image,ecommerce,84017,1057,107,1053.21
enriched_ad_1459,campaign_046,Click to Skip the Ads,,,,,image,,33106,575,51,466.75
enriched_ad_1460,campaign_032,Kill the Minotaur,,,,,video,entertainment,79705,2267,404,526.68
enriched_ad_1461,campaign_029,2021 Promo - Capital One Shopping,Discover exclusive deals with our new browser extension. Find coupons effortlessly and save money on your favorite brands.,Download Now,facebook,,image,ecommerce,26707,540,31,480.18
enriched_ad_1462,campaign_009,Shop Now,,Shop Now,,,image,ecommerce,87624,1163,120,873.25
enriched_ad_1463,campaign_043,"Continue","1. Click ""Continue"" 2. Add Extension 3. Start Converting *Online File Converter by ""Convert Files 4 Free""",Learn More,facebook,,image,ecommerce,61543,724,51,843.2
enriched_ad_1464,campaign_014,Free Coupon,See Codes Capital Shopping The Coupon-Finding Browser Extension,,,,image,ecommerce,93827,1674,108,1052.24
enriched_ad_1465,campaign_038,Free Math Practice for All Grades,"IXL offers free math practice resources covering Kindergarten to Algebra, including X^2 and Geometry. Perfect for students in grades K-8.",Get Started Now!,,,image,education,79478,1650,147,773.36
enriched_ad_1466,campaign_022,AI ROI,Computer Vision Whitepaper 2021 CHOOCH SUNCE Sprales Download Now,Download Now,,,image,ecommerce,95062,1160,117,1152.71
enriched_ad_1467,campaign_034,J.me,UP TO 50% OFF,Shop Now,,,image,ecommerce,94448,1949,122,1390.05
enriched_ad_1468,campaign_036,PRAYERS FOR YOUR UNSAVED LOVED ONES:,"A COMPLETE SCRIPTURE GUIDE
Prayers For Your Unsaved Loved Ones:
A Complete Scripture Guide",,,,image,education,31663,776,115,268.07
enriched_ad_1469,campaign_020,CLEAN EATING PLAN FOR WEIGHT LOSS,Imatrant Tadspor abad Lack Tar Ir plani stopp Day 1 Breakfa Tag Lanch Sofa Tumt pot Diar T VIop of bearin Day 2 Irat Tof Vestland Lanch Tof pr Inver handb popu Day 3 TUA It p Lunch limi up ua be tra Iominn Sp,,,,image,ecommerce,86111,1133,99,869.13
enriched_ad_1470,campaign_037,Coupon-Finding Browser Extension,"Discover coupons, discounts & reward points with Capital One Shopping. What's in your wallet?",Join Now (it's free!),,,image,ecommerce,93959,1670,150,1596.49
enriched_ad_1471,campaign_003,Black Friday Zolucky,,Shop Now,,,image,ecommerce,94511,1136,99,1632.5
enriched_ad_1472,campaign_049,NeatBooks™ Accounting Software,Accounting software that speaks your language. Start my 15-day trial.,Start my 15-day trial,,,image,ecommerce,52452,756,36,839.1
enriched_ad_1473,campaign_022,Capitalize Your Savings with Free Coupons,Discover exclusive coupon codes at Capital Shopping. Join now and start saving!,Join Now,,,image,ecommerce,37754,636,60,525.74
enriched_ad_1474,campaign_049,Need a Job? Sign Up for Free,,,,,image,ecommerce,37328,766,57,414.3
enriched_ad_1475,campaign_010,Discover Digital Content,"Click to start, activate and access games ebooks music movies in one place. Find everything you need for entertainment.",Start Now!,all-in-1 digitalcontent,,image,entertainment,60965,1450,196,426.05
enriched_ad_1476,campaign_005,LILICL TH BUILT IN THE FIFTIES,"Original, unrestored. Some parts still in working order.",,,,image,entertainment,74278,1093,169,595.61
enriched_ad_1477,campaign_005,SAVE THE GIRLS,,,,,video,,95695,2513,160,1558.77
enriched_ad_1478,campaign_009,FREE GUIDE TO RETIREMENT INCOME STRATEGIES,"7 Retirement Income Strategies Once Your Portfolio Reaches $500,000. Download The Definitive Guide to Retirement Income to learn ways to grow your wealth and generate income from your portfolio.",Learn More,,,image,ecommerce,48975,848,57,682.8
enriched_ad_1479,campaign_033,INSTALL NOW - REMOVE ALL ADS,,,,,image,,25285,425,28,294.06
enriched_ad_1480,campaign_022,SplitGate,,,,,video,entertainment,64767,1520,271,561.76
enriched_ad_1481,campaign_027,CAPITAL ONE SHOPPING,Promote your CAPITAL ONE shopping experience with exclusive promo codes. Discover the best deals and discounts available for you.,Shop Now,,,image,ecommerce,21756,253,21,390.17
enriched_ad_1482,campaign_040,IXC Math Practice,"Kindergarten to 8th Grade, including x² Algebra 1&2 and Geometry. Σ Precalculus available.",Try 10 FREE practice problems!,,,image,education,31823,679,55,206.14
enriched_ad_1483,campaign_003,#1 Recommended Shoes by Podiatrists,Shoes recommended by podiatrists UP to 25% OFF. Shop now for great deals!,Shop Now,,,image,ecommerce,88407,1516,126,902.61
enriched_ad_1484,campaign_013,Free Coupon,SEE CODES Cape Shopping The Coupon-Finding Browser Extension I I I I I I I I I I I I I I,,,,image,ecommerce,68798,1181,73,809.88
enriched_ad_1485,campaign_019,foreverspin,Made in Canada,,,,image,,33813,397,37,337.12
enriched_ad_1486,campaign_021,Walmart Shoppers Dressed To Kill,,,,,image,ecommerce,47869,634,54,858.42
enriched_ad_1487,campaign_018,Capital One Coupon Codes Found!,Discover Capital One's exclusive coupon offers. Apply your discount codes instantly for great savings on shopping.,Shop Now,facebook,,image,ecommerce,45020,707,45,649.12
enriched_ad_1488,campaign_025,Put It To The Test,Free Demo > CECIL's Tractors & Trucks Roundup - Discover the latest in agricultural machinery and equipment.,,,,video,ecommerce,89924,2162,216,905.78
enriched_ad_1489,campaign_010,Blunder #10: Mismanaging Retirement,"You've accumulated a large nest egg, making the wrong withdrawals could put your retirement at risk. If you have a $500,000 portfolio, you should read '13 Retirement Investment Blunders to Avoid.' Learn More FISHER INVESTMENTS.",Learn More,,,image,finance,60628,694,35,1252.81
enriched_ad_1490,campaign_026,LEGO VIP WEEKEND IS COMING,11/20-11/21 Learn More >,,,,image,entertainment,81886,1709,326,709.86
enriched_ad_1491,campaign_009,What's in your Wallet? Coupons & Rewards,"Discover exclusive coupons, rewards programs. Join now for FREE!",Join Now (it's free!),,,image,ecommerce,87752,1219,84,1073.18
enriched_ad_1492,campaign_031,INSTALL NOW - AD REMOVER BROWSER EXTENSION,,Click to Start Blocking Ads,,,image,ecommerce,51268,714,63,775.41
enriched_ad_1493,campaign_042,Academy Presents Hang With Terrrell Owens And Friends!,"Join our virtual watch party for Cowboys vs. Chiefs on Sun, November 21 at 4:25 PM EST - FREE Tix",JOIN OUR VIRTUAL WATCH PARTY,,,video,entertainment,51937,1296,216,423.91
enriched_ad_1494,campaign_011,Academy Presents Hang With Terrrell Owens And Friends!,Join us for an exciting event featuring COWBOYS AT CHIEFS SUN on November 21 at 4:25 PM EST. Get your FREE TIX now.,Get Your Free Ticket,,,image,entertainment,22323,602,72,162.91
enriched_ad_1495,campaign_033,Rent a Home for Your Next Vacation,Explore Rentals,,,,image,real_estate,37476,366,6,767.01
enriched_ad_1496,campaign_027,Coupon-Finding Browser Extension,"Discover coupons, discounts & reward points with Capital One's shopping extension. Get codes directly to save money on purchases.",Get Codes Now!,facebook,,image,ecommerce,99727,1325,126,1355.71
enriched_ad_1497,campaign_046,Normal vs. Tosic Liver Signs,"Discover the differences between normal liver function and signs of potential issues with your liver, including alarming symptoms that shouldn't be ignored.",Learn More Now!,facebook,,image,healthcare,34603,361,20,536.53
enriched_ad_1498,campaign_045,Never search for coupons again. Join now (it's free!),Capital Shopping The Coupon-Finding Browser Extension,,,,image,ecommerce,30073,360,27,443.01
enriched_ad_1499,campaign_021,ALL AMERICA'S BEST RACING YOUR NEXT EXPERIENCE,,AMERICASBESTRACING.NET,,,image,entertainment,85383,2089,374,642.19
enriched_ad_1500,campaign_012,Holiday in Dubai,"Pay 3 Stay 4, Extend The Fun - Pay 6 Stays 8. Book Now.",Book Now,,,image,travel,51146,846,74,1034.61
enriched_ad_1501,campaign_024,Earn Your Counseling Degree Online,"Colorado Christian University offers you the opportunity to earn your counseling degree with an emphasis on Substance Use Disorders, all from the comfort of home.",LEARN MORE,,,image,education,96303,2321,234,1115.1
enriched_ad_1502,campaign_018,Create Your Own Online Store,"Get Started with Organic Skin Care Products. Discover Soap & Marble, Alders, Pod, and more at www.",,,,image,ecommerce,77642,930,50,1212.55
enriched_ad_1503,campaign_038,Early Signs of Toxicity in Your Body,Discover the early warning signs that your liver might be toxic. Normal Liver vs Dying Liver - Don't ignore these crucial differences.,Learn More Now!,,,image,healthcare,79218,899,50,1671.58
enriched_ad_1504,campaign_020,SAVE MONEY WHILE SHOPPING ONLINE,Discover exclusive deals and discounts with Capital One's shopping platform. Use our coupon-finding browser extension to save money while you shop online.,SEE CODES,,,image,ecommerce,81836,1315,136,937.8
enriched_ad_1505,campaign_013,Unlimited Pet Care,"$129 Trusted Housesitters™, Join Us!",,,,image,ecommerce,20795,295,25,327.49
enriched_ad_1506,campaign_032,Next-generation cloud-based management,Unlock a free trial of Chrome Enterprise Upgrade for 30 days. Ochrome OS Start free trial,,,,image,ecommerce,75938,1269,69,1173.58
enriched_ad_1507,campaign_042,Kill the Minotaur,,,,,video,entertainment,76919,1979,315,560.1
enriched_ad_1508,campaign_044,Empowered with Answers About Your Thyroid Health,Get empowered with answers about your thyroid health. EmpowerDX offers an at-home test to help you understand and manage your condition.,Order At-Home Thyroid Test,,,image,healthcare,60798,1091,73,1241.06
enriched_ad_1509,campaign_046,J.ME Black,,Shop Now,,,image,ecommerce,91290,1108,73,1290.19
enriched_ad_1510,campaign_009,"Bellroy Eco-Tanned Leather, Performance Design",,Shop Now,,,video,ecommerce,20135,410,39,235.45
enriched_ad_1511,campaign_048,COUPON CODES AVAILABLE,,GET CODES,,,image,ecommerce,82382,1087,78,955.95
enriched_ad_1512,campaign_018,Dying Liver? Toxic vs Normal,Discover the stark differences between toxic and normal liver health. Learn about the four signs that indicate your lifestyle is no longer sustainable for healthy living (#2 Is Scary!). Take action now to protect yourself.,Learn More Now!,,,image,healthcare,80400,1569,64,1532.62
enriched_ad_1513,campaign_044,Holiday Un Dubai,"Pay 3 Stay 4, Extend The Fun - Pay 6 Stay 8. Book Now",Book Now,,,image,travel,79696,1768,145,1513.06
enriched_ad_1514,campaign_030,The World's Largest Christmas Light Maze,Experience the magic of winter at Nationals Park with The World’s Largest Christmas Light Maze. Enjoy breathtaking views and festive decorations.,Buy Tickets Now!,,,image,entertainment,85313,2340,260,489.82
enriched_ad_1515,campaign_021,Shine - Time to leave toilet cleaning,Get offer. Sponsored by Shine.,,,,image,ecommerce,83907,892,86,1505.78
enriched_ad_1516,campaign_039,"Julian, Annie & Sabela's New Baby Name Generator","Discover the perfect baby name for your new arrival with Julian, Annie and Sabela. Our unique generator helps you find names that are trendy yet timeless.",Shop Now!,facebook,,image,ecommerce,78298,1565,77,959.69
enriched_ad_1517,campaign_020,Menico Brand Shoes,,Shop Now,,,image,ecommerce,60630,809,82,902.75
enriched_ad_1518,campaign_003,Today's Online Purchase,,CONTINUE →,,,image,ecommerce,67507,768,56,1041.87
enriched_ad_1519,campaign_022,CAPITAL ONE SHOPPING,Discover exclusive promo codes with our browser extension. Capital One offers unique discounts and deals directly through your web browsing experience.,Try it now!,facebook,,image,ecommerce,54873,1076,53,626.75
enriched_ad_1520,campaign_012,Discover Your Zodiac Sign,,,,,image,entertainment,49929,889,112,288.54
enriched_ad_1521,campaign_049,Shop Now,,Shop Now,,,image,ecommerce,65516,1260,106,674.93
enriched_ad_1522,campaign_029,Grab A Plate At Family Dinner Safely,Want to grab a plate at family dinner safely? Get up. Get out. Get vaccinated.,Find a vaccination site near you Click Here,,,image,healthcare,30375,388,29,476.07
enriched_ad_1523,campaign_019,"I Love Wasting Time On Lackluster Leads.","Said No One Ever. Learn More demandscience intelligence",Learn More,facebook,,image,ecommerce,56036,1068,95,782.44
enriched_ad_1524,campaign_047,NEW WAIFU CUPS,Only available via Preorder. Stack GG GAPPA GG.,,,,image,ecommerce,64724,815,66,1080.44
enriched_ad_1525,campaign_016,Pint X,"Introducing Pint X - Higher performance, longer range, and the same great fun.",Shop Now,,,image,ecommerce,20362,301,21,279.21
enriched_ad_1526,campaign_041,Wet Toilet Brush SHINE,,SHOP NOW,,,image,ecommerce,75302,1525,124,1260.11
enriched_ad_1527,campaign_027,eBay Motors - Get Parts for Your Ride,"Find everything you need to get your car running smoothly. Whether you're looking for parts, accessories or tools.",Shop Now,facebook,,image,automotive,63749,607,23,1443.75
enriched_ad_1528,campaign_012,My Free Speech Allows Me to Sing and Write Songs from the Heart,,,,,image,entertainment,21602,473,60,180.2
enriched_ad_1529,campaign_048,NEW TO BINGE?,GET A 14 DAY FREE TRIAL,,,,image,,86455,1305,76,840.86
enriched_ad_1530,campaign_018,Reimagine Fort Monroe,"- Where freedom lives - ADAPTIVE REUSE OPPORTUNITY at Fort Monroe, where history meets innovation. Discover how we can transform this historic site into something even more remarkable.",,,,image,entertainment,22465,323,37,148.23
enriched_ad_1531,campaign_050,REIMAGINE the Future,Fort Monroe Redevelopment Opportunities Learn More,,,,image,ecommerce,65760,747,71,697.16
enriched_ad_1532,campaign_029,Seats Available at George Mason University,Your seats are waiting. Tickets on sale now! Visit MCenter for more details.,Visit MCenter Now!,,,image,education,60576,851,64,653.4
enriched_ad_1533,campaign_007,"Lasting Weight Loss","Better Me. Download on the App Store GET IT ON Google Play",Learn More,facebook,,video,ecommerce,38143,570,48,564.01
enriched_ad_1534,campaign_003,Run Dino,,,,,image,entertainment,49222,1302,130,404.11
enriched_ad_1535,campaign_045,Ready to Enjoy Date Night Safely?,Get up. Get out. Get vaccinated.,Click Here,,,image,healthcare,74998,959,40,1911.43
enriched_ad_1536,campaign_032,I'm Only Talking To My Dog Today,Want Last to Stay At Hove. DOG Mom MY Therapist Has PAS.,,,,image,entertainment,78379,1570,169,399.83
enriched_ad_1537,campaign_040,The World's Largest Christmas Light Maze,"National Parks, Nov 26 - Jan 2. AT Nationals Park.",Buy Tickets,,,image,entertainment,75370,1489,144,519.58
enriched_ad_1538,campaign_014,Increase Your Income,Search hundreds of high-paying nursing jobs.,,,,image,ecommerce,32221,594,39,519.39
enriched_ad_1539,campaign_020,Snap Back Saggy Jowls,,,,,image,ecommerce,62793,1096,108,790.24
enriched_ad_1540,campaign_046,Holiday in Dubai,"Pay 3 Stay 4, Extend the Fun - Pay 6 Stays 8. Book Now.",Book Now,,,image,travel,20717,328,22,244.01
enriched_ad_1541,campaign_049,Ready to get back to your crew safely?,LO Get up. Get out. Get vaccinated. Find a vaccination site near you,Click Here,,,image,healthcare,51439,733,54,1142.15
enriched_ad_1542,campaign_037,"Adapted","Mind 1st Grade 2nd Grade 3rd Grade 4th Grade 5th Grade 6th Grade 7th Grade 8th Grade",Learn More,facebook,,image,ecommerce,64600,998,77,1146.88
enriched_ad_1543,campaign_014,Create Your Own Website,,Start Now,,,image,ecommerce,78018,1261,118,1196.47
enriched_ad_1544,campaign_029,VARSITY - NETWORK,Live College Football in the Palm of Your Hand. Audio from over 100 schools!,DOWNLOAD & LISTEN NOW,,,image,entertainment,99292,2290,374,478.65
enriched_ad_1545,campaign_012,FLASH DEALS,Snag today's deal on the perfect gift.,Shop Now,,,image,ecommerce,77261,1415,142,1317.35
enriched_ad_1546,campaign_011,Chewy Flash Deals,Snag today's deal on the perfect gift. Shop Now at Ollie's HowYou.,Shop Now,,,image,ecommerce,39990,695,38,582.08
enriched_ad_1547,campaign_028,Chrome Enterprise - Try Free,Experience seamless device management with Ochrome OS. Device management made simple and secure from anywhere.,Try Chrome Enterprise,,,image,ecommerce,65905,1057,53,658.61
enriched_ad_1548,campaign_033,Fashion Newchic,,,,,image,fashion,75075,1482,139,841.17
enriched_ad_1549,campaign_028,WE PROVIDE,LINE BY LINE PRICING so you know exactly what you're paying for. SCHEDULE YOUR FREE ROOFING ESTIMATE TODAY! NU LOOK HOME DESIGN,,,,image,real_estate,80193,1032,14,2094.89
enriched_ad_1550,campaign_049,"PLASTIC SURGEONS FEEL DISCONNECTED? IT'S ABOUT TIME FOR SOME HARMONY #1 Integrated EHR, PM Solution",Payments + Patient Engagement M ModMed MODERNIZING MEDICINE LEARN MORE,,,,image,ecommerce,94218,1197,91,1283.9
enriched_ad_1551,campaign_032,Sartorius Rapid Multiplexed Profiling,Discover the power of Sartorius' rapid multiplexed profiling technology for antibody-dependent cell cytotoxicity. Perfect solution to streamline your research.,Learn More,facebook,,image,ecommerce,90019,1151,55,1210.92
enriched_ad_1552,campaign_021,Wellness for Your Clients,Tailored wellness programs designed to benefit both clients and employees.,Apply Now,,,image,ecommerce,91021,1120,114,1546.39
enriched_ad_1553,campaign_007,What's Your Perspective on Today's Key Issues Affecting Accounting Firms?,CASEWARE. Take Our Survey,,,,image,ecommerce,86742,914,77,1223.16
enriched_ad_1554,campaign_024,PROMO CODES AVAILABLE SEE CODES,,,,,image,ecommerce,45306,812,44,534.92
enriched_ad_1555,campaign_004,Teen ESRB Play Free splitgate,,,,,video,entertainment,30018,807,93,203.3
enriched_ad_1556,campaign_007,3 Easy Steps to Find What You Need,"Click 'Continue' and follow the simple steps below:
1. Click 'Continue'
2. Download on our website!
3. Get Quick Search Tool
Quick Search Tool is here for you!",Download on our website! Get Quick Search Tool,,,image,ecommerce,58584,884,89,887.74
enriched_ad_1557,campaign_009,Recovery Trends,See Patient & Procedure Volumes from 300 Hospitals DOWNLOAD THE REPORT strata,,,,image,healthcare,30316,376,24,791.7
enriched_ad_1558,campaign_018,Fed Stimulus Pays Off,Your mortgage if you pay over $999/month.,,,,image,finance,95924,777,23,2906.98
enriched_ad_1559,campaign_006,Fit Rated - Find Best Fitness Equipment,Fitness equipment reviews to help you choose the best for your home.,Click Here,,,image,ecommerce,44317,905,85,635.59
enriched_ad_1560,campaign_043,BLACK Friday Sale - UP TO 70% OFF,,Shop Now,,,image,ecommerce,23441,265,18,302.98
enriched_ad_1561,campaign_041,The Best Gaming Content Delivered Daily,,,,,image,entertainment,28271,640,79,184.05
enriched_ad_1562,campaign_007,Dying Liver? Most People Notice This Too Late.,4 Warning Signs (#2 Is Scary! >,,,,image,healthcare,49357,602,25,936.45
enriched_ad_1563,campaign_040,CAPITAL ONE SHOPPING COUPONS,,Get Codes,,,image,ecommerce,54264,840,42,924.2
enriched_ad_1564,campaign_012,HuntWise,"Today's HuntCast at 9am Sunrise 7:45am Sunset 5:18pm Find Best stand Peak Movement Time of the Saturday, Nov Friday 11/5 (8)",,,,video,entertainment,35676,1148,132,301.08
enriched_ad_1565,campaign_050,Journey with Jesus Only in Theaters November 15-17,,Reserve Your Tickets Today!,,,image,entertainment,28388,714,70,202.2
enriched_ad_1566,campaign_007,THE BLUE HORIZON,"PACIFIC ART FROM AN IMPORTANT MAUI COLLECTION NEW YORK 12-22 NOVEMBER LEARN MORE SOTHEBY'S, INC. LICENSE NO.1216058.",LEARN MORE,,,image,ecommerce,24773,462,33,386.05
enriched_ad_1567,campaign_006,Texas Wine Starts in the High Plains,,,,,image,food and beverage,67937,940,75,838.52
enriched_ad_1568,campaign_010,"Lasting","Weight Loss Better Me. Download on the App Store GET IT ON Google Play",Learn More,facebook,,video,ecommerce,57983,1017,92,600.76
enriched_ad_1569,campaign_034,Like a Pro,Animation MentorⓇ The Online Animation School Ⓒ,,,,image,education,75347,1322,142,897.19
enriched_ad_1570,campaign_027,Fit Rated,Fitness Equipment Reviews Find the Best Fitness Equipment for Your Home Click Here,,,,image,ecommerce,60388,1169,104,677.09
enriched_ad_1571,campaign_002,NEW TO BINGE?,GET A 14 DAY FREE TRIAL,GET BINGE,,,image,entertainment,23873,492,77,173.17
enriched_ad_1572,campaign_012,Conversations Made Better,"Level up your site's comments section with INSTICATOR. Learn more about De Chic, the promoter that turned handcrafted into digital.",Learn More,,,image,ecommerce,34586,574,50,473.49
enriched_ad_1573,campaign_010,TouchUpRX AUTOMOTIVE PAINT CHIP REPAIR,Easy DIY automotive paint repair. Blob-free guaranteed.,Learn More,,,image,automotive,40369,382,10,823.37
enriched_ad_1574,campaign_021,eBay Motors - Have A Project In The Works? Get Every Part And Accessory You Need,Have you got an automotive project in the works on eBay Motors?,,,,image,automotive,50939,529,17,991.66
enriched_ad_1575,campaign_037,eBay Motors - Get All Parts Your Truck Needs,Take a Look at Our Wide Range of Used and New Car Parts for Trucks on eBay!,,,,image,automotive,67219,850,15,1100.15
enriched_ad_1576,campaign_033,Master Electronics Order Now,We stock so you don't have to worry about missing out on the latest gadgets.,Order Now,,,image,ecommerce,46588,961,76,741.44
enriched_ad_1577,campaign_042,Tesla Superlithium May Be Elon's Solution,TESLA F ESLAD Superlithium may be Elon Musk's solution to the battery revolution. Learn More,,,,image,ecommerce,36261,564,40,507.62
enriched_ad_1578,campaign_021,The Best Recipes,You've probably never heard of these recipes. Watch now.,Watch Now,,,video,food,64828,1339,85,705.41
enriched_ad_1579,campaign_007,Want the Best Value-For-Money ITSM Tool?,"With TOPdesk, you only pay for features you need.",Try Now,,,image,ecommerce,79806,1669,90,918.86
enriched_ad_1580,campaign_017,What's in Your Wallet? Coupons & Rewards,"Discover exclusive coupons, rewards programs. Join now for FREE!",Join Now (It's Free!),,,image,ecommerce,86830,1479,105,912.24
enriched_ad_1581,campaign_033,Academy Presents Hang-Terrell Owens and Friends!,"Join our virtual watch party featuring Cowboys, Chiefs on Sun November 21 at 4:25 PM EST. Free tickets available.",JOIN OUR VIRTUAL WATCH PARTY,,,video,entertainment,50969,1633,200,383.78
enriched_ad_1582,campaign_018,Never search for coupons again. GET CODES,Capitale Shopping The Coupon-Finding Browser Extension,,,,image,ecommerce,39815,675,38,435.32
enriched_ad_1583,campaign_024,Financing Available,,,,,image,finance,83966,1003,33,2186.66
enriched_ad_1584,campaign_029,Live Audio GHLIGHTS Drivers News Alerts,,"Get it on the App Store, Google Play. Start your FREE trial.",,,video,entertainment,45207,1368,243,314.34
enriched_ad_1585,campaign_013,HERO WARS LEVEL 1 SLUG ATTACK DEFENSE SPEED,,,,,image,entertainment,29156,700,124,143.01
enriched_ad_1586,campaign_046,Find Your Dream Job,"Whether you're looking for Full-Time, Part-Time or Retail jobs in Sales and beyond. Discover opportunities that match your career goals.",Apply Now,,,image,employment,90148,1812,101,896.19
enriched_ad_1587,campaign_015,DO WHAT’S YOUR PROPERTY INVESTMENT STRATEGY? REALTY MOGUL INCOME REIT (MOGULREIT I) INVEST NOW RM AD,,INVEST NOW,,,image,real_estate,96023,818,11,2791.51
enriched_ad_1588,campaign_037,More than an agency. Champions of change.,"Learn more about FINN Partners, the leading fintech company that empowers businesses to achieve their goals through innovative solutions and strategic partnerships.",,,,image,ecommerce,52506,842,85,869.71
enriched_ad_1589,campaign_029,Just Fashion Now,,Shop Now,,,image,ecommerce,84411,1587,111,913.33
enriched_ad_1590,campaign_035,LIVER IN DANGER?,*DO NOT* Ignore These Early Warning Signs (#2 Is Scary! M ↑↑↑,,,,image,healthcare,35889,429,25,828.07
enriched_ad_1591,campaign_042,JUST SOLD,"LEARN MORE
1806 WARBLER WAY | WHITTINGTON | CHARLOTTESVILLE, VA 22903
LIST PRICE $1,165,000
Robert Russo
Let's Talk!
OR
NEST REALTY",,,,image,real_estate,88953,796,19,1882.87
enriched_ad_1592,campaign_010,Warning! #2 of the Deadliest Symptoms,Discover four alarming signs that your liver may be failing. Learn about these symptoms to take immediate action.,Learn More Now!,,,image,healthcare,78615,777,38,2070.92
enriched_ad_1593,campaign_042,Level Up with Chabba!,"Experience the ultimate power-up in your favorite game! Level up from CHABBA to CHABBA HUTT and dominate the battlefield. Upgrade your hero's stats for unmatched strength, defense, speed.",Get Your Hero Ready Now,facebook,,image,entertainment,55511,1492,137,290.47
enriched_ad_1594,campaign_019,Create Your Own Online Store,Shop Organic Skin Care Products and Get Started Today!,SHOP NOW,,,image,ecommerce,68518,1293,116,828.55
enriched_ad_1595,campaign_031,Ankle Boots Bryss RKE EPA with KRAGE,,,,,image,ecommerce,49929,828,61,662.44
enriched_ad_1596,campaign_042,ON SALE NOW! YOU DON'T WANT TO MISS THE DUKES THIS SEASON AT THE ATLANTIC UNION BANK CENTER,,PURCHASE SINGLE-GAME TICKETS TODAY!,,,image,entertainment,43237,747,111,248.99
enriched_ad_1597,campaign_027,Join the Heart of Healthcare as a Pharmacist at CVS Health,Health. Sign-on bonus available in select markets.,Apply Now,,,image,ecommerce,51514,829,81,629.56
enriched_ad_1598,campaign_043,Proper Cloth - Custom Fit Stretch Chinos,Create your custom size with our premium stretch chinos made from high-quality Italian cotton. Enjoy the perfect fit guarantee and customizable design to suit any occasion.,Shop Now,facebook,,image,ecommerce,29912,380,23,522.01
enriched_ad_1599,campaign_013,Get Started in Just Three Simple Steps,"Click 'Start Now', download the extension, and get quick search tool. Follow these three easy steps to enhance your productivity.",Shop Now,facebook,,image,ecommerce,71941,1022,90,823.66
enriched_ad_1600,campaign_044,Just Fashion Now NAMORA CHRISTMAS SALE,,Shop Now,,,image,ecommerce,29386,427,37,293.88
enriched_ad_1601,campaign_011,COUPONS AVAILABLE,,Activate coupons,,,image,ecommerce,83462,1382,67,1379.52
enriched_ad_1602,campaign_040,Hot New Online Crypto,(OTC: APETF CSE: ALPA) LEARN MORE >>,,,,image,"ecommerce, saas, education, healthcare, finance, entertainment, travel, food, automotive, real_estate",69680,1214,116,772.37
enriched_ad_1603,campaign_042,Golf Curbside & In-Store,,Order Now,,,image,ecommerce,62904,984,63,891.79
enriched_ad_1604,campaign_005,Unlocking Alzheimer's Mysteries with New Science Supplements,Discover how Jelooking Mahalmer's new science supplement can help you understand and tackle the complexities of neurodegeneration. Dive into our latest research on deciphering pathways to better health.,Get Your Copy,,,image,education,24365,612,51,164.46
enriched_ad_1605,campaign_014,RECHARGE YOURSELF,Advice to help you sleep well c|net WWW Z N Z,,,,image,,81007,1431,93,1055.63
enriched_ad_1606,campaign_035,Wyndham Capital - Still Waiting to Refinance?,NMLS#: 2948 LFaber. Learn 5 Reasons You Should Start Refinancing Today! Learn More,Learn More,,,image,ecommerce,28651,399,30,490.95
enriched_ad_1607,campaign_044,Find Out How Much Weight You Can Lose,Learn how much weight you can lose while staying at home. Take the quiz to find out!,TAKE THE QUIZ ►,,,image,healthcare,64522,768,48,1546.15
enriched_ad_1608,campaign_015,CIN7 Available Now,Inventory and order management trends for the year 2021. Download now to get access.,Download,,,image,ecommerce,97553,1754,125,1079.13
enriched_ad_1609,campaign_050,Vis - Capital Shopping,2021 Promo Codes Available. See codes for amazing discounts on your favorite shopping sites.,Get Your Coupon-Finding Browser Extension Now!,,,image,ecommerce,34605,618,42,395.23
enriched_ad_1610,campaign_040,HOLIDAY IN DUBAI,"Pay 3 Stay 4, Extend The Fun - Pay 6 Stay 8. Book Now Five Me.",Book Now,,,image,travel,33519,736,58,426.83
enriched_ad_1611,campaign_042,Orth & Feet - Recommended Shoes by Podiatrists,,Shop Now,,,image,ecommerce,34638,578,46,411.48
enriched_ad_1612,campaign_023,Zolucky,,Shop Now,,,image,ecommerce,85609,1216,107,903.41
enriched_ad_1613,campaign_022,Watch live fubo™ TV & sports without cable,"fubo™ offers NBC, CBS FOX, ESTI TUDN FS1, HGTV FX among others.",Learn more,,,video,entertainment,43051,851,147,361.46
enriched_ad_1614,campaign_010,Win This House,,Enter Now,,,image,real_estate,22064,326,5,532.36
enriched_ad_1615,campaign_025,BERGDORF GOODMAN GIFTS FOR AQUAHIM,,Shop Now,,,image,ecommerce,27876,575,40,315.2
enriched_ad_1616,campaign_013,Fortune Favors The Brave,,Learn More,,,image,finance,49950,514,25,1526.83
enriched_ad_1617,campaign_023,Fisher Investments - How Much Does Your Million Dollar Retirement Fund Cost?,"Discover the true cost of your million-dollar retirement fund with our comprehensive guide. Learn how much $1,000,000 will last for American retirees and make informed decisions about their financial future.",Download The Definitive Guide to Retirement Income,,,image,ecommerce,83577,1639,166,1350.77
enriched_ad_1618,campaign_029,Philipp Plein Black Friday,,Subscribe to Get the Early Access,,,image,ecommerce,60268,923,76,782.87
enriched_ad_1619,campaign_032,Create Your Own Website,,Start Now,,,image,ecommerce,98183,1413,103,1175.53
enriched_ad_1620,campaign_017,A DAY WITHOUT wine IS LIKE JUST KIDDING,I HAVE NO IDEA I USED TO DE MARRIED BUT I'M MUCH BETTER NOW (OAD I WON'T DO IT AGAIN) Lilicl Th,,,,image,entertainment,54476,1356,215,396.33
enriched_ad_1621,campaign_002,DECEMBER 11 CARmax TACKY RUN Richmond's Tackiest Tradition Is Back! And Sweeter Than Ever!,Beat the 11/18 price hike!,,,,image,entertainment,65457,1777,221,557.04
enriched_ad_1622,campaign_047,"Experience cloud-first, Chrome OS",The flexibility of IT management. Start free trial.,Start free trial,,,image,ecommerce,68483,737,71,890.97
enriched_ad_1623,campaign_030,Introducing Pint X,"Higher performance, longer range, same fun size.",Shop Now,,,image,ecommerce,61966,1091,101,917.47
enriched_ad_1624,campaign_001,CAPITALE SHOPPING PROMO,,,,,image,ecommerce,86852,1344,82,1410.66
enriched_ad_1625,campaign_047,Get your favorite magazines home delivered,"Better Homes, Women’s Weekly, Dexipay, POT PIES - MADE EASY",,,,image,ecommerce,75921,1323,130,1256.59
enriched_ad_1626,campaign_015,Play Inca Prayers,Incas - Play Inca Prayers. A complete scripture guide to help you pray for your unsaved loved ones.,Get My Free Prayer Guide,,,video,ecommerce,28068,702,51,360.73
enriched_ad_1627,campaign_043,THE MORTGAGE LINK,"Sam Swann, Senior Loan Officer
NMLS# 244442
M: 301.908.8415
Click or Call for More Information
The Mortgage Link, Inc.
NMLS #113054. For more information,
please reference the NMLS Consumer Access Website at http://nmlsconsumeraccess.org.",,,,image,finance,68664,633,26,1461.21
enriched_ad_1628,campaign_014,MASTER™ APEM,Electronics an DEC company BUY DIRECT WITH MASTER IST.1963 AUTHORIZED DISTR Buy Online,,,,image,ecommerce,57551,929,93,602.62
enriched_ad_1629,campaign_045,MSI MS11-8 Thin Intel Core i7,"> BUY NOW
(intel)
CORE i7
newegg
2021
HOLIDAY
SALES
Powered by 10th Gen.
Intel® Core™ i7 processor",,,,image,ecommerce,24459,352,23,429.85
enriched_ad_1630,campaign_035,Lasting Weight Loss,,"Download on the App Store, SET IT ON Google Play",,,video,healthcare,81775,1208,45,2100.71
enriched_ad_1631,campaign_019,"Highly Viewable, Lightweight Video Tailored to Your Site",,Learn More Explore 2020 Explorer,,,video,ecommerce,87196,1512,118,965.27
enriched_ad_1632,campaign_009,Collaboration is Better When It's Visual,Discover the power of collaboration with Lucid's innovative platform.,Explore Now,facebook,,image,ecommerce,37125,408,27,496.53
enriched_ad_1633,campaign_015,People's Choice Awards,,,,,image,entertainment,67129,1493,240,524.57
enriched_ad_1634,campaign_048,Winter Snow Boots - KAEGREEL®,,,,,image,ecommerce,58877,716,56,578.45
enriched_ad_1635,campaign_046,SAVE $29,"""Images are for reference only. CHIRAN FREE LIMITED TONKOTSU RAMEN SHIPPING TIME ONLY Take-Home Ramen Kit 5-Kit Bundle""",SHOP NOW,,,image,food,32680,810,53,359.42
enriched_ad_1636,campaign_035,CLOSERS,Adorable Bakery Girl LUCY Please come and meet me in advance. PRE-CREATE NOW,,,,image,,42751,632,40,726.78
enriched_ad_1637,campaign_029,Multiplier,"Compliant Hiring and Multi-currency payroll for businesses, big or small. Speak to our experts.",,,,image,ecommerce,37719,636,49,441.66
enriched_ad_1638,campaign_001,CIN7 Available Now,Explore the latest trends in inventory management with our comprehensive guide. Download now to get access.,Download,,,image,ecommerce,71108,854,45,1111.45
enriched_ad_1639,campaign_044,Watch live TV & sports without cable,abc OCBS FOX NBC ESPNTI TUDN FS1 амс NFL NETWORK HGTV FX Learn more Monthly subscription required. Plans start at $64.99/mo,Learn more,,,video,entertainment,90164,1840,282,732.46
enriched_ad_1640,campaign_046,Capitol One Coupon Codes Found!,Capital One Shopping is a free browser extension that applies coupon codes instantly. Get Capitol One Shopping,,,,image,ecommerce,65701,1263,64,974.41
enriched_ad_1641,campaign_030,AP News,Get AP news straight to your inbox with our latest updates. Stay informed and up-to-date.,Download Now,,,image,ecommerce,32020,432,22,449.28
enriched_ad_1642,campaign_046,NURX. AGE BETTER WITH TRETINOIN GOLD STANDARD ANTI-Aging INGREDIENT,,Learn More,,,image,ecommerce,34153,556,55,352.73
enriched_ad_1643,campaign_042,Free Coupon,See Codes Capital One Shopping Tend B,,,,image,ecommerce,81395,865,76,1092.24
enriched_ad_1644,campaign_031,"Stay Productive Anywhere, Anytime",Boot up in under 6 seconds with Chrome OS. Ochrome OS - Learn More,,,,image,ecommerce,76565,1030,83,1174.48
enriched_ad_1645,campaign_003,PROMO CODES AVAILABLE,SEE CODES Capital Shopping The Coupon-Finding Browser Extension,,,,image,ecommerce,84782,1318,108,1035.6
enriched_ad_1646,campaign_042,Free JustFashion Sale,Shop now and get up to 45% off on your favorite fashion items. Don't miss out on this exclusive deal at Mak Dai Mai.,SHOP NOW,,,image,ecommerce,27902,540,36,487.55
enriched_ad_1647,campaign_023,Capitol One Shopping,The Coupon-Finding Browser Extension. Never search for coupons again.,Get Codes,,,image,ecommerce,51853,842,72,554.36
enriched_ad_1648,campaign_020,Home Comfort with Mitsubishi Electric,Make yourself comfortable at home. Get $74 off of HVAC maintenance or service!,Learn More,,,image,ecommerce,58175,1199,90,762.42
enriched_ad_1649,campaign_003,Microsoft,,,,,image,,31408,635,61,509.36
enriched_ad_1650,campaign_027,Holiday in Dubai,"Pay 3 Stay 4 - Extend the Fun! Pay 6 Stays, Get 8 Days. Book Now.",Book Now,,,image,travel,21562,289,15,330.27
enriched_ad_1651,campaign_042,Define Your Vehicle's True Identity,,,,,image,automotive,99148,1320,31,1635.59
enriched_ad_1652,campaign_037,Dying Liver? Most People Notice This Too Late.,4 Warning Signs (#2 Is Scary! > JE,,,,image,healthcare,81781,1461,54,1464.96
enriched_ad_1653,campaign_021,OMAZ - Want to Win This MIAMI Dream House,,"Support Make-A-Wish. Yes, Please!",,,image,entertainment,67349,1051,134,552.58
enriched_ad_1654,campaign_031,Get Started,"*Online File Converter by Convert Files 4 Free
1. Click ""Get Started""
2. Add Extension
3. Start Converting",,,,image,ecommerce,60176,999,60,1026.02
enriched_ad_1655,campaign_009,Is this eSports IPO to receive the next big investment from Celebrity Investors?,(OTC: APETF CSE: ALPA) LEARN MORE,,,,image,ecommerce,44997,480,44,749.33
enriched_ad_1656,campaign_031,"*STAR TREK: DISCOVERY, *PAW PATROL*, *SURVIVOR",,TRY IT FREE,,,image,entertainment,36414,664,117,275.31
enriched_ad_1657,campaign_009,Chrome OS - Secure & Flexible Workplaces,"Designed for secure, hybrid and remote workplaces.",,,,image,ecommerce,42591,708,40,626.31
enriched_ad_1658,campaign_049,Plot Twist: It's Not Woke,Run Hide Fight Use code RHF for 20% off Join Now > Daily Wire,Join Now >,,,image,entertainment,56081,959,151,354.43
enriched_ad_1659,campaign_009,InInfluencer Marketing Izzy + Yamaha Izea,,,,,image,entertainment,77454,1876,187,437.73
enriched_ad_1660,campaign_013,Join Us,"Creators of life-changing content, resources, and experiences that captivate hearts for Christ.",,,,image,entertainment,57396,1560,280,428.08
enriched_ad_1661,campaign_017,"Continue","1. Click ""Continue"" 2. Add Extension 3. Start Converting *Online File Converter by ""Convert Files 4 Free""",Learn More,facebook,,image,ecommerce,31154,653,34,364.32
enriched_ad_1662,campaign_035,"Get Up, Get Out, Get Vaccinated",Find a vaccination site near you Click Here,,,,image,healthcare,70570,1377,71,1262.81
enriched_ad_1663,campaign_002,Holiday in Dubai,"Pay 3 Stay 4, Extend the Fun - Pay 6 Stays 8. Book Now.",Book Now,,,image,travel,37449,793,67,426.04
enriched_ad_1664,campaign_005,FREE GUIDE - Mismanaging Retirement Withdrawals,"You've accumulated a large nest egg, making the wrong withdrawals could put your retirement at risk. If you have a $500,000 portfolio, you should read 13 Retirement Investment Blunders to Avoid.",Learn More,,,image,finance,83073,1053,37,1524.49
enriched_ad_1665,campaign_024,HOT DEALS,"Discounts, Coupons & Offers SAVE NOW",,,,image,ecommerce,60446,652,43,1067.98
enriched_ad_1666,campaign_043,Don't Worry Shots JustFashion,,Shop Now,,,image,ecommerce,23832,396,28,255.72
enriched_ad_1667,campaign_048,Free Resume Templates,Get your free resume templates. Choose from various samples and formats to create professional resumes quickly.,Download Now,facebook,,image,ecommerce,28515,564,32,441.19
enriched_ad_1668,campaign_019,Chromebook - Cloud Power Your Business,"Ochrome OS provides cloud-powered solutions for businesses, enabling access to legacy applications. Experience seamless integration with Windows apps on Chrome OS in secure virtual environments.",,,,image,ecommerce,73943,1489,134,843.78
enriched_ad_1669,campaign_005,Best Seller | Banggood Global Leading Online Shop,,,,,image,ecommerce,63502,1016,65,956.51
enriched_ad_1670,campaign_038,SOCCER LIVE,"LaLiga, ESPI, MLS, FS1, CHAMPIONS LEAGUE on TUDN and other platforms like Roku fire tv, fubo™, UNIVISION, LIGUE 1. CONMEBOL - LIBERTADORES OGIN SPORTS - LIGA MX available through Uber Eats beIN SPORTS.",START YOUR FREE TRIAL,facebook,,video,entertainment,67449,1696,326,563.81
enriched_ad_1671,campaign_003,Today's Online Purchase,,CONTINUE →,,,image,ecommerce,60872,1022,80,843.24
enriched_ad_1672,campaign_027,eBay - The Tech That Syncs with You,,Shop Now,,,image,ecommerce,66762,1151,65,673.72
enriched_ad_1673,campaign_035,TOP FONTS FOR EVERY PROJECT,"envatoelements offers SANS, SERIF, and SCRIPT fonts for your design needs. Perfect choice to elevate any project with elegant typography.",START NOW,,,image,ecommerce,69818,1224,126,750.33
enriched_ad_1674,campaign_005,Collaboration with Remote Teams,Transform your video content into text using Speech to Text and collaborate seamlessly on transcripts. Get started today!,Get Started,,,video,ecommerce,82624,1986,132,1453.2
enriched_ad_1675,campaign_011,Holiday in Dubai,"Pay 3 Stay 4, Extend the Fun - Pay 6 Stays for 8 Days. Five Mai.",,,,image,travel,95121,1537,98,1567.92
enriched_ad_1676,campaign_033,Move to the Cloud with Chrome OS,Chrome OS without leaving your legacy apps behind. Learn More,,,,image,ecommerce,36143,426,41,643.72
enriched_ad_1677,campaign_025,Strut Your Style,,Shop Fashion,,,image,ecommerce,53581,879,70,550.12
enriched_ad_1678,campaign_040,Escape the Unknown,"Experience an adrenaline-pumping adventure with our immersive Escape Room Live Game. Join us for thrilling puzzles, mind-bending challenges and unforgettable experiences.",Join Now!,facebook,,image,entertainment,67134,1067,106,336.45
enriched_ad_1679,campaign_014,Fed Stimulus Cuts Your House Payment,"If you pay over $999/month, this could save you money.",,,,image,finance,46981,589,20,1491.54
enriched_ad_1680,campaign_047,Diamond Studs,Starting at $300 CH HARTMAN jewelers,,,,image,ecommerce,36516,560,48,567.2
enriched_ad_1681,campaign_042,Today's Online Purchase,$15 CASH BACK CONTINUE → Smarty,,,,image,,94535,1415,89,1343.37
enriched_ad_1682,campaign_032,Feed My Starving Children,Mobilepack™ Feeds $88 for One Year.,,,,image,ecommerce,57452,699,36,587.07
enriched_ad_1683,campaign_041,STK - A New Way to Watch TV,"A new way to watch TV ANYWHERE and it's all FREE. Available on Roku, Apple TV, Fire TV, iOS & Android.",,,,video,entertainment,66525,1865,244,511.19
enriched_ad_1684,campaign_020,"Highly Viewable, Lightweight Video Tailored To Your Site",,Learn More,,,video,ecommerce,59982,826,64,1060.98
enriched_ad_1685,campaign_049,Fortune Favours The Brave,,Learn More,,,image,finance,53169,644,16,1384.05
enriched_ad_1686,campaign_037,WANT TO WIN THIS DREAM KITCHEN,All to support Make-A-Wish. Yes please.,,,,image,ecommerce,84673,1529,78,1166.26
enriched_ad_1687,campaign_048,MERRY CHRISTMAS SHOP NOW,JustFashion Now,Shop Now,,,image,ecommerce,89632,1160,97,1353.57
enriched_ad_1688,campaign_019,EATER Wine Club,You'll never sip the same thing twice. Join Eater Wine Club today.,,,,image,entertainment,44944,636,107,329.86
enriched_ad_1689,campaign_040,Free Converters,"Convert your files easily with our free converters. Turn PDFs to Word, JPGs to PNGs and more.",,,,image,ecommerce,80870,1008,92,1238.8
enriched_ad_1690,campaign_022,CBS Sports Premieres UEFA Champions League,"* CBS SPORTS | PGA TOUR
Try it free on Paramount+.",Try It Free,facebook,,image,entertainment,38979,1018,92,309.46
enriched_ad_1691,campaign_020,*Particle - TOP 5 IoT Applications That Are Transforming HVAC,Learn More,,,,image,ecommerce,58844,948,63,599.96
enriched_ad_1692,campaign_027,Fortune Favours The Brave,,Learn More,,,image,ecommerce,54544,625,50,770.04
enriched_ad_1693,campaign_008,XRAY - Free Exploratory Testing App,"Easy to use:
XRAY Take notes, screenshots and record videos
#/00/2801122)
Free Exploratory Testing App D TRY NOW",TRY NOW,,,video,ecommerce,94509,2280,141,1318.24
enriched_ad_1694,campaign_015,Global by Mirae Asset,Bits Blockchain and Bitcoin Strategy ETF Prospectus > Sei Investments Distribution Co.,,,,image,finance,30160,269,6,555.25
enriched_ad_1695,campaign_001,Never Miss A Localization Deadline Again!,"GetBlend.com is your ultimate destination for seamless and efficient project management. Our platform ensures that you never miss another localization deadline again! With GetBlend, streamline all aspects of translation projects from initial briefings to final delivery.",Visit getblend.com → BLEND,,,image,ecommerce,32164,376,24,430.61
enriched_ad_1696,campaign_048,25 Desserts That Start With Boxed Cake Mix,,,,,image,food,47433,863,104,555.85
enriched_ad_1697,campaign_004,Home Delivered Favourite Magazines,Find out how to get your favourite magazines home-delivered.,,,,image,entertainment,83783,2286,412,405.74
enriched_ad_1698,campaign_017,Goodbye Jump Cables,Hello HULKMAN Buy Now JUMP STARTER GAS EI DIESEL 85 LKMAN 8--R HULKMAN,Buy Now,,,image,ecommerce,33404,441,31,393.19
enriched_ad_1699,campaign_037,IIINASCAR YOU'VE GOTTA BE THERE!,,Buy Tickets,,,image,entertainment,82122,1903,278,713.94
enriched_ad_1700,campaign_001,STEVE TOYOTA GET TRADE IN VALUE,,SHOP NOW,,,image,ecommerce,77232,1072,95,1377.47
enriched_ad_1701,campaign_047,Have a Project in the Works? Get Every Part for Your Jeep,"eBay Motors offers all parts, accessories you need. Take a quick glance at ATRA.",Take a look → ATRA,,,image,automotive,77754,1230,45,1230.81
enriched_ad_1702,campaign_032,eBay Motors - Have A Project In The Works? Get Every Part And Accessory You Need,Have you got an automotive project in the works on eBay Motors?,,,,image,automotive,25867,375,9,582.32
enriched_ad_1703,campaign_042,Master Electronics - Order Now,,Order Now,,,image,ecommerce,76638,929,81,925.97
enriched_ad_1704,campaign_044,Ellad May Be Musk’s Solution To The Battery Revolution,Superlithium may be Elon Musk's solution to the battery revolution.,Learn More,,,image,ecommerce,99330,1948,151,1747.68
enriched_ad_1705,campaign_007,FOL IR Ingersoll Rand,,,,,image,,46222,798,54,460.62
enriched_ad_1706,campaign_047,Capitol One Shopping,The Coupon-Finding Browser Extension. Coupon Codes Available Join Now (it's free!),Join Now,,,image,ecommerce,75466,980,73,1330.26
enriched_ad_1707,campaign_040,Math Practice for Grades K-8,Kindergarten to Eighth Grade Math Problems covering all grades with special sections like Algebra and Geometry. Try out our free practice problems!,Try 10 FREE,,,image,education,85102,1601,118,795.48
enriched_ad_1708,campaign_007,S SENTARA You deserve THE BEST Receive the highest quality mammography services. Appointments availa,,SCHEDULE NOW,,,image,healthcare,71823,1154,43,1479.99
enriched_ad_1709,campaign_042,Introducing The LawnMower 4.0,,Shop Now,,,image,ecommerce,50762,912,71,742.06
enriched_ad_1710,campaign_043,BRUNCH AT HOME,14 EASY BRUNCH RECIPES HOMEMADE Brunch Recipes Worth Waking Up For,,,,image,food,67588,1068,64,985.31
enriched_ad_1711,campaign_017,Fast Slow Go™,14 shortcuts to delicious dishes.,Learn More,,,image,food,67182,1769,156,570.54
enriched_ad_1712,campaign_016,Wet Toilet Brush - No Toilet Brush SHINE,,Shop Now,,,image,ecommerce,55708,642,41,846.05
enriched_ad_1713,campaign_010,MODIO - NOTHING SOUNDS BETTER THAN A GOOD NIGHT'S REST,GUESTROOM Acoustic Control by LogiSon. Discover the ultimate in soundproofing for your home.,LEARN MORE,,,image,ecommerce,38855,425,31,418.35
enriched_ad_1714,campaign_039,American Art at Sotheby's,"NEW YORK | LEARN MORE
Ⓒ2021 Milton Avery Trust/Artists Rights Society (ARS), New York
Sotheby's, Inc.
License No.1216058
Sotheby's, Inc. 2021",,,,image,ecommerce,22070,426,23,384.97
enriched_ad_1715,campaign_043,America's Best Racing - Your Next Experience,,Get In The Action,,,image,entertainment,68618,1103,99,617.51
enriched_ad_1716,campaign_028,DemandScience,I Love Wasting Time On Lackluster Leads. Said No One Ever.,Learn More,,,image,education,89298,1925,254,886.22
enriched_ad_1717,campaign_002,FREE BOOK: SMART OPTIONS STRATEGIES,"Options Expert shows seniors the best options strategies for income. TradeWins, Smart Options Strategies by Chuck Hughes.",Claim Yours Today:,,,image,education,76831,1708,247,632.83
enriched_ad_1718,campaign_017,NeatBooks™ Accounting Software,Accounting software that speaks your language. Start my 15-day trial neat®.,Start my 15-day trial neat®,,,image,ecommerce,23915,391,23,288.37
enriched_ad_1719,campaign_047,Free Coupon,See Codes Capital One Shopping The Coupon-Finding Browser Extension,,,,image,ecommerce,50544,1046,93,494.64
enriched_ad_1720,campaign_004,"Trust Me, You Can't",We have been in the business for over two decades. Our products and services are tested by professionals to ensure they meet your expectations.,Shop Now,facebook,,image,ecommerce,89973,1830,138,943.87
enriched_ad_1721,campaign_009,ASPIRE VERO - MAKE YOUR GREEN MARK,,,,,image,ecommerce,75529,952,50,881.96
enriched_ad_1722,campaign_044,2021 Promo - Capital Shopping,Discover exclusive deals with our new promo codes. Get access to special discounts and offers at your favorite stores.,Shop Now!,facebook,,image,ecommerce,67062,1062,93,1121.23
enriched_ad_1723,campaign_027,2021 Promo - Capital Shopping,,,,,image,ecommerce,34143,514,42,460.81
enriched_ad_1724,campaign_032,Enter Phone Number,"See Name, Current Location, Photos & More! FastSearchFind.com - Trace your contacts with ease.",,,,image,ecommerce,64467,1015,95,775.79
enriched_ad_1725,campaign_047,Endless Possibilities with Shutterstock Flex,Get one plan that gives you endless possibilities. Get started with Shutterstock Flex.,Get Started,,,image,ecommerce,81032,1295,64,1383.1
enriched_ad_1726,campaign_013,Warning! Four Symptoms You Must Know About,"Discover the alarming signs that indicate your liver is in danger. Normal, Toxic and even dying livers can exhibit these symptoms.",Learn More Now!,facebook,,image,healthcare,92542,1136,85,2126.31
enriched_ad_1727,campaign_015,HOLIDAY IN THE HILLS,,,,,video,ecommerce,79403,1339,114,847.12
enriched_ad_1728,campaign_006,This Is The Sign You’ve Been Looking For,Websites need lots of content everyday. We need writers. Apply now.,Apply Now,,,image,ecommerce,37486,417,35,617.92
enriched_ad_1729,campaign_040,COUPONS AVAILABLE,,Activate coupons,,,image,ecommerce,34198,569,51,527.22
enriched_ad_1730,campaign_009,NEW Edition Complete Guide to Live-Cell Analysis SARTORIUS,,,,,image,education,44076,652,70,394.3
enriched_ad_1731,campaign_015,Newchic Sembad,,,,,image,,76260,1089,58,1075.89
enriched_ad_1732,campaign_009,Find Your Dream Job,"Whether you're looking for Full-Time, Part-Time or Remote Work opportunities. Discover the perfect job that fits your lifestyle and aspirations.",Apply Now,,,image,employment,43235,574,55,457.48
enriched_ad_1733,campaign_049,BLARNEY WOOLLEN MILLS,The Home of Irish Knitwear. An Irish family business since 1823.,Shop Now,,,image,ecommerce,28096,313,25,327.59
enriched_ad_1734,campaign_011,4 Warning Signs of Dying Liver (#2 is scary!),(Watch here),,,,video,healthcare,37624,867,32,665.54
enriched_ad_1735,campaign_043,Subscribe to Our Newsletter,"Get Local Breaking News, Weather and More. Sign Me Up!",,,,image,ecommerce,28353,540,29,472.12
enriched_ad_1736,campaign_027,Subscribe to Our Newsletter,"Get Local Breaking News, Weather and More.",Sign Me Up!,,,image,ecommerce,27101,317,23,412.85
enriched_ad_1737,campaign_031,Sotheby's Modern British Art Auction,AUCTION 18 - 24 NOVEMBER CHADWICK ESTATES. 2021 LEARN MORE,LEARN MORE,,,image,ecommerce,62162,790,74,696.0
enriched_ad_1738,campaign_036,LEDIN - Shop Now,,Shop Now,,,image,ecommerce,80732,1593,154,807.3
enriched_ad_1739,campaign_048,BRILI BRILLIANT EARTH' Ethical Engagement Rings,,Shop Now,,,image,ecommerce,74307,1059,96,1206.02
enriched_ad_1740,campaign_032,LIVER IN DANGER?,↑↑↑ Most People Notice This Too Late. 4 Warning Signs (#2 Is Scary! >,,,,image,healthcare,36353,599,35,904.43
enriched_ad_1741,campaign_021,CAPITAL ONE SHOPPING PROMOS,Discover exclusive promo codes for CAPITAL ONE shopping. Use our browser extension to find and save your favorite deals.,Try it now!,facebook,,image,ecommerce,85140,1302,107,1245.52
enriched_ad_1742,campaign_048,Learning Made Easy,Snowflake Special Edition The Data Cloud for Dummies Unite your sled data securely access and share governed data globally Execute your diverse Devid Boum snowflake Learn what's possible in the Data Cloud LEARN MORE,,,,image,education,37472,582,85,259.37
enriched_ad_1743,campaign_033,Lose the Trolls. Keep the Comments.,It's time to save online conversations. Learn more OpenWeb,Learn More,,,image,ecommerce,83577,1696,115,1348.34
enriched_ad_1744,campaign_016,Have You Had Your Mammogram?,You're safe at Sentara Early Detection Saves Lives. Appointments available now.,Schedule Now,,,image,ecommerce,80440,1063,101,928.1
enriched_ad_1745,campaign_037,Are Your Cholesterol Numbers Creeping Up?,You may be eligible for an important cholesterol-lowering study. See if you qualify > 12 AstraZeneca,,,,image,healthcare,95925,1420,106,1492.39
enriched_ad_1746,campaign_021,What's Your Real Estate Investment Strategy?,ON BEHALF OF RM ADVISER REALTY MOGUL INCOME REIT (MOGULREIT I) INVEST NOW,,,,image,real_estate,62459,755,11,1219.28
enriched_ad_1747,campaign_028,FULL SWING,PLAASWE YOUR GAME DESERVES THE BEST GET TIGER'S SIMULATOR,,,,image,entertainment,33358,467,88,265.83
enriched_ad_1748,campaign_046,Genuine Leather Gualaptar O Banggood,,,,,image,ecommerce,54207,968,87,808.44
enriched_ad_1749,campaign_042,Blunder #10: Mismanaging Retirement Withdrawals,"You've accumulated a large nest egg, making the wrong withdrawals could put your retirement at risk. If you have a $500,000 portfolio, you should read '13 Retirement Investment Blunders to Avoid.' Learn More",Learn More,,,image,finance,51119,505,14,1397.03
enriched_ad_1750,campaign_005,Zolucky - Up to 50% Off,,Shop Now,,,image,ecommerce,36307,739,61,385.78
enriched_ad_1751,campaign_023,JUSTFASHION NOW,,Shop Now,,,image,ecommerce,48035,506,34,762.54
enriched_ad_1752,campaign_025,Discover Secret Lab,Secret Lab offers innovative solutions to help you get organized in new ways. Visit www.secretlab.co for more information.,Visit Website,,,image,ecommerce,85683,908,84,1237.61
enriched_ad_1753,campaign_030,HOT DEALS,"Discounts, coupons and offers.",,,,image,,54552,986,79,913.0
enriched_ad_1754,campaign_003,Today's Refinance Rate,"1.997 % APR
15-YEAR FIXED TERM
Calculate Payment
*Terms & conditions apply.
nMLS #1912050 (nmisconsumeraccess.org).
j894",,,,image,real_estate,41214,495,11,1231.47
enriched_ad_1755,campaign_011,Trust Housesitting Services,"Find reliable housesitters to take care of your home while you're gone. Trusted by millions, our service ensures peace of mind for homeowners.",Join Today!,,,image,ecommerce,29463,560,52,500.8
enriched_ad_1756,campaign_047,$15 CASH BACK On Today's Online Purchase,,CONTINUE → Just for trying SmartyPlus,,,image,ecommerce,47261,803,56,773.87
enriched_ad_1757,campaign_017,$15 CASH BACK On Today's Online Purchase,,CONTINUE → Just for trying SmartyPlus,,,image,ecommerce,43634,617,54,516.12
enriched_ad_1758,campaign_039,Celebrate the Third Anniversary with Exclusive Discounts!,Join us as we commemorate our third anniversary by offering you an exclusive discount of $50%. Use code JING20 to enjoy up to 20% off on your favorite products. Don't miss out on this limited-time offer and make sure to shop now.,Shop Now,,,image,ecommerce,98409,1082,87,1655.19
enriched_ad_1759,campaign_007,Choose Your Sign,Find Out Your Fate Aries Leo Taurus Virgo Sagittarius Capricorn Gemini Libra Aquarius Cancer Scorpio Pisces dbooboobook,,,,image,entertainment,81365,1307,192,721.69
enriched_ad_1760,campaign_022,Amortgage.net 15-YEAR FIXED TERM,"Refinance Rate
1.997%
*Terms & conditions apply.
nMLS #1912050 (nmisconsumeraccess.org).
NO REGISTRATION, NO LOGIN REQUIRED
Calculate Payment
1912",,,,image,finance,50725,611,21,1583.89
enriched_ad_1761,campaign_021,The Thrill of the Find,,Shop Now,,,image,ecommerce,43707,895,63,588.03
enriched_ad_1762,campaign_024,"The Thrill of the Find, Found Here",,Shop Now,,,image,ecommerce,88299,1653,96,1254.36
enriched_ad_1763,campaign_045,Dying Liver??,4 Warning Signs of Dying Liver (#2 Is Scary!),,,,image,healthcare,78013,1110,74,1208.68
enriched_ad_1764,campaign_020,RDY BOORDY TERRYS,"We were there for businesses during PPP lending, and we're here for yours today. Learn more Equating Lang contes N M&T Bank Understanding what's important.",Learn More,,,image,ecommerce,31103,469,39,503.51
enriched_ad_1765,campaign_015,LIN ON SALE NOW,YOU DON'T WANT TO MISS THE DUKES THIS SEASON AT THE ATLANTIC UNION BANK CENTER. PURCHASE SINGLE-GAME TICKETS TODAY!,PURCHASE SINGLE-GAME TICKETS TODAY!,,,image,entertainment,79268,1406,204,396.15
enriched_ad_1766,campaign_021,Instant Logo Maker,"YouTuber Logos, COWBOY Gaming Logos Clothing Brands, SPACE CAT Avatars Chibi Nelli Streetwear Abstract Logos Sports Teams ARCTIC and More SPECIAL BREAKFAST Animated Logos TUNE YOUR SLOGAN MERE Place it by @envato Create Now",,,,image,ecommerce,30273,471,48,406.4
enriched_ad_1767,campaign_044,"$20,000 ST This Crypto Conglomerate IPO Is Taking Esports by Storm!",(OTC: APETF CSE: ALPA) LEARN MORE,,,,image,ecommerce,33397,658,58,374.1
enriched_ad_1768,campaign_015,"1st Grade","2nd Grade 3rd Grade 4th Grade 5th Grade 6th Grade 7th Grade 8th Grade Adapted Mind",Learn More,facebook,,image,ecommerce,35627,387,18,463.18
enriched_ad_1769,campaign_025,CAPITAL ONE SHOPPING,Discover exclusive promo codes with our Coupon-Finding Browser Extension. Enhance your shopping experience and save money effortlessly.,Download Now,facebook,,image,ecommerce,94437,1761,145,1654.38
enriched_ad_1770,campaign_013,Move to the Cloud with Chrome OS,Without Leaving Your Legacy Apps Behind - chromeOS Learn More,,,,image,ecommerce,30541,590,34,429.38
enriched_ad_1771,campaign_049,Pay Only $25 FOR A 1-YEAR MEMBERSHIP,Join BJ’s Live Generously:,JOIN NOW,,,image,ecommerce,45915,812,66,521.44
enriched_ad_1772,campaign_018,JUST FASHION NOW,RECOVER SHOTS UP TO 45% OFF SHOP NOW,Shop Now,,,image,ecommerce,73748,1150,118,1003.88
enriched_ad_1773,campaign_039,Download and Listen Now LIVE College Football in the Palm of Your Hand,,,,,image,entertainment,55478,1246,196,478.63
enriched_ad_1774,campaign_029,WATCH SOCCER LIVE,"Roku firetv LaLiga ESPI CHAMPIONS LEAGUE, TUDN Ø LIGUE 1 Uber Eats beIN SPORTS fubo™ START YOUR FREE TRIAL",,,,video,entertainment,83174,2935,552,527.36
enriched_ad_1775,campaign_013,OCBS VETERANS NETWORK,Pro proud to serve those who served.,,,,image,ecommerce,57469,749,39,989.87
enriched_ad_1776,campaign_044,DOWNLOAD & LISTEN NOW LIVE COLLEGE FOOTBALL IN THE PALM OF YOUR HAND,,,,,image,entertainment,84553,2279,358,419.24
enriched_ad_1777,campaign_026,Everyday Excellence,"TAIWAN EXCELLENCE ZUMBA FEST SULLAS s-Imbractor Poza 255-Intructar Yuanita Christianl Tahan Gacellance Calabrity Endorser Tumbl Olva Zakada Yunus ONLINE Sat, 27 Nov 2021 10.00 - 12.00WIB REGISTER NOW",REGISTER NOW,,,image,entertainment,92620,2477,243,696.78
enriched_ad_1778,campaign_048,Today's Refinance Rate,"APR 1.9979
15-YEAR FIXED TERM
NO REGISTRATION, NO LOGIN
NO SSN REQUIRED.
Calculate Payment*Terms & conditions apply.",,,,image,ecommerce,84184,1285,123,956.35
enriched_ad_1779,campaign_024,Sotheby's Modern British Art Auction,AUCTION 18 - 24 NOVEMBER CHADWICK ESTATES. 2021 LEARN MORE,LEARN MORE,,,image,ecommerce,24983,396,30,417.9
enriched_ad_1780,campaign_046,LeadFeeder Struggling With B2B Growth? Identify The Companies Visiting Your Website,Struggling with B2B growth?,Try Now For Free,,,image,ecommerce,95407,1902,127,1620.68
enriched_ad_1781,campaign_006,Today's Best Deals,The Inventory team is rounding up discounts on hot items you don’t want to miss. Click here to browse!,Browse Now,,,image,ecommerce,66038,867,82,1048.61
enriched_ad_1782,campaign_024,shutterstock.Flex,"Images, footage, and music all in one plan.",,,,image,ecommerce,99960,1825,137,1353.77
enriched_ad_1783,campaign_023,Dying Liver - #1 Is Scary!,Discover the alarming signs of liver failure. Watch this video to learn about four warning signals that indicate your liver might be in danger (#2 is particularly scary!).,Watch Now,facebook,,video,healthcare,53336,1023,74,845.55
enriched_ad_1784,campaign_050,HOT DEALS,"Discounts, coupons and offers on consumer electronics, vacation packages, health products, and more. SAVE NOW.",,,,image,ecommerce,78124,1210,119,1010.89
enriched_ad_1785,campaign_037,Ready for a Career Change? Earn Your Business Analytics Degree at CSU,"Earn your Business Analytics degree at Charleston Southern University. Located in the beautiful city of Charleston, South Carolina.",,,,image,education,67477,1354,171,538.59
enriched_ad_1786,campaign_039,Watch Here,Activate account Follow your favorite sports Football Basketball Baseball Hockey ++,,,,video,entertainment,90171,2190,362,620.35
enriched_ad_1787,campaign_032,Rosetta Stone,"Start your free trial today. Spanish, French, Italian, German, Chinese, Arabic, Hindi, Korean.",,,,image,education,68135,906,90,552.1
enriched_ad_1788,campaign_050,PHILIPP PLEIN OUTLET,PHILIPP PLEIN™ BATT PHILIPP PLEINT MADE IN TERLY Bags Alert! New arrivals for FW21,,,,image,ecommerce,81137,1308,77,1146.85
enriched_ad_1789,campaign_025,Philipp Plein Black,Black Friday Sale - Subscribe to get early access. Be one of the first!,Subscribe Now,,,image,ecommerce,48414,760,41,862.37
enriched_ad_1790,campaign_040,Dying Liver??,4 Warning Signs Your Liver is Crying for Help (#2 Is Scary!),,,,image,healthcare,61292,908,66,1031.65
enriched_ad_1791,campaign_014,Destination Retirement on Canterbury's Beaches,"Discover beautiful retirement destinations at Westminister, ON. Enjoy the serene beauty of Canterbury Chesapeake Bay beaches.",Schedule your tour today!,,,image,retirement homes and resorts,49508,678,66,790.95
enriched_ad_1792,campaign_032,Restream #1 Live Streaming,Studio TRY FOR FREE R Live Studio O ALLLE Mike Russell Music Radie Creative Anva Razina Anya Razina Background of o + Participants noms,,,,video,entertainment,44677,1444,217,297.12
enriched_ad_1793,campaign_042,Free Coupon,See Codes Capital Shopping The Coupon-Finding Browser Extension I,,,,image,ecommerce,51865,909,65,732.35
enriched_ad_1794,campaign_004,Gartner peerinsights.. Your insight is valuable! Share your experience and get rewarded.,Write a review → Approved reviews earn: A $25 USD gift card. Peer Insights badge and more...,Write a review,,,image,ecommerce,25792,365,21,325.77
enriched_ad_1795,campaign_030,J.Me BLACK FRIDAY SALE,,Shop Now,,,image,ecommerce,80281,1081,78,1043.45
enriched_ad_1796,campaign_036,"The Power of Nature, the Promise of Demetrix",,Learn More,,,image,ecommerce,73663,1191,112,1015.41
enriched_ad_1797,campaign_006,Authentic Rock Memorabilia,"Discover the best rock memorabilia, including authentic items from legendary bands like Nirvana and Kidrik! Shop now for exclusive collectibles.",Shop Now,,,image,entertainment,48907,1204,121,391.08
enriched_ad_1798,campaign_012,Untested Code Breaking in Production?,,,,,image,ecommerce,74191,1067,59,775.11
enriched_ad_1799,campaign_018,Texas Wine Starts,In the High Plains,,,,image,ecommerce,73533,1036,65,842.52
enriched_ad_1800,campaign_014,CARmax - DECEMBER 11,"Tacky LightRun Richmond's Tackiest Tradition Is Back! And, it's sweeter than ever!",,,,image,ecommerce,36412,529,37,395.46
enriched_ad_1801,campaign_010,WIN THIS HOUSE AND LIVE LIKE YOU'RE ALWAYS ON VACATION,All to support Make-A-Wish.,,,,image,ecommerce,86468,1415,98,912.98
enriched_ad_1802,campaign_027,TaskUs™ We Protect What Matters Most,,Learn More,,,image,ecommerce,29250,498,49,331.28
enriched_ad_1803,campaign_038,"UP TO 80% OFF of friend is the kind you can sit on a porch swing with never say a word, and then wal",,,,,image,entertainment,36445,710,77,310.65
enriched_ad_1804,campaign_046,PHOTOBOOK,"SEND YOUR GIFT INTERNATIONALLY, wherever they are.",SHOP NOW,,,image,ecommerce,64878,1040,59,750.93
enriched_ad_1805,campaign_030,Help Hungry Kids,Learn How NO Kid is hungry. No kid should go to bed hungry.,,,,image,ecommerce,66595,960,75,1082.85
enriched_ad_1806,campaign_034,STEVE TOYOTA GET TRADE IN VALUE,,SHOP NOW,,,image,ecommerce,39697,698,58,534.11
enriched_ad_1807,campaign_042,Terminix Get The Blueprint to Account-Based Marketing For Free,Get the blueprint to account-based marketing for free. We Power High-Performing Marketing Teams™ M ACCESS NOW Ⓒ 0,,,,image,ecommerce,62799,753,60,859.19
enriched_ad_1808,campaign_026,BLACK Friday Sale - Up to 70% Off,* Free shipping on everything! Shop Now!,Shop Now,,,image,ecommerce,70212,1091,84,894.64
enriched_ad_1809,campaign_013,#1 FOR PROVEN RECIPES FROM TODAY’S HOME COOKS,,,,,image,food,27685,716,68,347.29
enriched_ad_1810,campaign_006,VValleyHealth,"Healthier, together. Offering Care Throughout Your Life FIND PRIMARY CARE",,,,image,healthcare,27135,419,23,451.1
enriched_ad_1811,campaign_034,Stay Ahead of the Curve,Strategic decisions for tomorrow begin with better data today. Competitive Intelligenc eTools > S&P Global Market Intelligence,,,,image,ecommerce,99300,1278,96,1233.42
enriched_ad_1812,campaign_007,STEVE TOYOTA GET TRADE IN VALUE,,SHOP NOW,,,image,ecommerce,84117,1057,88,1344.52
enriched_ad_1813,campaign_003,Shutterstock Get Started,SHUTTERSTOCK GET STARTED with our free trial. Start now and get access to over 300 million images.,Start your Free Trial,,,image,ecommerce,93447,1284,131,1114.63
enriched_ad_1814,campaign_020,Fitrated Fitness Equipment Beviens,Best Home Gym Equipment. Of 2021 Learn More,,,,image,ecommerce,87069,1553,86,1113.25
enriched_ad_1815,campaign_030,Get Parts for Your Jeep,eBay Motors offers all parts you need to keep your Jeep running smoothly. Browse our extensive collection and find exactly what you're looking for.,Shop Now,facebook,,image,automotive,25279,349,12,590.52
enriched_ad_1816,campaign_039,Unlocking Alzheimer's mysteries,Deciphering the pathways to neurodegeneration. Science MAAAS New Science Supplement.,,,,image,education,42320,697,86,313.59
enriched_ad_1817,campaign_048,Lightstep® Incident Response,Automate key processes and save time. Get 6 months free P1: ALERT001-DB Server is not responding.,Sign Up,,,image,ecommerce,47678,591,50,659.96
enriched_ad_1818,campaign_029,LEGO VIP WEEKEND IS COMING,Coming 11/20-11/21 Learn More >,,,,image,entertainment,24436,508,84,197.74
enriched_ad_1819,campaign_031,"Align qPCR, dPCR, and NGS with One Instrument","Thermo Fisher offers an integrated solution for aligning qPCR, dPCR, and NGS using one instrument. Register now to attend our webinar on applied biosystems.",Register Now,facebook,,video,ecommerce,21335,563,46,221.73
enriched_ad_1820,campaign_037,"A trusted tool for builders like you",Try it risk free,Learn More,facebook,,image,ecommerce,27084,548,32,269.38
enriched_ad_1821,campaign_012,GET TRADE IN VALUE,,SHOP NOW,,,image,ecommerce,69061,725,57,727.03
enriched_ad_1822,campaign_024,GetBlend - Quality Localization,"You can always depend on us for top-notch localization services. GetBlend ensures your content is perfectly localized, maintaining the essence and cultural nuances of each target market.",Learn More About Our Services,facebook,,image,ecommerce,65609,1004,68,1045.54
enriched_ad_1823,campaign_014,"Melts 2"" Inches of Snow Per Hour",,Shop,,,image,ecommerce,49570,536,49,865.78
enriched_ad_1824,campaign_023,TEDxDayton,"independently organized TED event on December 14 and 16, Virtual Event",LEARN MORE,,,image,education,39292,949,69,365.67
enriched_ad_1825,campaign_040,"Staying Healthy, Staying Active",We have it all right here.,,,,image,healthcare,90604,1276,51,1363.72
enriched_ad_1826,campaign_041,Capitol One Shopping,The Coupon-Finding Browser Extension. Never search for coupons again.,Join Now (it's free!),,,image,ecommerce,97725,1475,122,1141.35
enriched_ad_1827,campaign_031,LET YOUR OUTSIDE SIDE OUT,,,,,image,ecommerce,45999,798,51,515.56
enriched_ad_1828,campaign_019,WE BELIEVE THE ONLY THING YOU SHOULD SEARCH FOR GLOW™ IS YOUR NEXT ADVENTURE.,,SHOP NOW,,,image,ecommerce,35629,456,45,513.28
enriched_ad_1829,campaign_026,Lock One In,Like our low rates? It's time to get life insurance! Apply online now. Contact us at 1-888-630-5000 or visit www.sbli.com for more information.,Apply Online Now,,,image,ecommerce,91116,1291,121,1018.49
enriched_ad_1830,campaign_042,S SENTARA You deserve THE BEST We're committed to safe in-person mammography care. Appointments avai,,SCHEDULE NOW,,,image,healthcare,67459,902,60,1663.78
enriched_ad_1831,campaign_035,Lucid Collaboration,is better when it's visual Explore now →,,,,image,ecommerce,94175,1241,61,1365.97
enriched_ad_1832,campaign_033,Seats Available at George Mason University Center for the Arts,Tickets on sale now! Tickets & Info available.,,,,image,education,46824,697,58,346.03
enriched_ad_1833,campaign_021,Seats Available at George Mason University,Tickets for the upcoming event are currently available. Don't miss out!,Buy Tickets Now,,,image,education,70462,1313,114,730.28
enriched_ad_1834,campaign_047,Boost your site's engagement,with custom content experiences INSTICATOR Learn More,,,,image,ecommerce,39552,579,39,565.1
enriched_ad_1835,campaign_041,Save Up to $500,,Use Promo Code MOVE100 Now!,,,image,ecommerce,82562,880,80,969.95
enriched_ad_1836,campaign_043,DECKING,Let your Outside Side™ out. barretteoutdoorliving.com Barrette Outdoor Living / THE OUTSIDE COMPANY™,,,,image,ecommerce,85183,1433,79,855.57
enriched_ad_1837,campaign_043,Hire Vaccinated Employees for Safety,"Television, Digital and Mobile - Hiring Vaccinated Employees to ensure you have a safe get-back-to-workplace.",APPLY NOW!,,,image,ecommerce,76075,888,54,750.65
enriched_ad_1838,campaign_009,Superlithium - The Future of Battery Technology,"Airbus introduces Superlithium, an innovative battery solution that meets all industry demands. Discover how this breakthrough can revolutionize the way we power our world.",Learn More,,,image,ecommerce,70159,1346,113,995.54
enriched_ad_1839,campaign_027,Just a Pinch Recipes,"Discover delicious breakfast recipes that are quick and easy to make. Whether you're in the mood for pancakes, waffles or omelets - we've got you covered.",Get Recipes Now!,,,image,food,72183,1679,192,846.75
enriched_ad_1840,campaign_038,The New Pint X,,Shop Now,,,image,ecommerce,58742,643,49,681.31
enriched_ad_1841,campaign_045,Collaborate on Video,"(†)) transcripts with remote teams
0 Method trint GET STARTED",,,,video,ecommerce,84737,1365,141,1388.11
enriched_ad_1842,campaign_023,Enjoy Our Black Friday Cyber Sale,,Book Now,,,image,ecommerce,21453,346,19,383.57
enriched_ad_1843,campaign_016,Reserve your one-hour complimentary tour!,,,,,image,entertainment,76593,1901,276,398.32
enriched_ad_1844,campaign_011,Save Money for Florida Small Business Owners,"Are you looking to reduce costs and streamline your purchasing process? Buy directly from United Healthcare, the trusted partner of small businesses in Florida. Enjoy savings on healthcare services without compromising quality.",Buy Direct Now,facebook,,image,healthcare,93575,1534,85,1673.44
enriched_ad_1845,campaign_005,6 Mistakes Developers Make When They Integrate Payments,Learn more nmi,,,,image,ecommerce,26211,471,31,447.07
enriched_ad_1846,campaign_044,NEWCHIC COACH ENCONN RADLEY & PARDEE KERES,,,,,image,ecommerce,53814,762,60,834.51
enriched_ad_1847,campaign_008,Join the SmoothGloNation,"The only bundle you need to launch your aesthetic practice. Kyle Richards, Actress from Real Housewives of Beverly Hills endorses smoothglo.",,,,image,ecommerce,47241,624,44,488.8
enriched_ad_1848,campaign_038,Valley Health,"Healthier, together. Care for the Whole Family FIND PRIMARY CARE",,,,image,healthcare,52069,745,33,1252.37
enriched_ad_1849,campaign_031,Collaborate on Video Transcripts with Remote Teams!,,,,,video,ecommerce,43271,605,33,643.16
enriched_ad_1850,campaign_041,Hear From Us!,RealClear Politics invites feedback on our performance. Please share your thoughts by taking the following short survey.,Click Here,,,image,ecommerce,20581,431,41,331.06
enriched_ad_1851,campaign_002,Shop Now,,Shop Now,,,image,ecommerce,38523,493,36,562.24
enriched_ad_1852,campaign_027,*ALL RISE Young Sheldon Blue Bloods OCBS Hits Streaming On Paramount+ Try It Free*,,Try it free,,,video,entertainment,73809,2459,366,599.07
enriched_ad_1853,campaign_041,Explore Unlimited Food and Travel Photography,"Discover envato elements with our collection of unlimited royalty-free stock photos. Enjoy stunning landscapes, cityscapes, fashion shots, fitness images, and much more.",Start now,,,image,ecommerce,79294,1088,89,1019.26
enriched_ad_1854,campaign_001,CAPITAL ONE SHOPPING COUPONS,Get exclusive coupon codes for Capital One shopping. Discover amazing deals and discounts with our Coupon-Finding Browser Extension.,Shop Now,,,image,ecommerce,54002,610,53,888.69
enriched_ad_1855,campaign_011,"Win $10,000 With Qatar Airways OneWorld",,Click,,,image,ecommerce,73818,872,58,885.66
enriched_ad_1856,campaign_013,Fly and Win with OJLOJI,"Discover one of Qatar Airways' finest airlines, offering unparalleled comfort for your journey. Experience exceptional service that makes every flight unforgettable.",Book Now,facebook,,image,travel,39090,459,21,601.33
enriched_ad_1857,campaign_034,"ESCAPOLOGY, The Live Escape Game",Experience the thrill of escaping from an immersive and interactive environment. Join us for this unique adventure where you can test your problem-solving skills in real-time.,Join Now!,facebook,,image,entertainment,91323,1672,266,757.42
enriched_ad_1858,campaign_031,Snowflake Special Edition,"The Data
Cloud
dummies
THE DATA CLOUD
FOR DUMMIES
Learn what's possible in the Data Cloud snowflake LEARN MORE",,,,image,ecommerce,23373,383,35,272.69
enriched_ad_1859,campaign_040,Warning Signs of Dying Liver (#2 Is Scary!),"(#2 is scary!), (Watch here)",,,,video,healthcare,72038,1664,110,1415.6
enriched_ad_1860,campaign_021,Your Lucky Number Today,,,,,image,entertainment,38350,770,78,298.08
enriched_ad_1861,campaign_040,Want the Best Value-For-Money ITSM Tool?,"With TOPdesk, you only pay for features you need. Try the demo >TOPdesk",Try the demo,,,video,ecommerce,97995,2486,187,1047.6
enriched_ad_1862,campaign_017,Community New,Trust Our Local Experts As Your Partner DIGITAL 65,,,,image,ecommerce,48474,591,45,761.16
enriched_ad_1863,campaign_043,Matouk Creating the Finest Bed & Bath Linens Since 1929,,Shop Now,,,image,ecommerce,72753,1020,59,1079.38
enriched_ad_1864,campaign_023,Increase Your Firm's Revenue,Spend less time on administrative tasks to increase your firm's revenue by 38%. Learn more about how myCase can help.,Learn More,,,image,ecommerce,30300,552,49,341.71
enriched_ad_1865,campaign_043,Channeling Good,The Derecho One Year Later Channel.,,,,image,entertainment,21118,394,62,132.31
enriched_ad_1866,campaign_018,Save $2 on Nature Made Vitamins at Publix,,Click Here to Save Now!,,,image,ecommerce,85939,1183,95,1131.08
enriched_ad_1867,campaign_012,KARBACH - Hard Seltzer Original,"Brewing Company NCH Ra Wat | Made with 100% Blue Agave & Natural Lime Juice, 90 Calories per serving. 1G Carbs and 4.5% ALC./VOL.",,,,image,ecommerce,76846,1414,140,840.29
enriched_ad_1868,campaign_025,MUSIC LAKE,,VISIT NOW,,,video,entertainment,72885,1837,228,432.06
enriched_ad_1869,campaign_002,Modular Meeting Rooms,Starting at $399/month GET A ROOM,,,,image,ecommerce,22396,364,32,287.5
enriched_ad_1870,campaign_032,Try Chrome Enterprise,"Upgrade, free for 30 days. chrome OS Start free trial 7",,,,image,ecommerce,70809,1024,70,706.96
enriched_ad_1871,campaign_041,OCBS VETERANS NETWORK,Pro proud to serve those who served.,,,,image,ecommerce,52784,610,35,775.3
enriched_ad_1872,campaign_033,Today's Refinance Rate,"1.997% APR | 15-YEAR FIXED TERM NO REGISTRATION, NO LOGIN NO SSN REQUIRED J894 Calculate Payment *Terms & conditions apply.",,,,image,ecommerce,79673,1059,107,1282.3
enriched_ad_1873,campaign_044,Take a Virtual Tour,,Explore Now,,,image,entertainment,29496,753,75,260.44
enriched_ad_1874,campaign_019,Explore Boots,Thursday - BOOT CO.0 Handcrafted with Integrity,,,,image,ecommerce,64336,1312,70,925.87
enriched_ad_1875,campaign_007,$199.98 - $99.99 BACK IN STOCK GET YOURS NOW,,Get Your's Now,,,image,ecommerce,84509,1023,87,1419.43
enriched_ad_1876,campaign_021,A GUIDE TO SKILLS AND SALARIES FOR DEVELOPERS,Get The Guide global knowledge. A SkillSoft Brand Liva,,,,image,education,87597,1733,246,942.07
enriched_ad_1877,campaign_017,Scientific American Sea Change,Save 30% on Scientific American Digital & 4-Year Archive,Shop Now,,,image,ecommerce,47680,980,89,522.99
enriched_ad_1878,campaign_050,Enter to Win,,,,,image,business,82391,1677,118,1302.73
enriched_ad_1879,campaign_026,DASHER DANCER PRANCER VIXEN MOSCATO VODKA TEQUILA BLITZEN LILICL TH,WHEN YOU'RE OLD AND EATING CAT FOOD OUT OF A CAN... THANK A REPUBLICAN! IN MY DEFENSE I WAS LEFT UNSUPERVISED,,,,image,,45070,565,36,650.97
enriched_ad_1880,campaign_021,Grow your brand with an all-in-one social tool.,,Book a demo,,,video,ecommerce,25578,662,39,250.9
enriched_ad_1881,campaign_014,Shop Soft Sole Shoes at Banggood,Get up to 53% off on your favorite shoes. Shop now and save big!,Shop Now,,,image,ecommerce,29442,337,29,313.22
enriched_ad_1882,campaign_023,SIMPLI-SAFE MEETS THE NEW WIRELESS OUTDOOR SECURITY CAMERA,,SHOP NOW,,,image,ecommerce,75750,1149,77,873.51
enriched_ad_1883,campaign_009,Tis the Season,"Reach your audience on Hallmark Channel, Lifetime, Holiday Sales Packages and Freeform ADVERTISING Learn More",,,,image,entertainment,31311,594,84,210.3
enriched_ad_1884,campaign_043,The Potential for More,AS GROW FInd Products to Maximize Yield PotentiaL >,,,,image,ecommerce,64625,1044,98,1153.7
enriched_ad_1885,campaign_046,How We Made Health Food Even Healthier,,,,,image,food,90302,1620,200,1143.91
enriched_ad_1886,campaign_008,Access Thomson Reuters,Instantly buy online. Find the plan that suits both your needs and budget.,,,,image,ecommerce,21868,234,12,235.83
enriched_ad_1887,campaign_037,Soundproof and Future-Proof Like Framery,Get a quote for your soundproofing needs with the best in framery solutions.,GET A QUOTE,,,image,ecommerce,69661,1408,74,688.32
enriched_ad_1888,campaign_024,Superbook Explorer,"Featuring 'Paul and the Unknown God,' Parts 1 & 2. Get your DVDs and instant streaming.",Get Your DVDS AND Instant Streaming!,,,video,entertainment,45325,1345,233,325.29
enriched_ad_1889,campaign_011,The CBN Story - 60 Years of Ministry,,Watch Now On CBN Family,,,video,entertainment,38783,868,86,341.8
enriched_ad_1890,campaign_043,STK - A New Way to Watch TV,"A new way to watch TV ANYWHERE and it's all FREE. Available on Roku, Apple TV, Fire TV, iOS & Android.",CHECK IT OUT,facebook,,video,entertainment,22424,786,96,135.89
enriched_ad_1891,campaign_009,Shop Now! Buy 3 Get 1 Free,,"Buy 3 Get 1 Free, 40% Off",,,image,ecommerce,98951,2002,166,1124.61
enriched_ad_1892,campaign_037,CAPITAL SHOPPING PROMO CODES AVAILABLE,Discover exclusive promo codes for Capital Shopping. Enhance your shopping experience with our Coupon-Finding Browser Extension.,,,,image,ecommerce,37986,590,42,456.2
enriched_ad_1893,campaign_035,Power Your Business with Chromebooks,"Chromebooks are ideal for businesses looking to power their operations and maintain access to legacy applications. With Chrome OS, you can seamlessly run Windows apps in secure virtual environments.",Learn More,facebook,,image,ecommerce,94614,1166,65,1155.13
enriched_ad_1894,campaign_036,FREE COUPON,SEE CODES Capital One Shopping,,,,image,ecommerce,74903,1201,62,831.77
enriched_ad_1895,campaign_007,Sartorius Rapid Multiplexed Profiling of Antibody Dependent Cell Cytotoxicity Poster,,,,,image,education,56975,1001,120,597.8
enriched_ad_1896,campaign_018,* CBS SPORTS NFL *,"CBS EVENING NEWS WITH NORAH O'DONNELL, KAMP KORALI, SPONGEBOB'S UNDER YEARS PARAMOUNT+, TRY IT FREE.",,,,image,entertainment,61306,1321,178,515.59
enriched_ad_1897,campaign_041,"The Daily Show, The Late Show, and Paramount+ Try It Free",,Try it free,,,image,entertainment,70841,1209,195,529.98
enriched_ad_1898,campaign_035,BIG BROTHER - The Challenge,"*Survivor*
*The Challenge*
Paramount + TRY IT FREE",,,,image,entertainment,42294,950,87,324.85
enriched_ad_1899,campaign_034,Trustworthy Housesitting Service,Find reliable housesitters to take care of your home while you're away. Join our trusted network and ensure peace of mind for you.,Join Today!,,,image,ecommerce,32909,571,59,347.11
enriched_ad_1900,campaign_039,A Love Story,,Watch Now,,,video,entertainment,42666,1062,101,320.6
enriched_ad_1901,campaign_035,HEVAL FROM HOLLYWOOD ACTOR TO SYRIAN REBEL ONLY ON CURIOSITY,,WATCH NOW STREAM,,,video,entertainment,96637,3465,626,589.8
enriched_ad_1902,campaign_036,Make Your House,,Shop Home →,,,image,ecommerce,48669,829,46,540.98
enriched_ad_1903,campaign_037,Lucid Collaboration,Better collaboration through visuals. Explore Lucid.,,,,image,ecommerce,30498,598,38,368.08
enriched_ad_1904,campaign_034,Smith Honey Zebra & Paisley,,Shop The Collection >,,,image,ecommerce,99972,1206,105,1297.98
enriched_ad_1905,campaign_043,THE BROWN REAL ESTATE TEAM,"See What We're All About
Property Collective
774B Walker Rd
Great Falls, VA
authority on real estate in Virginia. Connect with us at @brownteamrealtors or call 757-234-1590 to learn more about our services.",Lets Meet!,facebook,,image,real_estate,60211,514,7,1662.86
enriched_ad_1906,campaign_047,"Continue","1. Click ""Continue"" 2. Add Extension 3. Start Converting *Online File Converter by ""Convert Files 4 Free""",Learn More,facebook,,image,ecommerce,56521,817,55,691.4
enriched_ad_1907,campaign_015,eBay - Shop Home,,Shop Now,,,image,real_estate,36106,413,7,1078.01
enriched_ad_1908,campaign_026,Strut Your Style,,Shop Fashion,,,image,ecommerce,20835,375,32,260.16
enriched_ad_1909,campaign_029,MineCraft ver 1.0 AATTLGROUNDS Grand Theft Auto San Fungame Share,,,,,image,entertainment,77038,2083,232,522.89
enriched_ad_1910,campaign_044,2021 Promo - Capital Shopping,,,,,image,ecommerce,39062,437,32,693.4
enriched_ad_1911,campaign_048,Want the Best Value-For-Money ITSM Tool?,"With TOPdesk, only pay for features you need. Try the demo",Try the Demo,,,video,ecommerce,34744,633,31,383.2
enriched_ad_1912,campaign_044,Home Comfort with Mitsubishi Electric,Make yourself comfortable at home. Get $74 off on HVAC maintenance or service call!,Learn More,,,image,ecommerce,97397,1459,87,1313.23
enriched_ad_1913,campaign_022,Chrome OS Reach New Speeds of Productivity,High-performance devices that boot up fast and don’t slow down over time. Learn more,,,,image,ecommerce,99475,1613,117,1659.52
enriched_ad_1914,campaign_029,SUPERMICR Supercomputing '21,Supermicro Supercomputing '21 Featuring 3rd Gen Intel Xeon® Scalable processors Learn More intel. XEON PLATINUM,,,,image,ecommerce,64839,1109,110,1157.52
enriched_ad_1915,campaign_026,Strata,2021 Recovery Trends See Patient & Procedure Volumes from 300 Hospitals DOWNLOAD THE REPORT,DOWNLOAD THE REPORT,,,image,healthcare,89787,1571,87,1597.16
enriched_ad_1916,campaign_050,LILIENTHAL BERLIN,"4511, 11 se L THE HUXLEY Mesh Edition 23 11 05 LILIENTHAL BERLIN 1x 30 251",SHOP NOW,,,image,ecommerce,63393,869,69,1136.77
enriched_ad_1917,campaign_001,eBay Motors App,Take the eBay Motors app for a spin. Quickly list or find your dream car.,,,,image,automotive,71770,880,21,1311.05
enriched_ad_1918,campaign_022,Educational Resources for All Grades,"Discover our comprehensive educational resources tailored to meet the needs of students from Kindergarten through high school. Whether you're looking for materials in English, Spanish, or other languages, we've got you covered.",Explore Now!,,,image,education,31621,643,61,318.7
enriched_ad_1919,campaign_048,TANİŞH Q,It’s the season of gifting! We now ship to the USA!,SHOP NOW,,,image,ecommerce,38520,495,30,537.66
enriched_ad_1920,campaign_029,CAPITAL ONE SHOPPING COUPONS,Get your hands on exclusive coupon codes with our Capital One Shopping Browser extension. Discover deals and save money effortlessly.,Download Now,facebook,,image,ecommerce,20857,346,28,214.72
enriched_ad_1921,campaign_024,500+ New Arrivals,,Shop Now,,,image,ecommerce,90787,1406,142,1351.11
enriched_ad_1922,campaign_046,Unlimited Pet Care,Only $129 per year. Join us > Trusted Housesitters.,,,,image,ecommerce,72544,1465,73,938.59
enriched_ad_1923,campaign_018,Dying Liver? Individual Symptoms,Discover the alarming signs that your liver is struggling to cope with your lifestyle. Learn about four critical symptoms indicating severe health issues.,,,,image,healthcare,24177,239,9,410.93
enriched_ad_1924,campaign_039,Home Comfort with Mitsubishi Electric,Make yourself comfortable at home. Get $74 off on HVAC maintenance or service call!,Learn More,,,image,ecommerce,37620,558,52,593.19
enriched_ad_1925,campaign_027,FitRated - Find the Best Fitness Equipment,"Discover top-quality fitness equipment tailored to fit perfectly in any space. Whether you're looking for cardio machines, strength training tools or versatile workout gear.",Shop Now!,facebook,,image,ecommerce,27848,384,38,345.69
enriched_ad_1926,campaign_049,fubo™ - Watch live TV & sports without cable,"abc OCBS, FOX, NBC, ESPN FS1, FOXMSNBC, NEWS, HGTV ams, 100+ Live Channels. Monthly subscription required.",Learn more,,,video,entertainment,80902,1523,166,449.08
enriched_ad_1927,campaign_026,Manage Files All In One,All-in-one file management solution for seamless organization and access. Try our free service today!,Try It Free,,,image,ecommerce,53462,918,62,676.94
enriched_ad_1928,campaign_002,Warning Signs of Dying Liver (#2 Is Scary!),"(#2 is scary!), (Watch here)",,,,video,healthcare,99122,1610,86,2361.09
enriched_ad_1929,campaign_020,Boney Beauty,,Shop Now,,,image,ecommerce,81535,943,82,1058.37
enriched_ad_1930,campaign_018,All-In-One Digital Content Platform,"Three simple steps to access Games, Ebooks, Music and Movies all in one place. Just click on 'Start', activate your account and then you can easily browse through our extensive collection of digital content.",Click here to start!,,,image,ecommerce,96704,1272,72,1016.38
enriched_ad_1931,campaign_013,Increase Twitter Followers,"Do you want to increase your social media presence? Yes, smart and effective Twitter account management can help.",,,,image,ecommerce,27008,401,19,349.91
enriched_ad_1932,campaign_034,The Subpostmasters VS The Post Office,Read more here at ComputerWeekly.com,,,,image,entertainment,99497,2681,449,606.42
enriched_ad_1933,campaign_009,Foundations,The new online course created by CB Creative Bloq and Parsons School of Design.,,,,image,education,99722,1801,234,704.63
enriched_ad_1934,campaign_001,Protect Your Mac,MacKeeper - multilayered Mac protection,TRY NOW,,,image,ecommerce,45065,819,78,525.48
enriched_ad_1935,campaign_009,Asus Education,Designed for explorers. Education for all.,Learn More,,,image,education,67956,1298,109,715.71
enriched_ad_1936,campaign_033,IBKR charges margin loan rates,"*from USD 0.75% to 1.59%
Member SIPC.
*Restrictions apply. For more info see ibkr.com/interest
InteractiveBrokers LEARN MORE %
",,,,image,finance,44649,572,26,896.18
enriched_ad_1937,campaign_015,Shop Now,,Shop Now,,,image,ecommerce,82374,1482,147,905.9
enriched_ad_1938,campaign_034,'Tis the season for STEAM! MICH Shop Now,,Shop Now,,,image,ecommerce,86754,1618,112,1549.26
enriched_ad_1939,campaign_024,Holiday in Dubai,"- Extend the fun - Pay 3 stay for 4 days
Pay 6 to stay for 8 days
Five deals available.",Book Now,,,image,travel,65006,760,51,1282.35
enriched_ad_1940,campaign_008,Dedicated Servers with Unlimited Traffic,"Experience the power of dedicated servers at OVHcloud. With unlimited traffic and no hidden fees, you can rely on our robust infrastructure that spans across 32 global data centers.",Choose yours now,,,image,ecommerce,28496,493,40,381.26
enriched_ad_1941,campaign_019,Authorized Clean Burn Distributor,Morris Distributing is an authorized clean burn distributor offering up to 50% VA.TAX credit on new waste oil furnaces or boilers.,,,,image,ecommerce,69867,1458,101,916.11
enriched_ad_1942,campaign_003,PROMO CODES AVAILABLE,SEE CODES Capital One Shopping The Coupon-Finding Browser Extension,,,,image,ecommerce,74830,1200,102,844.51
enriched_ad_1943,campaign_003,LILICL TH Gigi - Like A Grandmother But So Much Cooler,"1. like a grandmother, but so much cooler
see also:
- best friend
- extraordinary
what up.
GRINCHES I'M ONLY TALKING TO MY DOG TODAY",,,,image,entertainment,82656,1599,259,523.17
enriched_ad_1944,campaign_008,BRILLIANT EARTHⓇ,"""An ethically sourced jewelry company that is redefining luxury customer experience."" Forbes",,,,image,ecommerce,97087,1350,99,1125.89
enriched_ad_1945,campaign_027,Promote Your Channel,"For YouTube Bloggers, get more visibility and increase ad revenue with our platform.",Get Views Now!,facebook,,image,ecommerce,39546,423,21,570.02
enriched_ad_1946,campaign_010,PAY OFF YOUR HOME FASTER BY SWITCHING TO A 15-YEAR FIXED TERM,"2.01% No SSN Required
30-Year Fixed Term
Calculate Payment Mortgage.net *Terms & conditions apply.
NMLS #1912050 (nmisconsumeraccess.org)
1834",,,,image,ecommerce,85842,1045,89,1147.39
enriched_ad_1947,campaign_035,SATURDAY NIGHT FOOTBALL,POWERED BY LEARFIELD. SATURDAY NIGHTS ARE MEANT TO BE FUN.,,,,video,entertainment,23673,560,83,166.76
enriched_ad_1948,campaign_021,Warning Signs of Dying Liver (#2 Is Scary!),(#2 is scary!)(Watch here),,,,video,healthcare,54633,998,48,924.06
enriched_ad_1949,campaign_009,Receive Free 3D Rendering of Your Home,Schedule your free roofing estimate today! NU Look - Home Design,,,,image,ecommerce,61205,773,72,738.32
enriched_ad_1950,campaign_033,Metta Quest 2 x Resident Evil 4,Watch as Avan Jogia takes on Resident Evil 4 for the first time. Presented by Meta Quest.,,,,video,entertainment,58111,1827,301,298.19
enriched_ad_1951,campaign_034,June UP TO 50% OFF,,Shop Now,,,image,ecommerce,35540,459,28,541.81
enriched_ad_1952,campaign_036,Buy 3 Get 4th at 40% Off,,,,,image,ecommerce,39899,706,66,433.09
enriched_ad_1953,campaign_034,Save 50% on All Roofing Materials,Schedule Your Free Roofing Estimate Today! Charma Nu Look Home Design offers professional roofing services with expert advice and high-quality materials.,Book Now,facebook,,image,ecommerce,58299,768,38,707.58
enriched_ad_1954,campaign_030,Discover Digital Content,"Click to start, activate and access games ebooks music movies in one place. Find your favorite content across genres.",Start Now!,all-in-1 digitalcontent,,image,ecommerce,95109,1119,108,1039.69
enriched_ad_1955,campaign_022,Discover Newport Village Apartments,Newport Village offers stunning apartments in the heart of downtown. Experience luxury living with breathtaking views and modern amenities.,Schedule your self-guided tour today!,,,image,real_estate,93728,1315,29,1507.83
enriched_ad_1956,campaign_019,Affordable Health Insurance Made Simple,Easily apply for all subsidies & tax credits Compare every plan available in your area in only 15 minutes FIND THE PLAN Powered by LIG Solutions Enroll Today,Enroll Today,,,image,healthcare,70037,715,38,1739.65
enriched_ad_1957,campaign_036,"PM PAIN PHYSICIANS, GETTING HUNGRY?",It's about time you took a lunch break,,,,image,ecommerce,46283,606,50,475.88
enriched_ad_1958,campaign_005,Komedia Smart,"smartfm broadcast on Rabu-Kamis, November 2021 at 13:00-17:00 WIB.",KLIK DISINI,,,image,entertainment,91445,2041,301,501.23
enriched_ad_1959,campaign_010,Micromobility Powered by Particle,Free Cellular. Accurate GPS. Device Management.,,,,image,ecommerce,68322,1027,67,1077.82
enriched_ad_1960,campaign_042,PAIN PHYSICIANS FEEL DISCONNECTED? IT'S ABOUT TIME FOR BETTER CONNECTIONS,"#1 Integrated EHR, PM & RCM Solution Payments + Patient Engagement M ModMed MODERNIZING MEDICINE KNOW MORE",,,,image,ecommerce,88383,1805,154,1271.2
enriched_ad_1961,campaign_039,Save Online Conversation,"Until there's a vaccine for trolls, there's us. It's time to save online conversation.",Learn More,,,image,ecommerce,64624,892,87,883.64
enriched_ad_1962,campaign_034,LIVER IN DANGER? Most People Notice This Too Late,"Dying Liver?

Most People Notice THIS Too Late.

4 Warning Signs (#2 Is Scary!))",,,,image,healthcare,89167,898,49,2160.62
enriched_ad_1963,campaign_030,COTOSEN - UP TO 50% OFF,,Shop Now >>,,,image,ecommerce,87719,1305,78,879.17
enriched_ad_1964,campaign_003,News,Our team is dedicated to delivering top news and information daily.,Sign Up Now,,,image,finance,75900,576,21,1463.86
enriched_ad_1965,campaign_008,JustFashion Now,,Shop Now,,,image,ecommerce,59984,1152,103,598.46
enriched_ad_1966,campaign_018,Choose Your Cards Now,,,,,image,,88836,1805,90,964.17
enriched_ad_1967,campaign_038,Board Vita,Save time & meet your CME and MOC career requirements fast with BoardVitals. Subscribe Today,Subscribe Today,,,image,education,92913,1588,235,738.02
enriched_ad_1968,campaign_045,Subscribe to Get Early Access,,Be One of the First,,,image,ecommerce,80504,1360,78,924.72
enriched_ad_1969,campaign_038,Home Services by Sears,"Wherever you bought it, we'll fix it fast! Schedule Repair with us.",Schedule Repair,,,image,ecommerce,37617,700,60,478.44
enriched_ad_1970,campaign_035,LOVE SHEN YUN BLACK FRIDAY SALE,Black Friday Sale starts now! Up to 35% off. Join our VIP Rewards to get an additional 10% off!,SHOP NOW,,,image,ecommerce,33170,444,30,486.46
enriched_ad_1971,campaign_014,HOLIDAY DEAL - Up to 50% OFF,,,,,image,ecommerce,60635,1141,55,788.13
enriched_ad_1972,campaign_044,UP TO 60% OFF,,SHOP NOW,,,image,ecommerce,44596,630,49,611.67
enriched_ad_1973,campaign_006,Bags Alert! New Arrivals for FW21,,,,,image,ecommerce,68089,880,66,804.03
enriched_ad_1974,campaign_017,News Delivered Daily,Our team at Jelen News delivers top-quality information daily. Stay informed with the latest updates right in your inbox.,SIGN UP NOW,,,image,news and media services,90326,1478,119,1253.4
enriched_ad_1975,campaign_048,MALM,Vol. 11 L'HÔ! JustFashion Now UP TO 45% OFF SHOP NOW,Shop Now,,,image,ecommerce,41781,650,48,478.02
enriched_ad_1976,campaign_025,VARSITY - NETWORK,Live College Sports IN the Palm of Your Hand. Audio from over 100 schools!,DOWNLOAD & LISTEN NOW,,,image,entertainment,50846,1279,148,333.23
enriched_ad_1977,campaign_050,Philipp Plein Black Friday Early Access,,Subscribe to Get the Early Access,,,image,ecommerce,43628,743,41,748.32
enriched_ad_1978,campaign_027,J.Me UP TO 50% OFF,,Shop Now,,,image,ecommerce,36767,463,46,367.5
enriched_ad_1979,campaign_011,NACE WATCH COLLEGE ESPORTS STARLEAGUE,,,,,video,entertainment,33449,846,104,272.96
enriched_ad_1980,campaign_048,Blissy - The Ultimate Sleep Comfort,"Discover the ultimate sleep comfort with Blissy, our luxurious pillowcases. Perfect for anyone looking to elevate their bedtime routine.",Shop Now,facebook,,image,ecommerce,36780,644,46,368.54
enriched_ad_1981,campaign_015,Buying a home? Check out,M&T's mortgage options.,,,,image,finance,62147,778,33,1209.98
enriched_ad_1982,campaign_001,WE ARE INFLUENCER MARKETING,15 billion TikTok views in 2020 alone.,,,,image,entertainment,48361,1254,123,250.87
enriched_ad_1983,campaign_013,Deliver the Best Virtual Event,Are you currently struggling with your online events? Do they lack engagement and interaction from attendees?,Try Touchcast for better virtual event delivery.,facebook,,image,ecommerce,23124,409,24,391.51
enriched_ad_1984,campaign_017,Children's Cancer Awareness,"In the United States, approximately 43 children are diagnosed with cancer each day. We aim to raise awareness and support through our initiative focused on children's health.",Get Involved in Our Cause Today!,,,image,healthcare,50361,969,38,930.0
enriched_ad_1985,campaign_040,LEARN MORE,"6-day MIT Course
Entrepreneurship Development Program
""This program is all you need to start your next venture.""",,,,image,education,48403,671,98,478.34
enriched_ad_1986,campaign_037,Swans Candela MOCVD Defect Inspection,Yield improvement for power devices KLA+,,,,image,ecommerce,31291,652,47,353.49
enriched_ad_1987,campaign_017,"When copays don't count, patient needs do too.",CMS can protect the most vulnerable patients. Learn More National Hemophilia Foundation A for all bleeding disorders The Arsenetute,Learn More,,,image,healthcare,54625,691,27,1437.8
enriched_ad_1988,campaign_009,Free Test Eng Demo Slog Cecils,,,,,video,entertainment,53696,1508,166,430.43
enriched_ad_1989,campaign_018,Dying Liver,4 Warning Signs of dying liver (#2 is scary!) (Watch here).,,,,video,healthcare,41881,962,68,980.49
enriched_ad_1990,campaign_050,IXL Free Math Practice,"Aa Kindergarten
1st Grade
+ 2nd Grade
∞ 3rd Grade
% 4th Grade
5th Grade
< 6th Grade
7th Grade
8th Grade
x² Algebra 1&2
A Geometry
Σ Precalculus",,,,image,education,45356,1092,122,417.17
enriched_ad_1991,campaign_016,Don't Text and SOOS Pe,,,,,image,,61428,806,82,738.26
enriched_ad_1992,campaign_022,Cookie Dough - Childhood Cancer Didn't Stop for COVID-19,Cookies lets get baking!,,,,image,ecommerce,28606,537,46,296.05
enriched_ad_1993,campaign_048,FREE GUIDE Find Jesus in Every Book of the Bible,Jesus Get my copy!,,,,image,education,79542,1904,286,510.4
enriched_ad_1994,campaign_049,BE WHAT YOU WEREN'T,,CLICK TO MAKE AN APPOINTMENT,,,image,healthcare,90071,897,63,2244.03
enriched_ad_1995,campaign_039,CARMPIONS BOXING,"Unify and dominate the world with CARMPIONS. Discover Oleksandr Usyk, Heavyweight Champion.",,,,image,entertainment,81758,1328,153,635.98
enriched_ad_1996,campaign_013,The World's Best Veterinarians' Advice Delivered Monthly,"Each and every month, the world's best veterinarians deliver their advice to your door. Cornell University's College of Veterinary Medicine provides this service through Cat Watch.",,,,video,education,25749,538,66,215.97
enriched_ad_1997,campaign_040,Cost-Effective Solutions,Policies & Updates • Wellness Resources • Learn More • LEXIPOL • Online Training • Grant Services,Learn More,,,image,ecommerce,43854,807,77,743.1
enriched_ad_1998,campaign_020,The Lousy Gators,,Buy Today ►,,,image,entertainment,86887,1265,198,564.06
enriched_ad_1999,campaign_004,EDDIE GET YOUR EXCLUSIVE,,BUY TODAY,,,image,ecommerce,43533,612,48,771.21
enriched_ad_2000,campaign_023,Tri-State Liquors,Our prices make people smile. Delaware’s favorite beverage store.,Click Here for Monthly Specials,,,image,ecommerce,71228,1111,76,996.02
