ad_id,campaign_id,headline_text,body_text,call_to_action,platform,placement,ad_format,category,impressions,clicks,conversions,spend
enriched_ad_5001,campaign_033,Spring has Arrived,Shopico.ca offers you the best local deals for spring season. Don't miss out on our exclusive collection of fresh and trendy items.,SHOP NOW,facebook,,image,ecommerce,93610,1274,66,1359.29
enriched_ad_5002,campaign_002,California Coastal,"A TRADITION IN THE MAKING June 4-8, 2023 RESERVE CALIFORNIA Robb Report COASTAL 2035",,,,image,entertainment,37299,734,102,195.19
enriched_ad_5003,campaign_039,HERO WARS,,Try Now,,,image,entertainment,56929,979,141,376.84
enriched_ad_5004,campaign_004,Save on AAHLEYS FURNITURE,20% OFF ALL ITEMS FOR 0% INTEREST ON MINIMUM PURCHASE OF $1499. NO SALES TAX!,SHOP NOW,,,image,ecommerce,83766,1595,122,1294.67
enriched_ad_5005,campaign_024,CANTO - Ranked #1,DAM Platform by G2. Start your free trial.,Start Your Free Trial,,,image,ecommerce,63894,733,61,699.87
enriched_ad_5006,campaign_001,ENROLL IN OUR ESL PROGRAM TODAY,,LEARN MORE,,,image,education,61424,1079,146,426.57
enriched_ad_5007,campaign_030,Which Office Is Right For You?,Find Out With Our Exclusive Offer!,,,,image,ecommerce,76382,1545,94,1100.79
enriched_ad_5008,campaign_028,Managed Liquid Web Hosting,"Dedicated hosting with guaranteed uptime, powered by our own network and power sources. Enjoy uninterrupted service at all times.",Shop Now,,,image,ecommerce,48104,696,38,517.8
enriched_ad_5009,campaign_037,"Train WITH VERY SPECIAL GUEST BETTER THAN EZRA M FRIDAY, JULY 21 OXBOW RIVERSTAGE",,,,,image,entertainment,99534,2288,249,784.49
enriched_ad_5010,campaign_030,Build Real-Time Features for Your App,"Without the Complex Infrastructure, Pusher is here to help. As part of our family at MessageBird and MM, we bring you seamless integration with project notes shared among your team.",,,,image,ecommerce,71780,1057,87,805.63
enriched_ad_5011,campaign_015,Leading Medicine,"Methodist salutes its nurses, recognized as Magnet by the American Nurses Credentialing Center.",,,,image,healthcare,57956,745,31,1214.25
enriched_ad_5012,campaign_043,Calling all who code,2023 Developer Survey calling all developers to participate in our annual survey.,,,,image,ecommerce,62622,1137,90,766.54
enriched_ad_5013,campaign_012,Human Forward,"Randstad is committed to empowering your workforce with innovative solutions that drive success. Our human-forward approach ensures seamless integration of technology and people, creating an environment where every employee thrives.",Learn More About Randstad's Human-Forward Approach,facebook,,image,ecommerce,64453,1165,101,654.4
enriched_ad_5014,campaign_038,"Give Hope, Get Cookies",Cookies for Kids Cancer. Let's get baking.,,,,image,food,38682,713,72,539.04
enriched_ad_5015,campaign_036,Western Conference Final,,,,,image,entertainment,37350,645,62,275.39
enriched_ad_5016,campaign_028,Live webinar Overcoming Obstacles to Automation Challenges Learnings from the 2023 State of Process ,,,,,video,education,21729,594,65,150.99
enriched_ad_5017,campaign_012,ExaMAX® Connectors & Cables,Amphenol COMMUNICATIONS SOLUTIONS High-speed Performance of 112Gb/s and Beyond Click Here,,,,image,ecommerce,86266,1240,110,1153.54
enriched_ad_5018,campaign_031,FAN ESSENTIALS,,SHOP NOW,,,image,ecommerce,60560,1054,105,718.25
enriched_ad_5019,campaign_007,HIGH POINT UNIVERSITY MBA IN BUSINESS ANALYTICS,Engage with the latest tech. Learn more.,,,,image,education,89906,2034,218,850.95
enriched_ad_5020,campaign_027,Styra Accelerate Secure Infra Deployments,"Use the broadest Authz policy library for Kubernetes, Terraform and CloudFormation.",LEARN MORE ,,,image,ecommerce,73558,1208,59,1097.64
enriched_ad_5021,campaign_035,WE DELETE BLOOD CANCER,"We've helped more than 78,000 patients to find a blood cancer cure.",,,,image,healthcare,56695,565,31,1059.54
enriched_ad_5022,campaign_017,MineCraft,,,,,image,,81814,1254,130,1115.72
enriched_ad_5023,campaign_045,CLEAN. HEALTHY. HYDRATE LIKE,USE CODE: BIOUSAHOCKEY FOR 30% OFF BIO HYDRATION.,,,,image,ecommerce,50611,986,54,676.53
enriched_ad_5024,campaign_039,MSK Pain - A Billion Dollar Health Care Burden,Download the State of MSK Care® to learn more about managing your symptoms and improving patient outcomes.,Learn More & Download Now,,,image,healthcare,59672,1111,75,1141.95
enriched_ad_5025,campaign_035,Introducing Telegraph WINE CELLAR,Save £10 on your first order. Explore MEINERT.,,,,image,ecommerce,23193,399,19,322.76
enriched_ad_5026,campaign_032,ManageEngine Service Desk Plus,Free IT help desk software. Try it now!,,,,image,ecommerce,87096,1339,99,1129.07
enriched_ad_5027,campaign_011,Discover Entertainment,"Click to start exploring Movies, Music, Games and more! Activate your account for seamless access. Find all the latest entertainment content at TopContent-Entertainment.",Start Now!,topcontent-entertainment,,image,entertainment,52619,1211,154,453.97
enriched_ad_5028,campaign_041,2023 HR Calendar,Never miss key dates. July May February Namely.,,,,image,ecommerce,66405,736,52,717.73
enriched_ad_5029,campaign_036,Vivaia - Designed for Bunions,"Shop Now, Ships same day with fast delivery and free returns.",SHOP NOW,,,image,ecommerce,25574,448,34,328.89
enriched_ad_5030,campaign_049,Vacation is a State of Mind,Enjoy your first order with an exclusive discount! Get ready to relax and unwind.,Shop Now,,,image,travel,88629,1427,127,1741.35
enriched_ad_5031,campaign_045,SARGENTO WHOLE MILK MOZZARELLA,& C REAL CHEESE BRINGS GREAT HAPPINESS GET RECIPE,,,,image,food,99055,1984,251,1150.36
enriched_ad_5032,campaign_012,A Lyme vaccine like no other,"Copyright © 2023 Merck & Co., Inc., Rahway, NJ, USA and its affiliates. All rights reserved. US-NOV-230300004 725353 Nobivac:Lyme MERCK Animal Health",LEARN MORE,,,image,ecommerce,83172,907,91,1454.43
enriched_ad_5033,campaign_013,Stars on Mars,"From the red carpet to the red planet, www June 5 Fox Next Day Hulu",,,,image,entertainment,56012,875,159,471.41
enriched_ad_5034,campaign_045,How to Loot in HERO Wars,,Try it now!,,,image,entertainment,65988,950,88,525.69
enriched_ad_5035,campaign_017,Ace Hotel Brooklyn WITH MORE OOMPH,,,,,image,ecommerce,30274,365,26,335.6
enriched_ad_5036,campaign_019,We Love Happy and Healthy Pets!,,Shop Now,,,image,ecommerce,97036,1906,138,1647.22
enriched_ad_5037,campaign_045,Chic Linen Fashion,,Shop Now,,,image,ecommerce,71479,1015,100,1096.85
enriched_ad_5038,campaign_003,Advance Your Career with a Certificate,"With a certificate from 10000100 (Harvard Business School), you can advance your career. Online courses available.",,,,image,education,26794,353,51,309.27
enriched_ad_5039,campaign_002,Healing Power Solutions,"With lives on the line, medical technology cannot fail! Explore our TDK Products",,,,image,healthcare,41537,658,34,893.91
enriched_ad_5040,campaign_043,Your Complete Guide to the Finalized FDA Food Traceability Rule,Discover how Troteoblity simplifies your compliance with FDA's new food traceability requirements. Download now and get access to all necessary resources.,DOWNLOAD YOUR GUIDE NOW,facebook,,image,ecommerce,61480,792,81,976.49
enriched_ad_5041,campaign_007,GREAT VALUE,Every piece looks wonderful. William G.,Shop Now,,,image,ecommerce,93586,1728,96,1640.05
enriched_ad_5042,campaign_040,RIDEL WRAP,Protect your bike frame with RIDEL. Wrap before you ride.,,,,image,ecommerce,79006,1580,147,1195.28
enriched_ad_5043,campaign_048,AIM RATION TIVES OF MAINTENANCE,"Aviation Maintenance Training is essential for ensuring the safety and reliability of aircraft. Our comprehensive training programs are designed to equip professionals with up-to-date knowledge, skills, and certifications required in this field.",Learn More,,,image,education,66842,1077,163,494.27
enriched_ad_5044,campaign_003,The Leader in Home Renovation and Projects,"Are you considering adding an addition, garage or sun room to your home? Check out our current specials.",,,,image,ecommerce,84499,1048,75,1102.01
enriched_ad_5045,campaign_004,Discover GOLF'S GOLDEN STANDARD,"Golden Horseshoe Golf Club, Colonial Williamsburg, America's Top 50 Course. Book Your Stay & Play.",Book Your Stay & Play,,,video,ecommerce,46822,1055,90,799.43
enriched_ad_5046,campaign_013,Unlock the World of WUSF & NPR with Your Smart Speaker!,"Experience seamless integration between music, news, podcasts, and more. Enjoy curated content tailored to your preferences.",Shop Now,facebook,,image,entertainment,77641,1767,325,501.34
enriched_ad_5047,campaign_019,Reduce Inventory,"Surplus and improve cash flow. Join our webinar on Tuesday, May 23rd at 11am EST.",,,,video,education,62014,1620,120,437.22
enriched_ad_5048,campaign_005,Phelan Audioology - Hearing Aids Center,Dedicated to hearing health in Southeast Texas since 1968. Located at Beaumont-Nederman.,,,,image,ecommerce,61333,789,51,1098.59
enriched_ad_5049,campaign_046,Amazing Feeling with CHRISTUS Bariatric Center in Southeast Texas,I look amazing? I feel even better at St. Elizabeth's Bariatric Center located right here in Southeast Texas.,Schedule a consultation today!,facebook,,image,ecommerce,49902,961,56,810.52
enriched_ad_5050,campaign_032,BLACKBURN ROMEY TRUSTED INJURY LAWYERS,833.FOR HELP THANK YOU FOR THE VOTES! JULY FORT WATHE NEWSPAPERS READERS CHOICE VOTED BEST LAW FIRM & BEST LAWYERS 4203 W. Jefferson Blvd. - Fort Wayne,,,,image,"lawyers, legal services",41638,779,39,465.24
enriched_ad_5051,campaign_024,Shop Now >,,Shop Now >,,,image,ecommerce,48756,914,81,848.96
enriched_ad_5052,campaign_047,Intel,How wonderful is that?,,,,image,,23311,317,24,284.2
enriched_ad_5053,campaign_048,Uof SC FULL-TIME MBA PROGRAMS,,,,,image,education,38147,754,103,435.43
enriched_ad_5054,campaign_037,Specialised - Get an Obligation-free Quote,Discover our range of products including specialised and 4x4 insurance. Visit www.TUFFSTUFF.CO.ZA for more details.,Visit us now!,,,image,ecommerce,52153,664,35,929.58
enriched_ad_5055,campaign_005,AMERICAN BLOOD DRIVE,"American Blood Drive hosted by American Red Cross in June 2023. Visit RedCrossBlood.org to enter sponsor code DeltaATL for dates, times and locations.",,,,image,healthcare,52260,767,31,919.35
enriched_ad_5056,campaign_041,Start Your Entertainment Journey,"Three simple steps to access Movies, Music, Games and Audiobooks on TopContent. Click 'START', Activate your account, Access your content.","Click on ""START""",,,image,entertainment,68085,1650,233,365.09
enriched_ad_5057,campaign_037,You Have Opinions,"News
Now
We Want to Hear Them
Click To Be Heard",,,,image,news,37185,719,49,410.84
enriched_ad_5058,campaign_013,You Have Opinions,News NOW. You have opinions that we want to hear about News NOW. Hear them.,Click To Be Heard,,,image,news,69891,1368,100,1047.41
enriched_ad_5059,campaign_020,"You Have Opinions, Now Tell Us!",,Click to Be Heard,,,image,news,22288,302,21,319.99
enriched_ad_5060,campaign_027,America's Carpet Bar FREE Window Treatment Installation,CLICK installation going on now! Shades Blinds Drapery Shutters. Motorization Where P,,,,image,ecommerce,78597,835,45,998.0
enriched_ad_5061,campaign_014,A MODERNIZED ELECTRIC GRID MEANS FEWER OUTAGES,"MEANS FORCE FOR YOU
FORCE OF CHANGE",LEARN MORE,,,image,ecommerce,56021,1091,54,766.97
enriched_ad_5062,campaign_019,WE'RE BACK,"You served your country, now let us serve you. Free and discounted services here for veterans.",,,,image,ecommerce,53646,891,54,858.96
enriched_ad_5063,campaign_042,Accelerating Neurological Advancements,From development to delivery. Setting the pace for improved patient care.,LEARN MORE,,,image,healthcare,52127,654,46,1341.39
enriched_ad_5064,campaign_012,"Accelerating orthopedic advancements, from development to delivery.",Setting the pace for improved patient care. LEARN MORE HOUSTON Methodist ORTHOPEDICS & SPORTS MEDICINE,LEARN MORE,,,image,healthcare,24412,427,16,398.77
enriched_ad_5065,campaign_002,Toy,,,,,image,education,81045,1483,184,743.46
enriched_ad_5066,campaign_028,ICE CUBE,May 28 TO TOO HORT TICKETS> WTHESPECIAL GUEST ROLLING HILLS - CASINO RESORT -,,,,image,entertainment,94791,2541,455,830.03
enriched_ad_5067,campaign_041,ADA Accepted Oral Care Products,The American Dental Association (ADA) has accepted certain brands as meeting their high standards. Tell your patients that these ADA-approved oral care products are trustworthy and reliable.,Shop Now for Trusted Brands!,facebook,,image,ecommerce,91411,1761,102,999.73
enriched_ad_5068,campaign_032,Rage City Roller Derby,"SILENT AUCTION & Gala at RageCityrollerderby.org on Sat, May 20 from 6-10 PM @ The Nave. Photo by Cori Siebert.",,,,image,entertainment,67456,1615,233,446.03
enriched_ad_5069,campaign_009,Bold Ideas Need Bold Careers,Join us Capital One EOEducing disability/vets,,,,image,education,50778,755,58,454.15
enriched_ad_5070,campaign_019,2022 Product Range | Check out what's new!,"MACHINERY DESIGNED FOR YOU
Mowers Mower Conditioners • Mergers
Wrappers
Rakes. Tedders • Balers.",,,,image,ecommerce,25334,315,26,367.65
enriched_ad_5071,campaign_043,Shop AFA - New Arrivals,Discover the latest B-21 and UAM Fore models. Experience unparalleled quality with our new arrivals.,Shop Now!,,,image,ecommerce,72575,949,71,785.01
enriched_ad_5072,campaign_010,Find Better Campgrounds,Get exclusive access to better reviews.,,,,image,travel,91001,1387,79,1476.27
enriched_ad_5073,campaign_021,Memorial Day Weekend at The Rock,"May 26-29, Park City. Get your tickets!",,,,image,entertainment,24862,424,78,150.33
enriched_ad_5074,campaign_031,ALL KPOP STRAIGHT OUTTA SEOU THE HOTTEST MERCH,,CLICK HERE,,,image,entertainment,69897,1861,238,510.56
enriched_ad_5075,campaign_003,DOYDS HARDWOOD GUNSTOCKS,BETTER PERFORMANCE. BETTER ACCURACY WITH 14 HARDWOOD GUNSTOCKS TM BOYDSGUNSTOCKS.COM Since 1981.,,,,image,ecommerce,85655,1395,67,1282.87
enriched_ad_5076,campaign_017,Bath & Body Works Ather Body Award,"SanBandil Bath and Body Works has been honored with the Ocean Ather Body Award. This prestigious recognition celebrates their commitment to excellence in skincare products, ensuring that every item meets high standards of quality.",,,,image,ecommerce,76933,1281,68,1172.36
enriched_ad_5077,campaign_008,The coupon-finding browser extension,"O Savings may vary. Sample results shown.
You saved $50.37 automatically!
Capital One Shopping DE
Apply Free Coupons As You Shop Get Exclusive Deals",,,,image,ecommerce,73310,1314,73,1016.15
enriched_ad_5078,campaign_008,AMERICAN BANKER DIGITALLY TRANSFORMED,"June 12-14, 2023 | The Boca Raton, FL
Regulation, inflation, competition:
insights for a pivotal year in banking
REGISTER NOW",REGISTER NOW,,,image,finance,83623,895,32,1713.42
enriched_ad_5079,campaign_017,BEST CITY OF BETHPAGE,Bethpage Federal Credit Union is the BEST City of Bethpage. Discover more at bestofnewyorkcity.com.,CLICK HERE TO VOTE,,,image,ecommerce,68021,935,94,719.18
enriched_ad_5080,campaign_039,The Shirt Can Breathe,,,,,image,,71629,962,76,1205.81
enriched_ad_5081,campaign_036,Мимилли,"приготу The Show June 9-11, 2023 The Hilton Orange County Costa Mesa, CA",,,,image,,87369,926,47,1126.14
enriched_ad_5082,campaign_049,Peter Sommer Travels,Award-winning expert-led archaeological and cultural tours for small groups. Tour operator of the year from 2015 to 2022.,,,,image,travel,85074,1256,94,1455.25
enriched_ad_5083,campaign_037,Before COOK BROS. DESIGN/BUILD REMODELING,Since 1987 Arlington's #1 design-build remodeling contractor (703) 536-0900 | info@cookbros.org After,,,,image,ecommerce,96618,1866,100,1018.49
enriched_ad_5084,campaign_047,30 Days to a Better Man,,Buy Now,,,image,entertainment,54953,1134,130,276.55
enriched_ad_5085,campaign_029,Download a FREE 5-Step Marketing Guide,,Get Started,,,image,education,33672,789,80,368.35
enriched_ad_5086,campaign_028,St. Jude Dream Home,St. Jude Children's Research Hospital Giveaway,ENTER HERE,,,image,ecommerce,63713,991,53,767.62
enriched_ad_5087,campaign_019,Tennis Point,,Shop Now,,,image,entertainment,41368,662,117,359.17
enriched_ad_5088,campaign_003,Home of the Kelpie,Where AllStralia Ends. Save over $26 when you subscribe to Australian Geographic.,,,,image,ecommerce,95772,1856,109,1291.72
enriched_ad_5089,campaign_008,"The very best of Australia's nature, culture, people and places",Geographic. Australian. Whirds Cont Cat Teeming With Li Autok Stinson Walk Ay Home Of The KELPIE Where AUSTRALIA'S FAVOURITE FARM DOG BEGAN Save Over $26 when you subscribe to Australian Geographic.,Save,,,image,ecommerce,86564,1494,140,882.79
enriched_ad_5090,campaign_024,Get an Auto Loan,"Information to help you. Ways to improve your FICO score, Tips on dealing with dealers if you've been denied for car loans.",,,,image,automotive,49801,835,20,891.04
enriched_ad_5091,campaign_009,Which Car Wins?,"Explore the best cars in various categories like sports, SUVs, sedans and more. Find out which car suits your needs.",,,,image,ecommerce,41605,449,34,416.09
enriched_ad_5092,campaign_030,Untracked Coors Light Concert Series,,,,,image,entertainment,41392,702,89,237.03
enriched_ad_5093,campaign_038,Discover VAL Saddle Hills County,,,,,image,real_estate,57201,812,20,1391.54
enriched_ad_5094,campaign_022,DoSec JustFashionNow,Free Shipping on all orders with DoSec JustFashionNow. Get stylish and trendy fashion at unbeatable prices.,Shop Now,,,image,ecommerce,58912,762,60,659.49
enriched_ad_5095,campaign_017,EVIDENT OLYMPUS SZX-AR1,Augmented Reality Microscope Simplifies Complex Manufacturing Tasks. Experience the future of precision engineering with our cutting-edge technology.,Discover More,facebook,,image,ecommerce,57819,1197,110,783.89
enriched_ad_5096,campaign_032,IDEAL POULTRY,Breeding Farms EST 1937 Supplying the Finest Backyard Poultry Since 1937.,SHOP NOW,,,image,ecommerce,73590,1062,64,706.56
enriched_ad_5097,campaign_033,The Ultimate Travel Trailer,,Learn More,,,image,travel,95332,1170,85,1753.89
enriched_ad_5098,campaign_042,State Safeguarding Unclaimed Property,"The CA State Controller may be safeguarding your unclaimed property! Bank accounts, uncashed paychecks, safe deposit box contents, and insurance benefits are just some types of unclaimed property. SEARCH NOW.",SEARCH NOW,,,image,ecommerce,70253,809,57,1090.24
enriched_ad_5099,campaign_032,CALIFORNIA CORRECTIONAL,HEALTH CARE SERVICES HIRING EVENT MAY 24 9AM - 6PM MAY 25 8AM - 5PM LEARN MORE EDE,,,,image,healthcare,35009,656,49,811.32
enriched_ad_5100,campaign_033,MC2® Pistols OPTIC-READY. CARRY-READY.,,LEARN MORE,,,image,ecommerce,61428,821,59,799.93
enriched_ad_5101,campaign_021,Top of the Food Chain,"RISE, now the #1 selling aftermarket AR trigger! ARISE TRIGGERS",,,,image,food,57895,917,89,645.08
enriched_ad_5102,campaign_013,ALL BRANDS ALL MODELS ALL BUDGETS Dec 550 M MONOGRAM VISIT OUR SHOWROOM IN OWINGS MILLS!,,SHOP ONLINE,,,image,ecommerce,52765,685,40,901.94
enriched_ad_5103,campaign_045,MedStar Health - Trusted for Over 18 Years,"MedStar Health has been trusted by The Baltimore Ravens, one of America's most storied sports franchises.",,,,image,healthcare,58199,1122,73,1267.83
enriched_ad_5104,campaign_028,Royal Bangkok Symphony Orchestra R,"RBSO European Tour Vienna Munich Paris May 18, 2023 - May 22, 2023",,,,image,entertainment,41350,911,174,345.45
enriched_ad_5105,campaign_038,"(42) II, Royaura CO-Line C",10% OFF 1st Order,,,,image,ecommerce,72538,1501,105,1025.84
enriched_ad_5106,campaign_010,DREAM JOBS IN BASEBALL START HERE!,SPORTSMANAGEMENT WORLDWIDE,Click Here to Start Today!,,,image,entertainment,37244,606,97,195.46
enriched_ad_5107,campaign_040,Get Face To Face With Nature,Watch free on YouTube.com/BBC Earth,,facebook,,video,entertainment,31367,946,165,240.05
enriched_ad_5108,campaign_028,HAVANA DX - ONLY $7 YOUR FIRST MONTH,Experience the thrill of CONMEBOL LIBERTADORES in sports with HAVANA DX. Watch live action on Sling.,,,,video,entertainment,51135,1526,177,395.11
enriched_ad_5109,campaign_025,Only $7 YOUR FIRST MONTH LIGUE 1,,,,,video,ecommerce,31594,838,40,486.36
enriched_ad_5110,campaign_011,SUPPORT A LOCAL CHURCH,GIVE THANKS FOR MOM Ovens #00710 I'M HONORING BY SUPPORTING UMC A LEARN MORE UMCLearn More,,,,image,ecommerce,69683,1462,136,764.83
enriched_ad_5111,campaign_030,Grow Your Savings with CD Specials,"4.30% 4.25% First Fed Member FDIC | Equal Housing Lender *APY is Annual Percentage Yield for 13 months, for 25 months",,,,image,finance,55864,776,37,1627.8
enriched_ad_5112,campaign_046,Aspire to Lower Our Carbon Emissions,We aspire to lower our carbon emissions to net zero by 2045 and help others do the same. See how PUGET PSE SOUND ENERGY can assist you in achieving this goal.,,,,image,"environmental, sustainability",39548,666,33,512.59
enriched_ad_5113,campaign_008,Aspire to Lower Our Carbon Emissions,We aspire to lower our carbon emissions to net zero by 2045 and help others do the same. See how PUGET PSE SOUND ENERGY can assist you.,,,,image,ecommerce,35081,716,65,605.08
enriched_ad_5114,campaign_050,Test Your Wit and 3D Print Tanuki,,Subscribe Now,,,image,entertainment,89746,2001,357,714.3
enriched_ad_5115,campaign_034,BENZINGA TITANS SPORTS BETTING SUMMIT & AWARDS,MAY 24 | 11 AM ET INVEST IN THE GAME REGISTER NOW Join us virtually - and for free!,REGISTER NOW,,,image,entertainment,53394,784,93,445.09
enriched_ad_5116,campaign_048,PAHL.com LECTRIC VEHICLE SHOW X YYA SAATNYA BERALIH MENGGUNAKAN KENDARAAN LISTRIK!,,,,,image,ecommerce,91728,1692,106,1129.76
enriched_ad_5117,campaign_004,Welcome to the Berkshires! Sponsored by Neni,Moving to the Berkshires? Check out these local businesses!,Learn More,,,image,ecommerce,60573,662,48,1081.92
enriched_ad_5118,campaign_025,Excellence in Health Care,"Community Health Programs promote healthy lifestyles, wellness programs that benefit you and your family.",,,,image,healthcare,28124,462,22,642.9
enriched_ad_5119,campaign_032,Grey Day 2023,New Balance,,,,image,,86521,1144,78,976.48
enriched_ad_5120,campaign_023,Find Out Where to Watch Movies and Shows!,"START
3 Easy Steps:
1: Click ""Start""
2. Add MoviesToStream Extension
3: Find Out Where to Watch Movies and Shows!
movies STREAM",,,,video,entertainment,96649,3038,336,490.02
enriched_ad_5121,campaign_001,PROMACH CAN WITH CONFIDENCE,"Carbonated or non-carbonated, hot or cold, ProFill V volumetric filler cans your beverage with unmatched consistency and accuracy. ProFil 200v APOL PERFORMANCE, PACKAGED TECHNOBLEND Helping Make Beverages to Serve the World.",,,,image,ecommerce,54275,594,58,709.04
enriched_ad_5122,campaign_017,ProF 200v - Performance Packed Beverage Can,"Carbonated or non-carbonated, hot or cold. The ProFill V volumetric filler cans your beverage with unmatched consistency and accuracy.",,,,image,ecommerce,88740,1020,69,900.77
enriched_ad_5123,campaign_009,Novozymes Biosolutions - Fit for Life,"Discover the perfect fit with Novozymes' innovative solutions tailored to meet your needs in food and beyond. Our cutting-edge technologies ensure quality, efficiency, and sustainability.",Learn More,,,image,ecommerce,73072,1449,81,1313.62
enriched_ad_5124,campaign_013,Sotheby's YES Collection Dubai,The Sotheby's YES Collection is coming to Dubai from May 10th until July 7th. Discover exclusive pieces and masterpieces.,Learn More,,,image,ecommerce,97565,1753,138,1735.77
enriched_ad_5125,campaign_030,HAMMERHEAD See the road ahead,,SHOP KAROO 2,,,image,ecommerce,78564,1172,102,1303.2
enriched_ad_5126,campaign_008,SAVE UP TO 50% OFF ON ALL CLOTHING,,,,,image,ecommerce,74299,1180,104,1199.76
enriched_ad_5127,campaign_039,Vanguard VEO Birding Optics,"provide clarity, ease of use, and unmatched value.",Learn More!,,,image,ecommerce,37920,655,60,674.53
enriched_ad_5128,campaign_010,FREE QUIZ GAMES,,START TEST,,,image,entertainment,28588,569,71,156.51
enriched_ad_5129,campaign_044,KEGs,KEG Consultants Who Care About Your Experience Get A Quote,,,,image,ecommerce,83060,955,52,1230.63
enriched_ad_5130,campaign_012,Prevu Get Cash Back,"When you buy a home, Prevu offers cash back.",,,,image,real_estate,45558,493,10,1132.86
enriched_ad_5131,campaign_049,Office Depot,Office Max Achieve more with the right tools. Solutions for you to stay connected & collaborative.,Learn More,,,image,ecommerce,67467,774,52,791.95
enriched_ad_5132,campaign_027,Visit Butler County,Discover the beauty of Butler County in Pennsylvania with our Visitor's guide. Get all you need to know about this charming region.,Request your copy today!,,,image,travel,34751,455,31,653.78
enriched_ad_5133,campaign_030,Cherish Your Photos Forever,"Mugs, puzzles, coasters and more. Order reprints of your favorite photos and more from Butler Eagle.",,,,image,ecommerce,49949,589,40,627.46
enriched_ad_5134,campaign_044,HIRING Visiting Nurses / RNs / LPNs,"SeniorLife VNA Western, Pennsylvania - Lutheran SeniorLife is seeking experienced Registered Nurse (RN), Licensed Practical Nurse (LPN) and Certified Nursing Assistant (CNA). Candidates must have a minimum of one year’s experience in nursing. The ideal candidate will be able to demonstrate excellent",,,,image,healthcare,72678,744,55,1278.12
enriched_ad_5135,campaign_024,CROWDSTRIKE THE MUST-READ CYBERSECURITY REPORT OF THE YEAR,Learn the Latest Trends FALCON OVERWATCH CASE STUDY HIGH-EFFORT LIMITED RETURN MUSHAN CYS OPERATIONS SUPPORTWA WAR NUR,,,,video,ecommerce,55225,1486,98,700.71
enriched_ad_5136,campaign_004,Upgrade the SPEAKERS in your Camaro,,Shop Now,,,image,automotive,82854,1490,35,1701.5
enriched_ad_5137,campaign_017,Safe And Sound Schools,"Address critical safety issues K-12 students face with Lightspeed Systems™ - Safety, security, and equity at the speed of light.",Download the Full Report,,,image,education,95303,1378,207,763.91
enriched_ad_5138,campaign_033,KENWOOD ESSENTIAL COMMUNICATIONS,,Learn More ►,,,image,ecommerce,54079,756,63,526.97
enriched_ad_5139,campaign_009,2023 Campus,Safety BEST AWARDS. SUBMISSION DEADLINE: JUNE 2 APPLY NOW!,,,,image,education,99604,1903,191,644.25
enriched_ad_5140,campaign_001,WE CAN ALL EXPERIENCE A DREAM RIDE,,,,,image,,52555,903,69,830.26
enriched_ad_5141,campaign_008,elevar,therapeutics All rights reserved. US-RIVO-23-0018 05/2003 See the #ElevarBigPicture at #ASCO2023 in person or online LEARN MORE >,,,,image,healthcare,33535,361,23,830.59
enriched_ad_5142,campaign_005,Exquisite Hand Made Rugs On Sale,,,,,image,ecommerce,92156,1615,165,1509.46
enriched_ad_5143,campaign_018,SAVINGS! CUSTOM DESIGN BY MILL END,"Shops | 40%FF GRABER WINDOW TREATMENTS BUY ONE, GET ONE 50%OFF HunterDouglas SHADES!",,,,image,ecommerce,73782,1514,125,869.33
enriched_ad_5144,campaign_034,Get Up to $2000 Bonus on Your First Deposit,,,,,image,ecommerce,46307,492,28,739.11
enriched_ad_5145,campaign_032,Get Up to $2000 Bonus on Your First Deposit,,Sign up now and claim your bonus!,,,image,finance,67485,883,45,1814.14
enriched_ad_5146,campaign_044,CROWDSTRIKE,"Extend your security team with experts, 24/7. Get the MDR Buyer's Guide > MANAGED DETECTION AND RESPONSE (MOR) BUYER'S GUIDE BORDA www",,,,image,ecommerce,43772,836,61,688.82
enriched_ad_5147,campaign_006,LILICL TH-BE CAREFUL WHO YOU HATE. IT COULD BE SOMEDINE YOU LOVE.,,,,,image,,41383,853,86,702.02
enriched_ad_5148,campaign_031,Best-ever Benefits! +90 Max Umping & New Character Creation!,,Play Now,,,video,entertainment,54279,1875,246,435.06
enriched_ad_5149,campaign_045,THE ALL-ELECTRIC NISSAN ARIYA TEST DRIVE,"Experience the future of driving with Nissan's all-new, all-electric Ariya. Test drive this revolutionary vehicle at our location in Ellicott City, MD.",Test Drive Now!,,,image,ecommerce,97338,1326,95,1279.85
enriched_ad_5150,campaign_024,Stream the Best Cartoons Ever!,Book ERANG and start your free trial.,Start Your Free Trial,,,video,entertainment,87312,2234,433,538.49
enriched_ad_5151,campaign_050,It's the Newspaper,I Read Faithfully POLITICS FEATURES BUSINESS EDUCATION all from a Catholic Perspective GET 6 ISSUES FREE REGISTER NATIONAL CATHOLIC REGISTE,,,,image,"education, politics, business, religion",59002,701,39,989.83
enriched_ad_5152,campaign_007,SHEPHERD KING,The Life of David by Pat Robertson GET YOUR AUDIOBOOK,,,,image,entertainment,91463,1316,188,817.9
enriched_ad_5153,campaign_030,Ready for Some Fun in the Sun?,,Buy Tickets,,,image,entertainment,85300,2381,382,549.44
enriched_ad_5154,campaign_032,Alabama Splash,Adventure & Amusement Park Adventure Water Park Buy Tickets Ready for some fun in the sun?,,,,image,entertainment,83037,1914,275,733.46
enriched_ad_5155,campaign_030,BUY YOUR DREAM HOME WITH DAISY CARRILLO,"If you're ready to buy your dream home, CALL DAISY Carrillo. Powered by EXP Realty.",CALL DAISY Carrillo,,,image,real_estate,90800,802,20,2610.73
enriched_ad_5156,campaign_020,"Steve Brannan Attorney, PC",,Call Me.,,,image,legal services,80178,1207,90,1139.81
enriched_ad_5157,campaign_046,NCIS SEASON FINALE,,,,,image,entertainment,74108,1454,202,626.57
enriched_ad_5158,campaign_033,Christian Music News Delivered Weekly!,Get CCM Christian music news delivered to your inbox weekly! Sign up for free and never miss an update.,Sign Up Now,,,image,entertainment,73884,1843,248,646.91
enriched_ad_5159,campaign_026,WIN A TRIP TO Nashville!,,Sign Up At CCM Magazine.com,,,image,entertainment,30597,773,110,183.98
enriched_ad_5160,campaign_026,Operation Gratitude,,,,,image,entertainment,65314,1713,198,501.53
enriched_ad_5161,campaign_017,DEXERTO INFLUENCER & GAMING NEWS,,Click to Follow,,,image,entertainment,76587,1250,238,509.38
enriched_ad_5162,campaign_010,Discover The Forest,Make the forest part of your story. DISCOVERtheFOREST.org DOD ad AS,,,,image,entertainment,42005,972,167,364.05
enriched_ad_5163,campaign_013,Our Biggest Hot Tub Sale in 35 Years!,Hot tubs & swimspas OKYVIEW Save up to 30% off MSRP,Click here for more info,,,image,ecommerce,21717,407,33,251.01
enriched_ad_5164,campaign_006,"Past, Present, Proud",Discover the rich history and current achievements of Ladila MUS Telse Football Club.,,,,image,entertainment,81113,1677,155,401.02
enriched_ad_5165,campaign_040,The Bring Your Boots Tour Experience,,,,,image,,31035,542,41,330.11
enriched_ad_5166,campaign_001,"Maintenance, On Us",You're Welcome. The 2023 Hyundai Tucson is ready for you to start exploring its features and capabilities.,,,,image,automotive,61944,959,20,1193.1
enriched_ad_5167,campaign_028,Official Casino Partner of the Chicago Bears,,,,,image,entertainment,50381,740,102,314.78
enriched_ad_5168,campaign_042,Official Casino Partner of the Chicago Bears,,,,,image,entertainment,51852,1400,222,268.86
enriched_ad_5169,campaign_017,"CABARET",ᏃᎪᏃᏫᏓ,Learn More,facebook,,image,ecommerce,47005,561,37,703.09
enriched_ad_5170,campaign_049,Must-Attend Events,VIP LIST and special promotions in Chicago,,,,image,entertainment,69366,1283,199,343.01
enriched_ad_5171,campaign_011,Get the Latest From Chicagomag,Sign up for our newsletters to receive updates directly in your inbox.,Subscribe,,,image,ecommerce,87687,1584,133,1446.09
enriched_ad_5172,campaign_016,VIP LIST Must-Attend Events & Special Promotions,Join the party now in Chicago!,JOIN THE PARTY NOW!,,,image,entertainment,41948,946,184,235.46
enriched_ad_5173,campaign_030,Latest News From Chicago Magazine,Sign up for newsletters at Chicagomag.com and get the latest from Chicago.,Subscribe to Our Newsletter Today!,facebook,,image,ecommerce,55442,1053,91,833.24
enriched_ad_5174,campaign_027,VIP LIST Must-Attend Events and Special Promotions Join The Party Now!,,Join The Party Now,,,image,entertainment,76091,1487,139,663.99
enriched_ad_5175,campaign_050,BIG HORN CREW CAB RAMO,"4X4 5'7"" BOX
RECEIVE
$6,000
CASH ALLOWANCE
CLICK HERE FOR MORE INFO
Memorial Day
SALES EVENT
CHRYSLER DODGE Jeep R&D Ounce Ram Red Bluff Dodge 545 Adobe Road | 530.366.3166",,,,image,automotive,89654,1360,35,2013.06
enriched_ad_5176,campaign_002,Official Storage Provider,"Rent A Unit Today! Discover convenient storage solutions with our trusted provider, Storage Mart.",Rent Now!,,,image,ecommerce,92644,1180,66,1559.93
enriched_ad_5177,campaign_039,Super Bowl Las Vegas,2024 All The Access. All The Experiences.,Place Deposit,,,image,entertainment,77590,1786,198,425.48
enriched_ad_5178,campaign_049,Top 10 Test Automation Tools Compared,GSPANN Se Selenium Vs cypress Which Test Automation Tool Works Best For You? Discover the best test automation tools with our top 10 comparison. Learn More,,,,image,ecommerce,24077,483,41,426.96
enriched_ad_5179,campaign_003,Master of Divinity Online and Hybrid,"RA - Learn More! Lancaster Bible College, Capital Seminary & Graduate School offers Master of Divinity programs with online and hybrid delivery options.",Learn More!,,,image,education,70545,1306,128,476.86
enriched_ad_5180,campaign_024,STUDENT LIFE,"APPLICATION STUDY BIBLE
27,000+ IN-PRINT & IN-APP STUDY NOTES!
SLASB.COM",,,,image,education,99398,1664,121,992.93
enriched_ad_5181,campaign_027,GO MAKE DISCIPLES,"WE ARE TO BE ABOUT FULFILLING THE GREAT COMMISSION FOR IT IS THE HEARTBEAT OF OUR LORD. DANNY AKIN, PRESIDENT S Baptist Theological Seminary.",,,,image,education,54639,1353,165,431.5
enriched_ad_5182,campaign_047,"IRISH STAR","NEWS SPORT CULTURE ENTERTAINMENT VISIT NOW >>>",Learn More,facebook,,image,ecommerce,81365,1374,121,929.18
enriched_ad_5183,campaign_029,HARGIN SPE Pant EZWORTE3TREZ CANADEZING SUAM TELEV FURTROUGAT,,,,,image,entertainment,29328,710,107,202.5
enriched_ad_5184,campaign_006,MARS 4K,A 4K Wireless Video Transmission System MARS-K HOLLYLAND Ⓒ AK,,,,video,ecommerce,72753,1782,165,792.73
enriched_ad_5185,campaign_047,Discover Flexo's New Technologies,Experience the profound impact of our latest innovations with flexcolor. Elevate your projects and transform them into something extraordinary.,Shop Now on FOMEX,facebook,,image,ecommerce,55003,593,50,552.31
enriched_ad_5186,campaign_025,Home Ownership,No longer just a dream. A fair and equitable gaming compact will continue to provide homes in WNY.,Learn More,,,image,real_estate,52283,761,16,1203.86
enriched_ad_5187,campaign_031,HERE FOR ANYONE. SAFER FOR EVERYONE.,PARKER Parker Jewish Institute TUTO HEALTH CARE AND REHABILITATION,LEARN MORE,,,image,"healthcare, education",88457,1269,86,1007.05
enriched_ad_5188,campaign_027,#STANDWITHSENECA,"The Seneca Nation spends over $502 million annually with more than 6,500 businesses.",Learn More,,,image,ecommerce,32877,643,39,541.09
enriched_ad_5189,campaign_041,"ALL NEW MEMBERS GET $20-$1,000 FREE PLAY! TURFWAY =Park= RACING & GAMING",,LEARN MORE WARRALDER.Gambling problem? Call 1-800-MELER NEWPORT RACING & GAMING,,,video,"entertainment, gambling",54475,1112,65,757.46
enriched_ad_5190,campaign_002,YOU CAN BET ON CLAY SISLAND,CLAY SISLAND SIGN UP SLAVE Stay up to date with the Guardians. Get the latest team news delivered to your inbox.,,,,image,entertainment,64346,1455,141,465.17
enriched_ad_5191,campaign_039,LAME,"ENTER TO WIN $1,000 IN CASH FROM Allied One Property Maintenance. Contest ends 5/31 >>> ENTER TODAY <<< ALLIED ONE PROPERTY MAINTENANCE AVAILABLE 24/7",,,,image,real_estate,62558,727,18,1045.87
enriched_ad_5192,campaign_020,LIVE TRIUMPH,Tune in to WDIV-TV 4 this Sunday at 11:30am. TRIUMPH,CLICK HERE,,,image,entertainment,50448,1325,245,244.09
enriched_ad_5193,campaign_029,The Little Mermaid in Cinemas May 24,,Book Tickers Now €2023 Diney,,,image,entertainment,81805,2260,428,557.56
enriched_ad_5194,campaign_025,The Little Mermaid in Cinemas May 24,,Book Tickets Now,,,image,entertainment,52801,977,107,366.66
enriched_ad_5195,campaign_037,AIM - REATION Beves Of Maintenance,Aviation Mechanic Training Course for aspiring aviation professionals.,,,,image,education,27746,415,37,230.32
enriched_ad_5196,campaign_025,DALI'S DRAWINGS,Where Ideas Come From Now at The Dalí,,,,image,entertainment,79487,1342,214,624.28
enriched_ad_5197,campaign_021,Angi - Your Home for Everything Home,"Find Pros Now, 27-0",,,,image,ecommerce,37030,678,44,359.64
enriched_ad_5198,campaign_050,Write Code or Write Content,"Are you ready to dive into the world of content marketing? Whether you're an experienced coder looking for new challenges, or someone who loves writing and wants to explore how it can be leveraged in digital spaces. At ContentLab, we specialize in helping businesses create engaging online experience",Learn More,facebook,,image,ecommerce,70945,986,62,742.86
enriched_ad_5199,campaign_006,GO DIGITAL AND SAVE!,One year (12 monthly DIGITAL EDITION issues) of Coin World for only $19.99! SUBSCRIBE NOW,SUBSCRIBE NOW,,,image,entertainment,28403,557,93,149.38
enriched_ad_5200,campaign_038,"INFL","THE COLTS SCHEDULE IS HERE. SCHEDULE SCORE TICKETS AT TICKETMASTER. t Buy Tickets t/ Buy or sell tickets at the Official Marketplace of the NFL. 23",Learn More,facebook,,image,ecommerce,20132,379,35,194.62
enriched_ad_5201,campaign_049,Euge,TONS OF TRUCKS May 24 | 4-7 p.m. at Columbia Mall Parking Lot This event is Columbia coordinated by:,,,,image,entertainment,29902,669,83,199.81
enriched_ad_5202,campaign_024,Digital Tools So Impressive,You Just Can't Stop Banking.,Learn More,,,image,finance,94018,703,29,2798.02
enriched_ad_5203,campaign_048,5G Plus,One family. One home. Then why multiple mobile recharges? Get 2 SIMs at $599 Airtel Family Plan.,,,,image,ecommerce,65588,1009,86,721.4
enriched_ad_5204,campaign_013,Airtel Family Plan,"Family of 2? Get 2 SIMs at 599 with Airtel Family Plan. TC Apply Female, student new to beauty or fitness conditions.",,,,image,ecommerce,90074,1482,74,1441.05
enriched_ad_5205,campaign_010,5GPlus,"Family of 2? Airtel Family Plan is for you. Get 2 SIMs at €599 THC Apply For orcare alatalla, which mulirta Lin/remikallio, /'on armar un",,,,image,ecommerce,24997,374,24,255.33
enriched_ad_5206,campaign_040,5G Plus,One family. One home. Then why multiple mobile recharges? Get 2 SIMs at $599 Airtel Family Plan.,,,,image,ecommerce,85459,1608,131,1273.3
enriched_ad_5207,campaign_013,Ultimate LoT Implementation Guide for Businesses,,DOWNLOAD,,,image,ecommerce,20756,299,16,247.76
enriched_ad_5208,campaign_039,IRWIN Spring Trade-In,Visit www.irwinzone.com to view all special offers. Contact us at 603-524-4922 for more details.,Shop Now,,,image,automotive,45533,424,10,846.18
enriched_ad_5209,campaign_031,Moving Specialists - Daniels,MOVING? We'll help you plan your next steps Expert packing & crating Learn More Danishes Moving Specialists When You move counts with us!,Learn More,,,image,ecommerce,28027,475,44,437.18
enriched_ad_5210,campaign_029,Learn to Code Your Own Minecraft Mods,Bring Them To Life With Our Beginner Friendly Code Editor CK,,,,image,ecommerce,84935,1280,123,1493.57
enriched_ad_5211,campaign_021,Centric Six Steps to Improve Document Management,,Learn More,,,image,ecommerce,87309,1715,105,1224.35
enriched_ad_5212,campaign_025,Join Corrosionpedia,"Become part of an exclusive community with over 13,000 industry experts. Sign up for our 'Best of Corrosionpedia' newsletter to stay updated.",Subscribe today!,,,image,education,78640,1072,160,763.1
enriched_ad_5213,campaign_041,Join Corrosionpedia,"Become part of an exclusive community with over 13,000 industry experts. Sign up for our 'Best of Corrosionpedia' newsletter to stay updated on the latest insights and trends in corrosion science.",Subscribe today!,,,image,education,95986,1453,114,733.71
enriched_ad_5214,campaign_015,LetzShop,,shop now,,,image,,42326,725,39,544.78
enriched_ad_5215,campaign_020,HOLY CITY HVAC & PLUMBING,We provide solutions for every season. EPA-CERTIFIED PROFESSIONALS PRIORITY SAME-DAY SERVICE LIFETIME WARRANTY ON REPAIRS CALL US TODAY 843-580-1238,CALL US TODAY 843-580-1238,,,image,home improvement/electrical/plumbing/air conditioning/hvac services,58538,968,96,764.01
enriched_ad_5216,campaign_008,Practice Advisor,The Technology Lab Podcast Featuring Randy Johnston and Brian Tankersley Listen Now,,,,image,entertainment,73287,1182,215,635.53
enriched_ad_5217,campaign_036,Grand Canyon Trust,Dedicated to protecting the Grand Canyon and the Colorado Plateau for future generations.,Learn More,,,image,"environmental conservation, tourism",20160,277,21,349.52
enriched_ad_5218,campaign_014,Helping Michigan businesses thrive for 100 years.,YEO & YEO,,,,image,ecommerce,41508,535,35,643.3
enriched_ad_5219,campaign_022,Business Success Partners,"We are business success partners. CPAs and Advisors in TECHNOLOGY, MEDICAL BILLING, AND WEALTH MANAGEMENT.",,,,image,ecommerce,63363,674,55,1060.61
enriched_ad_5220,campaign_039,Hunt Down Ransomware,Proactively secure your backups with Tigris.,,,,image,ecommerce,84774,1538,95,874.39
enriched_ad_5221,campaign_029,Full Plate - Your Go-To Destination,"All things culinary in your state! Cook, watch, listen and grow.",Sign Up for our Foodie Newsletter!,,,video,food,30499,1026,115,448.87
enriched_ad_5222,campaign_029,돈을 YNDI de New Episodes Now Streaming,,,,,video,entertainment,96450,2786,481,660.37
enriched_ad_5223,campaign_013,MEL TRENTA 3K CARBON Mips AIR,The most advanced road cycling helmet we have ever made. Upgraded.,,,,image,ecommerce,91694,1763,129,1477.09
enriched_ad_5224,campaign_033,ROEDE NED I VEKT & BLI DER,98%,,,,image,ecommerce,45478,716,64,658.55
enriched_ad_5225,campaign_004,Submit Your Public Notices,Column invites you to submit your public notices with ease. Just click the link below and get started.,Click Here Now!,facebook,,image,ecommerce,95326,1693,159,1025.29
enriched_ad_5226,campaign_004,Annual Golf Outing & Dinner,"Presented by First Bank Chicago
Friday, June 9, 2023
Heritage Oaks Golf Club
Register at northbrookchamber.org",,,,image,entertainment,55014,1250,122,426.13
enriched_ad_5227,campaign_010,POWER UP 3.50PY YOUR SAVINGS!,"POWER Savings Account $10,000 Minimum FRANKLIN MINT FEDERAL CREDIT UNION The Credit Union of",Learn More,,,image,finance,51904,552,15,1061.49
enriched_ad_5228,campaign_028,POWER UP YOUR SAVINGS!,"Discover the benefits with our POWER Savings Account offering an impressive APY! $10,000 minimum deposit required to open your account.",Learn More,,,image,ecommerce,75722,1408,127,772.62
enriched_ad_5229,campaign_011,POWER UP YOUR SAVINGS!,"Discover the benefits with an APY* of 3.50% on your savings! With our POWER Savings Account, you can start earning interest immediately and enjoy up to $10,000 in minimum balance requirements.",Learn More,,,image,finance,78861,685,16,2046.43
enriched_ad_5230,campaign_006,Did That Just Happen?!,New Episode Every Day Like On Facebook Watch ►,,,,video,entertainment,22969,703,125,113.77
enriched_ad_5231,campaign_027,The Bodacious Bazaar,June 2-4 Hampton Roads Convention Center Over 200 Vendors Artists Crafters THE Bodacious BAZAAR,,,,image,ecommerce,66359,1054,90,857.11
enriched_ad_5232,campaign_028,RHYTHM & BLUE,innovative unique reaching entertaining COWBO CO BOYS GET THAT GAME DAY ENERGY AT YOUR NEXT EVENT! BOOK DALLAS COWBOYS RHYTHM & BLUE TODAY,BOOK DALLAS COWBOYS RHYTHM & BLUE TODAY,,,image,entertainment,50954,862,125,318.15
enriched_ad_5233,campaign_026,* 8.8 Renowned Power Meets Revolutionary Intelligence Learn How,www.818.co www A Brand of Dingd Technology Server Technology.,,,,image,ecommerce,82627,1471,139,1048.57
enriched_ad_5234,campaign_003,Renowned Power Meets Revolutionary Intelligence,,,,,image,technology,23066,417,26,315.92
enriched_ad_5235,campaign_009,Quality Waterproofing Od,Veteran Owned. Free Estimates. Military discount available. Serving Dayton for over 17 years! BBB Accredited Business.,,,,image,ecommerce,78721,1591,110,1380.33
enriched_ad_5236,campaign_024,"Wine, Food & Music at Fleures Defete",Experience the perfect blend of wine and food with live music. Join us for an unforgettable evening on May 21st from 1:00PM to 4:00PM.,Shop Now,,,image,"entertainment, food & beverage",50262,988,69,758.28
enriched_ad_5237,campaign_018,Magen David - Magen,"Save money with ADOM DITX, the most efficient lifesaving service in support of Israel. Donate now to help.",Donate Now →,,,image,ecommerce,42024,772,61,664.79
enriched_ad_5238,campaign_036,TROSELINLIN,-2 FREE SHIPPING,,,,image,,83907,1621,146,1349.04
enriched_ad_5239,campaign_031,POWER UP 3.50%PY YOUR SAVINGS!,"POWER Savings Account $10,000 Minimum Learn More O FRANKLIN MINT FEDERAL CREDIT UNION The Credit Union of Choice! *Annual Percentage Yield (APY) accurate as of 3/13/23. Membership eligibility applies. Federally insured by NCUA.",Learn,,,image,finance,63790,743,26,1675.8
enriched_ad_5240,campaign_034,Sign Up to Receive Text Updates from the Denver Broncos!,Standard EMEA and Databaat may apply. Con Special offers and so much more! Standard EME and DATABATAA May Apply,,,,image,entertainment,40530,723,136,220.02
enriched_ad_5241,campaign_029,A big sale for your,"With savings up to 85% on courses, it's The right time for the right skills and you. Shop the sale",Shop the sale,,,image,education,74783,1456,180,831.51
enriched_ad_5242,campaign_026,Trace FastSearchFind,"Enter your phone number to see name, current location and photos. Example: (617) 555-1234 Trace fast search find.",,,,image,ecommerce,64900,760,40,903.42
enriched_ad_5243,campaign_002,Spring Show at ACADEMY of Art University,,RSVP Now!,,,image,education,86655,2028,245,652.41
enriched_ad_5244,campaign_048,DILE A LOS TUYOS,QUE AHORREN LAS REMESAS QUE RECIBEN Y PARTICIPEN PARA GANAR EL DOBLE DE SUS AHORROS EN BANCO VIMENCA. Banco Vimenca Western Union.,,,,image,finance,21447,284,13,513.72
enriched_ad_5245,campaign_017,SARGENTO - THE WHOLE MILK MOZZARELLA B & C REAL CHEESE BRINGS GREAT HAPPINESS GET RECIPE,,GET RECIPE,,,image,food,64693,1395,131,829.82
enriched_ad_5246,campaign_036,Driven Diesel Dodge Fan Clutch Accelerator Switch,FOR '03-'07 5.9L MANUAL TRANSMISSION & 075-20 AUTO OR MANUAL TRANMISSION GET YOURS TODAY! STRICTLYDIESEL.COM ENGAGE YOUR AT COOLING FANALE FLICK OF A SWITCH THE OLDOGO Strictly Diesel ID Driven Diesel,,,,image,automotive,32038,396,12,761.5
enriched_ad_5247,campaign_032,XR SERIES TURBOS,DROP-IN REPLACEMENT UPGRADE TURBOCHARGERS CUMMINS POWER STROKE DURAMAX INDUCTION ENGINE INDUSTRIAL INJECTION SYSTEMS FOR AUTOMOTIVE ENGINES,,,,image,automotive,42247,397,12,662.8
enriched_ad_5248,campaign_033,100% USA Made,RIFFRAFF DIESEL HPOP BILLET RESERVOIR COVER 99-03 7.3L PERFECTING YOUR POWERSTROKE TM,,,,image,automotive,21395,381,7,440.59
enriched_ad_5249,campaign_005,TOWING DOMINANCE,Roadian Atx NEXN NEXEN Tire we got you,,,,image,ecommerce,80589,1293,72,1278.2
enriched_ad_5250,campaign_004,LUMIX S5IIx,"ProRes RAW, All-Intra Internal, SSD Recording. SAVE $400 on S Series Lenses with the purchase of SSM2X or SSM2.",SHOP NOW > BUNDLE & SAVE,,,image,ecommerce,98483,1748,148,1680.94
enriched_ad_5251,campaign_044,Celebrate with Disney Cruise Line,"Discover magical adventures on board our luxurious cruise ships. Experience world-class entertainment, dining and activities.",Learn More,,,image,entertainment,53614,1013,111,271.12
enriched_ad_5252,campaign_025,The Galaxy of Vols Comports All-New Soundtrack Out Now,Available on 2-LP vinyl at Disney Music Emporium. Film now in theaters.,,,,image,entertainment,58658,938,135,418.42
enriched_ad_5253,campaign_043,High-Yield Energy MLP,Dividend.com - Why this energy Master Limited Partnership (MLP) is a must-have in your dividend portfolio. Discover high-yield opportunities that can significantly boost returns.,LEARN MORE ▸,,,image,ecommerce,21231,323,19,380.53
enriched_ad_5254,campaign_039,ZHIYUN MOLUS X100,MOLUS X100 - Rivals even Heavier Cinematic Lights/Impressive Feat NAB2022 Best of Show Camera Jabber,,,,image,entertainment,67583,1694,314,356.26
enriched_ad_5255,campaign_042,Simplified Production Sound,,Learn More,,,image,entertainment,41003,957,168,270.77
enriched_ad_5256,campaign_030,TUPEL PUBLIC SCHOOL DISTRICT,Discover the resources and opportunities available at tupeloschools.com.,,,,image,education,86815,1200,95,897.93
enriched_ad_5257,campaign_018,Why We Love The Suburbs,"Discover the charm and beauty of suburban life. Explore our collection at Costco, featuring exclusive deals on home essentials like Orotorotos.",Subscribe Now,,,image,ecommerce,70652,1073,56,1101.41
enriched_ad_5258,campaign_037,Our Stories Carry Weight,,Subscribe Now,,,image,entertainment,45685,1229,120,272.46
enriched_ad_5259,campaign_018,Tang SUV,"med Executive Pack, spar kr. 92.000, ED 28541, 34D Les mer, ED KAMPANJE-DAGER",,,,image,automotive,20978,322,9,299.88
enriched_ad_5260,campaign_048,"Fuel the Lip Licking Fun! - Veterinarian Recommended, Dog Approved",Dogsters ACUPS COUNCEN DOGSTERS,,,,image,ecommerce,61268,940,77,740.24
enriched_ad_5261,campaign_008,A Short Walk Goes A Long Way For Your Health,,,,,image,,91640,1474,84,1036.92
enriched_ad_5262,campaign_006,Save Up To 32% With Bigger Meal Deals & Better Camile,,,,,image,ecommerce,65343,1264,98,769.99
enriched_ad_5263,campaign_007,3D Printing,"Upload, quote and order ship.",,,,image,ecommerce,35841,714,35,501.49
enriched_ad_5264,campaign_021,Adapted Mind - Educational Resources for All Grades,"Discover our comprehensive educational resources tailored to meet the needs of students from Kindergarten through High School. Whether you're looking for tools and activities suitable for first grade, or advanced materials designed specifically for high school seniors, we've got you covered.",Explore Now!,,,image,education,40585,625,93,350.98
enriched_ad_5265,campaign_047,Celebrating 125 Years,"General
PALMER Hotel
YEARS
CELEBRATING 125 YEARS
Saturday May 20th - 11AM - 3PM
500 BLOCK of Main
CLICK HERE FOR MORE INFORMATION",,,,image,entertainment,50536,1019,129,372.02
enriched_ad_5266,campaign_043,Custom Homes Designed and Delivered Worldwide,5 NO A Lindal CEDAR HOMES,,,,image,real_estate,97595,1064,15,1592.15
enriched_ad_5267,campaign_040,INNOKIN ENDURA S1,"Built To Endure
10",,,,image,,59577,748,40,686.76
enriched_ad_5268,campaign_018,Advance your Career with Harvard Business School Certificate,Get certified by completing the course. Get started Today!,Enroll Now,,,image,education,92113,1675,128,736.56
enriched_ad_5269,campaign_038,CARPET TILE* VINYL HARDWOOD RESIDENTIAL & COMMERCIAL HEATICA,is Turning a house into a home - one room at a time HASTINGS Family owned Floor Covering since 1976 www.hastingsfloor.com,,,,image,ecommerce,56107,814,83,549.13
enriched_ad_5270,campaign_050,ACOUSTICS,,SHOP NOW,,,image,ecommerce,26505,303,27,344.29
enriched_ad_5271,campaign_001,WAGO PCB Terminal Blocks,"PCB terminal blocks for power electronics, DETI series.",Request a sample!,,,image,ecommerce,72896,1503,118,855.78
enriched_ad_5272,campaign_023,Earn a Certificate from Harvard Business School Online,"108 hours, 120 credits. Harvard Business School offers online courses that can significantly boost your career prospects.",Learn More,,,image,education,22621,407,41,151.89
enriched_ad_5273,campaign_015,"Full Time, Part-Time & Entry-Level Job Opportunities",,,,,image,employment,48811,742,54,650.51
enriched_ad_5274,campaign_010,POWERUP VIRTUAL EXPO A ROADMAP TO NEXT-GENERATION,"Power Electronics Design June 27-29, 2023 EE Times REGISTER",,,,image,ecommerce,86166,1100,108,889.87
enriched_ad_5275,campaign_039,VIRTUAL EXPO POWERUP WIDE-BANDGAP SEMICONDUCTORS,"The Golden Age of Power Electronics June 27-29, 2023 EE Times REGISTER",,,,image,ecommerce,74639,987,63,1249.47
enriched_ad_5276,campaign_037,The Introducing Bodies Presented by Issue,Exploring the ways we care for our bodies and all they can do EXPLORE NOW,,,,image,entertainment,29712,537,70,265.25
enriched_ad_5277,campaign_043,Join Our Free Webinar,"Why FPGA is the Best Platform for Deployment of Machine Learning on the Edge from Applications Smart Cities to Space June 6, 2023 (Tue) MICROCHIP WG",,,,video,education,93001,2746,237,657.09
enriched_ad_5278,campaign_043,VIRTUAL EXPO A ROADMAP TO NEXT-GENERATION POWER ELECTRONICS,"June 27-29, 2023 EE Times Power Electronics News REGISTER NOW",REGISTER NOW,,,image,ecommerce,39009,551,43,661.9
enriched_ad_5279,campaign_001,ELECTRONICS NEWS POWERUP A ROADMAP TO NEXT-GENERATION,"Power Electronics Design June 27-29, 2023 EETimes VIRTUAL EXPO REGISTER NOW",,,,image,ecommerce,20471,339,31,243.01
enriched_ad_5280,campaign_026,Save Up To $500 On Select Adjustable Mattress Sets,Sealy TEMPUR-PEDIC STEARNS FOSTER SAVE UP TO $800 ON SELECT ADJUSTABLE MATTRESS SETS RM EL PASO & LAS CRUCES THANK YOU FOR BUYING LOCAL FOR 25 YEARS,BUY NOW,,,image,ecommerce,82758,1675,139,1224.17
enriched_ad_5281,campaign_024,EMS1 Academy - One of the Easiest Custom Course-Building Tools,"- Steven Murphy
Training Division Manager
East Baton Rouge Parish (LA) EMS
We use it regularly with very good results. It has really stepped up our personnel in-house quality training.",LEARN MORE,,,image,education,26603,437,39,254.85
enriched_ad_5282,campaign_015,Same-Day Delivery,Experience the convenience of same-day delivery with Shopify. Try our free service today!,Start Your Trial Now,facebook,,image,ecommerce,39563,774,42,481.12
enriched_ad_5283,campaign_025,Doing Something New,"That's the adventure. Adventurer, Naomi Uemura Keep Going Forward XPROSPEX DE ...10 ...20 SEIKO SINCE 1881",,,,image,ecommerce,64176,1109,80,802.89
enriched_ad_5284,campaign_003,DataStax - AI-Ready Vector Database Proven at Scale,Ignore real-time Al and customers will do the same to you. Our vector database is AI-ready and proven at scale.,,,,image,ecommerce,43294,792,45,510.1
enriched_ad_5285,campaign_010,All-New Season,The latest episode of the podcast is now available. Don't miss out on all new stories and exciting content from season five.,LISTEN NOW,facebook,,image,entertainment,73699,1843,257,529.1
enriched_ad_5286,campaign_018,I Can Read! Club - Pete the Cat Goes Camping,Join The Book Club for Early Readers. Get your first five books at half price with code 'READ50'. Sign up today!,JOIN TODAY,,,image,ecommerce,21856,283,26,254.24
enriched_ad_5287,campaign_013,Discover Storytelling with Audible,Audible is the home of story storytelling. Listen to captivating stories like Daisy Jones & The Six Taylor Jenkins-Rhett.,Listen now,facebook,,image,entertainment,60063,902,93,305.16
enriched_ad_5288,campaign_049,Go Hands Free,"""Alexa, turn on the lights"" Alexa is here to help you with your daily tasks.",Shop Now,facebook,,image,ecommerce,37169,766,41,568.19
enriched_ad_5289,campaign_003,AIM Aviation Institute of Maintenance,"Aviation Maintenance Training - A comprehensive course designed to equip students with the skills and knowledge required for aviation maintenance. Our experienced instructors ensure that you receive top-notch training in all aspects of aircraft upkeep, including engine repair, avionics systems insta",Enroll Now,,,image,education,52512,1214,138,408.89
enriched_ad_5290,campaign_032,Future You With Up to Annual Percentage Yield,Pay it forward to 5.05% future you with up to Annual Percentage Yield START HERE First Tech federal credit union Insured by NCUA.,,,,image,finance,35214,481,20,1041.73
enriched_ad_5291,campaign_018,News For All America,NEWSNATION IS A PLACE THAT PEOPLE CAN TRUST. WE'RE BEING STRAIGHT WITH THEM.,,,,image,ecommerce,85923,1703,97,1121.86
enriched_ad_5292,campaign_001,AIM - Aviation Institute of Maintenance,Aviation Mechanic Training Course for aspiring professionals in the aviation industry.,,,,image,education,63771,1097,97,441.67
enriched_ad_5293,campaign_028,NEWS FOR ALL AMERICA,"66 TRUST IS SOMETHING YOU EARN OVER TIME, BUT IT'S SOMETHING YOU ALSO EARN EVERY NIGHT. - ELIZABETH VARGAS ⁹⁹ TO FIND NEWSNATION CLICK HERE THE TEC",,,,image,entertainment,72320,1614,294,504.71
enriched_ad_5294,campaign_008,NEWS FOR ALL AMERICA TRUST THAT’S WHAT IS NEEDED AND CRAVED,- CHRIS CUOMO - 99 TO FIND NEWSNATION CLICK HERE,,,,image,entertainment,27925,579,81,203.34
enriched_ad_5295,campaign_047,NEWS FOR ALL AMERICA TRUST THAT’S WHAT IS NEEDED AND CRAVED. THAT'S WHY NEWSNATION IS GETTING TRACTI,- CHRIS CUOMO TO FIND NEWSNATION CLICK HERE,,,,image,entertainment,21060,333,54,120.28
enriched_ad_5296,campaign_022,AIM - REATION Beves Of Maintenance,Offering comprehensive aviation maintenance services to ensure your aircraft is always in top condition. Our team of experts provides training and support for all aspects of airplane upkeep.,Learn More About Aviation Maintenance Services,,,image,ecommerce,66599,1053,106,1031.55
enriched_ad_5297,campaign_024,Catch Live College Baseball,Stream live games of your favorite college baseball teams. Download the app > Varsity Network - Powered by Learfield.,Download The App,,,video,entertainment,71002,1781,231,495.49
enriched_ad_5298,campaign_015,"(","HERO WARS 0 TRY NOW",Learn More,facebook,,image,ecommerce,56824,1189,120,647.13
enriched_ad_5299,campaign_025,Capitol One Shopping Promo Codes Available,Promotional offers for Capital One shoppers. Get free promotional codes automatically applied during the purchase process.,Shop Now,,,image,ecommerce,83004,1031,83,877.9
enriched_ad_5300,campaign_028,PROMO CODES AVAILABLE,I SEE CODES Capital Shopping The Coupon-Finding Browser Extension,,,,image,ecommerce,65686,861,73,817.37
enriched_ad_5301,campaign_005,HERO WARS YOU HAVE ONLY 2 MOVES IS ALIE TRY,,,,,image,entertainment,80129,1714,160,437.06
enriched_ad_5302,campaign_005,Michelob ULTRA ORDER NOW,,ORDER ULTRA NOW,,,image,ecommerce,43570,481,25,783.39
enriched_ad_5303,campaign_048,Catch Live College Baseball,Stream live games of your favorite college baseball teams. Download the app > Varsity Network powered by Learfield.,Download The App,,,video,entertainment,52586,972,149,354.21
enriched_ad_5304,campaign_038,Hefty Stay One Step Ahead,,,,,image,,69885,1224,109,782.89
enriched_ad_5305,campaign_023,Streamline Your Team's File Sharing and Collaboration,S ShareFile simplifies file sharing and collaboration for your team.,Buy Now,,,video,ecommerce,60899,1457,127,921.69
enriched_ad_5306,campaign_044,Capitol One Coupon Codes Found!,Discover Capital One's exclusive coupon offers with our browser extension. Enjoy instant savings on your favorite brands by applying these coupons directly through the web.,Shop Now,facebook,,image,ecommerce,46422,743,61,502.76
enriched_ad_5307,campaign_011,NEWS FOR ALL AMERICA,THIS IS A PLACE WHERE YOU ARE GOING TO TRUST WHAT YOU HEAR. - ASHLEIGH ⁹⁹ BANFIELD,,,,image,news and media,23608,451,46,323.03
enriched_ad_5308,campaign_008,How to Loot,Orggggg See 25 Try 100 Hero Wars 1Q:155,,,,image,,20938,412,38,358.44
enriched_ad_5309,campaign_004,ONLINE COMPONENTS.COM,,BUY ONLINE,,,image,ecommerce,79936,896,73,808.35
enriched_ad_5310,campaign_013,Ride or Die,,,,,image,,33540,504,25,468.25
enriched_ad_5311,campaign_017,Click! Hefty Confidence Close,,,,,image,ecommerce,87439,1223,92,1191.2
enriched_ad_5312,campaign_034,ACE HOTEL NEW ORLEANS WITH MORE OOMPH,,,,,image,ecommerce,56700,642,64,582.77
enriched_ad_5313,campaign_011,NEWS FOR ALL AMERICA,"[NEWSNATION] News for All America
66 To Be Part Of
NewsNation Is A Privilege, And The Trust of Our Viewers Is Hard to Earn.
99 - LELAND VITTERT
To Find NewsNation Click Here",,,,image,news and media,58281,1094,82,935.18
enriched_ad_5314,campaign_011,Astrology Answers,"CHOOSE YOUR SIGN TO SEE WHAT IS COMING NEXT
3 ARIES LIBRA TAURUS SCORPIO GEMINI CANCER SAGITTARIUS CAPRICORN LEO (2₂) AQUARIUS VIRGO PISCES",,,,image,entertainment,80254,1239,130,407.26
enriched_ad_5315,campaign_036,Catch Live College Baseball,Stream live games of your favorite college baseball teams. ✔ Download the app > Varsity Network powered by Learfield.,Download the App,facebook,,video,entertainment,83920,1533,260,620.79
enriched_ad_5316,campaign_037,FAST IN THEATERS NOW,,,,,image,entertainment,42085,1169,168,229.55
enriched_ad_5317,campaign_028,HERO WARS YOU HAVE ONLY TWO MOVES,,TRY,,,image,entertainment,21061,458,80,124.54
enriched_ad_5318,campaign_027,WEAR YOUR WONDERFUL,"***

**FREE RETURN**
**SHOW OFF**
**YOUR STYLE**
**SHOP NOW***",**SHOP NOW**,,,image,ecommerce,28634,335,25,301.65
enriched_ad_5319,campaign_015,Need a Coupon?,,Get Now,,,image,ecommerce,77619,1612,97,801.0
enriched_ad_5320,campaign_043,OneWheel Treat Yourself,Destroy boredom with OneWheel. Shop now and get ready to ride!,Shop Now,facebook,,image,ecommerce,33306,431,40,527.49
enriched_ad_5321,campaign_042,Click! Hefty Close With Confidence,,,,,image,,40391,726,42,492.09
enriched_ad_5322,campaign_004,NEWS FOR ALL AMERICA,THIS IS A PLACE WHERE YOU ARE GOING TO TRUST WHAT YOU HEAR. - ASHLEIGH BANFIELD ⁹⁹ TO FIND NEWSNATION CLICK HERE,,,,image,news and media,32850,406,31,549.55
enriched_ad_5323,campaign_003,NEWS FOR ALL AMERICA,"66
To be part of NewsNation is a privilege, and the trust of our viewers is hard to earn.
99 - Leland Vittert.",,,,image,entertainment,40267,564,91,203.12
enriched_ad_5324,campaign_005,"WHO'S TARGETING YOU?","CROWDSTRIKE Read the Latest Cybersecurity Trends",Learn More,facebook,,image,ecommerce,57103,694,71,554.69
enriched_ad_5325,campaign_030,AIM Aviation Mechanic Training,,,,,image,education,91213,1738,179,657.05
enriched_ad_5326,campaign_007,Coupon-Findin' Browser Extension,Promo Codes Available. See Free Codes. Get free promo codes automatically applied at checkout.,,,,image,ecommerce,31903,629,30,452.91
enriched_ad_5327,campaign_046,Casual Icon Grand Theft Auto Augo San Andreas Minecrack Rack OO,,,,,image,entertainment,90992,1915,239,550.78
enriched_ad_5328,campaign_026,Grand Theft Auto II,"Experience the thrilling world of Grand Theft Auto with our latest release, 'San Andreas'. Immerse yourself in an action-packed adventure filled with intense missions and unforgettable moments. Get ready to explore this iconic city as you take on new challenges.",Shop Now!,facebook,,image,entertainment,99884,1924,315,774.53
enriched_ad_5329,campaign_006,AIM Aviation Maintenance Training,"Our comprehensive aviation maintenance training program is designed to equip you with the skills and knowledge needed for success in this field. Whether you're an aspiring mechanic or looking to advance your career, our courses cover everything from basic aircraft systems to advanced troubleshooting",Enroll Now!,facebook,,image,education,43426,978,144,496.55
enriched_ad_5330,campaign_002,Staying Ahead of Stinky,,,,,image,,73059,1050,100,1119.57
enriched_ad_5331,campaign_026,Catch Live College Softball,Stream live games of your favorite college softball teams. Download the app > Varsity Network powered by Learfield.,Download The App,,,video,entertainment,68830,1946,197,593.19
enriched_ad_5332,campaign_050,xfifteen,,,,,image,,53224,840,69,711.5
enriched_ad_5333,campaign_007,SHOE I X-FIFTEEN,When milliseconds count.,,,,image,ecommerce,33278,437,35,521.11
enriched_ad_5334,campaign_041,HISTORIC HEART. MODERN BEAT.,"""IF I CAN DO IT, CAN YOU DO IT."" - W.C., A GED GRADUATE",,,,image,education,99776,2226,285,1099.28
enriched_ad_5335,campaign_032,Save Up to 40% on Combo Packages,Continue We Provide Digital Marketing Services Contact Us and Get Quote www.mbryolay.online,,,,image,ecommerce,88253,1088,74,1238.18
enriched_ad_5336,campaign_002,AIM RATION TIVES OF MAINTENANCE,Aviation Mechanic Training,,,,image,education,25796,491,63,231.3
enriched_ad_5337,campaign_021,News For All America,NEWSNATION IS A PLACE THAT PEOPLE CAN TRUST. WE'RE BEING STRAIGHT WITH THEM.,,,,image,entertainment,54843,1017,140,380.3
enriched_ad_5338,campaign_020,CAPITALE SHOPPING,Promote Codes Available See Codes The Coupon-Finding Browser Extension I I I,,,,image,ecommerce,82140,908,93,1296.28
enriched_ad_5339,campaign_002,Styra Accelerates Secure Infrastructure Deployment,"Use the broadest AuthZ policy library for Kubernetes, Terraform, and CloudFormation.",Learn More,,,image,ecommerce,30317,514,39,530.85
enriched_ad_5340,campaign_001,Catch Live College Softball,Stream live games of your favorite college softball teams. Download the app > Varsity Network - Powered by Learfield.,Download The App,,,video,entertainment,56024,1550,295,376.11
enriched_ad_5341,campaign_007,PROMO CODES AVAILABLE,The coupon-finding browser extension SEE FREE CODES Capital One Shopping,,,,image,ecommerce,43957,888,61,665.5
enriched_ad_5342,campaign_037,Ride or Die Fast in Theaters Now,,,,,image,entertainment,89980,2058,325,664.0
enriched_ad_5343,campaign_021,Advantage,"Home Current Specials Contracting The Leader in Home Repairs & Project Are You Considering Adding an Addition, A Garage or A Sun Room to Your Home?",,,,image,ecommerce,78341,1110,95,1344.15
enriched_ad_5344,campaign_031,Tomato and Eggs,Is the flavor of Home for this food ethnographer. READ MORE ON EATER >>>,,,,image,food,34673,853,54,391.62
enriched_ad_5345,campaign_034,TRUE CRIME BYLINE Available Now!,"Hear from the dogged reporters who hit the street, spoke to witnesses and got to know victims' families.",,,,image,entertainment,44280,735,121,292.94
enriched_ad_5346,campaign_023,Access Your Content,"Activate your account to access Movies, Series, and Sports Fitness.",Start Now!,,,image,entertainment,64334,1439,143,338.17
enriched_ad_5347,campaign_014,Reynolds KITCHENS Butcher Paper with Slide Cutter,Perfect for SMOKERS. Smoke meats like a pro.,,,,image,ecommerce,76231,844,85,1326.03
enriched_ad_5348,campaign_009,SAVE 20% ON AAHLEYS FURNITURE,,SHOP NOW,,,image,ecommerce,54907,923,56,633.56
enriched_ad_5349,campaign_030,Streamline Your Team's File Sharing,"and Collaboration with ShareFile Make it easy to securely upload and download files, set up custom permissions, and integrate with your favorite productivity tools.",Buy Now,,,video,ecommerce,95013,1325,81,1515.49
enriched_ad_5350,campaign_041,"B","TERKSCE grand theft San Andreas MINECRAFT OO",Learn More,facebook,,image,ecommerce,71119,990,91,1019.97
enriched_ad_5351,campaign_038,CrowdStrike NOWHERE TO HIDE,Falcon OverWatch Threat Hunting Report LA s Get the Report,,,,video,ecommerce,51377,995,80,836.86
enriched_ad_5352,campaign_017,Call All Who Code,"Developers, take our Survey!",Take The Survey,,,image,ecommerce,66300,1333,108,754.13
enriched_ad_5353,campaign_010,GET UP TO 30% OFF,Select Appliances Shop Now The Depot Home,Shop Now,,,image,ecommerce,66663,794,66,679.93
enriched_ad_5354,campaign_037,Distinguish Yourself As A Leader,,,,,image,,43733,604,36,667.85
enriched_ad_5355,campaign_011,"Easy Cook, Easy Clean","FOIL MADE IN USA
EASY PREP. EASY COOK. EASY CLEAN.
HEAVY DUTY",,,,image,food,31151,449,38,299.54
enriched_ad_5356,campaign_042,Every Kid. Healthy Food.,"Every Day.
LEARN MORE",Learn More,,,image,food,43734,713,87,366.95
enriched_ad_5357,campaign_022,AM Aviation Maintenance Training,"Our comprehensive aviation maintenance training program is designed to equip you with the skills and knowledge needed for success in this field. Whether you're an experienced technician looking to upgrade your expertise or someone new entering into aerospace, our courses are tailored specifically to",Enroll Now,facebook,,image,education,96363,2030,241,755.09
enriched_ad_5358,campaign_006,The Introducing Bodies Presented by Explore Now,,,,,image,,37296,481,34,463.89
enriched_ad_5359,campaign_017,Click! Hefty Confidence,,,,,image,ecommerce,89243,1309,97,1112.46
enriched_ad_5360,campaign_013,Shop Now,,"Free Return, COAST A A M",,,image,ecommerce,97682,1959,163,1571.3
enriched_ad_5361,campaign_044,The Introducing Bodies Presented by Issue,Exploring the ways we care for our bodies and all they can do. EXPLORE NOW.,,,,image,healthcare,46007,752,41,1231.77
enriched_ad_5362,campaign_009,Start Preparing for Your FE Exam,Now! Visit WWW.SCHOOLOFPE.COM to get started.,Visit Website Now!,,,image,education,70320,1123,113,633.87
enriched_ad_5363,campaign_019,Add Visual Power to Your Qlik Sense Apps,Start a Free Trial of vizlib for enhanced visual capabilities in your applications.,Get Started Now,facebook,,image,ecommerce,39139,816,70,574.5
enriched_ad_5364,campaign_050,NEWS FOR ALL AMERICA,"66 TRUST IS SOMETHING YOU EARN OVER TIME, BUT IT'S ALSO SOMETHING YOU EARN EVERY NIGHT. - ELIZABETH VARGAS TO FIND NEWSNATION CLICK HERE",,,,image,entertainment,63417,1681,303,305.02
enriched_ad_5365,campaign_035,Hisense tover #LivingGreen,"with Hisense L/SER TV 4K. Hisense Laser TV with low energy consumption. 92,3% recyclability rate.",,,,image,ecommerce,94046,1675,170,1091.25
enriched_ad_5366,campaign_016,Astrology Answers CHOOSE YOUR SIGN TO SEE WHAT IS COMING NEXT,,,,,image,entertainment,95375,2613,462,525.39
enriched_ad_5367,campaign_004,THE OFFICIAL AWARDS Tri State's Best B Nominatable Businesses!,You could win $250 by nominating your favorite businesses! Nominate Now (632) CITID LATAYE,NOMINATE NOW,,,image,ecommerce,92500,1470,130,1326.73
enriched_ad_5368,campaign_008,Every Kid. Healthy Food.,Every Day. NO KID HUNGRY,Learn More,,,image,food,73828,1257,160,771.54
enriched_ad_5369,campaign_035,Tomato and Eggs Is the Flavor of Home,American Born Chinese Food Ethnographer Dianept READ MORE ON EATER >>,,,,image,food,56935,1220,88,850.66
enriched_ad_5370,campaign_035,Free Trial Enterprise-Caliber IT Service Desk Software,"Discover the power of ManageEngine's ServiceDesk Plus, an enterprise-caliber solution designed to streamline your IT service desk operations. Experience seamless integration and top-notch performance with our free trial.",Learn More,,,image,ecommerce,65886,1040,72,1020.41
enriched_ad_5371,campaign_011,CAPITAL ONE SHOPPING,Discover exclusive promo codes with our browser extension. Capital One offers unique savings opportunities for shoppers.,Shop Now,,,image,ecommerce,62676,1097,64,894.99
enriched_ad_5372,campaign_039,CLOSERS,Play Now with BEST-EVER Benefits! Last Call!,+90 MAX Level Jumping & New Character Pre-Creation!,,,video,entertainment,45228,1493,281,358.87
enriched_ad_5373,campaign_022,ManageEngine Service Desk Plus,It service desk software for your digital enterprise. ManageEngine.,,,,image,ecommerce,69648,1116,61,1228.21
enriched_ad_5374,campaign_047,"Golf Galaxy - Better, Yours & Best",Improve your game today. Learn More,Learn More,,,image,entertainment,57656,982,134,488.73
enriched_ad_5375,campaign_010,People News+,Don't Miss Out on Breaking Stories & Content You Love Plus Lots More!,,,,image,entertainment,29226,538,93,214.64
enriched_ad_5376,campaign_021,Golf Better Your Best,"GALAXY
285.8 300.7 46.3
20 Improve Your Game Today LEARN MORE",,,,image,ecommerce,89062,1530,92,1453.57
enriched_ad_5377,campaign_024,Save 10% Today on STINGER's Off-Road Radio,,Shop Now,,,image,ecommerce,65718,793,67,841.79
enriched_ad_5378,campaign_007,Support Prayer In Schools?,Vote Now! CHRISTIAN Headlines,,,,image,entertainment,30385,706,85,229.92
enriched_ad_5379,campaign_022,GENERATIONGENIUS - ALWAYS QUESTION. ALWAYS WONDER,"K-8 Science & Math Videos for Kindergarten to 8th Grade, All Ages Included.",Try It Free,,,video,education,90782,2537,364,877.1
enriched_ad_5380,campaign_035,Coupon-Finding Browser Extension,Capitol One Shopping Got Coupons? SEE FREE CODES Get FREE promo codes automatically applied at checkout.,,,,image,ecommerce,49209,751,46,728.94
enriched_ad_5381,campaign_028,Tomato and Eggs Is the Flavor of Home,American Born Chinese Food Ethnography Read More on Eater>,,,,image,food,26200,406,28,344.37
enriched_ad_5382,campaign_042,Discover Entertainment,"Click to start exploring Movies, Music, Games and more! Activate your account for seamless access. Find all the latest entertainment content right here.",Start Now!,topcontent-entertainment,,image,entertainment,23059,348,46,191.96
enriched_ad_5383,campaign_033,Get an Insider's Perspective,,,,,image,,44338,624,59,648.57
enriched_ad_5384,campaign_036,FANATICAL - Don't Delay. Save Big on PC Games Today!,Shop Now,SHOP NOW,,,image,ecommerce,81043,986,75,1355.03
enriched_ad_5385,campaign_034,Staying Ahead of Stinky,,,,,image,ecommerce,82067,1372,129,1216.5
enriched_ad_5386,campaign_025,Embrace Your Bright Future,,Learn More,,,image,education,29089,700,93,220.91
enriched_ad_5387,campaign_046,IQ Test,,,,,image,,82701,1046,61,1153.56
enriched_ad_5388,campaign_006,HERO WARS,,Try Now,,,image,entertainment,37324,853,91,225.36
enriched_ad_5389,campaign_005,Expect More from Better Performance,"Your Additives Protection, Longer Life. Click Here to Learn More.",Click Here to Learn More,,,image,ecommerce,98992,1967,186,974.7
enriched_ad_5390,campaign_019,NOWHERE TO HIDE,Falcon OverWatch Threat Hunting Report CROWDSTRIKE Get the Report,,,,video,ecommerce,47416,767,63,513.45
enriched_ad_5391,campaign_042,Summer Sale,Shop Now Save money. Live in style!,SHOP NOW,,,image,ecommerce,89101,1179,70,1019.88
enriched_ad_5392,campaign_007,vizlib - Add Visual Power to your Qlik Sense apps,Start Free Trial Expenses $58.2k Queries 12.3% GRAUKTEN.,,,,image,ecommerce,78209,977,51,1372.01
enriched_ad_5393,campaign_003,Styra Accelerates Secure Infrastructure,"Deployments with Styra using the broadest authorization (AuthZ) policies available. Library supports Kubernetes, Terraform and CloudFormation.",LEARN MORE,,,image,ecommerce,49146,753,63,547.21
enriched_ad_5394,campaign_006,AIM RATION TIVES OF MAINTENANCE,,,,,image,ecommerce,79929,1251,63,1287.82
enriched_ad_5395,campaign_003,"Buy One Get One Free on Custom Blinds, Shades & Drapery",Get an amazing deal with 50% off! Book now for free consultation.,Book Now > FREE CONSULTATION,,,image,ecommerce,95662,1291,77,1674.98
enriched_ad_5396,campaign_030,Staying Home Saves Lives,For more info visit coronavirus.gov #AloneTogether ad COUNCIL,,,,image,healthcare,45722,875,38,1227.75
enriched_ad_5397,campaign_027,ONLINE COMPONENTS.COM - ALWAYS COUNTED ON,,BUY ONLINE,,,image,ecommerce,77517,1367,129,979.48
enriched_ad_5398,campaign_034,Does Your Data Deliver the Deepest Insights?,snowflake® Brought to Second Snowflake Special Edition Cloud Data Warehousing Learning Made Easy snowflaker 2ND EDITION dummies What is a doud Comparing data How to Joe Kaynak David Baum FREE COPY > a cloud,,,,image,ecommerce,72818,773,54,821.95
enriched_ad_5399,campaign_011,BIG PHARMA'S PRICE GOUGING IS THE ROOT CAUSE OF OUT-OF-CONTROL RX PRICES,"In fact, Big Pharma's anti-competitive practices will cause patients to spend $167 BILLION over 7 years on just 3 branded drugs. IT'S TIME TO HOLD BIG PHARMA ACCOUNTABLE.",for SUSTAINABLE Rx PRICING,,,image,healthcare,47073,917,40,1127.15
enriched_ad_5400,campaign_043,2023 GLOBAL THREAT REPORT,CROWDSTRIKE Prevail Over Cyber Adversaries > VERWATCH FALCON OY CASE 205 BELO07 KODIC HIGH OPERATIONS SUPPORTING THE WADKA,,,,video,ecommerce,34459,682,49,395.28
enriched_ad_5401,campaign_014,CHEROS WARS TRY YOU HAVE,,,,,image,entertainment,94572,2494,429,546.72
enriched_ad_5402,campaign_018,SPY,,,,,image,ecommerce,64633,993,48,1052.07
enriched_ad_5403,campaign_032,We Are UD,Discover the Power of Community at University of Dayton.,,,,image,education,28068,417,34,206.96
enriched_ad_5404,campaign_032,CROWDSTRIKE,"Extend your security team with experts, 24/7. Get the MDR Buyer's Guide ROWOSTRINE Managed Detection and Response (MDR) Buyer’s Guide NO WWRENDO EM",,,,image,ecommerce,75104,1150,91,1001.68
enriched_ad_5405,campaign_031,$10 WELCOME BONUS PROMO CODES AVAILABLE,"Discover Capital's exclusive deals with our browser extension. Find coupons, discounts and save money effortlessly.",Download Now!,facebook,,image,ecommerce,56967,778,38,894.29
enriched_ad_5406,campaign_019,What Happened Hosted by Frank Nicotero V,,,,,video,,59480,1326,124,853.43
enriched_ad_5407,campaign_002,ONE VISE TO RULE THEM ALL,"Multi-Axis Bench-Mount Vise with Torq-Lok™, Master Gun ViseⓇ, Real AVID. Experience unparalleled precision and durability in your workbench.",,,,image,ecommerce,75784,972,72,915.49
enriched_ad_5408,campaign_003,Do You Support Prayer In Public Schools?,,VOTE NOW!,,,image,ecommerce,72692,1146,66,749.75
enriched_ad_5409,campaign_050,1ST TIME IN INDIA,UNLIMITED CASH REBATE ON FUN88 EXCHANGE POWERED BY BETFAIR. 100 FREE BET to 1000 LUCKY PLAYERS every day.,,,,video,entertainment,46586,976,166,385.38
enriched_ad_5410,campaign_010,Weruva - All Natural Ingredients,"Discover the benefits of using Weruva, an all-natural product with transparent ingredients. Perfect for those who prioritize health and wellness.",Shop Now,facebook,,image,ecommerce,82760,1395,78,843.86
enriched_ad_5411,campaign_022,HOW TO TRADE OPTIONS CATORCENSBET,How To Trade Options FREE STRATEGY GUIDE. Our trading guide shows beginners how to earn extra income through trading options.,Get It Free Today,,,image,ecommerce,60869,1201,75,1072.7
enriched_ad_5412,campaign_050,"Home Relocation, Packing & Moving",Packers - Movers - Cargo,,,,image,ecommerce,58837,1019,65,951.17
enriched_ad_5413,campaign_040,IXL Math Practice,"Kindergarten to 8th Grade, x² Algebra 1 & 2, A Geometry, Σ Precalculus",,,,image,education,93453,2181,329,668.27
enriched_ad_5414,campaign_043,Making Your Cloud Flexible As You Are,"GreenLake by HPE makes your cloud as flexible as your business. Hybrid clouds, wisely managed.",,,,image,ecommerce,65300,711,50,974.35
enriched_ad_5415,campaign_036,HERO WARS TRY NOW,,,,,image,,63251,1258,88,779.05
enriched_ad_5416,campaign_025,You Have Only Two Moves,,,,,image,entertainment,91135,1415,231,630.7
enriched_ad_5417,campaign_012,Movies Stream,"3 Easy Steps:
1: Click ""Continue to Movies""
2. Add MoviesToStream Extension
3: Find Out Where to Watch Movies and Shows!",,,,video,entertainment,22180,791,152,121.57
enriched_ad_5418,campaign_038,MAKE MORNINGS DELICIOUS IN MINUTES,"Jimmy Dean offers Jumplea Griddle Cakes, Sweet Maple Croissants and more. Available in minutes.",SHOP NOW,,,image,food,66398,1741,107,717.66
enriched_ad_5419,campaign_036,Pro Omega Sue&thati,Tachymetre AL TO M Shop Now Money Back Guarantee The watch you want. Now Cchrono24,Shop Now,,,video,ecommerce,26494,419,41,460.68
enriched_ad_5420,campaign_049,Catch Live College Baseball,Stream live games of your favorite college baseball teams. Download the app > Marian Varsity - NETWORK - Powered by Learfield.,Download The App,,,video,entertainment,22691,587,63,141.54
enriched_ad_5421,campaign_002,BIG PHARMA'S PRICE GOUGING IS THE ROOT CAUSE OF OUT-OF-CONTROL RX DRUG PRICES,Big Pharma hiked prices on nearly 600 brand name drugs in just two weeks this year. HOLD BIG PHARMA ACCOUNTABLE.,HOLD BIG PHARMA ACCOUNTABLE,,,image,healthcare,75113,1009,66,1676.02
enriched_ad_5422,campaign_033,Got Coupons?,Get free promo codes automatically applied at checkout. GET CODES,,,,image,ecommerce,78121,898,74,924.59
enriched_ad_5423,campaign_050,Al Gal - Wakat MIRACLE,Receive exclusive teachings from CBN each month. Become a CBN Partner.,BECOME A CBN PARTNER,,,image,education,82524,1368,210,923.72
enriched_ad_5424,campaign_030,Atomic Force Microscopy Online,"NanoAcademy offers Live Demos, Webinars and Seminars from AFM experts collected in one place. Easily join live sessions or review on-demand content from home!",,,,video,education,48132,1028,130,518.95
enriched_ad_5425,campaign_027,"GO FURTHER, FASTER",Take the world's premier English-proficiency test in less than 2 hours! Register Now ETS TOEFL iBT.,Register Now,,,image,education,90112,2252,242,773.78
enriched_ad_5426,campaign_033,Creative Cloud,"Make it with Creative Cloud. Apps for photography, design, video, and web from US$9.99/mo.",Join now A Adobe,,,video,ecommerce,72343,1312,129,1299.44
enriched_ad_5427,campaign_041,Free IT Help Desk Software,"ManageEngine Service Desk Plus is an all-in-one solution that helps you manage your service desk operations efficiently. Try it now and experience the benefits of streamlined workflows, improved customer satisfaction, and reduced costs.",Try for free,,,image,ecommerce,72182,822,42,1112.51
enriched_ad_5428,campaign_036,"Complete Your Bachelors, Masters, and Certificates",APPLY FOR FREE → 100% Online at a Top-Ranked University University College UNIVERSITY OF DENVER,,,,image,education,54044,726,57,472.83
enriched_ad_5429,campaign_021,PLURALSIGHT,Develop the skills you never knew you had,,,,image,education,99223,1717,186,645.3
enriched_ad_5430,campaign_048,The Alt Newsletter,"Curating crypto, NFT, real estate, startup, commodity, hedge fund, & more alternative investment content daily. Subscribe for free.",,,,image,ecommerce,43826,647,49,423.31
enriched_ad_5431,campaign_028,Stack Overflow for Teams,"Find a solution in minutes, not hours. Get Stack Overflow where you work.",Get it free,,,image,ecommerce,40641,457,25,530.31
enriched_ad_5432,campaign_018,Which Office Is Right For You?,Get the best prices on Microsoft Office.,,,,image,ecommerce,46796,604,29,689.84
enriched_ad_5433,campaign_047,Which Office Is Right For You?,Find Out With Our Exclusive Offer!,,,,image,ecommerce,80599,914,91,808.29
enriched_ad_5434,campaign_003,Medscape - Free Point-Of-Care Medical Reference App,,Download now!,,,image,ecommerce,76441,1167,71,1040.11
enriched_ad_5435,campaign_027,NEW WAREHOUSE SPACE ALONG 1-95,TWO PARKS IN QUANTICO & STAFFORD LENENI M Merritt,,,,image,real_estate,75206,623,11,2025.21
enriched_ad_5436,campaign_035,Shein Summer Sale,"Slow shipping for ARCOAL BUABILI MADQUE BALLE NIO, save up to 70% off!",Shop Now,,,image,ecommerce,21204,350,35,324.57
enriched_ad_5437,campaign_010,Get 3 free months of Spotify Premium with Honey,Claim offer! Lined BibT&C Apply Offer ends on 01912008. Must cancel prior to freel period or you will become a paid subscriber.,,,,image,entertainment,41871,1090,187,225.53
enriched_ad_5438,campaign_034,Planning a Wedding? Here Are 5 Food Trends to Consider,"Presenting by State Farm. Planning a wedding can be an overwhelming task, but with the right food trends in mind, you’ll have no trouble impressing your guests.",,,,image,ecommerce,64206,1154,85,894.62
enriched_ad_5439,campaign_040,Need help studying for your NCEES exams?,Prepare with School of PE.,Learn More,,,image,education,50767,717,93,464.19
enriched_ad_5440,campaign_019,Mentor A Kid In Your Community,Learn how to become Big Brother or Sister in America with ZEME Mentor.,,,,image,education,64033,986,149,565.01
enriched_ad_5441,campaign_012,Today's New Country,"93.3 WFLS
Today's NEW Country
Turn on Today's NEW Country
LUKE COMBS, CARLY PEARCE, JASON ALDEAN,
LAINEY WILSON. AND MORE!",,,,image,entertainment,43536,789,135,378.92
enriched_ad_5442,campaign_015,Discover Wonder Nice,"Experience the ultimate in online shopping with our curated selection of high-quality products. Find everything from fashion to home decor, all at unbeatable prices.",Shop Now!,facebook,,image,ecommerce,37175,556,36,659.7
enriched_ad_5443,campaign_035,QualitEst™,Ensure your pharma computerized systems are fully compliant. Let's talk.,,,,image,ecommerce,77709,967,91,1253.45
enriched_ad_5444,campaign_012,"R","ロロ 41-194 brill CASUAL ICON"".",Learn More,facebook,,image,ecommerce,33488,433,40,429.23
enriched_ad_5445,campaign_017,COUPON CODES AVAILABLE,,,,,image,ecommerce,53856,727,57,807.22
enriched_ad_5446,campaign_016,Westgate Vacation Villas,Resort at Westgate. Book directly and save up to 20%. DIT BOOK NOW.,Book Now,,,image,ecommerce,46759,919,55,735.09
enriched_ad_5447,campaign_045,KILDUT PE,,,,,image,entertainment,29419,731,82,219.36
enriched_ad_5448,campaign_014,Find It On Alldigital,"Discover Movies, Series, and Fitness Content in Just Three Simple Steps - Click to Start!",Click on 'Start',,,image,entertainment,56774,952,136,379.85
enriched_ad_5449,campaign_014,Shop with Capital One,Discover the convenience of shopping online. Follow these simple steps to get started.,Start Shopping Now!,,,image,ecommerce,84160,1535,149,1414.45
enriched_ad_5450,campaign_032,"CAT SIMPLER, FASTER PARTS",SHOPPING NOW ON THE GO. DOWNLOAD THE CAT CENTRAL APP.,,,,image,ecommerce,24487,334,27,407.89
enriched_ad_5451,campaign_006,NEW WAREHOUSE SPACE AVAILABLE,ALONG I-95 | TWO PARKS IN QUANTICO & STAFFORD M merritt,,,,image,real_estate,61446,663,13,1531.74
enriched_ad_5452,campaign_032,Shop with Capital One,Discover the convenience of shopping online. Follow these simple steps to get started.,Start Shopping Now!,,,image,ecommerce,29978,450,32,321.83
enriched_ad_5453,campaign_022,Movies Stream,"Start
3 Easy Steps:
1: Click ""Start""
2. Add MoviesToStream Extension
3: Find Out Where to Watch Movies and Shows!",,,,video,entertainment,50505,1546,203,363.2
enriched_ad_5454,campaign_035,Find out where to watch movies and shows!,Add the MoviesToStream extension in just three easy steps.,,,,video,entertainment,66420,2259,208,441.64
enriched_ad_5455,campaign_049,UBA AMAR IS,FIR DEP EN Thank you! SHOW THEM YOUR SUPPORT OPERATION GRATITUDE,,,,image,,64923,811,77,890.68
enriched_ad_5456,campaign_002,SARGENTO AND WHOLE MILK MOZZARELLA REAL CHEESE BRINGS GREAT HAPPINESS GET RECIPE,,,,,image,food,61296,1578,197,637.13
enriched_ad_5457,campaign_023,Shop Now with Capital One,Capital One offers an easy shopping experience. Follow these simple steps to save money on your purchases.,Click 'See Codes',,,image,ecommerce,71588,1241,127,725.4
enriched_ad_5458,campaign_016,"M","MAROC ACTUALITES",Learn More,facebook,,image,ecommerce,44614,504,36,511.14
enriched_ad_5459,campaign_031,FREE KJV BIBLE,"/1
1:1 in the beginning God crewed heaven and the arts
12 And the earth was without to face of the deep And
deepest part of it.
13 And so on.",,,,image,education,45258,1048,121,387.41
enriched_ad_5460,campaign_017,"Don't just manage spend, control it.","All in one place. With Stampli, the Leader in AP Automation",,,,image,ecommerce,47844,543,52,518.56
enriched_ad_5461,campaign_040,"REYNOLD'S WRAP - EASY PREP, COOK AND CLEAN",,,,,image,food,52759,1119,108,551.08
enriched_ad_5462,campaign_031,Hilarious Vegas Photos Caught On Camera,,,,,image,entertainment,31826,448,52,262.27
enriched_ad_5463,campaign_013,King James Bible FREE KJV BIBLE Read anywhere even without an Internet connection!,"Genesis / 1
1:1 In the beginning God created heaven and earth.
1:2 And the earth was without form, void; and darkness was upon face.",,,,image,education,51633,777,103,480.93
enriched_ad_5464,campaign_037,X Vivaia - All-Day Comfortable Walkers,"Designed specifically to cater to all-day walking needs. Featuring features like WIDE TOE BOX, BREATHABLE fabric and ARCH SUPPORT for ultimate comfort.",SHOP NOW >,,,image,ecommerce,62634,1071,105,740.65
enriched_ad_5465,campaign_002,CAPITAL ONE SHOPPING CATALOG,"Discover exclusive deals and discounts with our Capital One shopping catalog. Find coupons, promo codes, and special offers to save big on your favorite brands.",Shop Now!,,,image,ecommerce,59090,1081,60,610.1
enriched_ad_5466,campaign_014,Scripps National Spelling Bee,"may 31 & June 1, TWO-NIGHT EVENT STARTING August 7th at 8 PM. Visit spellingbee.com for more details.",,,,image,education,38498,689,70,429.38
enriched_ad_5467,campaign_021,Discover POF USA,Explore the latest in fashion with our curated collection. Shop now and elevate your style game!,Shop Now,facebook,,image,ecommerce,82602,1165,110,1287.54
enriched_ad_5468,campaign_037,People News+,Don't Miss Out on Breaking Stories & Content You Love Plus Lots More!,,,,image,entertainment,90159,1944,178,455.37
enriched_ad_5469,campaign_020,Discover New Ways to Experience Shavuot,Find Activities for Your Family,,,,image,entertainment,54252,808,126,378.9
enriched_ad_5470,campaign_040,Earn a Certificate from Harvard Business School Online,Explore the prestigious online learning opportunities offered by Harvard's renowned business school. Gain valuable knowledge and skills that can propel your career forward.,Learn More,,,image,education,80173,2005,299,831.57
enriched_ad_5471,campaign_041,"564","TACOM ACOMA G 貝 TACOMA4G.COM .COM",Learn More,facebook,,image,ecommerce,67992,738,73,1212.24
enriched_ad_5472,campaign_007,Exclusion,A new comedy about what's true vs what sells at arena.,,,,image,entertainment,99734,1448,207,894.38
enriched_ad_5473,campaign_001,Reynolds KITCHENS Butcher Paper with Side PINK,,Like A Pro,,,image,ecommerce,31061,428,36,378.15
enriched_ad_5474,campaign_041,AIM Aviation Mechanic Training,,,,,image,education,72746,1824,238,511.3
enriched_ad_5475,campaign_016,SkyDive Front Boyal,Experience of a Lifetime! Join us today!,,,,image,entertainment,51093,759,142,383.36
enriched_ad_5476,campaign_005,PREMIUM WIRELESS,Addt'l restrictions apply. Taxes & fees extra. New activation req'd. Min. 3 mo. purchase. See mintmobile.com.,SHOP NOW,,,image,ecommerce,72111,968,76,1255.54
enriched_ad_5477,campaign_041,Human Fall Flat,"Experience the ultimate gaming adventure with Human Fall Flat, available on Roblox and other platforms. Join CSAGO for exclusive content or dive into Terraria's Candy mode.",Play Now!,facebook,,image,entertainment,46311,982,88,345.82
enriched_ad_5478,campaign_035,THE CITY AUTHENTIC HOW THE ATTENTION ECONOMY BUILDS URBAN AMERICA,The first book to explore how our cities gentrify by becoming social media influencers-and why it works NEW FROM UC PRESS University of California Press,,,,image,education,61769,1239,172,704.88
enriched_ad_5479,campaign_022,Data-First Modernization with HPE GreenLake,"Turning data stuck in silos into intelligent insights. Data-first modernization, wisely done.",,,,image,ecommerce,66781,714,63,848.68
enriched_ad_5480,campaign_044,Get 3 Free Months of Spotify Premium with Honey,Limited Eligibility T&C Apply Offer ends 09/30/2022. Must cancel prior to free trial period or you will become a paid subscriber,,,,image,entertainment,52315,1014,140,364.78
enriched_ad_5481,campaign_050,Caution Queen's Blade,Limited Edition Art Print by Hobby Japan. Perfect for collectors and fans of the series.,,,,image,entertainment,75105,1773,244,388.48
enriched_ad_5482,campaign_017,Logitech Contoured for Comfort,"Designed specifically to enhance comfort and support during long hours of intense coding sessions or marathon gaming. Ideal for anyone who spends extended periods sitting, whether you're an avid gamer, student, professional coder, or just someone looking for ergonomic solutions.",Learn More,,,image,ecommerce,74954,1031,62,731.71
enriched_ad_5483,campaign_013,Catch Live College Softball,Stream live games of your favorite college softball teams. ✔ Download the app > Varsity Network powered by Learfield.,Download the App > Varsity Network powered by Learfield,,,video,entertainment,28398,711,134,225.7
enriched_ad_5484,campaign_009,5X YOUR ROAS WITH A META DSP AD PLATFORM,genius monkey S,Learn More,,,image,ecommerce,29337,449,35,348.87
enriched_ad_5485,campaign_032,Streamline Your Team's File Sharing,"Make it easy to securely upload and download files, set up custom permissions, and integrate with your favorite productivity tools.",Buy Now,,,video,ecommerce,68451,1075,99,887.81
enriched_ad_5486,campaign_040,Jangler 12 Biscuit,Jimmy Dean Sweet Maple Griddle Cake Available now. Shop Now for real Jimmy Dean products.,Shop NOW,,,image,food,89336,1520,148,1237.5
enriched_ad_5487,campaign_003,Get Started Today,We're so glad you found us. ALSANA Get Started Today,,,,image,,94432,1096,85,1580.56
enriched_ad_5488,campaign_023,Go Beyond with CryptoniteNXT,Tired of Monitoring? Enforce Security Request a Free Demo Now > CRYPTONITE NXT,Request a Free Demo Now>,,,video,ecommerce,27810,727,63,371.21
enriched_ad_5489,campaign_044,Westgate Save Up to 20% on Vacation Villas,,Book Now,,,image,ecommerce,35005,512,50,487.39
enriched_ad_5490,campaign_012,Anniversary Celebration Tour,Join us for an unforgettable celebration of our anniversary! Marking this special occasion with joy and excitement.,Register Now,,,image,entertainment,43772,702,102,224.26
enriched_ad_5491,campaign_024,SHEPHERD KING The Life of David by Pat Robertson GET YOUR AUDIOBOOK,,,,,image,entertainment,55389,892,88,358.43
enriched_ad_5492,campaign_015,It's Made Everything Quicker and Helped Us Share More,Start your free trial today!,Start Free Trial,,,image,ecommerce,98404,2034,201,1688.25
enriched_ad_5493,campaign_027,GENERATIONGenius - K-8 Science & Math Videos,"Explore our comprehensive collection of educational videos tailored for Kindergarten through 8th grade. Covering essential topics in science and math, these resources are designed to make learning engaging and fun.",Try It Free,,,video,education,49678,1308,201,575.81
enriched_ad_5494,campaign_028,Big Brothers Big Sisters. JAU UP,UP WITHOUT A MENTOR BEcome A BIG TODAY. MILLIONS OF KIDS ARE GROWING Learn How,,,,image,education,48936,1086,101,331.03
enriched_ad_5495,campaign_027,Streamline Your Team's File Sharing,"Make it easy to securely upload and download files, set up custom permissions, and integrate with your favorite productivity tools.",Buy Now,,,video,ecommerce,64039,1183,80,1041.95
enriched_ad_5496,campaign_027,Shop Now >,,Shop Now >,,,image,ecommerce,71473,1326,94,1084.76
enriched_ad_5497,campaign_034,LSPR LSLSPR POSTGRADUATE PROGRAMME PR,Faculty of Communication • Professional Programme • Blended Learning Programme ENROLL NOW registration.Ispr.edu More Info: 0817 1717 1992,ENROLL NOW,,,image,education,96893,2383,358,1127.06
enriched_ad_5498,campaign_024,"CAT SIMPLER, FASTER",PARTS SHOPPING NOW ON THE GO. DOWNLOAD THE CAT CENTRAL APP,,,,image,ecommerce,45045,795,55,493.54
enriched_ad_5499,campaign_030,Managed Liquid Web™ Hosting,"Dedicated hosting with guaranteed network and power uptime. Available on Linux or Windows, supported around the clock.",Shop Now,,,image,ecommerce,58942,1031,54,599.21
enriched_ad_5500,campaign_040,"DODGE HORNET POWER-PACKED PLAYOFFS $15,000 IN TOTAL PRIZES FEEL THE BUZZ OF VICTORY MAY JUNE BASKETB",PLAY FREE Eligibility restrictions apply. Void where prohibited. See DraftKings.com for details.,,,,video,entertainment,61311,1181,112,307.82
enriched_ad_5501,campaign_018,Reynolds Kitchens - PINK Butcher Paper,Discover Reynolds' premium butcher paper in shades of pink. Perfect for enhancing the look and feel of your kitchen or dining area.,Shop Now,facebook,,image,ecommerce,55204,972,84,805.92
enriched_ad_5502,campaign_016,Light in the box ALL UNDER $9.99,,Shop Now ,,,image,ecommerce,31364,397,30,424.0
enriched_ad_5503,campaign_013,Benjamin Moore Paint Only Sold At Locally Owned Stores,Find your nearest store to get Benjamin Moore paints.,,,,image,ecommerce,77029,1490,131,1032.69
enriched_ad_5504,campaign_023,Vivaia - Designed For All-Day Walking,"Shop Now > 1 Wide Toe Box, 2 Breathable, 3 Arch Support",SHOP NOW,,,image,ecommerce,98586,1273,78,1591.38
enriched_ad_5505,campaign_030,Medscape - Free Point-Of-Care Medical Reference App,,Download and Install Now,,,image,ecommerce,66921,740,61,1160.24
enriched_ad_5506,campaign_010,Reduce Inventory Surplus and Improve Cash Flow,"Join our webinar on Tuesday, May 23, 2023 at 11am EST to learn how you can reduce inventory surplus and improve cash flow.",,,,video,education,50562,1240,164,522.35
enriched_ad_5507,campaign_026,Expect Better®,Always Dreaming. Each Franchise Independently Owned & Operated.,,,,image,real_estate,88892,863,18,1852.04
enriched_ad_5508,campaign_029,Earn a BSN in Two Semesters,"Continue working while you earn your degree
in our fully online RN-to-BSN program.
UNIVERSITY of Maryland
SCHOOL OF NURSING
APPLY NOW FOR FALL 2023",,,,image,education,44777,725,77,356.35
enriched_ad_5509,campaign_037,Get 3 Free Months of Spotify Premium with Honey,Claim offer (x) - Limited Eligibility T&C Apply Offer ends 01/31/2023. Must cancel prior to free trial period or you will become a paid subscriber.,,,,image,ecommerce,59487,1169,98,627.77
enriched_ad_5510,campaign_030,Reduces CPA by 66% in just three months,Discover how we achieved this remarkable feat with our genius monkey strategy. Learn more about the process and get started today.,Learn More,,,image,ecommerce,44094,812,61,530.79
enriched_ad_5511,campaign_028,GO NOW,,Check Out Today’s Action At SidearmStats.com/Sidearmsports Go Now,,,image,ecommerce,32854,356,27,324.33
enriched_ad_5512,campaign_018,Sun Protection Swim Shirts for Men & Women,,Shop Now,,,image,ecommerce,35306,570,33,446.8
enriched_ad_5513,campaign_048,Emerging Tech Impact Radar: Artificial Intelligence,,LEARN MORE!,,,image,ecommerce,43939,611,35,637.87
enriched_ad_5514,campaign_019,Easterns AUTOMOTIVE GROUP,"Any Cat, Any Way For Everyone. Easterns AUTOMOTIVE GROUP SHOPING FOR A CAR? LET US EARN YOUR BUSINESS AGAIN.",SHOP NOW,,,image,automotive,46082,511,13,706.49
enriched_ad_5515,campaign_035,MIVOKOS FELM LACTOSE FREE EUROPEAN STYLE · SALTED MIYOKO’S CREAMERY® PLANT MILK BUTTER Phenomenally ,,LEARN MORE,,,image,"food, dairy products",47264,876,51,660.68
enriched_ad_5516,campaign_020,Find A Forest Or Park Near You,Discover The Forest.org - Your ultimate guide to finding forests and parks.,,,,image,entertainment,90806,1503,194,704.89
enriched_ad_5517,campaign_025,Be All You Can Be,,,,,image,entertainment,62638,884,144,374.58
enriched_ad_5518,campaign_035,An Thor 4 Series SMART HD Thermal Rifle Scope,,Buy Now,,,image,ecommerce,73202,1519,108,1044.56
enriched_ad_5519,campaign_005,Discover Delicious Recipes in Just Three Simple Steps!,"Follow these easy steps and enjoy an endless variety of delicious recipes at your fingertips. Click 'Continue to Recipe', add the extension, then see Delicious Recipes! Continue to Recipe","Click ""Continue to Recipe""",,,image,food,31509,747,50,465.94
enriched_ad_5520,campaign_028,Partnership for Healthy Mouths,Council partners with ei to promote healthy lifestyles through dental care.,,,,image,healthcare,40265,435,17,880.04
enriched_ad_5521,campaign_002,Shop Now > UP TO 70% OFF,,Shop Now > UP TO 70% OFF,,,image,ecommerce,90444,1885,182,1626.62
enriched_ad_5522,campaign_015,Leading the Net-Zero Revolution,We are committed by BorgWarner to achieving net-zero emissions and leading innovation in sustainable mobility solutions.,,,,image,automotive,88328,1507,48,1169.53
enriched_ad_5523,campaign_041,We Love Happy & Healthy Pets!,,,,,image,ecommerce,84958,1441,107,1269.3
enriched_ad_5524,campaign_008,Recipe for Me,"Discover the simplicity of creating your own recipes with just three easy steps. Just click 'Continue to Recipe', add our handy extension, and start exploring delicious recipe options!","Click ""Continue to Recipe""",,,image,ecommerce,75677,1115,104,901.66
enriched_ad_5525,campaign_020,See Free Codes,Promote Capital One Shopping with our Coupon-Finding Browser Extension. Available now!,,,,image,ecommerce,35960,746,36,395.8
enriched_ad_5526,campaign_014,JONI IT Service Desk Software for Your Digital Enterprise,"It is an all-in-one solution that helps you manage, track and resolve service desk requests efficiently. With Joni's intuitive interface, your team can easily access the tools they need to deliver exceptional customer support.",Learn More,,,image,ecommerce,65660,1215,88,958.76
enriched_ad_5527,campaign_048,EPSON BE cool Syf g MENDUKUNG KEBERLANGUTAN TANPA PENGIKATAN BIAYA,,,,,image,electronics,71758,1496,154,874.2
enriched_ad_5528,campaign_022,ME MENDUKUNG KEBERLANJUTAN TANPA PENINGKATAN BIAYA EPSON GI,,,,,image,electronics,86818,1299,65,1543.53
enriched_ad_5529,campaign_030,MINI LSLSPR Postgraduate Faculty of Communication,Professional Programme • Blended Learning Programme POSTGRADUATE PROGRAMME ENROLL NOW registration.Ispr.edu More Info: ©0817 1717 1992,ENROLL NOW,,,image,education,92342,1956,264,792.83
enriched_ad_5530,campaign_022,Play Now,ENTROPIA UNIVERSE WILL YOU SURVIVE THE ANNIHILATION WARLOCK?,,,,video,entertainment,24271,684,88,118.9
enriched_ad_5531,campaign_042,ANTID COULD YOU HAVE BEEN BETTER IN ANOTHER ERA?,ANNTD ORIGINAL DOCUMENTARY VACCINE STORIES YOU WERE NEVER TOLD THE SEEN CRISIS EPOCH TV MAY 19 WATCH NOW,,,,video,entertainment,41770,1353,177,349.38
enriched_ad_5532,campaign_040,NTD Original Documentary,,Watch Now >,,,video,entertainment,80621,2641,430,426.51
enriched_ad_5533,campaign_009,Anniversary,,,,,image,,31410,533,26,331.16
enriched_ad_5534,campaign_033,Which Office Is Right For You?,Find out which Microsoft Office suite is best suited for your needs. Get great deals and enjoy excellent customer service.,Shop Now,facebook,,image,ecommerce,69152,867,63,1152.07
enriched_ad_5535,campaign_013,Third of Life BYE-BYE CELLULITE glatte Beine mit Cellulite Leggings,,,,,image,ecommerce,64032,1322,108,972.9
enriched_ad_5536,campaign_048,CrowdStrike Survival Guide,Small business cybersecurity survival guide. Identify threats and how to stop them.,Download Now,,,image,ecommerce,65655,1259,71,749.55
enriched_ad_5537,campaign_046,Stick. Ball. Any Course FLING Golf,,,,,image,entertainment,30549,561,96,206.99
enriched_ad_5538,campaign_021,Golf Galaxy,Better. Your Best. Improve Your Game Today.,Learn More,,,image,entertainment,32514,670,84,239.92
enriched_ad_5539,campaign_024,"IN BIG PHARMA'S GAME, OUT-OF-CONTROL IT’S TIME TO HOLD BIG PHARMA ACCOUNTABLE",RX PRICES WIN AND PATIENTS LOSE. A THE CAMPAIGN FOR SUSTAINABLE RX PRICING,,,,image,ecommerce,33592,450,45,433.78
enriched_ad_5540,campaign_017,QLOCKTWO ITLISASAMPM ACQUARTEROC WENTYFIVEX HALFSTENFTO PASTERUNINE ONESIXTHREE FOURFIVETWO EIGHTELE,,,,,image,ecommerce,68002,806,80,758.31
enriched_ad_5541,campaign_004,"Gartner Security & Risk Management Summit June 5-7, 2023","Join us at National Harbor, MD for an insightful session on security and risk management.",Learn More,,,image,education,61204,1262,146,548.71
enriched_ad_5542,campaign_008,INTERES RATE,"30-YEAR FIXED RATE RESIDENTIAL MORTGAGE Purchase or Refinance Loans up to $2 Million, 1 Point* Learn More INSTITUTION FOR SAVINGS Building Stronger Communities Together Since 1820 Member FDIC. Member DIF-NMLSID. 42478201",Learn More,,,image,ecommerce,51794,860,83,568.48
enriched_ad_5543,campaign_028,Hit The Peak,"Since 1987, NEMACOLIN has been your go-to destination for premium experiences. Discover the best deals and exclusive offers.",Book Now,,,image,entertainment,98202,2743,512,750.03
enriched_ad_5544,campaign_047,Prevail Over Cyber Adversaries,2023 GLOBAL THREAT REPORT CROWDSTRIKE Case Study HIGH-EFFORT LIMITED RETURN RUSSIAN CYBER OPERATIONS SUPPORTING WAR IN UKS are,,,,video,"ecommerce, saas, education, healthcare, finance, entertainment, travel, food, automotive, real_estate",62057,892,80,698.83
enriched_ad_5545,campaign_033,Join AFM Experts Live,"Online NanoAcademy offers Live Demos, Webinars and Seminars from AFM experts collected in one place. Easily join a live session or review on-demand content from home!",,,,video,education,36840,837,91,248.36
enriched_ad_5546,campaign_005,Nowhere to Hide,Falcon OverWatch Threat Hunting Report CROWDSTRIKE Get the Report 7 in 2022.,,,,video,entertainment,62234,1132,166,313.33
enriched_ad_5547,campaign_011,Discover Entertainment,"Explore Movies, Music, Games and Audiobooks with our platform.",Start Now!,topcontent-entertainment,,image,entertainment,81061,1871,251,516.75
enriched_ad_5548,campaign_028,More Info > Affordable & Fixed Installed IR Cameras for Industrial/R&D Applications UP To +5432°F,,,,,image,ecommerce,21169,434,38,361.5
enriched_ad_5549,campaign_003,24optris - Affordable Fixed Installed IR Cameras for Industrial & R&D Applications,Affordable and fixed installed IR cameras. OBEC UP TO +5432°F.,,,,image,ecommerce,74380,1500,128,869.87
enriched_ad_5550,campaign_033,Manage Your Auto Repair Shop,"at any time, from anywhere on any device.",REQUEST A DEMO,,,video,ecommerce,44863,697,40,460.05
enriched_ad_5551,campaign_038,Free Worksheets & Games for Grades K-8,"Education.com offers free worksheets and games tailored to each grade level from preschool through eighth grade. Perfect resources for parents, teachers, or students looking to enhance learning experiences.",Visit Education.com Today!,,,image,education,95361,2316,172,891.76
enriched_ad_5552,campaign_014,UD Feels Like Home,,Join Us,,,image,education,51527,855,114,566.37
enriched_ad_5553,campaign_009,Get Started at Georgetown University School of Continuing Studies,"Georgetown University's School of Continuing Studies offers flexible learning opportunities for professionals seeking to advance their careers. Whether you're looking to earn an advanced degree, professional certification or simply enhance your knowledge in a specific field, our programs are designe",Enroll Now,,,image,education,76080,1657,255,821.37
enriched_ad_5554,campaign_012,Movies Stream,"START
3 Easy Steps:
1: Click ""Start""
2. Add MoviesToStream Extension
3: Find Out Where to Watch Movies and Shows!",,,,video,entertainment,22726,626,90,173.9
enriched_ad_5555,campaign_033,Get Spotify Premium for Free with Honey,"Claim your limited offer of 3 months FREE on Spotify Premium using our exclusive discount code. Hurry, this deal is valid until January 31st, 2023! Note that you must cancel before the end date to avoid becoming a paid subscriber.",Shop Now,facebook,,image,entertainment,70365,1509,202,402.05
enriched_ad_5556,campaign_004,DPUT MORE MMM IN YOUR MORNING,"Jimmy Dean Biscuit, CD Amber Sweet Maple Gridlile Cakhe Croissant - Available at Sam's Club",SHOP NOW,,,image,food,20775,337,32,171.75
enriched_ad_5557,campaign_009,Shop with Capital One,"Discover the convenience of shopping online. With just three easy steps, you can seamlessly integrate your favorite stores into one place.",Start Shopping Now!,facebook,,image,ecommerce,38402,568,53,523.2
enriched_ad_5558,campaign_035,MAKE YOUR FAMILY CAR SMART & CONNECTED!,"Subscribe now to receive Rash driving alerts, live location tracking and detailed driving reports.",Subscribe Now,,,image,ecommerce,46851,679,33,696.06
enriched_ad_5559,campaign_004,Authorized Distributor,,,,,image,ecommerce,27074,399,34,339.91
enriched_ad_5560,campaign_042,PROMO CODES AVAILABLE,"Available for just $10. Welcome to Capital Shopping, your ultimate destination for finding the best coupons and deals! Discover exclusive offers with our Coupon-Finding Browser Extension.",Shop Now,,,image,ecommerce,31271,388,39,549.74
enriched_ad_5561,campaign_023,Grammarly Auto-Generates Your Citations Instantly For Free,Citations Grammatical errors are automatically corrected by Grammarly. Get Grammarly to save time and improve your grades.,Get Grammarly for free now!,,,image,education,30939,560,86,279.96
enriched_ad_5562,campaign_043,Catalent Delivering Excellence in UK & EU Clinical Supply,COLD CHAIN SUPPORT | QP RELEASE SERVICES CROSS-DOCK BREXIT SOLUTIONS LEARN MORE,,,,image,ecommerce,55057,631,31,645.66
enriched_ad_5563,campaign_048,QLOCKTWO,ITLISASAMPM ACQUARTERDC TWENTYFIVEX HALFSTENFTO PASTERUNINE ONESIXTHREE FOURFIVETWO EIGHTELEVEN SEVENTWELVE TENSEOCLOCK The Major German Brands,,,,image,ecommerce,28408,492,38,480.83
enriched_ad_5564,campaign_013,Create. PROFESSIONAL WEBINARS easier than ever,Sign up for free IN I 12 12,,,,video,ecommerce,31465,761,75,507.53
enriched_ad_5565,campaign_016,Me Opta - Best Price & Performance,,,,,image,entertainment,58502,1319,204,466.02
enriched_ad_5566,campaign_011,THE GAP DECADE WHEN YOU'RE TECHNICALLY AN ADULT BUT REALLY DON'T PREL LIKE IT YET...,"CATIE SCHNACK ivp KATIE'S VULNERABILITY AND COMEDIC HUMOR CAPTURES YOUR HEART IN A WAY THAT MAKES YOU LAUGH AND CRY! -KIM DOLAN LETO, AUTHOR AND FITNESS COACH Pre-order now at amazon",Pre-order now at Amazon,,,image,entertainment,35214,727,71,300.86
enriched_ad_5567,campaign_025,Hungary - Amaa,"Europe's investment magnet, Hungary offers an attractive landscape for investors. Discover the opportunities in this emerging market.",,,,image,ecommerce,37531,626,59,624.74
enriched_ad_5568,campaign_009,Vote Today!,,CLICK HERE,,,image,ecommerce,33282,432,38,449.17
enriched_ad_5569,campaign_019,Music Direct,,,,,image,entertainment,35450,637,67,271.08
enriched_ad_5570,campaign_030,CROWDSTRIKE NOWHERE TO HIDE,2022 Falcon OverWatch Threat Hunting Report Get the Report 7,,,,video,entertainment,43905,969,88,278.37
enriched_ad_5571,campaign_014,Golf Galaxy,Better. Your Best. Improve Your Game Today.,Learn More,,,image,entertainment,97021,2514,392,651.02
enriched_ad_5572,campaign_029,Exclusive Luxury Travel Experiences,Explore Destinations with Cante - WWW.EXPERIENCES.LIFESTYLEASIA.COM tolay Exclusive LUXURY TRAVEL EXPERIENCES EXPLORE DESTINATIONS,,,,image,travel,57531,1279,84,1113.02
enriched_ad_5573,campaign_004,SHOTGUN + OPTIC,"940Ⓡ Pro Tactical
MICRO DOT COMBINE MOSSBERG LEARN MORE",,,,image,ecommerce,22473,345,34,232.54
enriched_ad_5574,campaign_006,Styra Accelerates Secure Infrastructure,"Deployments with Kubernetes, Terraform and CloudFormation using Styra's broadest Authz policy library.",Learn More,,,image,ecommerce,98642,1869,136,1718.81
enriched_ad_5575,campaign_034,AM Aviation Mechanic Training,"Get certified as an aviation mechanic with our comprehensive training program. Our expert instructors will guide you through every step of the process, ensuring you're fully prepared for your career in this exciting field.",Enroll Now!,facebook,,image,education,25047,471,49,269.46
enriched_ad_5576,campaign_034,YOUR SIGN TO SEE WHAT IS COMING NEXT,"Astrology Answers
CHOOSE CANCER LIBRA TAURUS LEO BROK GEMINI CAPRICORN AQUARIUS VIRGO SCORPIO SAGITTARIUS PISCES Old",,,,image,entertainment,29573,463,46,145.74
enriched_ad_5577,campaign_005,Today's Poll,Should illegal immigrants receive social security? A) Yes B) No C) Unsure → Vote Now Right Wing,Vote Now,,,image,ecommerce,37249,539,31,371.84
enriched_ad_5578,campaign_016,Real Simplex News,"Make Everyday Better & Simpler! Enjoy Time-Saving Life Hacks, Easy Organization Tricks, And More From The Pros.",Follow Now,,,image,entertainment,83306,2128,211,447.63
enriched_ad_5579,campaign_035,Alert Senior Internet Users,"Senior internet users can save money by subscribing to our service. Just $10 per month for unlimited access, including cable.",SEE CURRENT OFFERS,,,image,ecommerce,31494,517,40,361.31
enriched_ad_5580,campaign_017,BIG PHARMA'S PRICE GOUGING IS THE ROOT CAUSE OF OUT-OF-CONTROL Rx DRUG PRICES,"Nearly half of all brand name drugs now cost more than $150,000 PER YEAR when brought to market. the campaign for SUSTAINABLE RX PRICING",,,,image,healthcare,99846,1060,40,1583.31
enriched_ad_5581,campaign_048,AS THE,"Click It. Don't Risk It.
Watch Now
NHTSA
FOR TICKET
CLICK IT
DAY & NIGHT",,,,video,ecommerce,64975,1267,70,722.45
enriched_ad_5582,campaign_049,Free Guide to Find Jesus in Every Book,Discover how you can find references and teachings about Jesus across every book of the Bible. Get your copy today!,Get my copy!,,,image,education,36915,747,85,360.26
enriched_ad_5583,campaign_009,CSO's Future of Cybersecurity Summit,"Smart Choices in a Fast-Changing World JUNE 8, 2023 REGISTER il CSO",,,,image,education,56672,1396,156,666.12
enriched_ad_5584,campaign_029,Attend CSO's Future of Cybersecurity Summit,"Smart Choices in a Fast-Changing World. CSO June 8, 2023 REGISTER",,,,image,education,76748,1527,222,597.5
enriched_ad_5585,campaign_044,AEROSTAR Manufacturing CNC Machining Services,,Request a Quote,,,image,ecommerce,94860,1131,109,1667.21
enriched_ad_5586,campaign_032,All-in-One Endpoint Management & Security for Your Organization,"ManageEngine Endpoint Central offers comprehensive endpoint management and security solutions tailored to meet the needs of any business. Experience seamless integration, robust protection mechanisms, and an intuitive user interface with our Free Trial.",Get Started Now,facebook,,image,ecommerce,89117,1556,103,1032.12
enriched_ad_5587,campaign_041,The Best Shows Digital Trends On Netflix Right Now,Digital trends on NETFLIX right now. Series VPREPPERS Dramas CHEER Read More PRAKY,,,,image,entertainment,48356,1156,164,430.36
enriched_ad_5588,campaign_013,Discover Simple Cooking with Our App,"Follow these three easy steps to start enjoying delicious recipes. Click 'Continue to Recipe', add your favorite recipe, and see all the delightful dishes you can create.","Click ""Continue to Recipe""",facebook,,image,ecommerce,95858,1825,135,1352.05
enriched_ad_5589,campaign_042,SAVE ON TWO SPECIAL SUMMER OFFERS,Visit Walt Disney World/CDisney and get details on the exclusive deals available for this summer season.,,,,image,entertainment,81582,1549,293,435.87
enriched_ad_5590,campaign_036,It service desk software,Software for digital enterprises. Try Service Desk Plus! ManageEngine offers top-notch IT solutions.,Try Service Desk Plus!,,,image,ecommerce,71349,1387,112,1021.77
enriched_ad_5591,campaign_031,POWERUP VIRTUAL EXPO A ROADMAP TO NEXT-GENERATION,"Power Electronics Design June 27-29, 2023 EE Times REGISTER",,,,image,ecommerce,71042,1353,126,958.72
enriched_ad_5592,campaign_002,HIT BY A TRUCK? JEFF'S HERE,"WRONGFUL DEATH / COMMERCIAL VEHICLE ACCIDENT
$6 MILLION
DAVIS LAW FIRM
davislaw.com
SAN ANTONIO
RECENT
RESULT:
TO
CLIENT: $3,509,864
444-4444
IT",,,,image,legal services,91594,1652,165,1638.85
enriched_ad_5593,campaign_028,Specialty Ingredients,Blue California offers specialty ingredients that preserve food naturally. Download our infographic to learn more.,Learn More,facebook,,image,ecommerce,90854,1374,138,1564.2
enriched_ad_5594,campaign_020,2023 Scripps National Spelling Bee,"May 31 & June 1, TWO-NIGHT EVENT STARTING August 7th at 8 PM. $60.00 per person.",Find Where to Watch ION: spellingbee.com,,,video,education,82245,1698,177,939.93
enriched_ad_5595,campaign_041,Paradise City Arts Festival,"MAY 27, 28 & 29 at 3 COUNTY FAIRGROUNDS | NORTHAMPTON, MA with 220 JURIED ARTISTS & MAKERS. Great Food, Music and More! Show Info+ TICKETS + Discount Coupon.",,,,image,entertainment,95381,2667,434,546.74
enriched_ad_5596,campaign_048,University of Dayton Love Wits,"UD feels like home. Join us at the University of Dayton, where wit and wisdom thrive in an environment that makes you feel right at home.",Join Us,,,image,education,81367,1843,263,846.9
enriched_ad_5597,campaign_016,PATEK PHE PRE,28 Shop Now The watch you want. Now Cchrono24,Shop Now,,,video,ecommerce,56273,775,64,712.64
enriched_ad_5598,campaign_003,John Hancock | Governance,Invest in your future with John Hancock. Discover how governance can shape perspectives and make informed decisions.,Read our Q&A,,,image,ecommerce,63333,1027,104,725.37
enriched_ad_5599,campaign_036,"19 NEW VARIETIES FOR 2023, INCLUDING Seed Savers Exchange",Explore our latest collection with Honey Bee Mixture and CRSERANGE. Discover the best varieties for your garden.,Shop Now,facebook,,image,ecommerce,20025,285,22,308.8
enriched_ad_5600,campaign_003,Free Tarot Reading,Discover your future with this free tarot card picking session. Find answers and guidance through the mystical world of tarot.,Sign Up Now,facebook,,image,entertainment,99481,2245,420,761.49
enriched_ad_5601,campaign_010,CASH & REbate on FUN88,"marcall - Fun88 offers an unlimited weekly cash rebate for first-time users in India, starting from January 2023. Enjoy the benefits of betting with betfair.",,,,image,ecommerce,47994,839,60,526.73
enriched_ad_5602,campaign_016,Recipe for Me,"Discover the ease of creating your own recipes with just three simple steps. Just click 'Continue to Recipe', add our handy extension, and start seeing delicious results!","Click ""Continue to Recipe""",facebook,,image,ecommerce,90487,1487,105,903.76
enriched_ad_5603,campaign_020,Online NanoAcademy,"Atomic Force Microscopy
Live Demos, Webinars and Seminars from AFM experts collected in one place.
Easily join a live session or review on-demand content from home!",,,,video,education,75800,1487,193,902.38
enriched_ad_5604,campaign_018,Uncomfortable Stories About Life and Money,New episodes available. Listen now.,Listen Now,,,image,entertainment,85084,1689,212,441.83
enriched_ad_5605,campaign_044,Work the Way You Want,"ShareFile is designed to be flexible and adaptable, allowing users to customize their experience according to individual needs. Try it out now!",Try Free for 30 Days,,,image,ecommerce,97529,1042,86,1098.3
enriched_ad_5606,campaign_025,**100 FREE BET to 1000 LUCKY PLAYERS EVERY DAY**,1ST TIME IN INDIA UNLIMITED CASH REBATE ON FUN88 EXCHANGE POWERED BY BETFAIR,,,,video,entertainment,58102,1294,186,444.69
enriched_ad_5607,campaign_020,SEE CODES,"3 Easy Steps:
1: Click ""See Codes""
2: Download Shopping Extension
3: Apply Coupon Codes!
Capital One - Shopping",,,,image,ecommerce,68555,1364,120,973.15
enriched_ad_5608,campaign_015,Bring Order to Your IPAM,"Discover micetro, the ultimate solution for managing and organizing your Internet Protocol Address Management (IPAM) with ease. Try it now!",Try for free,,,image,ecommerce,50324,983,77,582.92
enriched_ad_5609,campaign_025,"Find a solution in minutes, not hours.",Get Stack Overflow where you work. Get it free,,,,image,education,88102,1249,98,858.7
enriched_ad_5610,campaign_002,CAPITALIZE ON A GREAT DEAL,LINDSEY You'll Love It At Lindsay,,,,image,entertainment,39809,1113,130,248.74
enriched_ad_5611,campaign_050,LET HEFTY DO THE DISHES,Hefty Everyday Healty Hot Cups Compostable Plates Shop Now Ⓒ2023 Reynolds Consumer Products LLC,SHOP NOW,,,image,ecommerce,70527,995,49,837.83
enriched_ad_5612,campaign_046,Write With Grammarly,It's free to use. Send your emails confidently.,,,,image,education,40145,757,64,479.84
enriched_ad_5613,campaign_027,Don't Overpay For These Walk-In Tubs,Americans under 85 can use these Medicare hacks to get a walk-in tub at no cost. walletgenius.com,,,,image,ecommerce,81164,1384,108,900.65
enriched_ad_5614,campaign_029,Roselinlin Linen Fashion,,Shop Now,,,image,ecommerce,67907,1017,54,917.43
enriched_ad_5615,campaign_044,48th Annual ICNA-MAS CONVENTION,FAITH FAMILY FUTURE SUCCESS IN DIVINE GUIDANCE YOUNG MUSLIMS CONFERENCE QURAN RECITAL COMPETITION MATRIMONIAL EVENT TECHNOLOGY TRACK JUMP & FUN CHILDREN WITH SPECIAL NEEDS 27-29th MAY 2023 CENTER MEMORIAL DAY WEEKEND,,,,image,"ecommerce, saas, education, healthcare, finance, entertainment, travel, food, automotive, real_estate",74528,1261,126,1318.82
enriched_ad_5616,campaign_005,"START","1. Click ""Start"" 2. Add Extension 3. Drag & Drop File! PDFtab.com",Learn More,facebook,,image,ecommerce,97581,1869,124,1625.68
enriched_ad_5617,campaign_030,Kickstarter Starter Edition,Discover the ELEGCO ELEGOO Phecda Laser Engraver with just 20 watts of power for $399.99!!!,,,,image,ecommerce,37728,609,57,381.7
enriched_ad_5618,campaign_035,Prints Benchy in 23min56s with High Quality,"Sovol SVO? Klipper
Early Bird Price - Quantity Limited
ONLY $339$399
after release L
23min56s",Buy Now,,,image,ecommerce,66543,1383,82,797.56
enriched_ad_5619,campaign_046,K1 Flagship - 3D Printer with Speed Rules All,Experience hands-free printing at up to 600mm/s. Auto leveling ensures precision and ease of use.,Buy Now,,,image,ecommerce,35895,495,23,534.26
enriched_ad_5620,campaign_043,HERO WARS,,Try Now,,,image,entertainment,60963,1153,165,317.59
enriched_ad_5621,campaign_027,bitrise,Reduce build times with Bitrise. Release to the App Store faster.,,,,image,ecommerce,49795,582,54,783.73
enriched_ad_5622,campaign_020,Round Two,"SE ARAMCO team series, LEXI Thompson joins RIDA Series II in Florida.",,,,image,entertainment,26664,501,48,216.69
enriched_ad_5623,campaign_018,The Tumi Dad Deserves It,,Shop Gifts,,,image,ecommerce,32542,546,26,494.13
enriched_ad_5624,campaign_038,DAD YOFA TUMI DAD Deserves It,,Shop Gifts,,,image,ecommerce,47129,849,76,754.19
enriched_ad_5625,campaign_027,TUMI DAD DESERVES IT,,Shop Gifts,,,image,ecommerce,91450,1566,87,918.57
enriched_ad_5626,campaign_011,Connect Your Data Silos Wisely,GreenLake by HPE connects your different data silos. Connecting them wisely can lead to better insights and smarter decisions.,Learn more,,,image,ecommerce,73318,1507,77,764.12
enriched_ad_5627,campaign_038,Unlock The Real Japan,A Special Magazine by Nicki Asla Read the Latest Issue Click Here,Click Here,,,image,entertainment,51054,1419,187,306.73
enriched_ad_5628,campaign_014,ALL BRANCHES OF MILITARY ALL DMS EMPLOYEES TUMI LUGGAGE & BAGS,20% OFF MSRP SHOP NOW Authorized patrons only. COAST GUARD EXCHANGE //CGX shopCGX.com FREE SHIPPING OVER $50,SHOP NOW,,,image,ecommerce,60883,870,66,1017.02
enriched_ad_5629,campaign_041,Online Master of Science in Business Analytics,,Get Started Now ►,,,image,education,72400,1494,174,488.49
enriched_ad_5630,campaign_022,SYNTHEGO Precision IPSC CRISPR Editing for Disease Modeling Studies,Precision IPSC CRISPR Editing of IPS cells. Tech Note Download Tech Note,,,,image,"education, healthcare",38790,419,34,416.35
enriched_ad_5631,campaign_024,"The ring is perfect and exactly what I was looking for. Even now, a month later, it dazzles me every",,Shop Now,,,image,ecommerce,69851,1333,66,962.41
enriched_ad_5632,campaign_045,How Far Does $1 Million Go in Retirement?,,Learn More,,,image,finance,30374,413,10,890.65
enriched_ad_5633,campaign_030,Free Worksheets & Games for Grades K-8,"Education.com offers free worksheets and games tailored to each grade level from Preschool through Grade 8. Perfect resources for parents, teachers, or students looking to enhance learning.",Explore Now!,,,image,education,20824,332,42,220.68
enriched_ad_5634,campaign_035,Say GOODBYE to your privacy...,The Digital Dollar is here! FIND OUT WHAT YOU CAN DO BEFORE ITS TOO LATE,LEARN MORE,,,image,ecommerce,91047,1705,82,1562.08
enriched_ad_5635,campaign_004,VetR - RESPIRATORY AID.,Respiratory illness can spread at a rapid rate... don't wait until it's too late!,FIND OUT MORE ▶,,,image,ecommerce,47986,770,48,607.79
enriched_ad_5636,campaign_048,"Yesterday's Endpoint Security, Can't Stop Today's Attacks","Partner with an innovative leader, not a vendor that's falling behind CROWDSTRIKE Modern Endpoint Security Toolkit",,,,image,ecommerce,97341,1191,82,1417.78
enriched_ad_5637,campaign_009,MaryMoody - Chaturbate,Experience the ultimate in adult entertainment with MaryMoody on Chaturbate. Enjoy ULTRA HD LIVE VIDEOS that are sure to captivate your senses.,Join Now and Explore!,chaturbate,,video,entertainment,22413,634,123,201.08
enriched_ad_5638,campaign_021,Convera Expands Internationally,Overcome FX Challenges and Explore New Opportunities in Global Markets.,,,,image,ecommerce,77498,969,76,769.38
enriched_ad_5639,campaign_011,The Watch You Want - Cchrono24,Discover the perfect timepiece with PATEK PHILIPPE. Shop Now for your ideal watch and enjoy our Money Back Guarantee.,Shop Now,,,video,ecommerce,29143,569,43,336.47
enriched_ad_5640,campaign_032,XRP LEDGER LEARN,Interested in web3? Learn crypto coding basics Access Free Course P,,,,image,education,50703,1221,155,575.53
enriched_ad_5641,campaign_020,Mosaic,"See who's working on what, when. Start Your Free Trial.",Start Your Free Trial,,,image,ecommerce,56155,639,33,745.56
enriched_ad_5642,campaign_008,Talon.One,Save thousands of dev hours building in-house promotions capabilities. Integrate with Talon.One instead Get developer access.,,,,image,ecommerce,63726,977,92,795.54
enriched_ad_5643,campaign_011,Talon.One,"Focus on your core product while we take care of your promotions. Talon.One: API-first, flexible and scalable Get developer access.",,,,image,ecommerce,82159,1088,106,1141.28
enriched_ad_5644,campaign_037,Live your best life. ULTIMATE TOYS,,Learn More,,,image,entertainment,83376,1923,349,672.12
enriched_ad_5645,campaign_031,Journey to A Place Where Driving Is An Art Form,"Club Track, Track Long, 350 C63.80p/ Change, Turn 22, Turn T, Learn More, Tank, Flatrock Motorclub | Tennessee MK MOTORCLUB FLATROCK",Learn More,,,image,entertainment,29076,742,123,193.73
enriched_ad_5646,campaign_010,Camp Job Finder,"Search for your perfect job at our Summer Camp. Whether you're looking to join us as an instructor, volunteer, or just want some adventure in the great outdoors.",Join Us Today!,facebook,,image,ecommerce,59382,858,80,748.61
enriched_ad_5647,campaign_009,"Low Bo","BlackPlanet The Original is back. Download Now! Download on the App Store GET IT ON Google Play",Learn More,facebook,,video,ecommerce,24189,415,34,407.37
enriched_ad_5648,campaign_044,Magnesium 7 Complete Full-Spectrum Daily,"Organixor Magnesium 7 is an organic magnesium supplement that provides complete full-spectrum daily support. It contains no fillers, binders or artificial ingredients and comes in convenient Veggie Caps.",BUY NOW,,,image,ecommerce,62038,1053,53,1070.74
enriched_ad_5649,campaign_027,"Your first trade. Up to $1,000!","On us. Open and fund an account with as little as $2,500 and get your first trade worth up to $1,000 on us! BROKERAGE BENZINGA OPTIONS TRADING Jptions A",,,,image,ecommerce,73091,1158,103,1300.13
enriched_ad_5650,campaign_042,By Well+Good,Sponsored by Our Partners How To Tweak Your Eczema-Care Routine Based on the Season Read More,,,,image,healthcare,59961,759,33,873.95
enriched_ad_5651,campaign_043,Meat All Dogs Should Avoid,Top Vet explains one mistake dog owners make that could be shortening your pet's lifespan.,,,,image,ecommerce,59727,947,85,846.54
enriched_ad_5652,campaign_047,"SOLVE MY TASK","1. Press the button 2. Upload your task 3. Get solution",Learn More,facebook,,image,ecommerce,89549,1221,99,1123.5
enriched_ad_5653,campaign_010,CAPITAL ONE SHOPPING,Discover exclusive promo codes with our browser extension. Find the best deals and save money effortlessly.,Try it now!,facebook,,image,ecommerce,84372,914,59,1376.28
enriched_ad_5654,campaign_036,2023 COMPACT SUV,cars.com CHALLENGE Six Contenders. Only 1 Champion. See the scores,,,,image,automotive,28610,398,11,492.01
enriched_ad_5655,campaign_005,Turn Off All Ads,,Block Ads Now,,,image,ecommerce,91111,1094,89,1564.94
enriched_ad_5656,campaign_044,Lansweeper - IT Asset Scanning,Discover the power and convenience with Lansweeper's new offering. Enjoy unlimited scanning for your entire organization over just 14 days.,Get Started Today!,facebook,,image,ecommerce,60029,1069,75,827.08
enriched_ad_5657,campaign_026,"FISHER INVESTMENTSⓇ","WHEN TO RETIRE: A GUIDE FOR INVESTORS WITH $500K",Learn More,facebook,,image,ecommerce,72519,870,69,1110.83
enriched_ad_5658,campaign_046,Christopher & Banks Exclusive Patterns,"Missy, Petite Women - Flattering Styles with Captivating Hand-Crafted Prints from Christopher and Banks.",,,,image,ecommerce,89746,1077,100,1597.71
enriched_ad_5659,campaign_003,Visit Uptown Charlotte,Take a break from 'the usual' and explore new experiences in the heart of downtown.,Explore Now!,,,image,"entertainment, travel",79994,1429,107,890.99
enriched_ad_5660,campaign_021,Plan Your Visit UPTOWN,,,,,image,entertainment,42279,666,109,248.7
enriched_ad_5661,campaign_013,PAT ROBERTSON'S THE SHEPHERD KING,The Life of David GET YOUR AUDIOBOOK,,,,image,entertainment,25603,496,58,166.72
enriched_ad_5662,campaign_028,FREEBIES & DEALS,Save BIG on the stuff you need the most. GET DEALS S P O J,,,,image,,88272,1535,147,1116.81
enriched_ad_5663,campaign_025,The TOEFL iBT Test An even better experience Take the test IN LESS THAN 2 HOURS! Register NOW ETS TO,,Register Now,,,image,education,70215,1313,163,719.18
enriched_ad_5664,campaign_037,PROFICIENCY meets EFFICIENCY Take the World's Premier English-Proficiency Test,Take the world's premier English-proficiency test in less than 2 hours! Register Now ETS TOEFL iBT.,Register Now,,,image,education,75757,1466,108,560.83
enriched_ad_5665,campaign_022,Zakl Grocery Worker's Appreciation Fund,,,,,image,ecommerce,35521,567,40,578.68
enriched_ad_5666,campaign_005,Provider Solutions & Development | Recruitment Reimagined,Matches Made to Last. Find and Hire the Right Physicians for Your Organization.,Partner With Us,,,image,ecommerce,35874,491,25,615.56
enriched_ad_5667,campaign_007,Get Started with WashU at Brookings,"Gain insider insights and knowledge directly from the experts. Explore opportunities, resources, and connections that can help you advance your career or academic pursuits.",Explore Now!,,,image,education,39366,866,107,323.23
enriched_ad_5668,campaign_018,The World's Best Selling Pods & Office Phone Booths,Get your quote at framery.,GET A QUOTE,,,image,ecommerce,94287,1682,160,1133.48
enriched_ad_5669,campaign_014,The World's Best Selling Pods & Office Phone Booths,Get your quote today at framery.,GET A QUOTE,,,image,ecommerce,61014,1134,76,961.54
enriched_ad_5670,campaign_030,How to Set Up Foundry to Test Smart Contracts on Hedera,Learn how you can easily set up and test smart contracts using the powerful tools provided by Hedera.,,,,image,education,22114,289,36,237.88
enriched_ad_5671,campaign_038,Start Learning How to Set Up Foundry for Smart Contracts,Discover the essentials of setting up and testing smart contracts with our comprehensive guide on using Foundry. Perfect your skills in blockchain development today!,Learn More,facebook,,image,education,58691,1451,126,572.54
enriched_ad_5672,campaign_041,Call All Who Code,"Developers, take our Survey!",Take The Survey,,,image,ecommerce,30771,584,38,329.23
enriched_ad_5673,campaign_043,Custom Pins,"Free Design - Free Shipping
1973
PLANO
BORS
BOTH DIG
gs-jj.com",,,,image,ecommerce,46691,652,45,548.1
enriched_ad_5674,campaign_032,ANTHROPOLOGIE,(laps in the Bright Sich OPEN),,,,image,entertainment,81600,2217,318,419.83
enriched_ad_5675,campaign_046,Shop Your Cat Dealership Online,Cat Dealer on your schedule. Coolant Extender for extended life.,Shop Now,,,image,ecommerce,37225,522,29,488.36
enriched_ad_5676,campaign_023,FRIDAYS al FRESCO,"4:30-8:30PM, DMA Patio on Eagle Family Plaza
800 Dallas
MUSEUM OF ART Enjoy drinks, food, games,
and music! Visit dma.org",,,,image,entertainment,96102,2013,190,737.86
enriched_ad_5677,campaign_047,Frida Kahlo Art Exhibit,Visit the Dallas Museum of Art for an exclusive Frida Kahlo exhibit this Friday. Experience her vibrant and emotional paintings from 4:30 PM to 8:30 PM at DMA Patio on Eagle Family Plaza.,Grab your tickets now!,,,image,entertainment,93694,1577,295,621.21
enriched_ad_5678,campaign_034,Our Patio Open Fri-Sat,"Enjoy drinks, food, games, and music! DMA Patio on Eagle Family Plaza. DALLAS MUSEUM OF ART dma.org",,,,image,entertainment,47720,1115,196,359.73
enriched_ad_5679,campaign_015,CBTnuggets,"On-demand, IT training. Make IT happen.",,,,image,education,40418,996,116,483.37
enriched_ad_5680,campaign_032,Madame Butterfly,"BY GIACOMO PUCCINI
100 SAN FRANCISCO YEARS OPERA ON STAGE JUNE 3-JULY 1, 2023 GET TICKETS",,,,image,entertainment,30404,447,63,255.08
enriched_ad_5681,campaign_011,Madame Butterfly,"BY GIACOMO PUCCINI
100
SAN FRANCISCO YEARS
OPERA
overall on stage June 3-July 1, 2023 GET TICKETS",,,,image,entertainment,72569,1946,333,400.69
enriched_ad_5682,campaign_022,Free Expert-Led Python Course,Join our on-demand platform and start learning expert-led python courses today. Enjoy FREE access for the first 30 days with code 'STACK'. Get started now!,Get Started Today,facebook,,image,education,52073,1270,124,486.91
enriched_ad_5683,campaign_035,See World War II from a Whole New Perspective,Search now ancestry,,,,image,,44207,920,64,487.73
enriched_ad_5684,campaign_033,MarketScreener Premium,Follow our Three Outperforming Portfolios In real time,,,,image,ecommerce,28714,341,28,365.39
enriched_ad_5685,campaign_044,Who's Targeting You? CROWDStrike Read The Latest Cybersecurity Trends,Global Threat Report for the year 2023.,,,,image,ecommerce,63850,1095,61,819.63
enriched_ad_5686,campaign_026,Sotheby's,19th Century Works of Art FEATURING THE BUTKIN COLLECTION NEW YORK 17-24 MAY LEARN MORE,,,,image,ecommerce,43594,813,74,740.99
enriched_ad_5687,campaign_031,"FAN","ESSENTIALS NHLSHOP.COM A Fanatics Experience C SHOP NOW",Learn More,facebook,,image,ecommerce,74157,1254,72,1027.03
enriched_ad_5688,campaign_021,Let's Talk WordPress and Web Design for Your Law Firm,"Get started with designing your law firm's website using our professional services tailored specifically to meet the unique needs of legal professionals. Our team specializes in creating visually appealing, user-friendly websites that reflect professionalism while ensuring compliance with industry s",Get Started,,,image,ecommerce,55618,877,84,891.67
enriched_ad_5689,campaign_045,Utility Division Grasping,MOOSE ATV/UTV OFFROAD TIRES WITHSTAND THE MOST RIGOROUS CONDITIONS. Experience unmatched durability and performance with our rugged tires designed for the toughest terrains.,,,,image,ecommerce,66270,1350,139,679.57
enriched_ad_5690,campaign_048,Stack Overflow for Teams,Quit scouring clunky wikis. Find solutions faster.,Get it free,,,image,ecommerce,63912,1081,54,670.77
enriched_ad_5691,campaign_010,Indeed - Build Your Career in Software Engineering,"Explore opportunities to advance as an Engineer specializing in Cloud, Python/Machine Learning, and DevOps with expertise in Kubernetes. Start searching now.",Start Searching,,,image,ecommerce,99000,1181,67,1229.34
enriched_ad_5692,campaign_023,MOVADO $100 Off Select Movado Watches,,Shop Now,,,video,ecommerce,22788,333,25,355.54
enriched_ad_5693,campaign_050,McAlister's Delis Made Fresh,,Order Now,,,image,ecommerce,50410,1052,93,611.34
enriched_ad_5694,campaign_007,Discover Best Sellers and Top Picks,"Find the latest amazon books that are trending right now. Get your hands on GRL, Hir, HIP among other top picks.",Shop Now,amazon,,image,ecommerce,87697,1457,148,927.69
enriched_ad_5695,campaign_002,INSIDER One-Month Trial,Get an insider's experience with our exclusive one-month trial. Enjoy premium features and services at just $1.,TRY FOR $1,,,image,ecommerce,83698,972,60,1202.7
enriched_ad_5696,campaign_031,Joe Picketts New Season Now Streaming Exclusively on Paramount+,Try Joe Picketts new season for free with promo code: PICKETT.,TRY IT FREE,instagram,,video,entertainment,53108,1259,231,376.04
enriched_ad_5697,campaign_007,ACCESS THE HIGHEST CONCENTRATION OF ENGINEERING TALENT AND SKILLED TRADES.,MICHIGAN PURE OPPORTUNITY DISCOVER MORE,,,,image,"education, healthcare, finance, entertainment, travel, food, automotive, real_estate",75832,1021,103,1362.23
enriched_ad_5698,campaign_023,Pearl Izumi The Time Is Now,New Road Arrivals for Spring 123 Shop New Arrivals,Shop New Arrivals,,,image,ecommerce,29134,527,34,436.91
enriched_ad_5699,campaign_025,Try Snapshot®,"The better you drive, the more you could save. Get a quote PROGRESSIVE",,,,image,ecommerce,51555,932,61,530.64
enriched_ad_5700,campaign_007,Keep heading in the right direction.,Start saving today. T. Rowe Price COLLEGE SAVINGS PLAN Open an account Offered by The Education Trust of Alaska,,,,image,education,40880,750,108,278.23
enriched_ad_5701,campaign_026,Free Tumbler with Every Membership Purchase,+Unlimited Shooting Sign Up Range USA +USA,,,,image,ecommerce,91012,1813,100,1466.58
enriched_ad_5702,campaign_013,Maybelline New York Foundation,"Discover the new Matte+Poreless foundation by Maybelline. Perfect for achieving flawless, natural-looking skin.",Buy Now,,,image,ecommerce,87546,1683,81,1044.87
enriched_ad_5703,campaign_008,Summer Collection at Maurices,Shop Sizes from 0 to 24 for your summer wardrobe essentials.,SHOP NOW,,,image,ecommerce,28387,376,37,505.37
enriched_ad_5704,campaign_039,Explore Minnesota,,,,,image,travel,92645,1305,59,1630.51
enriched_ad_5705,campaign_050,Circle,Week coming July 9-15 TM,Learn More,,,image,entertainment,94636,1943,282,704.43
enriched_ad_5706,campaign_018,That's What U.S. Bank Is For,US BANK We'll Get There Together. LENDER Equal Housing Lender. Member FDIC.,,,,image,finance,24218,202,6,509.74
enriched_ad_5707,campaign_031,FLONGER - FLEX 5,"Lasting Pleas, Titanium Blades. Flexible blades that last so you don't have to worry about replacing your paycheck.",SHOP NOW,,,image,ecommerce,93869,1834,135,1367.83
enriched_ad_5708,campaign_043,Watch your savings grow with American Express,"Learn More about earning more money through our High Yield Savings Account at the American Express National Bank, Member FDIC. Terms apply.",EARN MORE,,,video,finance,20669,351,15,511.67
enriched_ad_5709,campaign_037,Tickets Available,Starting at $39 for August 4th to June. Experience the thrill of NASCAR and International Speedway in Michigan.,Buy Now,,,image,entertainment,30803,672,121,225.45
enriched_ad_5710,campaign_026,How They Got Here,A series on the innovations that made everyday life more sustainable.,,,,image,entertainment,83000,1207,211,498.4
enriched_ad_5711,campaign_045,Get More Out of Your I-Ready,Discover the power of magnetic reading with our innovative i-Ready learning platform. Explore how Magnetic Reading can transform your educational experience.,,,,image,education,42307,544,75,359.77
enriched_ad_5712,campaign_050,Finance Automation,That puts you in charge.,Learn More,,,image,finance,22344,175,8,517.69
enriched_ad_5713,campaign_027,The Design Desk,"Crate & Barrel offers an exclusive range of design products that cater to your unique style. Whether you're looking for home decor, fashion accessories or beauty essentials, Crate & Barrel has something special just waiting for you.",Shop Now,,,image,ecommerce,67672,1155,58,718.73
enriched_ad_5714,campaign_017,The Elder Scrolls - ONLINE,"-ONLINE. PLAY NOW
Ⓒ2023 ZENIMAX MEDIA INC.",,,,video,entertainment,98326,2744,486,619.28
enriched_ad_5715,campaign_004,Days That Delight,Bring the fam to Detroit for an unforgettable experience. Visit and enjoy!,,,,image,entertainment,65477,1078,201,552.65
enriched_ad_5716,campaign_002,OPEN A HIGH YIELD SAVINGS ACCOUNT,Member FDIC Terms Apply AM EX LEARN MORE ,,,,image,finance,99705,852,35,2631.58
enriched_ad_5717,campaign_024,PRIUS - Vehicle Shown With Options,Discover the latest in electric vehicles. PRIUS offers an array of stunning features and customizable options to suit your needs.,Shop Now,facebook,,image,automotive,77035,1256,30,1398.6
enriched_ad_5718,campaign_050,Discover Spinraza,An innovative treatment for US audiences. ©2020 Bogen All rights reserved.,,,,image,ecommerce,36919,550,55,478.69
enriched_ad_5719,campaign_002,Extreme with Very Special Guest,AUG 17 at Hard Rock Live in Northern Indiana featuring Living Colour.,BUY TICKETS,,,image,entertainment,93799,1545,145,719.03
enriched_ad_5720,campaign_020,Missing in Stage II Treatment,"Is something missing in the treatment of stage II (NO, N1)? HR+/HER2-eBC? NOVARTIS. Date: 11/22 248085-1.",,,,image,healthcare,47568,882,42,851.21
enriched_ad_5721,campaign_002,PERFECT LAUNDRY PAIR REBATE OFFER,Save $100* via online rebate when you bundle eligible LG Front Load Washer and Dryer appliances. *Terms and conditions apply. Subject to availability See details ot LG-Promos.com/frontload523 Volid 5/4/23-7/19/23 SAVE NOW,SAVE NOW,,,image,ecommerce,88554,1278,99,1171.59
enriched_ad_5722,campaign_031,TOYOTA CROWN LET'S GO ROLLING,,,,,image,automotive,79943,1196,29,1081.48
enriched_ad_5723,campaign_024,Certified by Volvo,The Volvo S60 Get a limited time offer today VIEW INVENTORY,,,,image,ecommerce,91515,1867,187,1417.02
enriched_ad_5724,campaign_034,PS5 FINAL FANTASY XVI OUT NOW,"PlayStation Family Mark, PlayStation, PSS Lage and Play Has No Limits are registered trademarks of Sony Interactive Entertainment Inc. © 2023 SQUARE ENIX CO., LTD. All Rights Reserved.",,,,video,entertainment,34363,1066,204,211.78
enriched_ad_5725,campaign_032,Support the Trevor Project,We're dedicated to helping LGBTQ young people in crisis. Our team is available around-the-clock through phone calls and online chats.,Donate Now,,,image,nonprofit/charity,66257,972,94,1039.06
enriched_ad_5726,campaign_023,SERAPHIM INTERSOLAR EUROPE 2023,"""GLOBAL PV MARKET OUTLOOK"" PRESENTATION 14 Jun 14:45PM (Munich Time) Jenny Chase BNEF Solar Specialist, Booth A1.460.",,,,image,ecommerce,31298,601,60,445.77
enriched_ad_5727,campaign_023,Western Foodservice & Hospitality Expo,"AUGUST 6-8, 2023 | ANAHEIM, CA Where the restaurant and foodservice community gathers for PRODUCTS NETWORKING EDUCATION Details at WesternFoodexpo.com REGISTER WITH CODE QSR TO SAVE $15!",REGISTER WITH CODE QSR TO SAVE $15,,,image,ecommerce,46764,562,41,635.48
enriched_ad_5728,campaign_042,CARBONE LAWYERS,Hearing from your Lawyer Lately?,,,,image,law & legal services,62005,1175,98,599.31
enriched_ad_5729,campaign_050,The Strongest Play is Asking For Help,Score points for mental wellness here. RAIDERS Intermountain Healthcare.,,,,video,healthcare,28481,670,46,737.92
enriched_ad_5730,campaign_034,Save Up To 35% Off Base Rates,"Golf Canada Members, save up to 35%. off base rates with PAY NOW. AWD # S662200.* *Terms apply.",RESERVE NOW,,,image,ecommerce,61673,948,89,967.61
enriched_ad_5731,campaign_027,Four Stroke Turbo Header Muffler and Adapters,,,,,image,ecommerce,45382,542,36,517.38
enriched_ad_5732,campaign_023,Cavitron Ultrasonic Scaling,REMOVES 50% MORE active biofilm than hand scaling alone* When equal strokes applied in an in-vitro study. Abstract which has been reviewed and presented at IADR Learn More Dentsply Sirona,,,,image,ecommerce,40037,757,53,391.05
enriched_ad_5733,campaign_028,RealClear Media Fund,"A GIFT FOR OUR DISCERNING READERS Unum free digest from RealClear, dedicated to independent coverage of the most pressing political, economic & cultural issues of our time.",GET YOUR FREE COPY NOW,,,image,ecommerce,81554,1512,91,972.53
enriched_ad_5734,campaign_032,Enjoy All the Best From Cooking Light,"Discover all you need for your kitchen with our exclusive collection. Whether you're looking to bake, cook or grill, we've got everything covered.",Start Today,,,image,ecommerce,38211,725,55,458.4
enriched_ad_5735,campaign_009,Combat Elite,Colt Datengenerer is still making history.,,,,image,ecommerce,94604,1683,106,1252.33
enriched_ad_5736,campaign_013,RECORD EAGLE,"FISHING PHOTO CONTEST
PRESENTED BY Jay's
SPORTING GOODS
CLICK HERE TO SUBMIT YOUR PHOTO FOR YOUR CHANCE TO WIN A $100 GIFT CARD FROM JAY'S OR DOWNTOWN TC
GIFT CARDS!",Click Here to Submit Your Photo,,,image,ecommerce,67722,1034,68,875.79
enriched_ad_5737,campaign_041,RECORD EAGLE,"FISHING PHOTO CONTEST
PRESENTED BY Jay's Sporting Goods
CLICK HERE TO SUBMIT
YOUR PHOTOS FOR YOUR CHANCE TO WIN A $100 GIFT CARD FROM Jay's or Downtown TC Gift Cards!",Click Here to Submit Your Photo,,,image,ecommerce,94833,1009,61,927.73
enriched_ad_5738,campaign_039,"RECORD EAGLE","FISHING PHOTO CONTEST PRESENTED BY JAY'S SPORTING GOODS CLICK HERE TO SUBMIT YOUR PHOTO FOR YOUR CHANCE TO WIN A $100 GIFT CARD FROM JAY'S OR DOWNTOWN TC GIFT CARDS!",Learn More,facebook,,image,ecommerce,50065,573,58,796.34
enriched_ad_5739,campaign_028,Estec Where Restaurants And Tech Connect,"September 13-15, 2023 Hilton Anatole Dallas, TX",,,,image,entertainment,89793,1738,307,616.89
enriched_ad_5740,campaign_043,CRAFT YOUR COCKTAILS & MOCKTAILS WITH ORIGIN SPARKLING SPRING WATER,"*Drink responsibly. Please be aware of your surroundings.
2023 BlueTriton Brands, Inc.",,,,image,ecommerce,29104,356,26,292.22
enriched_ad_5741,campaign_046,Is Your Merchandising Strategy Customer-Centric?,Learn the 5 most important steps to get started.,> Get the Guide,,,image,ecommerce,54434,653,56,975.12
enriched_ad_5742,campaign_017,"Christian, Real Demodex Blepharitis Patient & Ophthalmologist",,,,,video,healthcare,53408,736,41,1255.52
enriched_ad_5743,campaign_032,SEW ENGL LOOKING FOR NEW ENGLAND REVOLUTION TICKETS?,YOU'LLSCORE AT TICKETMASTER,BUY TICKETS,,,image,entertainment,21915,332,52,115.91
enriched_ad_5744,campaign_025,THESE INNOVATIVE AR-15 BARRELS OFFER PERFORMANCE AND VALUE,,LEARN MORE,,,image,ecommerce,98337,1503,145,1499.32
enriched_ad_5745,campaign_014,INVEST IN YOURSELF WITH AN ICP CERTIFICATION,Get certified with the American Petroleum Institute (API) to enhance your professional credentials. Explore our comprehensive range of individual certifications and programs tailored for industry professionals.,APPLY TODAY,,,image,education,74134,956,94,490.4
enriched_ad_5746,campaign_029,Vote for Your Favorites,,,,,image,,40032,627,36,622.98
enriched_ad_5747,campaign_020,Best of San Antonio,,,,,image,entertainment,28108,765,85,182.6
enriched_ad_5748,campaign_022,Fisher Greene - WKEYSTONE® Insurance Agency,"Providing quality insurance and excellent service at competitive prices since 1914. Granite Quarry, Salisbury.",,,,image,ecommerce,40037,616,32,488.35
enriched_ad_5749,campaign_014,$3 OFF on your first online order of $15 or more at CAGNEY'S KITCHEN,"CAGNEY'S KITCHEN - THE NEIGHBORHOOD'S BEST KEPT SECRET
215 N Salisbury Ave, Granite Quarry (Located beside GQ Police Station)
(980) 332-0220
cagneyskitchen.com",,,,image,ecommerce,67436,819,69,897.8
enriched_ad_5750,campaign_030,Discover Caves with Kayak,Explore hidden gems and unique caves around the world. Discover new adventures in nature.,Book Now,facebook,,image,travel,88905,1912,115,1062.54
enriched_ad_5751,campaign_006,Spark Your Curiosity with Fleet Membership,SAVE $10 USE CODE 23DM000 TO JOIN THE FUTURE OF TRANSPORTATION AND TECHNOLOGY AT FLEET SCIENCE CENTER. SPARK YOUR CURIOSITY WITH A FLEET MEMBERSHIP.,JOIN TODAY,,,image,ecommerce,50055,767,75,778.33
enriched_ad_5752,campaign_014,Free Certification Courses!,"Earn your C, Java, Python certifications for free. Jumpstart your career with our comprehensive courses.",Get Started Now,,,image,education,87259,1937,153,644.72
enriched_ad_5753,campaign_030,IFAM 2023 International Folk Art Market,"The official guide for the IFAM 2023. Coming Sunday, June 25 at Santa Fe New Mexican.",Don't forget to pick up your copies inside Santa Fe New Mexican!,,,image,entertainment,60454,909,124,499.81
enriched_ad_5754,campaign_041,Invest529 - Grow Your Savings,Get started with investing and save money faster. Earn up to $100 in bonuses just for signing up.,$2 Learn More,,,image,ecommerce,89991,1531,158,1364.88
enriched_ad_5755,campaign_042,Invest Grow your savings,529 with a $100 bonus Learn more,,,,image,education,95402,2403,248,663.71
enriched_ad_5756,campaign_037,SC Cloud Security,"The most current articles, analysis and research involving cloud security.",,,,image,ecommerce,29173,526,41,434.52
enriched_ad_5757,campaign_004,SC Identity,Weekly insights and best practices to help security teams strengthen their IAM programs.,SIGN UP TODAY,,,image,ecommerce,37325,702,36,440.19
enriched_ad_5758,campaign_031,SC Identity - Weekly Insights for Security Teams,"Email Newsletter providing weekly updates on security, identity management (IAM), and the latest industry best practices to help your team stay ahead.",Sign up now!,,,image,ecommerce,40903,487,41,723.82
enriched_ad_5759,campaign_028,GALWAY FILM FLEAH,"IRELAND'S LEADING FILM FESTIVAL
35th GALWAY FILM FLEADH
11-16 JULY 2023 WWW.GALWAYFILMFLEADH.COM",,,,image,entertainment,65076,1734,322,548.03
enriched_ad_5760,campaign_008,The Call for Projects Is Open,"AUDIOVISIVO MIA MERCATO INTERNAZIONALE Roma, October 9-13 ANIMATION - DOC - DRAMA - FILM",,,,image,entertainment,76133,1360,241,563.97
enriched_ad_5761,campaign_010,Reward Your Inner Explorer with Skymiles,SkyMiles Program rules apply. ADELTA SkyMiles Join for Free >,,,,image,entertainment,24946,432,78,121.58
enriched_ad_5762,campaign_013,TD Follow Us,,,,,image,,69797,1431,99,890.89
enriched_ad_5763,campaign_047,CISO FORUM,"VIRTUAL SUMMIT An Exclusive Executive Forum Focused on Cybersecurity Leadership and Strategy June 13-14, 2023 REGISTER NOW SECURITYWEEK CECEMS, INSINTSAN",REGISTER NOW,,,image,education,56615,840,85,620.46
enriched_ad_5764,campaign_018,Activated Your Purpose,Regent University offers an enriching experience to help you achieve your goals and fulfill your potential. Discover the opportunities that await at Regent.,Learn More,,,image,education,94313,1702,234,1118.07
enriched_ad_5765,campaign_034,orchidromance,,TAP TO BROWSE,,,image,,47148,862,68,462.19
enriched_ad_5766,campaign_022,Shop Now > UP TO 70% OFF,,Shop Now > UP TO 70% OFF,,,image,ecommerce,68836,929,76,1106.56
enriched_ad_5767,campaign_034,"For the Future, It's Time",Join Us Today and Be Part of Something Bigger.,Join Now!,facebook,,image,ecommerce,83735,1213,97,1169.54
enriched_ad_5768,campaign_038,New Platinum 3G,Experience the ultimate in audio quality with our NEW Platinum 3G. Perfect for those who demand superior sound and seamless connectivity.,Shop Now,facebook,,image,ecommerce,24752,443,42,342.0
enriched_ad_5769,campaign_022,TAMRON - 150-600mm,[For Sony and Fujifilm] $200 INSTANT SAVINGS,,,,image,ecommerce,99778,1542,112,1046.94
enriched_ad_5770,campaign_049,Shop Tamron Telephoto Lenses Now,,SHOP TAMRON TELE LENSES NOW ►,,,image,ecommerce,42768,896,54,590.9
enriched_ad_5771,campaign_025,TAMRON 150-500mm Di III VC VXD,[Model A057 for Sony and Fujifilm] AD Ce $200 INSTANT SAVINGS ►,,,,image,ecommerce,93100,1528,75,1062.63
enriched_ad_5772,campaign_017,Non-Credit Online Sessions Starting Soon!,The Catechetical Institute at Saint Charles Borromeo Seminary offers non-credit online sessions starting in July. Register now to get started.,Register Now,,,image,education,59901,881,69,512.06
enriched_ad_5773,campaign_002,THE SUMMER PARTY,SALT CITY WINE & DINE Aug. 19 | La Caille 21+ EVENT VENDORS VIP EXPERIENCES LIVE ENTERTAINMENT WITH NIGHT CONCERT GET TICKETS >> Vida lok Yoko lamen,>>,,,image,"entertainment, food and drink",28489,368,36,512.2
enriched_ad_5774,campaign_029,THE SUMMER PARTY,SALT CITY WINE & DINE Aug. 19 | La Caille VENDORS VIP EXPERIENCES LIVE ENTERTAINMENT WITH NIGHT CONCERT GET TICKETS > SA Vok,> Get Tickets Now!,,,image,"entertainment, food and beverage services",62224,1196,89,632.59
enriched_ad_5775,campaign_050,Search for Speakers?,Compare Before You Buy,,,,image,ecommerce,34663,367,33,608.4
enriched_ad_5776,campaign_032,The Heart of Asia,"Welcome to Taiwan! NT$5,000 Terms and Conditions Apply Rewards Await!",,,,image,ecommerce,76446,1588,142,1230.13
enriched_ad_5777,campaign_009,AMERICAN QUEEN,Voyages™ Experience the Wonder of North America’s Most Iconic Waterways Learn More AMERICAN QUEEN,LEARN MORE,,,image,entertainment,85599,1367,220,728.93
enriched_ad_5778,campaign_050,Hawaii Rehas Experience True Healing,,(808) 725-2350,,,image,healthcare,51363,703,52,1137.8
enriched_ad_5779,campaign_018,EGETA JUMP ON THE NEW SEASON!,"REGISTER NOW! PREMIER CUP August 18-20, 2023 U9-U19 Boys & Girls",,,,image,entertainment,75473,1805,245,401.47
enriched_ad_5780,campaign_034,Premita Loudoun Premier Cup,,,,,image,entertainment,65836,1779,162,348.81
enriched_ad_5781,campaign_020,Helping Your Business Grow,How can we help you? EXCHANGEBANK.COM > Member FDIC NMLS ID 643948 EB Exchange Bank,,,,image,ecommerce,35605,557,50,403.28
enriched_ad_5782,campaign_028,Ferrari-Carano,"Your table awaits you.
Kandy
Resor Open daily. Reserve Now",Reserve Now,,,image,ecommerce,21880,374,33,346.42
enriched_ad_5783,campaign_015,Roth Estate Adults at Play,First Fridays of the Month Join The Fun,,,,video,entertainment,38385,1360,214,267.37
enriched_ad_5784,campaign_026,Subscribe and Save,"Print | Desktop
Phone / Tablet
+ Bonus PDF
Sound on Sound
Studio Business
NE
Auto",,,,image,ecommerce,92295,1902,176,1634.61
enriched_ad_5785,campaign_034,Abbott TO FIND A PAIN SPECIALIST NEAR YOU,,CLICK HERE,,,image,healthcare,66400,745,53,1682.64
enriched_ad_5786,campaign_022,Show Your Love for Ocean,Take the pledge to eat sustainably. MSC www.wh... CHOOSE CERTIFIED SUSTAINABLE SEAFOOD,,,,image,ecommerce,44128,735,41,586.21
enriched_ad_5787,campaign_035,Book Now & Save 20%,,Book now & save 20%,,,image,ecommerce,78914,1256,63,1170.33
enriched_ad_5788,campaign_003,Daily Phonetic News Insights,"Stay updated with Sports Pro's daily phonetic news insights, including analysis and modifications. Sign up to get exclusive content.",Sign Up Now,facebook,,image,entertainment,41903,919,138,334.54
enriched_ad_5789,campaign_040,Sport for Good,Championing the brands making a positive impact through sport. Nominations close July 21st.,NOMINATE NOW,,,image,ecommerce,35129,436,31,354.76
enriched_ad_5790,campaign_047,Whose TEXT UNCLE LARRY (415) 548-9135,LARRY'S MARKET RUN 2023 WORLD TOUR NORTH AMERICA WITH MONROE FLOW & DVME JUNE 27 THE FILLMORE SILVER SPRING LIVE NATION,,,,image,entertainment,44972,1183,187,256.2
enriched_ad_5791,campaign_016,LARRY'S MARKET RUN WORLD TOUR,2023 Whose TEXT UNCLE LARRY (415) 545-0125 NORTH AMERICA LIVE NATION WITH MONROE FLO FLOW ADVE JUNE 27 THE FILLMORE SILVER SPRING,,,,image,entertainment,38626,568,53,249.38
enriched_ad_5792,campaign_030,LARRY'S MARKET RUN WORLD TOUR,2023 LIVE NATION ATM WITH MONROE FLOW & DVME JUNE 27 THE FILLMORE SILVER SPRING WHOSE 9 TEXT UNCLE LARRY (415) 548-9125 NORTH AMERICA,,,,image,entertainment,69432,1664,287,492.62
enriched_ad_5793,campaign_023,AudioVectors Handmade,"Audiovectors are handmade instruments crafted with precision and passion. Since its inception in Denmark back in 1979, AudioVectors has been dedicated to producing high-quality stereophile audio equipment that meets the most demanding standards.",Discover More,,,image,ecommerce,46353,738,47,644.78
enriched_ad_5794,campaign_042,Click Here to See Available Jobs in Summit County and Beyond!,Colorado Mountain Jobs,,,,image,employment,61379,897,82,897.93
enriched_ad_5795,campaign_042,37th ANNIVERSARY Sentimental Journey,"2023 A Family-Oriented Fly-In William T. Piper Airport, Lock Haven, PA 17745 (LHV). Tue., June 20 - Sat. June 24, 2023 Gates Open 9:00 am - 10:00 pm daily, Free admission after 5pm, and all day Saturday.",,,,image,travel,68623,1121,75,872.52
enriched_ad_5796,campaign_038,*WIN A SET OF SPORT MAXX*,S FECAR *T&Cs apply SAFETY C STICK WITH Dunlop ENTER NOW,,,,image,automotive,51220,917,27,1080.27
enriched_ad_5797,campaign_047,✯Innovation ✯,Get up to 50% off on Ableton Live Suite. Get the latest features with an upgrade.,Shop Now,,,image,ecommerce,36788,572,53,415.71
enriched_ad_5798,campaign_030,advertise on syracuse.com,syracuse.com is number one newspaper website in the USA. Check out our 2017 Nielsen Penetration Report.,,,,image,ecommerce,75660,883,47,1051.46
enriched_ad_5799,campaign_044,City of South Lake Tahoe Parade,"Join us for the City of South Lake Tahoe July 3 parade! Experience vibrant floats, music and community spirit. Don't miss out on this exciting event happening at 9 AM.",Shop Now,,,image,entertainment,34118,655,64,172.23
enriched_ad_5800,campaign_049,"Sunday, July 16 Noon - 4 p.m. Florida State Fairgrounds",Featuring the BRIDAL ared's top wedding SHOW professionals Presented by Tampa Bay Times $5 Admission,,,,image,entertainment,81096,1224,141,427.17
enriched_ad_5801,campaign_027,Brat Show at Tampa Bay,"Tampa Bay's Brat show is coming to Florida State Fairgrounds. Enjoy free admission and entertainment from Fri., June 23, 10 AM - 5 PM through Sun., June 25, 10 AM - 5 PM.",,,,image,entertainment,68649,1096,169,528.06
enriched_ad_5802,campaign_008,The Tampa Bay Times,Their decisions affect you. Stay informed.,,,,image,news,68076,736,69,1032.52
enriched_ad_5803,campaign_024,"LEARN HOW TO DISPOSE","& RECYCLE YOUR WASTE GET YOUR FREE LOCAL GUIDE TODAY Taos County Backyard & Household Waste Management Guide Pick up your copy at: AMIGOS BRAVOS 114 Des Georges Place, Taos OR CLICK HERE",Learn More,facebook,,image,ecommerce,36171,574,53,468.04
enriched_ad_5804,campaign_024,Enhance Your Expertise With Drexel's School of Education,"Online Education Degree and Certificate Programs
Drexel University",,,,image,education,25438,414,33,227.82
enriched_ad_5805,campaign_025,Enhance Your Expertise,"With Drexel's School of Education, you can pursue online degree and certificate programs from the prestigious Drexel University.",,,,image,education,64735,1302,164,576.25
enriched_ad_5806,campaign_001,Start Here,Lead the future of education at Quinnipiac University.,,,,image,education,24484,535,50,279.32
enriched_ad_5807,campaign_038,Check Now,700W AC-DC CINCON PDF700S BRICK POWER MODULE,,,,image,electronics/electrical equipment,89135,976,67,1393.2
enriched_ad_5808,campaign_038,Ultimate Guide to Successful Lot Deployment,Learn the requirements and use best practices for successful lot deployment. E-Guide by ComputerWeekly.com covering Ultimate IoT implementation guide for businesses.,,,,image,"education, healthcare, finance, entertainment, travel, food, automotive, real_estate",97638,1148,117,1099.78
enriched_ad_5809,campaign_016,ONE BY Season 4 WILLIE STREAMING NOW,Listen on Apple Podcasts or wherever you get your podcasts.,,,,video,entertainment,42375,1026,134,252.21
enriched_ad_5810,campaign_010,ONE BY WILLIE Season,Streaming Now Listen on Apple Podcasts or wherever you get your podcasts. Listen on Apple Podcasts WITH SUPPORT FROM STILL AUSTIN WHISKY Co.,,apple_podcasts,,video,entertainment,96253,3240,433,519.5
enriched_ad_5811,campaign_015,Chromium Gene Expression Flex,"Flex your single cell muscle More samples, more insights, more savings Learn how",,,,image,ecommerce,52801,980,63,598.25
enriched_ad_5812,campaign_033,Collisions? Put Your Trust in Us!,,,,,image,ecommerce,40557,431,26,405.68
enriched_ad_5813,campaign_001,"MYKA","Father's Day is June 18th com Laria Sar",Learn More,facebook,,image,ecommerce,86204,979,70,1500.94
enriched_ad_5814,campaign_041,ENOCH FRATT free LIBRARY SUMMER BREAK BALTIMORE June 1 - August 31 All ages | Build your home librar,,Register at any Pratt location or prattlibrary.org/summerbreak,,,image,"education, entertainment",33102,672,57,542.92
enriched_ad_5815,campaign_015,Support Journalism Like This,Become a Daily Beast Subscriber for Less Than 11¢ Per Day. Subscribe Now DALEY BEAST,Subscribe Now,,,image,entertainment,76340,1574,285,581.72
enriched_ad_5816,campaign_019,Tree Care,Explore our services with Free Estimates and Consultations. Contact us at 607 226-8444 for more details.,,,,image,ecommerce,88647,1205,86,1185.29
enriched_ad_5817,campaign_015,OCHEN TVIS COCOUNTINL,1798 CHENANGO COUNTY NOW HIRING CASE WORKER & SOCIAL WELFARE EXAMINER APPLY HERE,,,,image,employment,99986,1816,179,1441.65
enriched_ad_5818,campaign_049,NOW HIRING,,Click Here to Apply,,,image,ecommerce,75872,1447,132,878.72
enriched_ad_5819,campaign_034,QC KineTIX - NON-SURGICAL REGENERATION,Pain due to arthritis or a sports injury? We can help! Relieve pain without surgery!,,,,image,healthcare,46327,754,46,805.94
enriched_ad_5820,campaign_044,Mimecast - The Only Copilot for Microsoft 365,Experience an additional level of protection to ensure the safety and privacy of your emails. Mimecast offers comprehensive security solutions tailored specifically for M365 users.,Get Started with FREE Trial Today!,facebook,,image,ecommerce,24258,274,15,383.43
enriched_ad_5821,campaign_034,ISRAEL (360) - Ultimate Challenge to Save More Lives!,"(Click Here)
To Sign Up for the Ultimate Challenge and save more lives!
1104 Jordan
4th-12th November 2023",CLICK HERE TO SIGN UP FOR THE ULTIMATE CHALLENGE AND SAVE MORE LIVES!11104 JORDAN SAVING,,,image,ecommerce,88961,1243,125,1284.79
enriched_ad_5822,campaign_025,Nation.CLIMATE,A biweekly newsletter of The Nation's top climate coverage #46 SIGN UP NOW!,Sign Up Now! Sign up now to receive our latest insights on the world's most pressing environmental issues.,,,image,news and media,61067,694,63,1011.05
enriched_ad_5823,campaign_022,Top Climate Coverage,+4 of the Nation's top climate coverage. A biweekly newsletter.,SIGN UP NOW!,,,image,news and media,73054,1378,80,1275.26
enriched_ad_5824,campaign_014,News Minute,Like our journalism? Support us. Become a member.,Become a Member,,,image,entertainment,33712,798,96,201.36
enriched_ad_5825,campaign_050,Target Identified,Kirsty is an experienced Warehouse Operative at Target.,,,,image,ecommerce,45009,745,64,728.68
enriched_ad_5826,campaign_008,Intelligent Radio from the Times,,,,,image,entertainment,51472,1262,235,445.96
enriched_ad_5827,campaign_015,Big Things Are Coming,,,,,image,ecommerce,63533,821,51,1128.5
enriched_ad_5828,campaign_037,Plan Goals for Life,RBC Wealth Management offers personalized financial planning services to help you achieve your life's aspirations.,,,,image,finance,55421,501,24,1504.4
enriched_ad_5829,campaign_028,VOTE FOR US! TIMES-CALL READERS' CHOICE PRECISION PLUMBING HEATING COOLING ELECTRICAL,,,,,image,ecommerce,77546,1092,89,1222.94
enriched_ad_5830,campaign_036,Modernize Test Automation,SOURCEFORGE - Customers Love Us. Modernize test automation with Al to release mobile apps faster and deliver quality software at DevOps speed.,Learn More,,,image,ecommerce,46232,496,25,641.47
enriched_ad_5831,campaign_050,Testim - Modernize Test Automation,"SOURCHFORGE
Customers Love Us
Modernize test automation with Al to release mobile apps faster. Deliver quality software at DevOps speed.",Learn More,,,image,ecommerce,65726,1047,62,905.18
enriched_ad_5832,campaign_015,Source Forge - Modernize Test Automation,"Discover how Source Forge can help you modernize your test automation process. With our advanced tools, you'll be able to release mobile apps faster and deliver quality software at DevOps speed.",Learn More,,,image,ecommerce,48429,755,62,761.87
enriched_ad_5833,campaign_047,DOWNLOAD TO GET THE DOWN LOW!,"Get it on Google Play. DUT News, July 10th, 6:55 PM AV Pot. TMZ Videos Photos. NBA's Andre Drummond - BIKINIS, BOOTY AND Booze IN NEW RAP VIDEO.",,,,video,entertainment,22629,428,73,184.07
enriched_ad_5834,campaign_002,Try Defeat The Boss!,,,,,image,entertainment,62443,1548,198,466.09
enriched_ad_5835,campaign_013,Fly to Europe from Haneda,,Book Now,,,image,travel,48011,608,47,978.43
enriched_ad_5836,campaign_006,The Blade,What are you wading for?,,,,image,entertainment,55697,995,151,329.46
enriched_ad_5837,campaign_050,The Blade,What are you wading for?,,,,image,,80620,1095,60,1341.52
enriched_ad_5838,campaign_037,Driving Texas,business forward. Learn more TexasMutual WORKERS' COMP INSURANCE,,,,image,ecommerce,37468,471,34,488.7
enriched_ad_5839,campaign_017,PRINCESS CRUISES come back new,HEART OF ALASKA ESCORTED CUSTOM CRUISE TOUR 13 Nights starting at $2999pp* 1-800-576-2378 cruisestoalaska.com CRUISES TO ALASKA,,,,image,ecommerce,53122,849,69,564.09
enriched_ad_5840,campaign_015,Best Northern Lights Viewing Tours,Discover the stunning beauty of Aurora Borealis with WildAlaskaTravel.com. Experience unforgettable lights viewing tours in Alaska's pristine wilderness.,Book Now,,,image,travel,36726,533,44,744.13
enriched_ad_5841,campaign_049,Princess Cruises Heart of Alaska,"Heart of Alaska Escorted Castor Cruise to Alaskan Adventure. Experience the beauty and serenity of Alaska with Princess Cruises' luxurious cruise ship, featuring stunning views from your private balcony.",Visit Princess Cruises Website for More Information or Book Now!,,,image,ecommerce,91015,1199,68,1044.08
enriched_ad_5842,campaign_004,Discover Lindblad Expeditions,Explore the world with our comprehensive training programs and advisor services designed to grow your sales. Discover Expedition 360° for an unparalleled travel experience.,Learn More,,,image,ecommerce,20594,241,19,296.06
enriched_ad_5843,campaign_002,Discover Expedition 360°,"Grow your sales with our Advisor Training Program. Lindblad Expeditions, National Geographic.",Learn More,,,image,ecommerce,30743,601,30,531.78
enriched_ad_5844,campaign_048,FREE TEXTING FOR AEROPLAN MEMBERS,"Message friends, family and colleagues, over Wi-Fi, while flying.",,,,image,ecommerce,51160,581,58,633.16
enriched_ad_5845,campaign_018,FREE TEXTING FOR AEROPLAN MEMBERS,"Message friends, family and colleagues, over Wi-Fi, while flying.",,,,image,ecommerce,41856,816,46,412.1
enriched_ad_5846,campaign_037,TAKE SAVE GET SPRINGINTO 75% +800+ $800 OFF SUMMERSALE,,Learn More,,,image,entertainment,63090,1092,116,546.14
enriched_ad_5847,campaign_037,TRIBUNE CHRONICLE - YOUR TRUSTED NEWS FOR TRUMBULL COUNTY,,Subscribe Today,,,image,news,47402,506,32,803.31
enriched_ad_5848,campaign_027,Kimic Market - WHOLESALE NATURAL KOREAN ONLINE GROCERY,"Discover Kimic, your go-to online marketplace for wholesome and natural Korean groceries. Enjoy an extensive selection of delicious products like Makkees (sweet potato flour) that everyone loves.",Shop Now!,facebook,,image,ecommerce,40730,625,49,696.94
enriched_ad_5849,campaign_006,"fetch","COMPRA Descarga la app Download on the App Store GET IT ON Google Play",Learn More,facebook,,video,ecommerce,29256,507,44,332.99
enriched_ad_5850,campaign_041,Discover Extra Lan Watch,,,,,video,ecommerce,39625,947,70,613.43
enriched_ad_5851,campaign_032,WATCH THE UMC VIDEO UPDATES RECAP IN THE BLINK OF AN EYE!,,,,,video,entertainment,65812,2352,413,476.63
enriched_ad_5852,campaign_028,Partnership with Missionaries,"Advance, ballys. The United Give Now.",Give Now,,,image,ecommerce,59772,1158,110,839.87
enriched_ad_5853,campaign_041,FIND THE NEXT STOP ON YOUR EDUCATIONAL JOURNEY,,Explore Now,,,image,education,69495,990,126,826.4
enriched_ad_5854,campaign_037,Register for the 74th International Astronautical Congress,"The 74th International Astronautical Congress will be held from October 2-6, 2023 in Baku, Azerbaijan. azercosmos is proud to support this prestigious event.",,,,image,education,82150,1111,90,777.49
enriched_ad_5855,campaign_035,North Country Septic Disposal,"Solid waste collection, recycling and septic waste disposal services locally owned.",Call Us Today,,,image,ecommerce,29960,552,28,487.07
enriched_ad_5856,campaign_004,2023 Gear Is Here,"US Open, US Ope Be among the first to get the new apparel USTA 2023.",SHOP,,,image,ecommerce,55110,906,49,887.07
enriched_ad_5857,campaign_008,HSBC Small Cap Fund,See opportunity where others don’t. Invest now.,Invest Now,,,image,ecommerce,21053,270,15,226.36
enriched_ad_5858,campaign_006,Find a Vet Near You,,,,,image,ecommerce,94299,1435,110,1440.14
enriched_ad_5859,campaign_034,Music Store,"Discover the ultimate destination to find all your musical needs in one place. Whether you're looking for instruments, sheet music or accessories, we've got you covered.",Shop Now,,,image,ecommerce,43615,615,47,631.93
enriched_ad_5860,campaign_045,Lowbrow Eats & Drinks for Vegans and Carnivores,,,,,image,food,92022,1906,176,815.67
enriched_ad_5861,campaign_030,Summer Sale at Ramada Plaza Resort & Suites,Save 50% off on all reservations! Book now to enjoy this exclusive discount.,Book Now,,,image,ecommerce,29143,354,36,367.28
enriched_ad_5862,campaign_038,SHIMANO NONSTOP CONFIDENCE,TECHNOLOGY NEXT-LEVEL STOPPING POWER ICE TECHNOLOGIES,,,,image,ecommerce,60993,1017,70,634.52
enriched_ad_5863,campaign_029,Generac - Power Protection,"Experience uninterrupted power with Generac's reliable backup solutions. Our generators ensure your home and business stay powered, even during emergencies.",Shop Now,facebook,,image,ecommerce,60779,1086,103,1005.75
enriched_ad_5864,campaign_010,THE SUMMER SEASON LONDON JUNE-JULY,Sotheby's SUCCESSIONALBERTO GIACOMETTI/DACS2023,LEARN MORE,,,image,ecommerce,73028,767,71,1064.42
enriched_ad_5865,campaign_029,HOME VALUES ARE CHANGING.,,GET YOUR FREE HOME VALUATION,,,image,real_estate,66509,633,9,1408.56
enriched_ad_5866,campaign_044,All of Us RESEARCH Program,Together We Can Change The Face Of Medicine. Contact All of Us Research Huntsville.,Contact All of Us,,,image,healthcare,71311,1278,89,1686.21
enriched_ad_5867,campaign_009,Dependable Farm Bureau Insurance,Experience reliable coverage with FARM BUREAU. Get your quote today and enjoy dependable insurance for all your needs.,Get A Quote,,,image,insurance,95682,1950,143,1310.69
enriched_ad_5868,campaign_010,Scott - Swimming Pools,,,,,image,ecommerce,89005,1418,69,1583.1
enriched_ad_5869,campaign_006,ORO PUTNAM ADVENTURE AWAITS,Discover Putnam Family Fun Beating The Great Outdoors I♥NY WWW.VisitPutnam.org Biking York,,,,image,entertainment,31870,845,153,240.02
enriched_ad_5870,campaign_021,Agri-Fab,Lawn Care Made Easy SWIVEL CART ESTD 1960 RURAL KING AMERICA'S FARM & HOME STORE Purchase yours today at Rural King,Purchase yours,,,image,ecommerce,21083,230,19,287.8
enriched_ad_5871,campaign_013,MULLINS Whey Protein Isolate,"Protein Isolate | rBGH, Gluten & Antibiotic Free Soy-Free. Learn More at store.mullinswhey.com V Mullins WHEY - 100% Whey A protein 4 Isolation Vanilla Flavor (882) 25 Persentas",LEARN MORE,,,image,ecommerce,33605,649,40,423.33
enriched_ad_5872,campaign_036,BRAGG WEIGHT LOSS,,CLICK HERE FOR MORE INFO!,,,image,ecommerce,56461,794,63,831.04
enriched_ad_5873,campaign_044,Strawberry Frosty Limited Time Only,Participating US Wendy's offers Strawberry Frosty in limited quantities.,,,,image,food and beverage,84890,1282,101,841.24
enriched_ad_5874,campaign_008,Now Is The Right Time To Get A Pool,The kids won't be young forever. NOW is the right time to get a pool.,,,,image,entertainment,62591,1178,109,428.38
enriched_ad_5875,campaign_037,GRAB YOUR FAVORITE WBEZ GEAR AT SUMMER CLEARANCE PRICES,,SHOP NOW,,,image,entertainment,30506,542,105,260.14
enriched_ad_5876,campaign_035,"sissiparks.","CLARKSBURG SPLASH ZONE SUMMER FUN",Learn More,facebook,,image,ecommerce,55076,1011,88,912.36
enriched_ad_5877,campaign_014,CityParks - Clarksville Splash Zone,"Experience the ultimate summer fun at CityParks' Splashtown in Clarksville. Perfect for families, this destination offers thrilling rides and attractions that cater to all ages.",Visit Now!,facebook,,image,entertainment,98804,1526,279,787.19
enriched_ad_5878,campaign_036,Deca Beach,,Book Now,,,image,entertainment,30670,705,117,222.26
enriched_ad_5879,campaign_043,Food Giant Employee-Owned,"Employee-owned, serving you better. From our family of stores to yours!",View Deals!,,,image,food,64370,1399,124,737.48
enriched_ad_5880,campaign_013,Solar - American Made Products,"Route 66, SOLAR. Get your free estimate locally owned and begin saving with solar today.",Get Your Free Estimate Locally Owned,,,image,ecommerce,34771,476,41,602.1
enriched_ad_5881,campaign_003,Reduce Your Energy Bill & Increase Solar Savings!,"Route 66, SOLAR - Locally owned. Built with American made products.",Schedule a Free Estimate,,,image,ecommerce,98467,1104,61,1536.93
enriched_ad_5882,campaign_026,FESTIVALSOUTH 2023,"Now thru June 24, FESTIVALSOUTH.ORG",,,,image,entertainment,78655,1291,180,695.64
enriched_ad_5883,campaign_007,WDAM Law - Answers Your Legal Questions,WDAM7 Have Questions? Click Here Free background information available upon request.,Click Here,,,image,ecommerce,75228,948,58,1198.57
enriched_ad_5884,campaign_038,Challenge,"422
PARK POINT THURSDAY, JULY 13 | 6:30 p.m.
FREE KIDS RACES Kids 12 & UNDER
REGISTER AT GRANDMASMARATHON.COM M.I.L.E.R.",,,,image,entertainment,32064,827,110,177.73
enriched_ad_5885,campaign_031,WIN BIG WITH WESTVIMA LOTTERY,Experience the thrill of winning big in West Virginia! Play NASCAR Powerball and collect 'n win. Enjoy exclusive promotions during playoffs.,CLICK FOR DETAILS,,,video,ecommerce,46592,855,67,740.5
enriched_ad_5886,campaign_036,"NEWS",AT 10:00,Learn More,facebook,,image,ecommerce,58785,737,71,813.02
enriched_ad_5887,campaign_044,Veterans Job Fairs IN-PERSON & ONLINE,Register Today DAV Recruits / ILITARY,,,,image,"employment, education",47095,805,57,532.39
enriched_ad_5888,campaign_030,Shop with Capital One,Discover the convenience of shopping online. Follow these simple steps to save money and time.,Click View Codes,,,image,ecommerce,60130,870,71,981.23
enriched_ad_5889,campaign_040,The Play of the Week at Alfred State College,,Vote Here!,,,video,education,82655,2351,243,917.46
enriched_ad_5890,campaign_021,Vote Here!,,Vote Here!,,,video,education,32134,634,70,228.31
enriched_ad_5891,campaign_019,Vote for Pioners of the Alfred State College Week!,,Vote Here,,,video,education,59808,1015,91,545.76
enriched_ad_5892,campaign_046,Capabilities,"Upholstery Services With over 40 years of upholstery Experience, Capabilities can custom make the seating you truly want for your customers and breathe new life into your cherished antiques or flea market finds!",CLICK HERE TO LEARN MORE,,,image,ecommerce,55132,750,61,580.33
enriched_ad_5893,campaign_014,The Butler Institute of American Art,"Exhibitions, art lectures, family events, music, member perks, weddings, meet the artist events. Admission is free and art is for everyone.",,,,image,education,66880,968,112,744.71
enriched_ad_5894,campaign_050,SAVE the DATE,SUMMER 2024 PARIS CHROM PARIS 2024 BANANS for the MARRIAGE OF SPORT & CULTURE in the heart of Paris,,,,image,entertainment,46715,843,102,380.41
enriched_ad_5895,campaign_036,"The Butler, The Art of John Mellencamp","BLOODLINE:
The Butler
The Art of John Mellencamp
Institute Of American Art & Speck Mellencamp
May 7th-July 2nd",,,,image,entertainment,85854,1698,317,736.18
enriched_ad_5896,campaign_003,Spring into Savings with the WhatsOnStage Theatre Club!,Join today for access to exclusive club rates for theatre in London! Save 20% on an annual membership now.,THEATRE CLUB,,,image,entertainment,74060,2029,206,473.44
enriched_ad_5897,campaign_048,Spring into Savings with the WhatsOnStage Theatre Club!,Join today for access to exclusive club rates for theatre in London! Save 20% on an annual membership now. THEATRE CLUB PRESENTED BY WHATSONSTAGE,,,,image,entertainment,78548,1764,315,394.45
enriched_ad_5898,campaign_031,Long Lighting Consulting Group,"Consulting Group Illuminating your way since 1996
2111 SW Belle Ave, Topeka (785) 272-0404",,,,image,ecommerce,45631,853,88,643.07
enriched_ad_5899,campaign_028,Your Way to Heart and Vasculature Services,Explore our comprehensive range of heart and vascular services tailored specifically for you. Our expert team ensures top-notch care every step of the way.,Learn More,,,image,healthcare,68468,793,51,1715.53
enriched_ad_5900,campaign_023,WHEN YOUR HAIR DRYER WON'T CUT IT...,"CALL PEARSON FOR FAST, FRIENDLY SERVICE! Pearson PLUMBING HEATING/AC. PEST • DRAINS www.pearsonguy.com Call 815-398-8312",Call 815-398-8312,,,image,ecommerce,93451,1093,77,1319.14
enriched_ad_5901,campaign_039,Blood Center,"We need blood. Like pumpkin schedule, your needs spice!",,,,image,healthcare,60110,1154,68,1157.44
enriched_ad_5902,campaign_024,Mere - Financial Partner in Lansing,"Need a reliable partner for your banking needs? Look no further. Mercantile Bank® offers FDIC insurance, ensuring peace of mind and financial security.",Get Started with Mere Today!,,,image,finance,44542,523,14,1428.98
enriched_ad_5903,campaign_037,Leaders in White Burgundy Since 1926,cipated by Deutsch Family Wine & Spis Samba CT. Please Dirk P CAVE DE LUGNY,LEARN MORE,,,image,ecommerce,46820,951,66,508.72
enriched_ad_5904,campaign_006,Don't Miss The Best Campgrounds,Get exclusive access to the best data from Campground Reviews.com RV LIFE Trip Wizard,,,,image,travel,87360,1773,96,1656.45
enriched_ad_5905,campaign_036,Make RV Trip Planning Easy,"Discover the joys of traveling in comfort with our comprehensive guide to planning your perfect RV adventure. Whether you're an experienced traveler or new to road trips, we've got you covered.",Start Your Adventure Today!,facebook,,image,travel,62230,1091,70,771.43
enriched_ad_5906,campaign_008,Find Better Campgrounds,Get exclusive access to better reviews. B RV Life Trip Wizard,,,,image,travel,73001,1547,122,1275.09
enriched_ad_5907,campaign_001,Join the CFL's Loudest Fans at Atticus Field,,Buy Tickets Today,,,image,entertainment,86798,1712,180,563.83
enriched_ad_5908,campaign_045,JuneEleventh,Freedom for All Presented by P&G,,,,image,ecommerce,32194,544,33,546.61
enriched_ad_5909,campaign_043,Live with Kelly and Mark from Costars in Life to Co-Hosts on Live Weekdays at 9 AM,,,,,image,entertainment,30202,441,60,249.4
enriched_ad_5910,campaign_005,Local - Half Price New Every Week,,Click Here to Get Yours!,,,image,ecommerce,94201,1737,161,1053.37
enriched_ad_5911,campaign_014,WASTE PRO®,"Caring For Our Communities - WASTE PRO is committed to making our communities cleaner and safer. With an impressive $10,000 Driver or even just $5,000 Helper award-winning service.",,,,image,ecommerce,24516,497,34,366.22
enriched_ad_5912,campaign_017,WASTE PRO,Caring For Our Communities GROW WITH US! Excellent Benefits APPLY TODAY WASH P,,,,image,ecommerce,29143,505,29,450.33
enriched_ad_5913,campaign_043,Limited Time! Debt Consolidation,Discover the benefits of combining your loans into one manageable payment. Simplify your finances with our expert advice and services.,Learn More,,,image,finance,30153,223,5,911.47
enriched_ad_5914,campaign_038,Adventure Credit Union Debt Consolidation Loans,A Limited Time Offer! As low as 8.99%. Learn More *Restrictions Apply.,*Click for details*,,,image,ecommerce,30254,591,32,452.43
enriched_ad_5915,campaign_007,INJURED BY A TEXTING DRIVING?,Wayne Hardy Law - Call us at 800-555-1212 for legal advice on texting while driving accidents.,Call Us,,,image,law & legal services,85488,1122,76,1336.05
enriched_ad_5916,campaign_022,Serious Injury? We Can Help!,Wayne Hardy Law. 800-Injured,,,,image,"legal services, personal injury law firms",57553,933,63,893.3
enriched_ad_5917,campaign_042,HELP US CELEBRATE 30 YEARS OF CONNECTING HOOSIERS,Must be 18 or older to play. Please play responsibly. Problem Gambling Helpline: 1-800-994-8448.,Learn more,,,video,entertainment,23271,545,78,160.03
enriched_ad_5918,campaign_019,Congratulations to the Graduates of 2023!,,,,,image,finance,88058,1001,35,2162.76
enriched_ad_5919,campaign_009,Webinar: Advanced Nesting Techniques,"to Make You More Productive June 21@ 2pm ET With Kenny Belfatto, CIM-TECH'S National Sales manager, learn to Save time Reduce costs Boost productivity Register Now",REGISTER NOW,,,video,education,67157,2177,242,545.77
enriched_ad_5920,campaign_044,Discover Woodworking,"Join our woodworking community and connect with fellow enthusiasts. Share your projects, get feedback from experts, or simply enjoy the beauty of handcrafted wood pieces.",Like us on Facebook,facebook,,image,entertainment,65043,1071,134,313.89
enriched_ad_5921,campaign_030,Find Your Next Favorite Movie!,"Discover the latest movies, add them directly to your streaming service with just three easy steps. Click 'Continue to Movies', Add MoviesToStream Extension and find out where you can watch all of our favorite shows! MOVIES STREAM",Click Here Now,facebook,,video,entertainment,99694,2644,357,750.81
enriched_ad_5922,campaign_030,Verified Coupons Available,,,,,image,ecommerce,22062,233,11,255.07
enriched_ad_5923,campaign_028,Simplifying Stoma Management,"There's No Mystique to Fix the Leak. Catherine T. Milne, APRN, MSN, ANP/ACNS-BC, CWOCN-AP Sponsored by convatec WATCH TODAY!",,,,video,healthcare,28140,370,28,708.45
enriched_ad_5924,campaign_022,FPL Home - No Money Down on New HVAC,,Call Now,,,image,home improvement/electrical appliances and equipment,92694,1139,93,1507.02
enriched_ad_5925,campaign_020,Cares,,,,,image,ecommerce,35672,493,32,546.88
enriched_ad_5926,campaign_029,SERVPRO,SERVPRO of Columbus Cleaning. Restoration. Construction.,,,,image,ecommerce,92214,1901,113,975.66
enriched_ad_5927,campaign_002,Race to June 30th,Contribute Now Curti,,,,image,,96923,1642,143,975.13
enriched_ad_5928,campaign_019,Preventative Screenings Save Lives,Schedule your screening today with Buddy. Check out our services and get started on saving lives.,Schedule Your Screening Today,,,image,healthcare,73570,1264,90,1788.3
enriched_ad_5929,campaign_030,Preventative Screenings,Save Lives. Schedule Your Screening Today.,Schedule Your Screening Today,,,image,healthcare,38467,381,27,569.67
enriched_ad_5930,campaign_022,Steve Rayman Nissan Mall of Georgia,,,,,image,automotive,74023,970,36,1172.21
enriched_ad_5931,campaign_031,INJURED IN A CAR WRECK? We'll fight THE INSURANCE COMPANIES FOR YOU!,JOHNNY ADAMS CALL 500-5000 NO FEE JOHNNY ADAMS Hargdane UNTIL -->>>>>> WE WIN BIG INSURANCE COMPANY No representation is made that the quality of the greater than the quality of legal services performed by,,,,image,"legal_services, insurance",74500,1030,51,781.77
enriched_ad_5932,campaign_024,Preservation Gannon University,,Apply Today,,,image,education,97999,1734,206,825.05
enriched_ad_5933,campaign_001,VICTORY. POWER,LAPCOLLECT 'N WIN PowerGR Wes (Virginia)) Lottery Mixinscar NASCAR Power Ball Playoff NASCAR ed with expressed permission NASCAR LLC Click For Details Please play responsibly.,,,,video,entertainment,21115,637,63,188.5
enriched_ad_5934,campaign_014,Quality New & Pre-Owned Homes For Sale,• Financing Available • Lifetime Warranty Mills Home de CHAD MILES WAS THE DEAT - G LG,,,,image,real_estate,20847,248,5,615.73
enriched_ad_5935,campaign_018,Transform Your Garage,GarageExperts Epoxy Flooring Cabinets for enhanced storage solutions.,Learn More,,,image,ecommerce,53274,670,52,915.84
enriched_ad_5936,campaign_013,Deal of the Week,ON YOUR SIDE ZEN SUSHI BUY THIS DEAL VALUE FOR SAKE $50 $30 40% off,BUY NOW,,,image,food,73008,1856,161,851.67
enriched_ad_5937,campaign_041,All Electric Mercedes,Experience the luxury and performance that only an All-Electric Mercedes feels like. Drive with confidence knowing you're driving one of America's finest automobiles.,Discover More About Our Exclusive Collection,,,image,automotive,82849,760,24,1482.61
enriched_ad_5938,campaign_020,Gentleman's Guide Love Bock and Rotterda Robert L. Freedmander Med Tyksy Steven Lutvak Roy Horniman ,,,,,image,entertainment,74878,1974,306,578.15
enriched_ad_5939,campaign_015,Support the Community with TRIANGLE MLS™,"Proud to support fair housing reporting, analysis. Get access to comprehensive data on the housing market and insights.",,,,image,ecommerce,51584,702,56,590.16
enriched_ad_5940,campaign_035,"Y","NEW BEGINNINGS Therapy Services, LLC 304-487-3487 P",Learn More,facebook,,image,ecommerce,80983,1157,62,1413.37
enriched_ad_5941,campaign_039,The Humana Independence Mall Event,"Join us for an exclusive event at The Humana Independence Mall on June 22nd, from 11 AM to 3 PM. Experience the best in senior living and healthcare solutions.",Register Now!,,,image,healthcare,37355,696,39,641.53
enriched_ad_5942,campaign_004,Camp with Rex & Sons,"Experience the ultimate camping adventure at Rex & Sons. Whether you're looking for sales, rentals parts or service, we've got you covered.",Join us this weekend!,facebook,,image,entertainment,41970,886,101,262.84
enriched_ad_5943,campaign_025,THE LAW OFFICES OF CHIP FORSTALL-PERSONAL INJURY-CF THE FORSTALLS Take Care of it All | JONATHAN & C,,,,,image,ecommerce,88927,998,73,883.39
enriched_ad_5944,campaign_005,Under Armour SUP Speed,,Shop UA.com,,,image,ecommerce,91596,1038,76,1148.64
enriched_ad_5945,campaign_044,SEE STUNNING 4RUNNER BUILDS & SPECS,TARZAN AND 31/35x12.5 NG SEE BUILTS → REVKIT Build it. Track it. Share it.,,,,image,ecommerce,47012,906,56,777.55
enriched_ad_5946,campaign_041,FIND YOUR PERFECT FIT TODAY,"At www.gobiracks.com, you can find your perfect fit today. Discover our wide range of stylish and comfortable clothing options that cater to every taste.",,,,image,ecommerce,69607,1069,66,1155.41
enriched_ad_5947,campaign_003,DISCOVER COASTAL LUXURY,MAKE YOUR ESCAPE HE PEAAL,,,,image,entertainment,40855,790,97,252.66
enriched_ad_5948,campaign_026,Free Trip and Free SolarEdge Battery,"Get your FREE trip of two people to Bali, plus get yourself an amazing solar battery from SimplySolar. Enjoy the paradise with us!",Shop Now,facebook,,image,travel,21511,263,15,257.76
enriched_ad_5949,campaign_004,Free Gift with Solar Appointment,"With every scheduled solar installation, SimplySolar offers you an exclusive gift. Don't miss out on this opportunity to save money while enjoying the benefits of renewable energy.",Schedule Now!,facebook,,image,ecommerce,49886,736,40,893.44
enriched_ad_5950,campaign_015,Know What's Around The Corner With Zero Hedge Premium,,Go Premium Now,,,image,finance,58231,530,26,1456.63
enriched_ad_5951,campaign_040,Center lied.ku.edu/785-864-2787 OF KANSAS Air Supply The Lost In Love Experience Legendary soft-rock,,,,,image,entertainment,79869,2157,332,694.89
enriched_ad_5952,campaign_036,Free Hornady® Bullets with Qualifying Purchase,Midway reloads offer FREE Hornady® bullets when you make the qualifying purchase of HornadyⓇ reloading products.,SHOP NOW,,,image,ecommerce,56219,1136,116,715.66
enriched_ad_5953,campaign_019,SOUNDCLOUD FOR ARTISTS,Subscribe to NEXT PRO Today. There's an artist in every fan.,,,,image,ecommerce,30180,566,37,325.0
enriched_ad_5954,campaign_012,TOYO TIRES TOYOTA TIRES MENZIES WINS THE SCORE,OVERALL DOMINATION #TEAMTOYO LEARN MORE,,,,image,automotive,30780,556,14,664.85
enriched_ad_5955,campaign_005,MENZIES WINS THE SCORE BAJA 500,OVERALL DOMINATION TOYOTHES TOYO SWEEPS OVERALL TOYO TIRES #TEAMTOYO LEARN MORE,,,,image,ecommerce,69484,1229,80,964.56
enriched_ad_5956,campaign_029,YOUR HUNTING GEAR,,SHOP NOW,,,image,ecommerce,32603,525,53,453.13
enriched_ad_5957,campaign_030,DIG IN M pepsi Restaurant Royalty,Show love to your favorite black-owned restaurant and you could win the ultimate foodie experience. Nominat@e+ PEPSI DIgINnM!,NOMINATE +,facebook,,image,"food, entertainment",42420,455,41,501.93
enriched_ad_5958,campaign_005,Donate to the Red Cross for Every New Mosquito Customer,We're donating $25 to the American Red Cross with every new mosquito customer. Sign up now and help us make an impact.,SIGN UP NOW,,,image,ecommerce,93989,1156,100,1645.06
enriched_ad_5959,campaign_002,A New Era of Sleep,Ashley All-new Tempur-Pedic® Mattresses.,Shop Now,,,image,ecommerce,36863,392,31,428.36
enriched_ad_5960,campaign_017,DIG IN M pepsi. Restaurant Royalty,Show love to your favorite black-owned restaurant and you could win the ultimate foodie experience.,NOMINATE @PEPSIDIGIN,facebook,,image,ecommerce,78337,1016,100,763.8
enriched_ad_5961,campaign_034,There's an Artist in Every Fan,Discover your inner artist with SoundCloud. Subscribe to Next Pro Today and unleash the full potential of music creation.,Subscribe to Next Pro Today,,,image,ecommerce,23314,387,35,413.05
enriched_ad_5962,campaign_036,The One To Watch,the one to watch for chemistry INTRODUCING MAX SIGN UP NOW STARTING AT $99/MONTH Subscription Required. Visit max.com,SIGN UP NOW,,,video,entertainment,34263,935,158,302.07
enriched_ad_5963,campaign_025,"Voyages Kotor - Free Airfare Credit Up to $1,200","Book your flight with Voyages and enjoy up to $1200 in free airfare credit. Plus, get unlimited drinks per cabin for an additional cost of only UP TO $600.",BOOK BY JUNE 29TH,,,image,travel,77903,958,46,1491.65
enriched_ad_5964,campaign_003,Cabela's FREE SHIPPING OVER $50,,Shop Now,,,image,ecommerce,21304,242,20,363.01
enriched_ad_5965,campaign_040,A NEW WAY TO PLAY MERENG URGENTENKINER,Codes 4 ma WHENDERS SUPER NINTENDO WORLD NOW OPEN Learn More UNIVERSAL STUDIOS HOLLYWOOD,,,,video,entertainment,92784,2343,257,744.45
enriched_ad_5966,campaign_027,Cabela's BARGAIN CAVE CLEARANCE SAVE UP TO 60% ON HUNTING GEAR!,,Shop Now,,,image,ecommerce,72293,1196,104,1288.54
enriched_ad_5967,campaign_042,DIG IN,pept RESTAURANT ROYALTY SHOW LOVE TO YOUR FAVORITE BLACK-OWNED RESTAURANT Ⓒ @PEPSIDIGIN M AND YOU COULD WIN THE ULTIMATE FOODIE EXPERIENCE NOMINATE,,,,image,ecommerce,68617,953,72,835.12
enriched_ad_5968,campaign_020,Cabela's Bargain Cave Clearance,Save up to 60% on hunting gear!,Shop Now,,,image,ecommerce,77999,1174,105,884.76
enriched_ad_5969,campaign_036,Mental Health Awareness,Reach out to friends about your own or someone else's mental well-being. Learn how you can support them and take action.,Learn More,,,image,healthcare,73991,1359,98,1859.31
enriched_ad_5970,campaign_049,Star Trek Strangers New Worlds,New Season Now Streaming Exclusively On Try It Free +,,,,video,entertainment,93193,2245,248,480.0
enriched_ad_5971,campaign_014,Cabela's RELOADING SUPPLIES SHOP NOW,,Shop Now,,,image,ecommerce,56478,663,32,759.81
enriched_ad_5972,campaign_025,Cabela's HIGHEST RATED GEAR,Shop Now for the best hunting gear. Discover our top-rated products including Ravin Crossbows and R10 Crossbow Package.,SHOP NOW,,,image,ecommerce,78508,989,75,1317.88
enriched_ad_5973,campaign_003,Building a Brand Happens with Bluehost,"Making your dream online presence come to life is easier than ever. With BlueHost, you can start building and hosting websites effortlessly.",Get Started with Bluehost Today!,facebook,,image,ecommerce,96234,1577,94,1554.67
enriched_ad_5974,campaign_020,Oracles NetSuite Practice,Discover the habits of Strong CFOs with our exclusive guide. Download your free copy now!,Download eBook,,,image,ecommerce,38358,580,37,594.26
enriched_ad_5975,campaign_022,Nickelodeon's The Tidal Zone,Special Family Fun on Paramount+ STREAM NOW,,,,video,entertainment,66143,2100,229,494.86
enriched_ad_5976,campaign_013,Cabela's RELOADING SUPPLIES SHOP NOW,,Shop Now,,,image,ecommerce,70785,1261,95,1034.87
enriched_ad_5977,campaign_048,Sharing Old Stories and A Coca-Cola,,Learn More,,,image,entertainment,90659,2063,231,537.3
enriched_ad_5978,campaign_038,Building a Brand with Bluehost,"Build your online presence and make sure it's visible to millions. With BlueHost, you can easily set up an attractive website that attracts visitors.",Get Started,,,image,ecommerce,97804,1451,144,1531.88
enriched_ad_5979,campaign_009,CADILLAC UNDENIABLY ME,,Learn More,,,image,entertainment,93465,1430,258,540.85
enriched_ad_5980,campaign_004,THE YAMAHA GET OUT AND RIDE,SALES EVENT WOLVERINE® RMAXIM 21000 XT-RD RMAXIM 4 1000 LE RMAXI 2 1000 SPORT Revs Your Heart $2000 AS LOW AS 5.99 FOR 84 MONTHS¹ CUSTOMER LEARN MORE,,,,image,automotive,46894,592,17,667.48
enriched_ad_5981,campaign_015,Voyages Kotor Airfare Credit,Book your flight to beautiful Kotor with our special offer of AIRFARE CREDIT worth up to $1200. Enjoy delicious drinks per cabin for only UP TO $600.,BOOK BY JUNE 29TH,,,image,travel,38488,560,43,648.16
enriched_ad_5982,campaign_007,Shop Now,,Shop Now,,,image,ecommerce,77818,1514,90,1077.31
enriched_ad_5983,campaign_025,YOUR HUNTING GEAR,,SHOP NOW,,,image,ecommerce,32998,681,33,466.99
enriched_ad_5984,campaign_005,How to create a lasting legacy as CFO,Learn how you can build and sustain your professional reputation by becoming an Oracle NetSuite Certified Financial Executive. Download our comprehensive guide.,Download eBook,,,image,education,30355,646,62,243.78
enriched_ad_5985,campaign_007,Who Do You Trust?,Marvel Studios is coming to Disney+. Sign up now for exclusive access.,Sign Up Now,,,image,entertainment,46692,1005,151,234.1
enriched_ad_5986,campaign_036,DRYSHOD. DUNGHO,Waterproof Footwear | DRYSHOD USA - Barnyard Tough Work Boots,,,,image,ecommerce,98814,1904,174,1156.98
enriched_ad_5987,campaign_040,Well-fed for Your Well-being,Give back to yourself by giving your hens Purina® Layena® layer feed for better eggs.,Learn More > FEED GREATNESS,,,image,ecommerce,58424,622,64,705.29
enriched_ad_5988,campaign_026,Volvo The Fully Electric Volvo EX30,Serene Scandinavian Design,Learn More,,,image,ecommerce,74155,1472,79,1091.41
enriched_ad_5989,campaign_033,NETSUITE - ORACLE,4 Skills CFOs Need Now Download Guide,,,,image,ecommerce,66319,1155,60,731.69
enriched_ad_5990,campaign_048,Artventurous Cruising,"Cruising through vibrant, eye-catching street art before exploring lush tropical landscapes.",LEARN MORE,,,image,travel,20646,280,18,364.6
enriched_ad_5991,campaign_035,"CARLISLE GM","NATIONALS JUNE 23-24 CARLISLE PA FAIRGROUNDS SPECTATOR TICKETS BUY NOW AND SAVE! LEARN MORE",Learn More,facebook,,image,ecommerce,30855,431,37,387.27
enriched_ad_5992,campaign_012,"CARLISLE GM","NATIONALS JUNE 23-24 CARLISLE PA FAIRGROUNDS SPECTATOR TICKETS BUY NOW AND SAVE! LEARN MORE",Learn More,facebook,,image,ecommerce,29904,608,34,475.01
enriched_ad_5993,campaign_040,Joe Picketts New Season Now Streaming Exclusively On,,Try it free with promo code: Pickett,,,video,entertainment,89866,2167,198,511.04
enriched_ad_5994,campaign_020,LEGO,+100% art +100% reusable Arts & Crafts with a bit extra LEARN MORE Ⓒ2023 The LEGO Group.,LEARN MORE,,,image,ecommerce,92235,1610,160,1270.62
enriched_ad_5995,campaign_044,Ashley Tempur-Pedic,,Shop Now,,,image,ecommerce,74001,993,98,1320.86
enriched_ad_5996,campaign_027,Rule the Game,Astro A30 Wireless XBOX/PS/Switch/PC/MOBILE+ Shop Now Logitech G,Shop Now,,,image,ecommerce,86889,1603,109,1544.77
enriched_ad_5997,campaign_011,Designed For Mac,logitech O JEEE:: High-performance accessories crafted for MacBook and iMac.,,,,image,ecommerce,87380,1744,154,1064.63
enriched_ad_5998,campaign_004,Voyages Airfare Credit,$1200 FREE DRINKS PER CABIN UP TO $600 BOOK BY JUNE 29TH Kotor,,,,image,travel,97139,1830,145,1386.18
enriched_ad_5999,campaign_041,HONDAS IT’S BIG. MEET THE ALL-NEW PIONEER 1000-6 DELEUCE,,,,,image,automotive,30475,342,9,504.05
enriched_ad_6000,campaign_028,Meet the All-New Pioneer 1000-6 Deluxe Crew,,,,,image,automotive,78134,1042,28,1224.86
