ad_id,campaign_id,headline_text,body_text,call_to_action,platform,placement,ad_format,category,impressions,clicks,conversions,spend
enriched_ad_0001,campaign_007,AMAZING GRACE FELLOWSHIP,"1061 Eastland Drive North, Twin Falls Idaho. Service times: Sundays at 8:30 and 10:30 AM Go to agf.org for more information.",,,,image,ecommerce,48060,849,80,826.61
enriched_ad_0002,campaign_013,Zolucky,"- Up to -
50%",Shop Now,,,image,ecommerce,46854,816,78,790.56
enriched_ad_0003,campaign_042,Academy Presents Hang With Terrrell Owens And Friends!,Join us for an exciting event featuring COWBOYS AT CHIEFS SUN on November 21 at 4:25 PM EST. Get your FREE tickets now.,Get Your Free Tickets,,,image,entertainment,35111,834,105,252.85
enriched_ad_0004,campaign_022,Time to OREGON's MT. HOOD TERRITORY SPRUCE THINGS UP,,Learn More,,,image,ecommerce,84574,1188,72,981.45
enriched_ad_0005,campaign_037,FARMERS INSURANCE,"Jeremy Belcourt | CONSTRUCTION COSTS | Ensure you're prepared. ARE RISING, IS YOUR HOME COVERED ADEQUATELY? Review Your Coverage Call Now at 406-543-6177.",Review Your Coverage,,,image,ecommerce,37296,540,55,394.54
enriched_ad_0006,campaign_004,Why Robotic Surgery?,"Less pain, less scarring, faster recovery",,,,image,healthcare,39517,532,27,841.57
enriched_ad_0007,campaign_043,Find Your Forecast,AccuWeather provides accurate weather forecasts for wherever you need it.,,,,image,ecommerce,94263,1001,48,1061.24
enriched_ad_0008,campaign_015,Visit AccuWeather,"Find your forecast when you need it, where you need it.",,,,image,ecommerce,77074,1147,115,1385.84
enriched_ad_0009,campaign_034,Become A Weather Insider,"Get detailed information about the latest weather forecasts, trends, and upcoming meteorological events.",LISTEN NOW,smart speakers,,image,ecommerce,83523,1032,64,1281.05
enriched_ad_0010,campaign_026,KIDS WANT CANDY. THE TOBACCO INDUSTRY WANTS CUSTOMERS.,Learn the tobacco industry's latest tricks and how to fight back. Learn More > HHSA Spored by the County of San Diego Health LIVE WELL and Human Services Agency,,,,image,"healthcare, education",52881,744,46,606.94
enriched_ad_0011,campaign_047,Pella 20% OFF Qualifying Windows & Doors BLACK,Excludes vinyl products. Offer is good for product only and does not include installation.,LEARN MORE,,,image,ecommerce,70436,857,76,1106.49
enriched_ad_0012,campaign_012,It's Diabetes Awareness Month!,"Have Diabetes? Not Sure?
Paths to Health
Tools for Healthier Living
NMDOH
New Mexico Department of Health",,,,image,healthcare,44109,817,37,639.01
enriched_ad_0013,campaign_048,It's Diabetes Awareness Month!,"Have Diabetes? Not Sure?
Paths to Health
Tools for Healthier Living
NMDOH",,,,image,healthcare,63167,935,53,980.37
enriched_ad_0014,campaign_001,WALSER - AUTO CAMPUS Wichita,We will buy your car. It's that simple.,Shop Now,,,image,automotive,26808,306,7,374.41
enriched_ad_0015,campaign_002,WALSER AUTO CAMPUS,Wichita WE'LL BUY YOUR CAR. IT'S THAT SIMPLE Learn More,,,,image,automotive,74505,969,35,1719.52
enriched_ad_0016,campaign_035,More Ways to Play Prairie Casino & Resort,,,,,video,entertainment,96403,2663,466,764.87
enriched_ad_0017,campaign_039,More Ways to Play Prairie Band Casino & Resort,,,,,video,ecommerce,70972,1359,109,921.19
enriched_ad_0018,campaign_041,2022 IDAHO SHAKESPEARE FESTIVAL - SEASON TICKETS ON SALE NOW!,Give the gift of great theater in the Great Outdoors! BUY ONLINE,BUY ONLINE,,,image,entertainment,89186,1721,231,505.65
enriched_ad_0019,campaign_042,Your Hometown Healers,DOCTOR OWNED & OPERATED The Women's Clinic of Northern Colorado Schedule an appointment today!,,,,image,healthcare,59095,958,52,1217.92
enriched_ad_0020,campaign_045,Texas MBA,,,,,image,education,24079,423,38,195.56
enriched_ad_0021,campaign_037,Introducing,,,,,image,,85682,1700,88,1210.88
enriched_ad_0022,campaign_009,NEWSCARTUCSON Holiday SIGN UP GIVEAWAY,Stetson Painting Residential Commercial Fleet Feet Tucson McGuire's Jewelers Fine Jewelry Since 1947 Sun Lighting,,,,image,"ecommerce, saas, education, healthcare, finance, entertainment, travel, food, automotive, real_estate",84216,1470,76,1473.82
enriched_ad_0023,campaign_009,The LinnStrumentalists,,Watch the video,,,video,,71561,1894,160,1028.1
enriched_ad_0024,campaign_044,"FREE INSPECTIONS","& ESTIMATES! Since 1937 D /ROOFING 903-465-7677 WWW.LANKFORDROOFING.COM",Learn More,facebook,,image,ecommerce,77182,997,50,1155.67
enriched_ad_0025,campaign_026,Shepherd's Heart TOYS,,Donate Here,,,image,ecommerce,68231,939,67,814.35
enriched_ad_0026,campaign_048,Toys From The Heart,,Donate Here,,,image,entertainment,90076,2329,331,720.93
enriched_ad_0027,campaign_043,Shop HMI Fireplaces,,,,,image,ecommerce,35904,447,37,526.75
enriched_ad_0028,campaign_040,Meridian - BUILD Locally IMPACT Globally,"November 17-18, 2021
Stellar Register Now",Register Now,,,image,ecommerce,46530,794,50,555.11
enriched_ad_0029,campaign_019,Grammarly - Be Best English Writer You Can Be!,Get Grammarly. It's free! The best way to improve your writing skills and become the best English writer you can.,,,,image,education,66547,1397,156,524.33
enriched_ad_0030,campaign_037,"Horizon - Easier, Faster CRISPR-Cas9 Gene Editing",a PerkinElmer company. All-in-One Lentiviral sgRNA Vector.,Learn more,,,image,education,71244,1037,115,751.42
enriched_ad_0031,campaign_042,Runner Roof Racks Accessories Adventure Gear,,,,,image,ecommerce,99804,1980,175,1157.86
enriched_ad_0032,campaign_027,"Si tu carro termina en 8,9",,,,,image,entertainment,92086,2064,212,595.61
enriched_ad_0033,campaign_011,Si la placa de tu carro termina en 809,Es tu mes para matricular tu carro iP n INDUSO DE LA PROD.,,,,image,entertainment,76059,1977,326,387.37
enriched_ad_0034,campaign_032,Lo eLegacy,THE LARS LARSON SHOW Lars recommends eLegacy Law Full service estate planning from the comfort of your own home with flat rate pricing - No Surprises! Lars Special Rate,,,,image,ecommerce,72456,1240,79,1209.05
enriched_ad_0035,campaign_021,FINESTRE DA TETTO,AVVOLGI DI LUCE I TUOI SPAZI Pour FAKRO,,,,image,,74094,918,50,1223.64
enriched_ad_0036,campaign_034,Middleten Valle MA Tri-States Best!,Thank you for voting MVB as one of the Tri-States Best! Middletown Valley Bank is an FDIC-insured community heritage financial institution.,,,,image,finance,96950,1324,42,2616.77
enriched_ad_0037,campaign_033,The Podcast,A guided journey to coming to know the prophet. Brought to you by LDSLiving Learn More,,,,image,education,59172,1160,110,541.69
enriched_ad_0038,campaign_005,Shine,"Leave the toilet, Cleaning to the robots. Shine.",,,,image,ecommerce,69404,1130,111,833.96
enriched_ad_0039,campaign_012,Leaf Guard,"Get it. And forget it.
At LeafGuard®, we are dedicated to ensuring your home is protected year round, which is why we offer a no-clog guarantee. If your LeafGuard® gutter ever clogs, we will come out to clean at no cost to you.",LEARN MORE,,,image,ecommerce,24515,329,23,308.33
enriched_ad_0040,campaign_034,OUR BEST OFFERS OF THE SEASON!,"NOW THROUGH DECEMBER 10, 2021
300 Mbps Internet
$36.99
miapelka nced spands ray வு
GETA $100
VISA GIFT CARD
RCN
INTERNET-TV-PANE",,,,image,ecommerce,90199,1524,155,1044.79
enriched_ad_0041,campaign_001,FENDER PLAYER PLUS,,SHOP NOW,,,video,entertainment,61231,1527,263,302.2
enriched_ad_0042,campaign_034,D.I.Y. PLUMBING,NOT WORKING OUT? WE CLEAN YOUR LINE FOR $149 license # M6397 S H₂O Maestro Plumbing A Fayette Heating & Air Company THE OFFICIAL PLUMBING COMPANY OF UK ATHLETICS K,,,,image,ecommerce,20026,360,29,334.12
enriched_ad_0043,campaign_027,June UP TO 50% OFF,,Shop Now,,,image,ecommerce,64519,1300,122,1014.45
enriched_ad_0044,campaign_049,Great Events Have No Boundaries When In-Person and Virtual Become One,,REQUEST A DEMO,,,video,ecommerce,75209,1618,147,1342.31
enriched_ad_0045,campaign_010,Connect Health - Certified Colorado Health Insurance,Enroll now to get health insurance in Boulder County. Have questions? We can help.,ENROLL NOW,,,image,healthcare,71195,1109,61,1205.43
enriched_ad_0046,campaign_040,Celebrate 150 Years of History,in this new exhibit at the Longmont Museum.,,,,image,education,73117,1314,170,763.76
enriched_ad_0047,campaign_031,SRS STERLING - FORTRESS TABLEWARE SOLUTIONS™,A FORTESSA Tableware Solutions Company located in One Loudoun. Contact us at (866) 612-1777 for more details.,,,,image,ecommerce,96014,1045,62,941.7
enriched_ad_0048,campaign_026,TOP NOTCH Computers & Repairs,Computers & Repairs. Commercial Technology Services Expert Computer Repairs and Network Services Data & Disaster Recovery Services • Business & Medical IT Consulting Residential Computer Help Cybersecurity Solutions Local to NoVA CONTACT US < < < ,,,,image,"ecommerce, saas",29165,399,19,442.71
enriched_ad_0049,campaign_008,Bank of Clarke County,Help TOGETHER Visit our website to learn. Moke and Donate at www.bankofclarke.bank FDIC #GIVEWITHBOCC,,,,image,finance,96225,1184,32,2075.65
enriched_ad_0050,campaign_043,Purposeful Living,"Independent Living, Assisted Living, Inspiritás - Memory Care at Ashleigh in Lansdowne™, Call (703) 345-6912 for a tour.",,,,image,ecommerce,42334,878,55,619.2
enriched_ad_0051,campaign_005,TOP NOTCH Computers & Repairs,Computers & Repairs. Commercial Technology Services • Expert Computer Repairs and Network Services • Data & Disaster Recovery Services • Business & Medical IT Consulting • Residential Computer Help Cybersecurity Solutions Local to NoVA,,,,image,"ecommerce, saas, education, healthcare, finance, entertainment, travel, food, automotive, real_estate",91784,1003,51,1218.09
enriched_ad_0052,campaign_036,Practicam Al-Powered Social Media,Marketing for Dentists. Create your free account.,,,,image,ecommerce,38293,677,40,393.25
enriched_ad_0053,campaign_011,Fall Deals at Herbein's Garden Center,Rake in the Fall deals at Herbein's Garden Center. Visit us for exclusive discounts and offers.,CLICK HERE,,,image,ecommerce,47087,939,78,605.26
enriched_ad_0054,campaign_006,Historic Turkey Trot,5K Run/Walk & Fun Walk - Nov. 27 REGISTER TODAY Historic Bethlehem MUSEUMS & SITES,,,,image,entertainment,44229,622,64,280.72
enriched_ad_0055,campaign_048,Historic Turkey Trot,"5K Run/Walk & Fun Walk SATURDAY, NOVEMBER 27 REGISTER TODAY #Historic Bethlehem MUSEUMS & SITES",,,,image,entertainment,51810,1392,126,390.71
enriched_ad_0056,campaign_033,The Hot Dog King,"OCCO'S V SKICE Celebrating 99 Years! Quality You Can Trust Since 1923 Click here for full menu, hours & special offers",,,,image,food,37201,585,51,503.36
enriched_ad_0057,campaign_043,GO HIKING,Lule Waymaker Rodeo Lilicl Th,,,,image,,24069,313,15,256.21
enriched_ad_0058,campaign_031,"Me. Lasting Weight Loss","Download on the App Store GET IT ON Google Play",Learn More,facebook,,video,ecommerce,91546,1924,176,1335.39
enriched_ad_0059,campaign_033,J.me Black,,Shop Now,,,image,ecommerce,37576,747,65,450.9
enriched_ad_0060,campaign_029,Make Macomb Schools your Home,"For more information about Macomb Schools, go to www.misd.net",,,,image,education,99364,1374,203,1131.13
enriched_ad_0061,campaign_030,Wholetale Outlet,Your go-to store for the Greatest Values. Browse our weekly features.,,,,image,ecommerce,30407,436,43,377.25
enriched_ad_0062,campaign_039,Foodless,"Shop Today! Natural Foods | Organic Selections Supplements
2230 Biddle Rd, Medford | Open 24/7",SHOP TODAY!,,,image,food,57447,1499,99,700.44
enriched_ad_0063,campaign_038,FOOD 4 LESS,Shop Today! Natural Foods Organic Selections Supplements,,,,image,food,41807,1056,82,625.3
enriched_ad_0064,campaign_010,HOLLYWOOD BODY JEWELRY,TI-6AL4V-ELI ASTM F-136 Grade 23 IMPLANT GRADE TITANIUM at the most competitive prices,SHOP NOW,,,image,ecommerce,59717,1176,71,797.23
enriched_ad_0065,campaign_024,COUPON CODES AVAILABLE,Get Codes Capital One Shopping The Coupon-Finding Browser Extension I I,,,,image,ecommerce,57618,915,66,789.61
enriched_ad_0066,campaign_007,Place Your Bets On The Next Slam Dunk,,Take Your Shot,,,image,entertainment,92528,1839,169,449.38
enriched_ad_0067,campaign_028,GO BEYOND THE BET,Explore EXCLUSIVE & UNRIVALLED experiences at MAXIMBET. Play with me!,,,,video,entertainment,58468,1923,254,437.54
enriched_ad_0068,campaign_019,New Way to Bet,,Play Now,,,video,entertainment,54766,1780,326,481.97
enriched_ad_0069,campaign_033,Grow Stronger Together,,Join Now,,,image,ecommerce,63084,1140,61,905.19
enriched_ad_0070,campaign_005,Grow Stronger Together,,Join Now,,,image,ecommerce,64784,777,47,633.61
enriched_ad_0071,campaign_044,Complete Lung Cancer Care,Care in Queens at NewYork-Presbyterian on WEDNESDAY NOVEMBER 17 AT 5 PM.,CLICK HERE TO REGISTER Sign up now. Space is limited.,,,video,healthcare,86187,2025,141,1765.87
enriched_ad_0072,campaign_010,GO Miami,Discover now,,,,image,,97991,1293,81,1445.23
enriched_ad_0073,campaign_015,CAR SALE,NOVEMBER 8th - 19th Trades Accepted - Free Home Delivery RATES AS LOW AS 0.99% Up-to 36 Months Get Pre-Approved Online! dcfcu.org/carsale 305-471-5080 Dade County Federal,,,,image,ecommerce,76508,1040,103,1064.28
enriched_ad_0074,campaign_021,MARVEL INSIDER COULD BE YOURS!,WATCH AND READ FOR POINTS & REWARDS. JOIN NOW,JOIN NOW,,,video,entertainment,36882,772,112,199.81
enriched_ad_0075,campaign_049,Discover Mic on Instagram,,@MIC Follow us to stay updated with the latest news and exclusive content!,instagram,,image,entertainment,90145,2194,312,692.91
enriched_ad_0076,campaign_050,SHOP LOCAL GIVE LOCAL,"With XUMCU, learn more! Insured by NCUA.",Learn More!,,,image,ecommerce,76405,1557,98,930.33
enriched_ad_0077,campaign_015,Michigan Radio Connect,,,,,image,entertainment,52134,1259,209,379.8
enriched_ad_0078,campaign_046,Need Enriched Samples?,Find out more applied biosystems by Thermo Fisher Scientific,,,,image,ecommerce,69796,1229,88,1118.47
enriched_ad_0079,campaign_023,Innovative Materials,"Healthier Living, Brentwood Home - SHOP NOW CLIMATE NEUTRAL CERTIFIED",SHOP NOW,,,image,ecommerce,46801,572,57,652.16
enriched_ad_0080,campaign_020,Physician Career Center Job Board,Search 1000's of Physician Jobs Click Here,,,,image,ecommerce,48778,779,71,705.93
enriched_ad_0081,campaign_007,Community New Digital,,,,,image,ecommerce,50797,730,36,683.0
enriched_ad_0082,campaign_018,When Art Meets Science,The Creative Possibilities Are Endless,Learn More,,,image,ecommerce,27020,428,40,372.02
enriched_ad_0083,campaign_017,Buy for your characters,,BUY NOW,,,image,entertainment,89004,1252,144,585.65
enriched_ad_0084,campaign_008,Heebs - Fresh Market,Food Raiser! Donate and we will purchase the same food AND MORE at our cost!,LEARN MORE ► CAN THE GRIZ FOOD DRIVE?,,,image,food,78421,2026,126,1044.57
enriched_ad_0085,campaign_042,$140 Prize Value!,Enter for a chance to win the Bread Baking Giveaway MOUS KAPHYSI BREAD + MORE PRIZES! Enter Now,ENTER NOW,,,image,ecommerce,51865,777,71,595.06
enriched_ad_0086,campaign_024,ULTIMATE RIDE,*Restrictions apply. See our website for the complete promotional offer.* SPECIAL OFFERS AVAILABLE ON KTM 200 DUKE MOTORCYCLES KIM,,,,image,ecommerce,78619,1500,84,1167.87
enriched_ad_0087,campaign_009,PLAY The World’s Best Courses,MORE Than 100 Interactive Experiences GOLF All Year Round FULL SWING OFFICALLY UCENSED GOLF WATCH THE VIDEO Official ALATOR,,,,video,education,58046,983,124,531.3
enriched_ad_0088,campaign_013,We're a non-profit sustained by donations of about $25.,"If everyone reading right now gave $7, our fundraising would be done in under an hour. DONATE TODAY →",DONATE TODAY,,,image,ecommerce,71776,1230,117,716.3
enriched_ad_0089,campaign_022,DONATE TODAY,,Donate Today,,,image,ecommerce,29581,557,52,304.08
enriched_ad_0090,campaign_026,Know Before You Go,,,,,image,,41452,699,37,463.11
enriched_ad_0091,campaign_050,Know Before You Go,,,,,image,,57559,1016,63,978.71
enriched_ad_0092,campaign_007,Trustone Financial,We inspire our members to achieve lifelong financial well-being.,,,,image,finance,98452,820,29,2530.27
enriched_ad_0093,campaign_048,UNLOCKING THE POTENTIAL,IN ALL OF US LEARN MORE ABBOTT,,,,image,,73785,1187,107,875.55
enriched_ad_0094,campaign_005,Get Tickets at Knicks.com,,Shop Now,,,image,entertainment,81522,2051,281,478.32
enriched_ad_0095,campaign_025,El Dorado Hills Chamber of Commerce presents A Trip For An Adventure to Vietnam,"March 1 - 10, 2022
10 Days R/T Air, Meals, Tours
Hanoi
Ha Long Bay
Hoi An
HCM City",Click Here,,,image,travel,80766,1365,115,1250.5
enriched_ad_0096,campaign_018,Media Campaign Manager by Narity,,Sign Up,,,image,ecommerce,68784,1112,95,1095.06
enriched_ad_0097,campaign_019,Campaign Manager,Start your advertising locally with Narity Campaign Manager. Book now to get started.,Book Now,,,image,ecommerce,41915,619,45,486.12
enriched_ad_0098,campaign_032,MumsNet Insight,Discover valuable insights and expert advice tailored for mums on MumsNet.,,,,image,ecommerce,20026,408,29,289.84
enriched_ad_0099,campaign_049,"CIERRA TOWING For all your towing needs, Call Cierra Towing & Crushing LLC","24 Hour Wrecker Service
806-381-2561
We're there when you need us the most!
AMARILLO CANYON",,,,image,ecommerce,25442,519,50,372.49
enriched_ad_0100,campaign_038,CIERRA TOWING,"For all your towing needs, Call Cierra Towing & Crushing. We're there when you need us the most! AMARILLO CANYON 806-381-2561",,,,image,ecommerce,98721,1742,170,1474.02
enriched_ad_0101,campaign_045,Coulter Gardens & Nursery,,CLICK HERE,,,image,ecommerce,88377,950,78,998.89
enriched_ad_0102,campaign_014,Handcrafted Wooden Chairs,"Discover our collection of handcrafted wooden chairs, perfect for any room. Each piece is meticulously crafted to ensure durability and beauty.",Shop Now,facebook,,image,ecommerce,43310,594,54,549.79
enriched_ad_0103,campaign_045,Fowhand Furniture,We have it all - COASTAL LIVING. Discover our extensive collection of furniture designed for coastal living spaces.,,,,image,ecommerce,80429,1153,103,1345.95
enriched_ad_0104,campaign_030,Blaise - Our Junior Weathercaster,"18 JUNIOR Alexander Mansfield Dealerships Click Here to learn more about why your child should be Blaise, our talented junior weathercaster.",Click Here,,,image,entertainment,43959,813,110,307.73
enriched_ad_0105,campaign_048,Tell us why your child should be our Junior,"Weathercaster and win them a tour of our studio, the opportunity to film a Junior Weathercaster segment for WETM 18 News at 5:30!",CLICK HERE,,,image,entertainment,23461,411,61,120.92
enriched_ad_0106,campaign_002,Official Partner - NASCAR Powered by AWS,"Every Race, Every Moment.",,,,image,entertainment,26123,538,94,180.87
enriched_ad_0107,campaign_003,Race! ION ANASCAR CUP Series Wari Most Popunar Driver Tockiar,,,,,image,ecommerce,56744,685,49,725.41
enriched_ad_0108,campaign_006,Awards & Recognition Programs,,SIGN UP,,,image,healthcare,92112,1658,78,1665.28
enriched_ad_0109,campaign_044,Programs Highlight the Accomplishments of Industry Leaders,,SIGN UP Modern Healthcare,,,image,healthcare,84378,1422,70,2057.24
enriched_ad_0110,campaign_012,Awards & recognition programs,highlight the accomplishments of industry leaders.,SIGN UP Modern Healthcare,,,image,healthcare,40384,638,23,723.52
enriched_ad_0111,campaign_044,Help Bring News Gray to Your Community? We're Hiring,Want to help bring the news gray to your community? we're hiring. BROWSE CURRENT JOB OPENINGS > We are a COVID Safe Workplace.,,,,image,ecommerce,68395,1346,124,1033.5
enriched_ad_0112,campaign_025,North Star MOHICAN CASINO RESORT AUTUMNOBILE GIVEAWAYS,,WIN YOUR SHARE OF OVER IN PRIZES WHERE THE STARS ALIGN - CLICK TO PLAY,,,video,entertainment,40318,752,120,355.27
enriched_ad_0113,campaign_030,In The Wings,,,,,video,,80699,2171,164,1433.16
enriched_ad_0114,campaign_047,Advance Your Career,Master in Liberal Arts Offered online and on campus UNIVERSITY OF ST. THOMAS Learn More Sadels,,,,image,education,80192,1989,241,602.77
enriched_ad_0115,campaign_016,LEGO VIP Weekend,Is coming on 11/20-11/21 Learn more >,,,,image,entertainment,25388,487,48,141.96
enriched_ad_0116,campaign_043,Rates are Rising... It's a Great Time to Refinance!,"2.990 3.032% INTEREST RATE 30-YEAR FIXED RATE RESIDENTIAL MORTGAGE Loans up to $2 Million, No Paints! * Learn More INSTITUTION FOR SAVINGS Building Stronger Communities Together Since 1820, Member FDIC Member DIFNMLSID #410",*Learn More*,,,image,finance,21974,204,6,634.17
enriched_ad_0117,campaign_044,HEROES WERE MADE,"| Sage
Order your copy of this coffee table style book!
Call 814.532.5003
Or visit www.HeroesWereMade.com
tAX & SHIPPING",,,,image,entertainment,60896,1372,140,479.52
enriched_ad_0118,campaign_045,Just a Pinch Recipes,Discover delicious recipes for dinner. What's For Dinner? Get the perfect recipe to satisfy your cravings.,Get Recipes,,,image,ecommerce,41521,621,62,703.15
enriched_ad_0119,campaign_033,Family Dinner Delivered,Try delivery or curbside pickup.,Shop now.,instacart,,image,ecommerce,33535,464,45,568.09
enriched_ad_0120,campaign_043,Superlithium: The Future of Lithium,,Learn More,,,image,ecommerce,69030,1071,81,964.59
enriched_ad_0121,campaign_039,Investors Bank,Ready for business. Set for banking.,Learn More,,,image,finance,84510,1107,50,2360.16
enriched_ad_0122,campaign_007,Shop Before & After Collection! REPLEN,FREE Picture - Perfect Kit with Purchase $75+ from B&A Collection SHOP NOW,SHOP NOW,,,image,ecommerce,28872,575,41,483.53
enriched_ad_0123,campaign_006,View Weekly Ads,,,,,image,ecommerce,45195,537,27,471.7
enriched_ad_0124,campaign_044,Get the Family Caregiving Support You Need,When you're in New Hampshire and require caregiving support for your family.,Learn More,,,image,ecommerce,39605,582,35,696.68
enriched_ad_0125,campaign_050,"Lom - Easier Access to Care Anytime, Anywhere",Learn More About Horizon. Horizon is part of Blue Cross Blue Shield of New Jersey and operates as an independent licensee under the Blue Cross Blue Shield Association.,Shop Now,facebook,,image,healthcare,96591,1844,111,2526.69
enriched_ad_0126,campaign_022,Operating Engineers Local 825,Building roads & bridges in Illinois to keep us moving. UNION NOTENIEN LABO OP LENIONS BULIS 825 OWNIA BETTER BUILDING BEGINS HERE.,,,,image,ecommerce,31747,365,32,564.44
enriched_ad_0127,campaign_025,NJ Spotlight News,"Support Statewide Journalism. Be a sponsor. On-air, online, live events.",,,,image,entertainment,22848,560,54,188.72
enriched_ad_0128,campaign_005,Get The Guide to Analytics,Discover the power of analytics with our comprehensive guide. Cloud Marketing and Snowflake deliver on your promise.,Learn More,facebook,,image,ecommerce,33313,490,27,520.26
enriched_ad_0129,campaign_032,YOUR LOUISIANA IN TREASURER,Connecting You to Your Money! Search your name Louisiana Unclaimed Property,,,,image,ecommerce,62544,1074,81,790.17
enriched_ad_0130,campaign_013,J&B Firearm Sales,,,,,image,ecommerce,63641,1271,107,982.02
enriched_ad_0131,campaign_021,ON SALE NOW! OUTSTANDING DEALS CRAZY FAST SHIPPING,,SHOP NOW!,,,image,ecommerce,63010,888,62,859.73
enriched_ad_0132,campaign_018,Scribble Hub,Read thousands of novels for free!,,,,image,entertainment,64403,1206,182,426.64
enriched_ad_0133,campaign_008,WORLD'S BEST CAT LITTER GO NATURALLY SAFE. SWITCH TODAY,,Switch Today,,,image,ecommerce,93514,1308,117,1640.62
enriched_ad_0134,campaign_007,Special Discounts for Veterans,Ask us about our special discounts for Vets! • Assisted Living Secure Memory Care Respite Care The Willows At Meadow Branch Click To Schedule A Visit &,,,,image,ecommerce,49837,917,74,625.26
enriched_ad_0135,campaign_040,Free Checking with eStatements,"FDIC Centier offers Free Checking, Nationwide ATMs, Online and Mobile Banking. All the benefits:",Learn More,,,image,ecommerce,77743,1496,99,796.16
enriched_ad_0136,campaign_009,Support & Advice for Caregivers,,GET STARTED,,,image,ecommerce,82350,1274,95,1457.29
enriched_ad_0137,campaign_016,NEXT ADVENTURE is proud to be Oregon's alternative outdoor store!,"We're your one-stop-shop for camping gear and more! We have rentals, tuning, used gear too. Shop our four locations or next adventure.net",,,,image,ecommerce,58971,838,64,630.84
enriched_ad_0138,campaign_041,India Innovation Hero Awards 2021,Congratulations to Winners of 2021 SUSE,,,,image,ecommerce,48931,628,30,583.41
enriched_ad_0139,campaign_044,Unwrap the Joy of Oprah's Favorite Things,Discover and shop for your favorite items from Oprah Winfrey. Find everything you need to make life more joyful on Amazon.,Shop now!,amazon,,image,ecommerce,85732,1272,128,1195.73
enriched_ad_0140,campaign_005,AMAZON ORIGINAL STORIES,ΚΕΚΕ Palmer with Jasmine Guillory Southern Belle Insults Prime members read and listen for free KEKE Palmer Palmer SALSA 4Chelicas Keri on Werk Week My Dear Friend Janet of Lady Mi Palmer Palmer Sophie Dreams Big,,,,image,,43132,894,76,421.89
enriched_ad_0141,campaign_002,Shapeways,Custom pricing on 3D printing. Get a quote.,,,,image,ecommerce,39593,435,23,661.33
enriched_ad_0142,campaign_024,Marketing Solutions,We know a few things about getting attention. Email marketing is one. See what else we can do.,,,,image,ecommerce,76876,977,53,1346.66
enriched_ad_0143,campaign_001,Media Snar - Get Access,REEE www MEDIA SNAR www GET ACCESS atal OSINT FOR SECURITY POI Step-by-step processes for performing OSINT investigations.,,,,image,ecommerce,77638,1201,89,1258.53
enriched_ad_0144,campaign_049,LEBEDA MATTRESS FACTORY OUALITY BEDDING SINCE 1945 WINTER WARMUP MATTRASSES SALE,PillowPlush Start at Only $599 For a Queen Set with Cooling Gel and Memory Foam Plus FREE Local Delivery and a Free Bed Frame with sets $599 or more* Click Here!,Click Here! Get Your PillowPlush Mattress Today!,facebook,,image,ecommerce,92546,1815,133,1133.4
enriched_ad_0145,campaign_032,WINTER WARM UP,Save $200-$700 on a variety of mattress sets & Adjustable Beds with Power Bases PillowPlush Queen Sets with Cooling Gel and Memory Foam for only $599. LEBEDA Now Only Mattress Factory offers FREE Local Delivery and a Free Bed Frame.,,,,image,ecommerce,63952,1030,101,870.61
enriched_ad_0146,campaign_026,Powerful speeds up to 1 GIG,Xtream Internet starting at $19.99/mo for 1 year FREE installation when you order online.,,,,image,ecommerce,70323,1455,136,1036.16
enriched_ad_0147,campaign_006,XTREAM - Powerful Xtream Internet starting at Speeds up to 1 GIG/mo for 1 year,"FREE installation when you order online. *New customers only. Plus taxes, fees, modem rental and activation.",Get started XYKAM,,,image,ecommerce,27862,565,48,355.74
enriched_ad_0148,campaign_044,New Carbon/Fade Finish Defense,Shop Now for the latest in defense gear with our new carbon/fade finish.,SHOP NOW,,,image,ecommerce,86886,1028,103,1347.66
enriched_ad_0149,campaign_047,BÄRSkin TACTICAL HOODIE,Wildly comfortable. All-season protection.,Get 60% Off,,,image,ecommerce,57221,1180,122,877.3
enriched_ad_0150,campaign_030,Master Cooler Master Make It Yours,Explore the MASTERAIR series with our latest COLD DARK FORCE model. Experience ultimate cooling performance tailored to your needs.,Shop Now,,,image,electronics/ecommerce,59402,1136,60,834.13
enriched_ad_0151,campaign_044,MSI CLUTCH GM41 LIGHTWEIGHT WIRELESS,,,,,image,electronics/electronics/gaming/mice/usb-mice/msi-clutch-gm41-lightweight-wireless-usb-mouse-psa-v2,39333,519,47,415.87
enriched_ad_0152,campaign_039,PRO FOOTBALL CHALLENGE,"2021 SIGN UP TODAY FOR A CHANCE TO WIN A 55"" TV! CLICK TO ENTER SPONSORED BY m OZARK TRADING",CLICK TO ENTER,,,image,entertainment,31880,814,98,270.08
enriched_ad_0153,campaign_049,PRO FOOTBALL CHALLENGE,"2021 SIGN UP TODAY FOR A CHANCE TO WIN A 55"" TV! CLICK TO ENTER SPONSORED BY OZARK TRADING",CLICK TO ENTER,,,image,entertainment,32059,832,86,270.45
enriched_ad_0154,campaign_018,Packers Weekly Giveaway,,Enter Now,,,image,ecommerce,20246,345,28,288.75
enriched_ad_0155,campaign_028,Elite Care for Every Body,"Learn More about beliIn Health, TitleTown Sports Medicine & Orthopedics.",,,,image,healthcare,33915,357,22,870.46
enriched_ad_0156,campaign_026,Events are a business-critical opportunity,It's time your marketing acted like it Learn More,,,,image,ecommerce,82767,998,98,1111.44
enriched_ad_0157,campaign_046,Where Small Leads to Big Stories,Become big stories. Learn more okp.,Learn More,,,image,entertainment,60361,1623,180,376.94
enriched_ad_0158,campaign_015,The Practice Biologics for Inflammatory Bowel Disease,Patient Care - Register Today to learn more about our biologic treatments.,Register Now,,,image,healthcare,30647,300,15,476.54
enriched_ad_0159,campaign_010,Insights and analysis on technology that is reshaping health care,"Check out the all-new feature series, Collaborative Care: Technology's Evolving Role in Cardiometabolic Health Learn More ENDOCRINOLOGY NETWORK Practical Cardiology™",Learn More,,,image,healthcare,74639,1380,57,1206.9
enriched_ad_0160,campaign_038,Insights and analysis on the technology that is reshaping health care,"Check out the all-new feature series, Collaborative Care: Technology's Evolving Role in Cardiometabolic Health Learn More Practical NETWORK Cardiology™ ENDOCRINOLOGY",Learn More,,,image,healthcare,83840,1466,88,1964.32
enriched_ad_0161,campaign_025,GET INSIDE THE GAME,"REDEEM POINTS FOR EXCLUSIVE VIP EXPERIENCES, TICKETS, GIFTCARDS AND MORE! ANAGEM - 3200 12:39 58 VISA APPLY NOW",,,,image,entertainment,27278,607,61,157.2
enriched_ad_0162,campaign_031,Globalization Partners,Add International Headcount Without The International Headache. Succeed Faster,,,,image,ecommerce,76240,1085,70,1058.18
enriched_ad_0163,campaign_045,DIGITAL TRENDS Best Fitness Trackers,Read more,,,,image,ecommerce,41190,841,86,679.12
enriched_ad_0164,campaign_050,MAST Celebrating 70 Years of Dedication to Caring for Our Community,"Celebrating 70 years of dedication to caring for our community. MAST has been at the forefront since 1951, providing exceptional healthcare services through Olympic Medical Center.",,,,image,healthcare,97004,1479,109,2359.11
enriched_ad_0165,campaign_036,All-New MC2sc Micro-Compact Magazines,,,,,image,ecommerce,40365,463,35,543.74
enriched_ad_0166,campaign_008,Virtual Helen Dean King Award Ceremony,"Immune Responses to SARS-CoV-2 November 18, 2021 | 5-6 PM EDT Click To Register Akiko Iwasaki, Ph.D. The Wistar Institute WOMEN & SCIENCE PROGRAM WISTAR.ORG",CLICK TO REGISTER,,,image,education,40091,962,120,354.26
enriched_ad_0167,campaign_045,Akiko Iwasaki Ph.D. Awarded Virtual Helen Dean King Prize,"The Wistar Institute honored Akiko Iwasaki, Ph.D., with the prestigious virtual Helen Dean King prize for her groundbreaking work on immune responses to SARS-CoV-2.",CLICK TO REGISTER,,,image,education,58271,1024,92,482.94
enriched_ad_0168,campaign_028,LEICA SL2,It's your choice. Order Now LEICA,Order Now,,,image,ecommerce,78043,1543,74,810.96
enriched_ad_0169,campaign_002,Midas Civil Software,"Advanced bridge design, analysis and modeling",Click here to learn more,,,image,ecommerce,40019,762,69,472.85
enriched_ad_0170,campaign_039,Exclusively on fubo STREAM LIVE WITHOUT CABLE,,Learn More,,,video,entertainment,61218,1284,198,447.89
enriched_ad_0171,campaign_041,PROMO CODES AVAILABLE SEE CODES,Capital One Shopping The Coupon-Finding Browser Extension I I I,,,,image,ecommerce,80638,1205,60,1035.78
enriched_ad_0172,campaign_025,Digital Trends Best Fitness Trackers,,,,,image,ecommerce,90990,1873,173,1134.23
enriched_ad_0173,campaign_021,NeatInvoices™ One Simple Tool,Every Invoice & Every Payment VOID PAID Sign Up Now It's Free Really!,"Sign up now, it's free....really!",,,image,ecommerce,21856,395,20,219.09
enriched_ad_0174,campaign_033,Snowflake Special Edition,Cloud Marketing Analytics dummies DELIVER ON the PROMISE of ANALYTICS snowflake GET THE GUIDE,,,,image,ecommerce,69514,1415,104,1013.76
enriched_ad_0175,campaign_032,Get The App,Every Room. Every Game.,,,,video,entertainment,35094,709,87,247.34
enriched_ad_0176,campaign_037,DIGITAL TRENDS Best Fitness Trackers Read More,,,,,image,ecommerce,26091,477,44,465.59
enriched_ad_0177,campaign_005,Getac Rugged Computing,Windows 10 Solutions for Police,Learn More,,,image,ecommerce,99950,1472,80,1578.49
enriched_ad_0178,campaign_003,Manage and Safeguard Evidence,Make your investigations more efficient with smart evidence management.,Learn More,,,image,ecommerce,85119,1622,163,1053.6
enriched_ad_0179,campaign_026,THE PERFECT GIFT FOR THE HOLIDAY SEASON,Commemorative U.S. Mint Coins T PREZ BER National Law Enforcement Memorial and Museum Respect Honor Remember POLECANE Buy Now ,Buy Now,,,image,ecommerce,60882,1188,91,757.91
enriched_ad_0180,campaign_020,Enter To,"FILL THE WIN The Fill The Go-Bag Contest GO-BAG A Chance To Walk Away With This Exciting Go-Bag Equipment Package Worth Nearly $3,400! POLICE ENTER NOW!",,,,image,entertainment,68736,1792,168,446.48
enriched_ad_0181,campaign_017,Dino Run,,Continue,,,image,,64200,1206,121,878.25
enriched_ad_0182,campaign_036,Share Hilarious Videos of Your Kids,and They Could Be Featured in Our New Series!,SUBMIT NOW,,,video,entertainment,84969,2595,419,524.88
enriched_ad_0183,campaign_015,TENDER LOVING EMPIRE,UPLIFTING GIFTS FROM 700* LOCAL & INDEPENDENT MAKERS! Shop Small. Create Change.,SHOP NOW,,,image,ecommerce,53813,589,61,803.63
enriched_ad_0184,campaign_039,Deserve a Real Camera,,Shop Now,,,image,ecommerce,25644,367,22,251.6
enriched_ad_0185,campaign_047,It takes courageous collaboration to govern a divided country.,"Thank you, Senator Lindsey Graham for supporting the bipartisan infrastructure bill. READ MORE PAID FOR BY BIPARTISAN POLICY CENTER Bipartisan Policy Center",,,,image,ecommerce,68580,744,64,1120.21
enriched_ad_0186,campaign_017,It takes courageous collaboration to govern a divided country.,"Thank you, Senator Lindsey Graham for supporting the bipartisan infrastructure bill. READ MORE Bipartisan Policy Center PAID FOR BY BIPARTISAN POLICY CENTER 1225 Eye St NW Suite 1000 Washington DC 20005",,,,image,ecommerce,78712,1246,113,1112.61
enriched_ad_0187,campaign_024,What's in the Building?,To follow our transformation,CLICK HERE,,,image,ecommerce,93898,1517,83,1217.67
enriched_ad_0188,campaign_039,Shop With The String Experts,STRINGS BY MAIL Elixir Strings® coating technology extends tone life longer than any other brand's - coated or uncoated strings. (Elixir Strings player survey) Goo GOOOOOOO,,,,video,ecommerce,87820,1690,126,1518.38
enriched_ad_0189,campaign_020,Guitar $100 OFF,,Shop Now,,,image,ecommerce,38856,664,35,539.81
enriched_ad_0190,campaign_017,CARA-CARMO,ERRARICRITO Great Wines for Gifting & Gathering.,SHOP NOW FERRARI-CARANO,,,image,ecommerce,72610,1236,87,1212.62
enriched_ad_0191,campaign_048,Get Poker Atlas for Free,"Discover and download your favorite poker games with ease. Whether you're looking to play online or offline, we've got everything covered.",Download Now!,facebook,,video,entertainment,37092,1236,189,271.81
enriched_ad_0192,campaign_006,Play More Golf,Full Swing Exclusive Simulator of Golf Watch The Video,,,,video,entertainment,31962,1027,116,189.76
enriched_ad_0193,campaign_033,Learn Python,Get started with Python one step at a time.,,,,image,education,94663,1455,119,877.58
enriched_ad_0194,campaign_023,Clarity from Complexity,Insurance | Reinsurance | Capital Partners Aspen See how we work >,,,,image,ecommerce,90149,960,71,1578.76
enriched_ad_0195,campaign_011,TableTalk™,Ask. Share. Discuss.,Join The Action,,,image,,20937,358,19,375.37
enriched_ad_0196,campaign_027,How Zoom Has Transformed,Zoom has evolved into a complete communication tool for companies. Discover how it can benefit your business.,Read More,,,image,ecommerce,78664,1475,150,770.32
enriched_ad_0197,campaign_004,RYOBI ONE+HP,High performance advanced technology. BRUSHLESS FOL EGA Learn more.,Learn More,,,image,ecommerce,62715,1172,70,1116.77
enriched_ad_0198,campaign_005,RYOBI ONE+HP BRUSHLESS,,Learn More,,,image,ecommerce,68730,1377,72,1042.58
enriched_ad_0199,campaign_034,DIGITAL psychologies,offer STAND UP FOR YOU! A ON All you need to create a life you love Receive 13 issues for just $30,,,,image,ecommerce,34416,390,34,395.19
enriched_ad_0200,campaign_046,Sinne Zolucky,"- Up to -
50%",Shop Now,,,image,ecommerce,50266,960,54,740.74
enriched_ad_0201,campaign_042,"New! Oracare+, THE Secret YOUR Smile. 12H DENTAL PROTECTION mam wracare",,,,,image,ecommerce,36404,497,38,355.96
enriched_ad_0202,campaign_008,20GB PLUS FREE 4GB N5000 YOUTUBE AT NIGHT valid for 30 days airtel THE SMARTPHONE NETWORK,,,,,image,ecommerce,79427,850,63,828.1
enriched_ad_0203,campaign_050,Regence - Your Local Partner in Health Since 1917,Building on our past to shape the future. Learn more.,,,,image,healthcare,56627,773,44,959.15
enriched_ad_0204,campaign_041,Interested in Owning Your Own Franchise?,"OPEN NOVEMBER 20 & 21 at STATE FAIRGROUNDS, NORTH CAROLINA. GET FREE TICKETS! Discover opportunities with Celebree School and 7-Eleven franchisease.",,,,image,ecommerce,23707,249,18,378.36
enriched_ad_0205,campaign_027,Interested in Owning Your Own Franchise?,NOVEMBER 20 & 21 The Franchise Show NORTH CAROLINA STATE FAIRGROUNDS OPEN VauxOMEDICAL ROSATT'S GET FREE TICKETS! Celebree School,,,,image,ecommerce,93810,1505,134,1335.29
enriched_ad_0206,campaign_022,Quinyx - The Most Complete & Powerful Workforce Management Platform,The most complete and powerful workforce management platform on the market. Click to Download Gartner Guide for WFM Applications 2021.,Download,,,image,ecommerce,32533,665,36,319.45
enriched_ad_0207,campaign_012,"SANTX FRANCISCO New Year, new places","PRIZE PACKAGE INCLUDES:
• 2 nights at Westin San Francisco
• 2 tickets to Dear San Francisco
$200 Crab House dining certificate
ENTER TO WIN",,,,image,entertainment,32068,608,59,272.75
enriched_ad_0208,campaign_038,Revs Your Heart,2021 YZ450F TUNE IN TO VICTORY.,,,,image,entertainment,23992,390,57,203.44
enriched_ad_0209,campaign_009,Free Resume Templates,"Get access to our collection of free resume templates. Whether you're looking for professional formatting, sample resumes or need help building your own unique template - we've got you covered.",Download Now,facebook,,image,ecommerce,40536,451,45,554.83
enriched_ad_0210,campaign_038,Live Radio Control,Skip songs on live radio only with globalPlayer. Enjoy uninterrupted listening experience.,,,,video,entertainment,22985,516,68,206.15
enriched_ad_0211,campaign_043,Global by Mirae Asset,,Explore Beyond Ordinary ETFsⓇ,,,image,finance,20649,148,5,622.17
enriched_ad_0212,campaign_015,"Tested, Tried & True - HITEC Servos",Discover the reliability and performance of our servos. Tested for quality assurance.,,,,image,ecommerce,81151,940,91,780.53
enriched_ad_0213,campaign_043,GM Financial Dealer Dividends,Curse (CURS) is now available in Platinum+. This higher-tier plan offers more benefits and better service.,,,,image,finance,82962,1071,34,2721.96
enriched_ad_0214,campaign_043,ValleyHealth,"Healthier, together. Offering Care Throughout Your Life FIND PRIMARY CARE",,,,image,healthcare,31210,598,29,533.82
enriched_ad_0215,campaign_012,Register Now for Free!,Join the healthier community with Ribuabike. Sign up today and get access to virtual fitness sessions tailored for groups of 2 or 4.,Sign Up Today,,,image,ecommerce,89803,1290,85,1165.78
enriched_ad_0216,campaign_040,Just $5 to register Sign Up Today! Now Virtual!,Get your teams of 2 & 4 MACELESS wowwww. BILD TC TRIMDOWN REORD EAGLE ky For a Healthier Community,,,,image,ecommerce,50733,687,33,851.9
enriched_ad_0217,campaign_040,Would Rather Say,I DID IT Than I Didn't Try Now Virtual! Get your teams of 2 & 4 Click Here To Register Now Just $5 to register RECORD EAGLE TC TRIMDOWN Jerseas For a Healthier Community,Click Here To Register,,,image,ecommerce,86866,1001,64,1143.32
enriched_ad_0218,campaign_006,LILICL TH 2021 BLACK FRIDAY,I MAY BE A MECHANIC X BUT I CAN'T FIX STUPID FROM $3.99 We the People IT DOESN'T NEED TO BE REWRITTEN.,,,,image,entertainment,47598,700,129,418.13
enriched_ad_0219,campaign_043,The Huxley Leather Edition,,Shop Now,,,image,ecommerce,82516,1061,103,851.39
enriched_ad_0220,campaign_050,RENEWABLE ENERGY DOESN'T STOP AT WIND AND SOLAR,GET TO KNOW RENEWABLE NATURAL GAS. Clean. Affordable.,Learn More,,,image,energy,94398,1938,103,1177.6
enriched_ad_0221,campaign_005,RENEWABLE ENERGY DOESN'T STOP AT WIND AND SOLAR,GET TO KNOW RENEWABLE NATURAL GAS. Clean. Affordable.,Learn More,,,image,energy,55454,1158,80,901.84
enriched_ad_0222,campaign_049,"PROLENSA","(bromfenac ophthalmic solution) 0.07%",Learn More,facebook,,image,ecommerce,40273,733,50,716.89
enriched_ad_0223,campaign_014,"Practical, Deep-Dive Case Studies From A Wide Range Of North American Operators On Cost Effective, I","Automation 2022 Save 15% With Code RIGZONE15 JANUARY 25-27, 2022 LIVE IN HOUSTON & ONLINE American Business Conferences",,,,image,ecommerce,68995,977,89,789.01
enriched_ad_0224,campaign_009,"Practical, Deep-Dive Case Studies On Cost Effective IoT & Edge Enabled",January 25-27 ONshore Wellsite Automation 2022 LIVE IN HOUSTON Making New Technology Data & Process Work Together To Extract Full Value From Automation & ONLINE,,,,image,ecommerce,47316,785,53,529.98
enriched_ad_0225,campaign_019,Control Your Lights with D-Link 3-for-1 Smart Plugs,"Experience the convenience of controlling your lights remotely. With our innovative solution, you can effortlessly manage up to three smart plugs at once.",Shop Now,facebook,,image,ecommerce,89928,1465,92,920.12
enriched_ad_0226,campaign_027,Disney Encanto,,Shop Now,,,image,entertainment,74219,1669,215,659.69
enriched_ad_0227,campaign_049,AC Infinity Smarter Controls,"Experience the future of home automation with AC Infinity. Our smarter controls ensure seamless integration and effortless operation, making your life easier.",Shop Now,facebook,,image,ecommerce,25450,356,22,400.64
enriched_ad_0228,campaign_044,COLOR & DEFINE YOUR CURLS,,Shop Now,,,image,ecommerce,88685,1818,116,1584.0
enriched_ad_0229,campaign_012,Live Rugby,"Experience live action with Xplorer. Enjoy LIVE rugby, RADIO and NEWS all in one place.",DOWNLOAD THE APP,facebook,,video,entertainment,75927,1635,162,602.46
enriched_ad_0230,campaign_047,L'Almanach 2022 est disponible !,"HES-SERE Rustica PRATIQUE - The almanach 9,90€ Only for Gardeners with Na Lung & MAWI in 2022.",,,,image,ecommerce,40862,731,43,717.54
enriched_ad_0231,campaign_041,Guaranteed Lowest Price,USA Visitors Medical Insurance INSUBUYⓇ,,,,image,ecommerce,91556,1275,105,1496.39
enriched_ad_0232,campaign_007,The Basics of Incident Investigation,"InteleX Conducting an Incidence Investigation REGISTER NOW FREE WEBINAR Thursday, Nov. 18, 1pm (ET) safeopedia",REGISTER NOW,,,video,education,67386,1955,202,684.58
enriched_ad_0233,campaign_047,INTECE The Basics of Conducting an Incident Investigation,"The Basics of conducting an incident investigation is crucial for any organization. Learn the essential steps and best practices to ensure thoroughness, accuracy, and efficiency in your investigations.",FREE WEBINAR REGISTER NOW,,,video,education,75349,1365,208,592.22
enriched_ad_0234,campaign_008,"CHANGING LIVES THROUGH BETTER HEARING","Eldorado AUDIOLOGY & HEARING CENTER Kelly Heyman, Au.D. FAAA, Doctor of Audiology We'll Beat Any Price in town, guaranteed! CALL 505-466-7526 For An Appointment 5 Caliente Rd. #5 | Santa Fe, NM 87508 www.eldoaudiology.com",Learn More,facebook,,image,ecommerce,33364,455,33,510.58
enriched_ad_0235,campaign_004,Invest in your child's future with invest529,"Gift investing is an excellent way to help children save for college. With our platform, you can easily gift money that will grow tax-free until it's time for them to use it.",Learn More,,,image,education,44907,945,96,433.75
enriched_ad_0236,campaign_024,"Invest, Give a Gift, and Earn Rewards!",,Learn More,,,image,ecommerce,22111,290,20,302.12
enriched_ad_0237,campaign_046,Dying Liver? #2 Is Scary!,,,,,image,,71636,1152,57,1141.2
enriched_ad_0238,campaign_024,Celebrate with Hurley's Development Training,"Enhance your team's writing skills through our comprehensive development training. Whether you prefer remote or on-site sessions, we've got the perfect solution for everyone.",SIGN UP NOW,,,image,education,62620,1426,213,538.76
enriched_ad_0239,campaign_050,REIMAGINE YOUR CLOUD,Cloudse 2021 - Hosted by Trend Micro. MICRO tailored sessions for you.,,,,image,ecommerce,45961,624,35,586.85
enriched_ad_0240,campaign_049,PREACH YOUR BEST CHRISTMAS SERMON,Holz Night UGLY Christmas SWEATER GOD with Us BEST EVER u MORE AVAILABLE AT Sermon Central,,,,image,entertainment,66102,1785,164,362.46
enriched_ad_0241,campaign_039,Choose Your Christmas Sermon Series,HOLY Might UGLY CHRISTMAS SWEATER GOD with US BEST Christmas EVER MORE AVAILABLE AT: Sermon Central,,,,image,entertainment,56374,966,119,482.42
enriched_ad_0242,campaign_035,Dolan Law - Free Consultation,Get your free consultation with DolanLawFirm.com. Discover how we can help you today.,Click for Details,,,image,ecommerce,51362,891,54,660.89
enriched_ad_0243,campaign_017,BE THE CHANGE,"LJMINE SAN FRANCISCO ORO EN PAY FIERRO R OFTER POLEE JOIN OUR TEAM TEXT ""JoinSFPD"" to (415) 704-3688 SFPDCAREERS.COM",JOIN OUR TEAM,,,image,entertainment,74521,1869,173,403.23
enriched_ad_0244,campaign_038,WE BELIEVE THE ONLY THING YOU SHOULD SEARCH FOR GLOW IS YOUR NEXT ADVENTURE.,,SHOP NOW,,,image,ecommerce,80352,1356,121,881.05
enriched_ad_0245,campaign_007,*GUN SHACK.COM,"SAVAGE BARRELS, BOLT HANDLES, BOLT HEADS, AND MORE...",,,,image,ecommerce,24762,395,28,379.82
enriched_ad_0246,campaign_040,Gun Shack Offers Savage Barrels and More,"Explore our selection of gun accessories including savage barrels, bolt handles, bolt heads, and more.",Shop Now,,,image,ecommerce,64630,1132,112,667.74
enriched_ad_0247,campaign_048,Christine DeHart,www. In Person & Virtual Tours Available SALMON REAL ESTATE 13 CONTACT US TODAY!,,,,image,real_estate,29146,416,8,660.85
enriched_ad_0248,campaign_039,Save $29 on Tonkor Free Limited RAMEN,Experience the convenience of Take-Home Ramen with our limited edition bundle. Enjoy authentic flavors straight to your doorstep.,SHOP NOW,,,image,food,62304,912,103,522.12
enriched_ad_0249,campaign_015,Explore Six Concentrations at ECU,"Discover kinesiology with an M.S., featuring six areas for specialization, blending scientific understanding with practical experience.",,,,image,education,34661,483,41,229.3
enriched_ad_0250,campaign_002,Chewy FLASH DEALS,Snag today's deal on the perfect gift. Ollie howy.com where lovers shop.,Shop Now,facebook,,image,ecommerce,48019,752,63,489.25
enriched_ad_0251,campaign_035,J.Me BLACK FRIDAY SALE UP TO 70% OFF,,Shop Now,,,image,ecommerce,25744,439,23,421.72
enriched_ad_0252,campaign_013,ListRaK,,Get Started,,,image,,89294,1362,99,1394.65
enriched_ad_0253,campaign_022,Best AWARD Product Floorstanding Loudspeakers Monitor Audio Silver 500 7G S12,,,,,image,ecommerce,94264,1071,89,1693.86
enriched_ad_0254,campaign_047,NeatInvoices™ - One Simple Tool,"One simple tool for every invoice and every payment. O O Paid Sign up now, it's free... really! neat®","Sign up now, it's free....really!",,,image,ecommerce,71897,1367,95,838.7
enriched_ad_0255,campaign_050,Today's Special Subscription Deal,"Subscribe today and receive four issues mailed directly to your doorstep. Enjoy our latest insights, stories, and exclusive content delivered straight to you.",Shop Now,facebook,,image,entertainment,29702,668,106,229.84
enriched_ad_0256,campaign_040,Spirit of Change Insider Deal! THE SUMMER ISSUE!,VegNews The 20 Best VEGGIE AWARDS CA APM vegan Subscriptions to VegNews JUST $18 The world's #1 plant-based magazine,,,,image,ecommerce,27883,331,25,456.41
enriched_ad_0257,campaign_027,The 22 Lunar Calendar,Dedicated to the goddess in her many quizzes,CLICK HERE TO ORDER NOW,,,image,ecommerce,30437,521,36,469.94
enriched_ad_0258,campaign_004,We ain't waiting on Santa We buyin' we own this Christmas,"Get up to $300,000 easy Apply online at www.gbtibank.com or at your nearest branch Terms and conditions apply Follow us @ Ⓒ624-4284 GBTI",,,,image,finance,38736,332,8,997.75
enriched_ad_0259,campaign_009,Stake to Earn,Earn staking rewards and DeFi yields. Get up to 6 million dollars in pStaking rewards by joining the platform as an Early Liquidity Provider (LPS). Learn More.,Learn More,,,image,ecommerce,25241,443,41,369.44
enriched_ad_0260,campaign_009,Experience Hawaii,,Book Now & Save!,,,image,travel,64385,843,66,895.58
enriched_ad_0261,campaign_002,Football Special Save $40 Off Framing,Old Main FRAME SHOP GALLERY Penn State Art Custom Residential Art More!,,,,image,ecommerce,33896,690,38,487.07
enriched_ad_0262,campaign_043,EARN CASH FOR CLOTHES,Learn More UPTOWN CHEAPSKATE,,,,image,ecommerce,86913,1413,144,1140.62
enriched_ad_0263,campaign_012,Enjoy Our Black Friday Cyber Sale,Save up to 40% on your favorite items. Book now for exclusive deals at CQ Club Quarters Hotels.,Book Now,,,image,ecommerce,28436,443,24,398.77
enriched_ad_0264,campaign_006,Huntington - THIS IS HOW WE REINVENT BANKING,See How Member FDIC,,,,image,finance,37884,459,15,1195.01
enriched_ad_0265,campaign_028,EarMen,Bar Men Sorrow TR-Amp Do Enjoy Music Without Limits!,,,,image,entertainment,21527,534,89,143.42
enriched_ad_0266,campaign_019,A NEW AGE DELL OF INTELLIGENCE,Technologies New Latitude Family Intel® Evo™ platform intel evo CORE PRO 17 Learn more >,,,,image,ecommerce,58291,649,57,715.89
enriched_ad_0267,campaign_006,June,UP TO 50% OFF SHOP NOW,,,,image,,27702,316,21,437.79
enriched_ad_0268,campaign_038,The Spirit of Cocktails & Culture,,Like Us On Facebook,facebook,,image,entertainment,34440,492,88,236.21
enriched_ad_0269,campaign_005,The Spirit of Cocktails & Culture,,Follow Us @SUPERCALL,,,image,entertainment,68831,1524,255,340.77
enriched_ad_0270,campaign_026,SUPERVIEW SUPERCARS NEVER MISS ANOTHER LAP STREAM QUALIFYING & RACES LIVE IN HD,*Only available to residents outside of Australia and New Zealand.,SUBSCRIBE NOW >,,,video,entertainment,74219,1873,339,421.76
enriched_ad_0271,campaign_044,Patagonia Escapes A Black Hole™,,,,,image,ecommerce,21993,352,30,266.79
enriched_ad_0272,campaign_028,Free Shipping on $49+,,Shop Now,,,image,ecommerce,38070,725,67,394.07
enriched_ad_0273,campaign_041,CATHLAB FORUM,,Visit Page,,,image,entertainment,67013,1314,129,582.88
enriched_ad_0274,campaign_046,TEK HDMI 2.1,HDMI LATRA CERTIFIED CABLE RE DO GROK NOW AVAILABLE IN 1.8 METRES ARC VAR HDR DYNAMIC HOR 8K 4K 60HZ 120HZ EXCLUSIVE TO JBHI-FI,,,,image,"electronics/electronic components and accessories/electronics/cables & interconnects/hardware cables/hdmi cable adapters, converters, splitters, extenders, etc.",20152,263,25,258.76
enriched_ad_0275,campaign_009,TCL Brings 5G to Even More Customers,"Stephen Fenech, techguide.com.au L",,,,image,ecommerce,90152,1558,160,1223.92
enriched_ad_0276,campaign_010,The Cloud Hub,From cloud chaos to clarity. Learn more Infosys IN PARTNERSHIPS WITH Cobalt.,Learn More,,,image,ecommerce,76556,1313,104,744.39
enriched_ad_0277,campaign_001,MIT Review EmTech Digital,"Review MIT's latest digital technology innovations. Join our exclusive event on March 29-30, 2022.",Register Now,,,image,education,79388,1609,162,546.08
enriched_ad_0278,campaign_033,Tennis Tennis,Discover new ways to enjoy tennis with our latest app. Download it now!,Download the New TENNIS.COM APP,facebook,,video,entertainment,61140,1638,204,535.6
enriched_ad_0279,campaign_028,"Listen to Beatles, Justin Bieber & Kelsey Ballerini on SiriusXM",Catch live performances and exclusive interviews with your favorite artists. Enjoy the best in music entertainment from now through December 6th.,Subscribe Now!,siriusxm,,image,entertainment,73117,1869,260,445.07
enriched_ad_0280,campaign_030,Law Pay - Get Started,No monthly fee 'Til 2023. Offer ends NOV 30.,,,,image,finance,64758,792,24,1582.06
enriched_ad_0281,campaign_020,Looking for Your Dream Home in the UK?,,,,,image,real_estate,57934,890,17,1614.91
enriched_ad_0282,campaign_048,Free Shipping with Zolucky,,Shop Now,,,image,ecommerce,43862,903,88,464.9
enriched_ad_0283,campaign_035,HOW TO UNDERSTAND THE LIMITS OF PRESIDENTIAL POWER,CONTESTED GROUND DANIEL A FARBER A timely investigation that makes sense of the heated debates about the limits on presidential power.,,,,image,education,62602,1526,149,718.88
enriched_ad_0284,campaign_031,The Balance,All the money skills you need to be a functional adult READ MORE The balance,,,,image,education,25589,636,68,300.33
enriched_ad_0285,campaign_027,MEMBERSHIP CAMPAIGN,"100% Local, 100% Essential Join Now EVERY DOLLAR MATCHED THE CITY",,,,image,ecommerce,65725,1045,72,812.87
enriched_ad_0286,campaign_025,Media Sonar - Get Access to Media Intelligence,Allt is your ultimate destination for media intelligence. Discover the power of MEDIA SONAR with our step-by-step processes designed specifically for performing OSINT investigations.,Get Started Now!,facebook,,image,ecommerce,57350,751,67,1002.8
enriched_ad_0287,campaign_011,Fever Dreams,Twisted tales of the new American right. New podcast episodes every Wednesday.,LISTEN NOW,,,image,entertainment,33016,885,92,198.2
enriched_ad_0288,campaign_043,"ASKING FOR HELP CAN BE HARD. BUT, YOU'RE NOT ALONE.",• ADDICTION RECOVERY • COUNSELING • THERAPY FOR ALL AGES WE ACCEPT MEDICAID Aurora Mental Health Center Live Life to the Fullest GET HELP TODAY,,,,image,healthcare,85227,1570,116,2115.17
enriched_ad_0289,campaign_013,The Daily Show with Trevor Noah,The Late Show with Stephen Colbert (The Late Late Show) With James Corden Paramount + Try It Free,Try it free,,,image,entertainment,78755,1477,260,447.47
enriched_ad_0290,campaign_003,Pick of the Litter,,,,,image,,31747,523,37,487.89
enriched_ad_0291,campaign_009,Enjoy a Flat Fee of RM5 When You Transfer Business Funds,"OCBC Bank offers an attractive flat fee for transferring business funds. With the introduction of OCBC Flash, you can now transfer money in SGD to MYR at just RM5.",,,,image,finance,81425,837,25,1806.75
enriched_ad_0292,campaign_018,CLOVER II,"2-STOREY LINK HOMES
22' x 70'
2,586 sq.ft.
641",,,,image,real_estate,38431,575,11,1126.59
enriched_ad_0293,campaign_020,LogGamma Land,Take your Lens best shot Photography contest,,,,image,entertainment,67057,1652,291,345.98
enriched_ad_0294,campaign_015,ATTRACTION,,ADVERTISE HERE,,,image,ecommerce,68868,1314,98,1107.33
enriched_ad_0295,campaign_024,Bond Pricing Agency Malaysia,The market reference point for Malaysian Bond and Sukuk data since 2005.,,,,image,finance,21073,151,3,373.76
enriched_ad_0296,campaign_011,BOOSTER 360° Ultimate Home Booster!,Experience the ultimate home booster with GAMUDA Land. Elevate your living space to new heights and enjoy unparalleled comfort.,Shop Now,facebook,,image,ecommerce,43712,815,78,522.71
enriched_ad_0297,campaign_036,New DDMV7 with Cobolt/FDE Finish,DA DANIEL EFENSE WERDENDS - Interest Free Financing Available for Three Months (Subject to Credit Approval),,,,image,automotive,81784,1472,29,1799.21
enriched_ad_0298,campaign_018,Design Labels Anytime,"Design labels anywhere, even when you're away from your computer. Whether you need to label something quickly or just for fun, Factory.com has got you covered.",Get started with our free barcode generator!,facebook,,image,ecommerce,32229,508,47,436.99
enriched_ad_0299,campaign_012,"WELCOME Mohamad Taha, M.D. - Interventional Cardiologist",Affiliated with Suburban Community Hospital CALL (610) 290-4270 LEARN MORE www.suburbanhosp.org Suburban Medical Group Cardiology Department,LEARN MORE,,,image,healthcare,28598,418,18,628.66
enriched_ad_0300,campaign_040,"Welcome Mohamad Taha, M.D. - Interventional Cardiologist at Suburban Community Hospital",Suburban Medical Group Affiliated with Suburban Community Hospital | Cardiology Department CALL (610) 290-4270 LEARN MORE www.suburbanhosp.org,LEARN MORE,,,image,healthcare,72244,1175,85,1551.11
enriched_ad_0301,campaign_040,Trial a breakthrough learning programme,A revolutionary educational experience tailored to your child's needs. Discover the power of personalized education with TheSchoolUn.com.,Join Now!,,,image,education,78269,1812,263,529.42
enriched_ad_0302,campaign_047,Enjoy Our Black Friday Cyber Sale,Save up to 40% on your favorite items. Book now for exclusive deals.,Book Now,,,image,ecommerce,27970,410,33,322.82
enriched_ad_0303,campaign_002,I Love Wasting Time,Lackluster leads. Said no one ever.,Learn More,,,image,education,39755,942,80,476.48
enriched_ad_0304,campaign_041,Ultimate Guide to Personality Tests,,Learn More,,,image,education,83334,1094,155,767.16
enriched_ad_0305,campaign_012,Practice Ignition,"> Stop chasing your clients for payments. > Find out more
28",,,,image,ecommerce,49217,950,72,885.25
enriched_ad_0306,campaign_040,Free Tax Stamps from Silencershop for your SOCOM RC2 762,,,,,image,ecommerce,83453,955,82,1254.41
enriched_ad_0307,campaign_036,Free Tax Stamp,,,,,image,ecommerce,26077,440,31,315.28
enriched_ad_0308,campaign_004,All I Want For,,,,,image,,64100,1217,79,1041.75
enriched_ad_0309,campaign_002,Ghilise,,Follow us on Instagram,instagram,,image,,65304,840,73,711.84
enriched_ad_0310,campaign_034,Lamps Plus,,Shop Now,,,image,ecommerce,78742,1080,99,1269.53
enriched_ad_0311,campaign_007,ESS WORLD SER,"11) AMERICAN EXPRESS Experiences b CAN YOU HEAR THAT? LIVE MUSIC IS CALLING. American Express Cardmembers, get tickets now! A LEARN MORE",LEARN MORE,,,image,entertainment,91658,2203,232,441.39
enriched_ad_0312,campaign_003,JustFashion Now,,Shop Now,,,image,ecommerce,46245,737,75,754.22
enriched_ad_0313,campaign_024,THE INN BETWEEN,"of Longmont, Inc.
HOUSING
SUPPORT
STABILITY
give the Gift of Home
Colorado Gives Day on Tuesday, December 7th at HOME
SAFETY COMFORT DIGNITY
RESPITE HEALTH LOVE
Schedule a donation TODAY!
COGIVES.ORG/THEINNBETWEEN",,,,image,real_estate,40375,527,13,774.69
enriched_ad_0314,campaign_005,"JustFashion Now","SO WHEN IS THIS ""OLD ENOUGH TO KNOW BETTER SUPPOSED TO KICK IN THAT'S WHAT100 I GRILL I DRINK AND KNOW THINGS UP TO 50% OFF SHOP NOW",Learn More,facebook,,image,ecommerce,88107,1041,82,964.94
enriched_ad_0315,campaign_023,Online Master's in Nutrition and Dietetics,Earn up to 9 credits with prior learning experiences. Learn More,,,,image,education,67938,1603,233,474.08
enriched_ad_0316,campaign_028,"EXPAND YOUR PRACTICE WITH ACCESS TO 1,000+ DIAGNOSTIC LABS AND PHYSICIAN CO-SIGNERS",@wellevate by emerson ecologics LEARN MORE →,,,,image,healthcare,26374,335,23,414.53
enriched_ad_0317,campaign_023,Pendulum - Emerging Research on Gut Microbiome and Metabolic Syndrome,Discover how alterations in the gut microbiome can influence glucose control. Learn more about our cutting-edge research.,Learn More,,,image,ecommerce,51450,985,85,795.17
enriched_ad_0318,campaign_039,Pendulum,"ADVERTORIAL
Emerging Research Links Gut Microbiome Alterations with Metabolic Syndrome LEARN MORE",,,,image,healthcare,53137,979,36,1361.45
enriched_ad_0319,campaign_022,Trailblazer,"Discover the thrilling world of David R. Slayton's latest fantasy adventure in 'TRAILER PARK'. Immerse yourself into an epic tale filled with magic, mystery and unforgettable characters.",Read Now,,,image,entertainment,42854,794,91,213.03
enriched_ad_0320,campaign_035,BLACK FRIDAY SALE,,SHOP NOW,,,image,ecommerce,99190,1982,128,1177.27
enriched_ad_0321,campaign_008,"LILICL TH I In my mind am still 29, but my back is 54, my knee is 63, and my right hip turns 76 next",,,,,image,entertainment,47840,737,109,250.96
enriched_ad_0322,campaign_038,I'm Not A Person You Should Put On Speaker Phone,It's beginning to look like I need a drink Lilicl Th.,,,,image,entertainment,50342,1079,167,362.56
enriched_ad_0323,campaign_011,"LUXURY FALL BACK INTO TRAVEL SAVE UP TO $40% + US$1,500 RESORT CREDIT",,Learn More,,,image,travel,71918,947,77,894.38
enriched_ad_0324,campaign_038,TRAVEL PULSE The Smart Way to Plan a Family Vacation,The Smart Way to Plan a Family Vacation is with a Travel Advisor.,Learn More,,,image,travel,78881,1718,122,1359.87
enriched_ad_0325,campaign_018,TRS - TURQUESA HOTEL,HOTEL FALL BACK INTO TRAVEL. SAVE UP TO $1500 WITH RESORT CREDIT.,Learn More,,,image,ecommerce,61204,892,81,694.59
enriched_ad_0326,campaign_044,YOUR CONNECTION TO THE WORLD,"Don't fight the drive to Pittsburgh, Fly United out of your hometown airport. Book today at flyjst.com Johnstown Airport ÚNI UNITED Flights operated by Skywest Airlines.",Book Today,,,image,travel,60868,945,83,974.98
enriched_ad_0327,campaign_016,Memorial WinBetter & Somerset Highway Chevrolet,,Shop Our Inventory,,,image,automotive,65779,1135,34,1541.89
enriched_ad_0328,campaign_038,YOUR CONNECTION TO THE WORLD,"Don't fight the drive to Pittsburgh, Fly United out of your hometown airport. Book today at flyjst.com Johnstown Airport Flights operated by Skywest Airlines.",Book Today,,,image,travel,62482,742,39,1308.68
enriched_ad_0329,campaign_004,Excellence in Breast Care,"Mammograms on Saturdays at ST Peter's Health, Troy. A member of Trinity Health.",,,,image,healthcare,38907,707,33,1033.35
enriched_ad_0330,campaign_045,We are thankful you for ARROW Financial Corporation,Our Family of Companies Glens Falls National Bank and Trust Company SARATOGA BANK & TRUST COMPANY NATIONAL UPSTATE AGENCY INSURANCE Learn more,,,,image,finance,94645,1207,37,1690.11
enriched_ad_0331,campaign_019,Having Someone To Count On,"Getting OCDK Global can make having someone who counts for everything. Whether it's your family, friends or even strangers - we all need people to count on sometimes.",,,,image,ecommerce,37467,621,51,564.18
enriched_ad_0332,campaign_049,¡COMIENZA TU MES GRATIS DE CLUB PREMIUM!,,,,,image,entertainment,39327,794,106,214.9
enriched_ad_0333,campaign_037,THERMO COOL,THERMAL SOLUTIONS EXPERT Learn More Now >>>,>><<,,,image,,84540,1116,115,1080.47
enriched_ad_0334,campaign_009,EDSFF E1.S for Edge Server,"Density and Flexibility. KIOXIA, KICXIA Center XD",Learn More,,,image,ecommerce,97930,1765,134,1646.42
enriched_ad_0335,campaign_005,QUANDO VIENI DAL NULLA DEVI LOTTARE PER TUTTO,"ZLATAN RAHIMOV
9
CINEMA FESTA DEL CINEMA DI ROMA DALL'11 NOVEMBRE AL CINEMA",,,,image,entertainment,34875,882,81,236.42
enriched_ad_0336,campaign_020,Still Handmade by Chris,"Discover the beauty of handcrafted items with D-35, crafted meticulously for you. Martin & Co is dedicated to bringing timeless quality and unique designs.",Shop Now,facebook,,image,ecommerce,83238,1547,124,1129.49
enriched_ad_0337,campaign_027,An Easy Way to Make Family Time a Priority from Advent through Epiphany,"ME AgaCh, an innovative platform designed for families. Explore the possibilities of connecting with loved ones and creating unforgettable memories together.",Learn More,,,image,entertainment,55108,1394,203,467.62
enriched_ad_0338,campaign_002,UROL,CHIN NEUR BLAD Urolo Urol PRE 14 FAST CAN ww UROLOGYHEALTH extra Helping You Through Change da b Wor,,,,image,ecommerce,64984,882,90,711.78
enriched_ad_0339,campaign_036,HIT BY A TRUCK?,"444-4444
DAVIS LAW FIRM
davw.com HARLINGEN MCALLEN BROWNSVILLE SAN ANTONIO
JEFF'S HERE
WRONGFUL DEATH/COMMERCIAL VEHICLE ACCIDENT
RECENT
RESULT $6 MILLION
NT $3,509,864
to
CLIENT:
U",,,,image,law,21087,438,28,289.36
enriched_ad_0340,campaign_046,HIT BY A TRUCK? JEFF'S,"HERE U consultation by appointment only WRONGFUL DEATH / COMMERCIAL VEHICLE ACCIDENT DAVIS RECENT $6 MILLION RESULT: LAW FIRM $3,509,864 HARLINGEN MCCALEIN BROWNSVILLE SAN ANTONIO 444-4444 TO NEN:",,,,image,law,52241,1083,76,717.87
enriched_ad_0341,campaign_021,"Corwin $1,000 INSTANT SAVINGS",when you buy now or preorder your new 2022 CHRYSLER M DODGE Jeep BLACK FRIDAY SALES EVENT,,,,image,automotive,72379,1194,21,1153.72
enriched_ad_0342,campaign_039,Vegas INSIDER,Live daily insider with Kevin Rogers. Watch live at our channel.,Watch Live,facebook,,video,entertainment,52875,1511,180,372.95
enriched_ad_0343,campaign_040,THE WORLD'S MOST EFFECTIVE NOISE CANCELLING,Discover the ultimate in quiet comfort with BOSE QuietComfort Earbuds. Experience unparalleled sound quality and superior noise cancellation that lets you enjoy your favorite tunes without any distractions.,SHOP NOW,,,image,ecommerce,73002,899,71,1276.76
enriched_ad_0344,campaign_003,November Deal,"Club Level Standard Rooms from $119 per night at Ramada Plaza Resort & Suites, International Drive - Orlando.",BOOK NOW!,,,image,ecommerce,77328,1558,102,1252.57
enriched_ad_0345,campaign_021,Dan's Comp,Your Source For All Things BMX,Shop Now,,,image,ecommerce,41048,456,34,477.4
enriched_ad_0346,campaign_045,Mongoose LEGION L500 PAT CA SEY,,SHOP NOW,,,image,ecommerce,87646,1380,138,975.43
enriched_ad_0347,campaign_048,UNIQUE. LOCAL. BOOK.,LOCAL. BOOK. VALLEY MEMORIES WHEN DISASTER STRIKES IN THE UPPER VALLEY Very News WOOLWORTH'S Get this hardcover book while supplies last! CLICK HERE TO BUY PRESENTED BY VZN,CLICK HERE TO BUY,,,image,ecommerce,56786,1111,95,558.68
enriched_ad_0348,campaign_012,INVESTED,"Invested provides investors with advice, rankings and stock market news.",Sign Up For the Invested Newsletter,,,image,finance,22416,281,11,422.49
enriched_ad_0349,campaign_040,Brief from WABE,Listen now wherever you get your podcasts.,,,,image,entertainment,52168,798,101,425.87
enriched_ad_0350,campaign_040,Listen Now,"The Brief
from WA BE
everywhere you get your podcasts",,,,image,entertainment,32313,854,110,266.63
enriched_ad_0351,campaign_050,The Exhibition Now Open in Atlanta,,Buy Tickets,,,image,entertainment,29386,788,79,247.87
enriched_ad_0352,campaign_015,Tune In Wednesday,Join us for Gi's Kids' special event on Wednesd.,,,,image,entertainment,68675,1527,266,392.36
enriched_ad_0353,campaign_040,WELLNES WEDNESDAY,Join us for an exciting event featuring ratings and tunes. Tune in on Wednesday at 3 PM.,,,,image,entertainment,42471,1077,171,217.69
enriched_ad_0354,campaign_001,WAVES Adopt an Angel,this Holiday NEWS SPONSORED BY angel tree Campbellsville DOING THE MOST GOOD Louisville Education Center,,,,image,education,35258,457,58,234.01
enriched_ad_0355,campaign_020,"WESTHERR","NEW YORK SUBARU",Learn More,facebook,,image,ecommerce,45811,731,69,703.56
enriched_ad_0356,campaign_043,Scott Clark Toyota Highlander S,,Learn More,,,image,automotive,43455,584,22,777.74
enriched_ad_0357,campaign_018,It's Beginning to Look a Lot Like Christmas Magic,"FRIDAY, DEC. 3 DOWNTOWNFLORENCE",,,,image,entertainment,92254,2073,265,577.45
enriched_ad_0358,campaign_023,Here Comes Santa Claus,"Santa Claus Friday, December 3 News 13 Coverage You Can Count On Downtown Christmas Magic Downtown Florence",,,,image,entertainment,98231,1659,170,799.94
enriched_ad_0359,campaign_002,OUR COUNT DOWN MAKE YOUR BEST DEAL ON ANY RETAIL ORDERED,"$1 TO 4,000 IS ON! NEW or PREOWNED SNOW TIRES FOR CAR, LIGHT TRUCK OR SUV AND WE'LL INCLUDE 4 BRAND NEW SNOW TIRES INSTALLED FOR JUST $1!",GET THIS DEAL TODAY!,,,image,ecommerce,84725,1227,77,971.54
enriched_ad_0360,campaign_025,Spring Registration Discount,Get $600 off full-time tuition at DACC. Visit www.daccedu/explorespring22 to register.,Register Now!,,,image,education,47650,1004,145,475.24
enriched_ad_0361,campaign_023,Find Your Future at DACC!,Register for Spring! Save $600 OFF Full-Time Tuition! www.daccedu/explorespring22 Danville Area Community College W DALC,,,,image,education,75069,1523,141,867.79
enriched_ad_0362,campaign_030,The Good Feet Store,,Learn More,,,image,ecommerce,92809,1396,106,1246.78
enriched_ad_0363,campaign_018,Free Removal - Old Furniture Haul Off,LINDERMAN'S FURNITURE offers free delivery and disposal services for your old furniture. Contact us at lindermansfurniture.com or call (800) 877-8388.,Call Now!,,,image,ecommerce,51863,755,43,845.7
enriched_ad_0364,campaign_048,Thankful for Them? Buckle Up!,"Remind them to buckle up. Tennessee every trip, every time.",,,,image,travel,32337,710,52,419.69
enriched_ad_0365,campaign_001,THANKFUL FOR THEM?,REMIND THEM TO BUCKLE UP. TENNESSEE HIGHWAY SAFETY OFFICE,,,,image,education,24617,421,55,244.58
enriched_ad_0366,campaign_037,Better hearing means...,you may not agree with the call but at least you'll hear it. Hearing Wellness Center Call today to start your 2 week demo! Let us help you Hear Well ™ Click here to learn more.,Click here,,,video,healthcare,20082,457,22,390.08
enriched_ad_0367,campaign_039,LEAD SUSTAINABLE CHANGE,100% ONLINE M.S. SUSTAINABLE MANAGEMENT UNIVERSITY OF WISCONSIN GROW HERE > GREEN BAY,,,,image,education,20931,356,40,152.22
enriched_ad_0368,campaign_039,Celebration of Life Center,CHIPPEWA VALLEY CREMATION SERVICES Assure Yourself Peace of Mind. Begin Your Pre-planning Today.,,,,image,ecommerce,72791,1331,93,987.11
enriched_ad_0369,campaign_036,Tom's South Corning Collision,Where they meet their customers by accident. Please call us at (607) 962-3050 for more details.,,,,image,ecommerce,77673,1407,99,1129.67
enriched_ad_0370,campaign_027,Tom's South Corning Collision,Where they meet their customers by accident. Please call us at (607) 962-3050 for assistance.,,,,image,ecommerce,66497,783,50,912.42
enriched_ad_0371,campaign_047,LET'S TALK WEATHER,WITH JOE VERES AND WENY NEWS Sponsored By CM ATTENTION EDUCATORS! WANT TO LEARN MORE? CLICK HERE FOR DETAILS!,CLICK HERE FOR DETAILS!,,,image,"news, education",24302,469,47,329.19
enriched_ad_0372,campaign_010,Food Bank of the Southern Tier,,,,,image,food,25578,579,37,373.72
enriched_ad_0373,campaign_014,Home Equity Line of Credit,"Use the funds for Renovations, Large Purchases, Expenses & more! LENDER Member DIF Member FDIC Learn More Monson Savings Your Bank Forever",,,,image,finance,80688,1076,51,1495.98
enriched_ad_0374,campaign_034,Get Our Official Mobile App!,,Download Now,,,image,ecommerce,35694,541,46,605.44
enriched_ad_0375,campaign_017,The Extra Ordinary,Join the LANCA Community and Rodgers & HIGH Associates Foundation as we celebrate our years of excellence! Discover what makes us extraordinary.,Discover More,,,image,ecommerce,78837,1313,71,1296.71
enriched_ad_0376,campaign_029,Annual Cup Big Turkey Y Trott Ironwood Golf Course,Click for details SATURDAY NOV. 20 SHOTGUN START at 10 A.M.,,,,image,entertainment,62410,1231,117,519.66
enriched_ad_0377,campaign_010,Appreciation Weekend! Membership Discounts,"Thurs., November 18 through Mon., November 22. CDM $20 OFF on memberships and museum store items.",Join Now!,,,image,"education, entertainment",39042,571,54,656.17
enriched_ad_0378,campaign_028,Korean Food,Feel at home with the taste of Korea. Learn more about Korea Agro-Fisheries & Food Trade Corporation.,Learn More,,,image,food,33033,624,63,443.81
enriched_ad_0379,campaign_010,What’s On Stage? Awards,,Nominate Now,,,image,entertainment,66049,1276,213,345.83
enriched_ad_0380,campaign_032,YOU DECIDE THE SHORTLIST,,NOMINATE TODAY,,,image,,46563,756,38,569.32
enriched_ad_0381,campaign_030,ON SALE NOW,,BUY,,,image,entertainment,52573,1203,157,305.33
enriched_ad_0382,campaign_047,MISTHAM v BRIGHTON,,BUY NOW,,,image,entertainment,97856,1523,287,869.67
enriched_ad_0383,campaign_040,Support Your FORECAST,,,,,image,ecommerce,33571,490,35,437.02
enriched_ad_0384,campaign_027,Stop Wasting Energy,,,,,image,education,21219,445,66,141.18
enriched_ad_0385,campaign_038,WINK AT 3,The Place To Be At Three,,,,image,entertainment,57724,1056,203,389.73
enriched_ad_0386,campaign_039,Heroes Awards,"Nomination Deadline: November 19th
Register Here",,,,image,healthcare,86716,1011,68,1879.91
enriched_ad_0387,campaign_020,Go Boldly,Discover the ultimate boating experience with Mercury VesselView Mobile. Elevate your journey and connect seamlessly.,Learn More,,,image,ecommerce,45672,657,49,442.9
enriched_ad_0388,campaign_019,Mercury VesselView Mobile,Out Sa Mercury Connect Your Boat Learn More Go Boldly,Learn More,,,image,ecommerce,52170,1059,86,732.94
enriched_ad_0389,campaign_029,WIRED2fishTV,All your favorite fishing shows streaming 24/7 watch on PLEX download on Roku,,,,video,entertainment,91137,2761,344,460.07
enriched_ad_0390,campaign_007,INDY Home FOR TH Style HOLIDAYS,$300 SPONSORED BY: SHOPPING SPREE or Bailey & Wood Mortgage Lender Mortgaged or Rented PAID IN 2022 ENTER TO WIN,,,,image,"ecommerce, real_estate",35264,705,57,370.68
enriched_ad_0391,campaign_043,Stale Style Home FOR THE HOLIDAYS $300 SPREE,Mortgage or Rent PAID IN 2022 Sponsored by Bailey & Wood Mortgage lender. Enter to win.,,,,image,ecommerce,87080,1510,125,1474.89
enriched_ad_0392,campaign_018,Florida Lottery - SO MUCH GOLD RUSH VAND NOW,Lottery So Much Gift Gold Rush Vand Now With Bonus Play Learn More,Learn More,,,video,ecommerce,52922,1021,100,651.46
enriched_ad_0393,campaign_045,AxioFitness,15% off any Training Package for November AxioFitness.com 330-718-8009,,,,image,ecommerce,79521,1277,86,824.18
enriched_ad_0394,campaign_008,AxioFitness - 15% Off Any Training Package for November,,,,,image,ecommerce,72152,916,74,761.12
enriched_ad_0395,campaign_039,RUNOFF DEBATE,"PART 1 - 6:30PM ON WJTV
PART 2 - 7:00PM ON WJTV.COM
THURSDAY | NOVEMBER 18
MODERATED BY BYRON BROWN
a Marshand Crisler & Tyree Jones",,,,image,news,76905,1201,65,1272.75
enriched_ad_0396,campaign_041,Heroes Train Here,Prepare to succeed through service with a master’s degree in public administration at Nazareen University.,,,,image,education,36475,626,66,312.18
enriched_ad_0397,campaign_029,Kosair Charities Pie Auction on November 21,Brunch and bottomless & mimosas Buy Tickets Presented by: Benefiting: MISTER P EXPR INC. KOSAIR CHARITIES,,,,image,ecommerce,94368,1774,121,1573.55
enriched_ad_0398,campaign_010,Letters to Santa,Beau Rivage ALPHA CARE Pediatric Dental dying Hearts UNCA RESORT & CASINO. BILOXI Champion CLINT ENTER NOW Cypress Lous (462) €139,ENTER NOW,,,image,entertainment,91782,2035,277,808.04
enriched_ad_0399,campaign_039,"Keep your car, move your loan and save!",Cinfed will beat your rate by up to APR*10 FIND OUT MORE CINFED CREDIT UNION,,,,image,finance,91962,1108,42,2982.24
enriched_ad_0400,campaign_038,Hunger to Hope,,Give Now,,,image,ecommerce,87058,1766,134,1417.29
enriched_ad_0401,campaign_010,$25 Buys 1 Bag of Food,Hunger to Hope,,,,image,food,32087,471,52,438.9
enriched_ad_0402,campaign_020,A THANKSGIVING DAY TRADITION CONTINUES! TURKEY BOWL,,,,,image,ecommerce,82291,1423,102,1333.18
enriched_ad_0403,campaign_045,Sofia's Path to Happiness Starts,"With Harvard Pilgrim Health Care, Sofia can enroll in our health plan that puts her well-being first. As part of the Point32Health company family.",ENROLL TODAY,,,image,healthcare,77258,1276,64,1907.16
enriched_ad_0404,campaign_027,Holiday Bliss Home,"Looking for the perfect Christmas getaway? Discover our luxurious homes with up to 4 bedrooms, including bonus rooms and walk-in showers. Perfectly suited for families or individuals seeking comfort in every corner.",Explore Now!,,,image,real_estate,66562,702,14,1503.73
enriched_ad_0405,campaign_026,Off Road,Count your blessings,CALL US,,,image,,84531,1740,123,1041.08
enriched_ad_0406,campaign_016,Powerful Digital Solutions,Localsolutions powered by Cox Media Group. Discover how our digital marketing solutions can transform your online presence.,Get A Free Online Presence Report Now!,facebook,,image,ecommerce,42271,807,45,529.0
enriched_ad_0407,campaign_040,Easy Auto Loan,"Get low rates, make local decisions. Done right with NCUA's easy online process.",Learn More,,,image,ecommerce,20013,371,36,212.75
enriched_ad_0408,campaign_023,Your Trusted Financial Guide,An Adventure in Credit Union with NCUA,,,,image,finance,74833,1003,41,2028.04
enriched_ad_0409,campaign_038,New FStart Gun Range,"Experience the thrill of air spray manual guns with our new suction, gravity and pressure gun range. Perfect for enthusiasts who want to test their skills in an exciting environment.",Shop Now,facebook,,image,entertainment,64577,1240,208,561.44
enriched_ad_0410,campaign_004,Take a Tour of THERMWOOD Cut Center,,,,,image,ecommerce,84975,1618,94,1089.39
enriched_ad_0411,campaign_026,Discover Woodworking,"Join our woodworking network and podcast to learn from the best in the industry. Get inspired, share your projects, connect with fellow woodworkers.",LISTEN NOW,facebook,,image,entertainment,97776,1868,218,591.23
enriched_ad_0412,campaign_034,Get Connected With Quality,"WE ARE A VETERAN OWNED COMPANY
QUALITY DOVETAIL & DOWEL DRAWERS
24/7 ONLINE ORDERING
DRAWERCONNECTION.COM 1877.917.4887",,,,image,ecommerce,34615,378,20,519.39
enriched_ad_0413,campaign_020,Leo Castaly - Perfect Line of Quality Woodworking,"Website: www.castalymachine.com
E-mail: info@castalymachine.com
Woodworking | CNC Equipment
Machines with a small investment!
We have solutions to fulfill all your needs!",,,,image,ecommerce,24247,490,32,332.49
enriched_ad_0414,campaign_006,West Virginia's First Waffle and Soda Bar!,The Swaffle Shack 419 VIRGINIA STREET West CHARLESTON,,,,image,food & beverage,92103,1905,178,1083.43
enriched_ad_0415,campaign_033,West Virginia's First Waffle and Soda Bar!,"The S'waffle Shack
419 VIRGINIA STREET West
Charleston, WV
304-754-2090",,,,image,ecommerce,92047,1017,95,953.31
enriched_ad_0416,campaign_042,St. Kitts follow your heart Awake let’s go,,,,,image,,66426,1154,66,1119.18
enriched_ad_0417,campaign_026,Light of Life Rescue Mission,Where Hope and Healing Meet Thanksgiving Meals For Families In Need Cares Gateway Health,,,,image,ecommerce,20287,307,24,201.37
enriched_ad_0418,campaign_049,Complete Thanksgiving Decor,"This year and every year we are very thankful for our customers, suppliers, and employees. Please support us with your orders.",Shop Now,facebook,,image,ecommerce,83361,1548,157,973.13
enriched_ad_0419,campaign_020,New Patient Special - Free Whitening For Life,BEATION AND CENTRAL DINTRE offers new patient specials. Schedule and receive FREE whitening with regular visits! SCHEDULE NOW!,SCHEDULE NOW!,,,image,ecommerce,37631,607,48,387.84
enriched_ad_0420,campaign_047,Say Goodbye to Dental Anxiety with Sedation Dentistry Experts,CHATTANOOGA DENTAL CARE offers sedation dentistry. Schedule today for your comfort and peace of mind.,Schedule Today,,,image,ecommerce,51555,681,40,701.12
enriched_ad_0421,campaign_030,TRUIST HHH Z LIGHTS Available Nov-Dec,We have tons of lights available for you to choose from.,Select Tickets at Memphis Zoo.org,,,image,ecommerce,30933,425,30,381.63
enriched_ad_0422,campaign_033,We Have Tons of Lights,Truist has tons of lights available for Nov-Dec select nights at Memphis Zoo.,,,,image,entertainment,63837,1360,127,419.01
enriched_ad_0423,campaign_011,BLACK FRIDAY SHOWER SALE,All Walk-In Showers Free Installation West Shore Home,Learn More,,,image,home improvement/electrical appliances,73899,1155,60,1207.02
enriched_ad_0424,campaign_050,More Answers to Your COVID-19 Vaccine Questions,Hartford HealthCare provides comprehensive information and support for all of your vaccine-related inquiries.,,,,image,healthcare,46526,904,54,864.31
enriched_ad_0425,campaign_027,"Personalized primary care","'Bon Secours VISIT BONSECOURS.COM/PRIMARYCARE",Learn More,facebook,,image,ecommerce,79155,1063,107,985.61
enriched_ad_0426,campaign_021,Matheny,Join us in remembering everyone deployed. Pick up your red wristband today.,Shop Now,,,image,entertainment,49188,903,148,390.8
enriched_ad_0427,campaign_029,MARED2 Fish,All your favorite fishing shows streaming 24/7 watch on PLEX download on Roku,,,,video,entertainment,54537,1984,277,321.6
enriched_ad_0428,campaign_033,"Have a Heart, Fill a Cart!",ELM City gives you the opportunity to donate directly from your cart. Every purchase helps families in need.,Give Now,,,image,ecommerce,93277,1238,113,1233.9
enriched_ad_0429,campaign_029,Holiday Catering by ELM City Market,Let us help you with your holiday catering needs. Choose from our wide range of delicious options to make this special occasion unforgettable.,Shop Now,facebook,,image,ecommerce,24724,292,21,297.03
enriched_ad_0430,campaign_039,Big Y Sacks Hunger,Help our food banks... donate today,,,,image,ecommerce,43378,607,41,720.99
enriched_ad_0431,campaign_029,Pick Up BigY Magazine Today!,"Get your hands on the latest edition from Digia's flagship magazine, featuring exclusive content and insights into fashion trends.",Shop Now,facebook,,image,entertainment,75870,1195,187,380.76
enriched_ad_0432,campaign_006,All-New Callaway Christmas Village,"Callaway Resort & Gardens presents Fantasy in Lights J, featuring all-new decorations and festive touches to bring the magic of holiday cheer into your home.",,,,image,ecommerce,40699,646,33,427.36
enriched_ad_0433,campaign_024,Urgent Care,AllSouth E-Visits are now available.,,,,image,ecommerce,52927,591,54,634.75
enriched_ad_0434,campaign_036,When Water Damage Feels Like A Monsoon,Find an Alfa Agent to help you with your insurance needs.,,,,image,ecommerce,80483,1390,73,1380.99
enriched_ad_0435,campaign_014,Only Level III Trauma Center Near You,"Visit Raleigh General Hospital, Ri. The region's sole Level III trauma center.",Click Here,,,image,healthcare,28354,419,28,508.89
enriched_ad_0436,campaign_045,The Only Level III Trauma Center in Raleigh,,Click Here,,,image,healthcare,41629,443,34,761.35
enriched_ad_0437,campaign_028,TIMELESS GIFTS,Shop Now The AZERAC House is your ultimate destination for timeless gifts. Discover unique and exquisite items that will make you smile.,SHOP NOW,,,image,ecommerce,70241,836,68,1221.47
enriched_ad_0438,campaign_034,Christwood Retirement Community,"On the North Shore, enjoy life and cherish memories at Christwood. A place where what matters to you is celebrated for over $25 years.",,,,image,retirement community,98415,1861,161,1274.85
enriched_ad_0439,campaign_025,Operation Unite,"Providing Southern and Eastern Kentucky with Youth Drug Prevention & Education Initiatives, Treatment Vouchers & Helpline.",LEARN MORE,,,image,ecommerce,62608,1236,90,616.48
enriched_ad_0440,campaign_005,Operation Unite,"Providing Southern and Eastern Kentucky with Youth Drug Prevention & Education Initiatives, Treatment Vouchers & Helpline.",LEARN MORE,,,image,healthcare,65236,812,54,1550.37
enriched_ad_0441,campaign_048,Small but Mighty,The world's smallest HSM secures modern infrastructures Download the white paper > yubico,,,,image,ecommerce,64428,932,69,1157.81
enriched_ad_0442,campaign_046,Stream Now on Chaifflicks,,,,,video,entertainment,53671,1800,247,320.49
enriched_ad_0443,campaign_001,Inquire about our Life Care Contract or Upcoming Events,"Village
An Island Gem. A Retirement Treasure.
Island Living
Reinvented",,,,image,"retirement homes, senior living",57000,911,48,799.39
enriched_ad_0444,campaign_050,Powerful Local Solutions,"Strategic, trusted solutions powered by Cox Media Group.",,,,image,ecommerce,29567,597,53,435.01
enriched_ad_0445,campaign_004,"240,000+ ARE FEELING BETTER AFTER A NIGHT OUT!",,SHOP NOW,,,image,entertainment,37132,673,122,284.93
enriched_ad_0446,campaign_002,WebMD Symptom Checker,Good for what ails you. Check Your Symptoms,,,,image,healthcare,74522,1390,82,1764.3
enriched_ad_0447,campaign_042,"OMAZE WIN A $150,000 MERCEDES-AMG GT STEALTH EDITION",,Enter Now,,,image,ecommerce,39262,809,52,636.09
enriched_ad_0448,campaign_020,Holiday in Dubai,"Pay 3 Stay 4, Extend the Fun - Pay 6 Stays 8. Book Now",Book Now,,,image,travel,83254,1356,60,1209.96
enriched_ad_0449,campaign_026,New Issue Rolling Stone On Sale Subscribe,Featuring Baker Boy A Yolnju State of Mind,,,,image,entertainment,86584,2291,337,557.58
enriched_ad_0450,campaign_049,Free Dime JSkull Wireless Earbuds Subscription Gift,"Subscribe to Rolling Stone today and get FREE subscription gift! While stocks last, enjoy wireless earbuds worth $69.95.",Shop Now,facebook,,image,entertainment,57576,1271,228,319.84
enriched_ad_0451,campaign_025,Free Gift - Wireless Earbuds,Get your FREE wireless earbuds from Skullcandy for just $69.95 while supplies last.,Subscribe Now,,,image,ecommerce,98307,1979,155,1304.93
enriched_ad_0452,campaign_040,Leather Design 11.11 Banggood,,,,,image,ecommerce,50668,582,40,885.74
enriched_ad_0453,campaign_046,I'm Baking,"Cookies for Kids Cancer Survivors - Haldora, Age 11. A survivor of childhood leukemia.",,,,image,ecommerce,24693,314,15,439.77
enriched_ad_0454,campaign_025,COUPONS AVAILABLE,,Save Now,,,image,ecommerce,25439,432,40,321.47
enriched_ad_0455,campaign_006,Today's Refinance Rate,"1.997% APR 15 YR FIXED TERM NO REGISTRATION, NO LOGIN REQUIRED Calculate Payment - Terma & conditions apply. NMLS #1912050 (nmisconsumeraccess.org).",,,,image,ecommerce,56464,607,61,851.71
enriched_ad_0456,campaign_024,Philippine News & Info,Follow us on TWITTER for the latest updates in Philippine news. Stay informed with Sopa INQUIRER.NET.,,twitter,,image,news and information,44821,540,51,554.07
enriched_ad_0457,campaign_040,WORKSHOP OS IMPACTOS DA PANDEMIA NAS RELAÇÕES DE TRABALHO,,,,,image,education,83189,1191,129,946.68
enriched_ad_0458,campaign_039,MSI VO NEWEGG F75 THIN,INTEL CORE I7 PROCESSOR Powered by 10th Gen. Intel® Core™ i7 processor for optimal performance during the HOLIDAY SALES at Newegg.,> BUY NOW,,,image,ecommerce,23812,480,48,375.04
enriched_ad_0459,campaign_003,Lucky Number for Today,,,,,image,entertainment,61040,1697,290,427.6
enriched_ad_0460,campaign_026,FESTIVE SEASON SALE,UP TO 80% OFF WTH ChicMe Shop Now >,Shop Now,,,image,ecommerce,98691,2008,147,1571.24
enriched_ad_0461,campaign_045,June UP TO 50% OFF,,Shop Now,,,image,ecommerce,99768,1224,123,1279.13
enriched_ad_0462,campaign_017,Versatile and Affordable Semi-Auto Shotguns,Charles Daly - The Shooting Sports Specialist™ Model 601 Mossy Oak Bottomland. VIEW ALL MODELS.,,,,image,ecommerce,94345,1208,61,909.27
enriched_ad_0463,campaign_012,"[NEWSNATION]","MORNING in AMERICA WEEKDAY MORNINGS 7a/6C",Learn More,facebook,,image,ecommerce,98016,1480,72,1547.61
enriched_ad_0464,campaign_021,Find the Best Hotel For Your Next Adventure,,,,,image,travel,98783,1398,71,1980.56
enriched_ad_0465,campaign_041,MSI Intel® Core™ i7 Processors - Holiday Sales,2021 MSI Intel® Core™ i7 processor powered by the latest 11th Gen. Experience high performance and efficiency for your holiday shopping.,BUY NOW >,,,image,electronics/ecommerce,70760,1360,133,806.89
enriched_ad_0466,campaign_026,"OSI","the Saf",Learn More,facebook,,image,ecommerce,96788,1227,119,1465.14
enriched_ad_0467,campaign_039,Perfect Gifts FOR The Holidays,NHLSHOP.COM A Fanatics Experience []]],Shop Now,,,image,ecommerce,42185,841,47,500.35
enriched_ad_0468,campaign_035,FREE XRAY - Easy-to-use Note-taking and Video Recording,"Take notes, capture screenshots, and record videos with ease. Try our free exploratory testing app today.",TRY NOW,,,video,ecommerce,91080,1516,94,1635.85
enriched_ad_0469,campaign_044,WINDSOR'S LOCAL BREAKING NEWS,Download the app News to stay updated with Windsor's latest happenings.,Download The App News,facebook,,image,entertainment,44033,904,147,265.77
enriched_ad_0470,campaign_046,Coupon Codes Available,Get Capital One Shopping coupon codes with our browser extension. Discover exclusive deals and discounts directly in your web browsing experience.,Download Now,facebook,,image,ecommerce,92530,1405,84,1100.12
enriched_ad_0471,campaign_027,Lillicl th with my GNOMIES,,,,,image,,54694,679,43,795.14
enriched_ad_0472,campaign_006,Discover Wheel of Time Universe,"Dive into an epic fantasy adventure with Amazon's original series, 'Wheel of Time'. Explore the rich lore and intricate world-building on Fandom. Join us as we unravel mysteries from ancient times to modern-day.",LEARN MORE,facebook,,video,entertainment,41661,1220,202,278.88
enriched_ad_0473,campaign_005,Wheel of Time Wiki,Explore the world of the Amazon Original on Fandom.,Learn More,facebook,,video,entertainment,82159,2091,340,472.14
enriched_ad_0474,campaign_045,"A","Lakeland Symphony Orchestra ARTS AXIS FLORIDA",Learn More,facebook,,image,ecommerce,59518,993,100,947.92
enriched_ad_0475,campaign_008,Stories of Strength,Watch and take action. Bay Care in our community.,,,,video,healthcare,53540,1033,58,1198.6
enriched_ad_0476,campaign_010,The Zest Podcast Season 4,"Discover the latest episodes of The Zest podcast in season four. Listen to new interviews, stories and more exciting content.",Listen Now!,facebook,,video,entertainment,74830,2654,370,607.38
enriched_ad_0477,campaign_027,Helios Education Foundation,Partnerships That Drive Equity MENT MORE INFORMATION,,,,image,education,35394,465,64,306.81
enriched_ad_0478,campaign_036,Become a Corporate Sponsor,,Contact us today,,,image,ecommerce,39215,446,26,612.91
enriched_ad_0479,campaign_023,THE FASTEST & SMARTEST WAY,To shop for your next vehicle. Beaver Toyota Direct Get Started.,,,,image,automotive,42521,422,13,937.15
enriched_ad_0480,campaign_025,DONATE TODAY TO HELP ST. VINCENT DE PAUL FEED OUR COMMUNITY THIS THANKSGIVING,,SHOP NOW AT THE SOCIETY OF ST. VINCENT DE PAUL FEER CLOTHEHOUSE NEW REDBIRD STORE TUESDAY FOR TURKEY!,,,image,ecommerce,58422,1139,74,882.1
enriched_ad_0481,campaign_003,Today's News in Arizona,,,,,image,news,61824,1200,113,870.8
enriched_ad_0482,campaign_039,It's a Great Time to Sell,Find an Agent Today REIN.com,,,,image,ecommerce,47046,880,43,832.18
enriched_ad_0483,campaign_001,Final Fantasy VII - The First Soldier,The first soldier in the Final Fantasy series. Pre-register now to get exclusive content and rewards.,Pre-register Now,,,image,entertainment,96245,2617,425,707.97
enriched_ad_0484,campaign_022,MD MCLARTY DANIEL A FAMILY OF DEALERSHIPS Jeep GMC @CK BEST SELECTION IN NORTHWEST ARKANSAS,,,,,image,ecommerce,34742,590,47,360.82
enriched_ad_0485,campaign_015,MD MCLARTY DANIEL - A FAMILY OF DEALERSHIPS,DODGE Jeep RAM FIRE GMC BUICK Crois vorm Ford BEST SELECTION IN NORTHWEST ARKANSAS,,,,image,ecommerce,50043,647,48,778.25
enriched_ad_0486,campaign_029,PREMION ONE SOLUTION EVERY ADVANTAGE,Leading the Evolution in Local OTT & CTV Advertising | 125+ BRANDED NETWORKS. CTV CENTRIC NO OPEN EXCHANGES Learn More ▸,Learn More,,,image,ecommerce,47837,522,33,803.05
enriched_ad_0487,campaign_047,Axio's Legal Network,"Need immediate assistance with your legal issues? Access Axio’s extensive database to find top-notch, credentialed attorneys tailored for you. Whether you're looking for family law experts or corporate lawyers, we've got the professionals who can help.",Search Our Network →→,,,image,ecommerce,31106,629,39,427.55
enriched_ad_0488,campaign_004,Give the Gift of Entertainment,The PERFECT GIFTS FOR MAKING MEMORIES! MALCO THEATRE FREE Gourmet POPCORNORM MOVIE click to purchase urmet VIE,click to purchase,,,image,entertainment,22427,586,54,199.38
enriched_ad_0489,campaign_014,Carrier Timberline Turn to the experts,HEATING & AIR CONDITIONING Don't get caught in the COLD this holiday season. Schedule a tune-up and duct cleaning INA RO Contact us TimberlineHVAC.com Timberline 530-221-2222,,,,image,ecommerce,84033,1055,103,891.9
enriched_ad_0490,campaign_028,Sohnrey's Local Holiday Gift Baskets,From Sohnrey Farms! ON SALE NOW!,Shop Now,,,image,food,86813,1337,144,779.27
enriched_ad_0491,campaign_037,R-1234yf,Get Real. Get YF. Refrigerant Opteon YF LEARN MORE,,,,image,automotive,55711,929,30,1043.85
enriched_ad_0492,campaign_010,Home care providers helping seniors remain safe in their homes,Home care providers are assisting seniors to stay securely within the comfort of their own residences.,Get In-Home Care,,,image,ecommerce,82463,1489,125,1070.48
enriched_ad_0493,campaign_025,The Future Is In Your Hands,,,,,image,,89082,1752,158,1177.52
enriched_ad_0494,campaign_003,Growing Healthier Crops with Microbial Nitrogen and Zero Climate Impact,Learn How N Pivot Bio can help you achieve this.,,,,image,agriculture/ecommerce,94423,1367,120,1304.85
enriched_ad_0495,campaign_042,Modern-Day Farm Policy,"Explore the latest advancements in agricultural practices and sustainable farming techniques. Discover how innovative policies are transforming traditional agriculture into an efficient, eco-friendly industry.",Learn More,facebook,,image,ecommerce,22282,285,16,287.29
enriched_ad_0496,campaign_030,Driving Readiness and Modernization,Discover how BAE Systems can help you achieve driving excellence with our innovative solutions.,Learn More →,,,image,ecommerce,48835,762,68,778.08
enriched_ad_0497,campaign_040,"Conversations, Made Better: Level Up Your Site's Comments Section",INSTICATOR - Chad Chairs. The absolute best Christmas at our doorsteps Des Chilla PROMOTER Learn More,,,,image,ecommerce,52430,762,56,515.97
enriched_ad_0498,campaign_037,Think. Experience. Invent.,IN PERSON HE Study in Israel ENGAGE IN EXCELLENCE,,,,image,education,42362,654,49,419.82
enriched_ad_0499,campaign_045,Help Bring News to Your Community,We're Gray Hiring. Browse Current Job Openings > We are a COVID-Safe Workplace.,,,,image,ecommerce,37600,754,68,534.29
enriched_ad_0500,campaign_025,ROSELINLIN,,SHOP NOW,,,image,ecommerce,27036,401,38,382.33
enriched_ad_0501,campaign_011,ALL KPOP NO FUN BTS THE HOTTEST MERCH FACK AAST 2005,,CLICK THERE,,,image,entertainment,84327,1542,189,724.05
enriched_ad_0502,campaign_031,COUPON CODES AVAILABLE,,,,,image,ecommerce,95587,1312,123,1236.38
enriched_ad_0503,campaign_013,Ease Foot Pain,With Every Step Get 70% Off En.gethypersoft.com,,,,image,ecommerce,40602,788,51,521.99
enriched_ad_0504,campaign_044,Making Mealtime Easy,Walmart and Allrecipes are making mealtime easier.,,,,image,ecommerce,80784,924,95,1434.52
enriched_ad_0505,campaign_017,eBay - Discover Deals,"<70% off Samsung 11.6"" LED, 16GB Chromebook... $249.99 | Save up to $72.95 on top deals at eBay!",,,,image,ecommerce,91510,1519,147,1034.67
enriched_ad_0506,campaign_028,SAVE THE GIRLS,,,,,video,,84594,1425,83,1303.1
enriched_ad_0507,campaign_048,The Umbra Tour USA,Presenting Grayscale in the year 2021.,,,,image,entertainment,63546,1307,240,433.39
enriched_ad_0508,campaign_041,WINI PLACE SHOWED HOLD ALL TICKETS!,,CLICK TO SHOP,,,image,entertainment,24632,456,88,121.27
enriched_ad_0509,campaign_013,Work Places,2022 anmetre Attract 'perfect-fit' talent Be a Top Workplace. Nominate your company Ⓡ DEADLINE NOV 19 TO AE,,,,image,ecommerce,89856,1080,81,1497.52
enriched_ad_0510,campaign_049,Fabuloso Concentrated Fabric Softener,,,,,image,ecommerce,88946,1569,99,1190.01
enriched_ad_0511,campaign_036,Home Helpers® Making Life Easier,Making life easier by giving care in your preferred way. You want to feel cared for.,,,,image,ecommerce,77519,1227,64,1002.57
enriched_ad_0512,campaign_041,Lordrings NLPMU,Nie j 988 second what 2029 9989 BOXLUNCH,Shop Now,,,image,ecommerce,47286,754,51,703.35
enriched_ad_0513,campaign_009,Los Angeles Institute of Architecture and Design,"Architecture Transfer Program, Architecture Graduate (M.Arch) Prep, Interior Design Transfer Program",,,,image,education,90293,1795,145,901.51
enriched_ad_0514,campaign_025,First in Air Quality,"fan air purifier cool down with pure, clean air TWICE VIP AWARDA 2019 Learn More",,,,image,ecommerce,49975,771,55,898.88
enriched_ad_0515,campaign_044,Gigi / Jejee - noun,"1. like a grandmother, but so much cooler what up GRINCHES I'm only talking to my dog today LILI CLTH",,,,image,,55328,820,80,801.49
enriched_ad_0516,campaign_011,What makes a masterpiece?,Find out with Bank of America's Masterpiece Moment. Discover more,,,,image,ecommerce,70981,1011,79,1007.65
enriched_ad_0517,campaign_008,"Over 50,000 Devices Sold",,Shop Now,,,image,ecommerce,93222,1135,58,1497.26
enriched_ad_0518,campaign_045,Curbio Forge's Brokerage Partnership with CityLight Homes,Curbio Forges has entered into an exclusive brokerage partnership with CityLight Homes. This collaboration aims to enhance the real estate market by leveraging Curbio’s innovative platform and expertise in property management.,Read More,,,image,real_estate,95698,889,15,1834.55
enriched_ad_0519,campaign_001,"-SALE-
-80%
TELEROSEL",,,,,image,,42450,574,47,444.35
enriched_ad_0520,campaign_003,Empire Strikes Back,Var Hars - Millions of Daily Visitors See It!,,,,image,ecommerce,89940,1182,108,1413.69
enriched_ad_0521,campaign_040,Top 10 Cars > Red 2015,,,,,image,automotive,71288,1160,37,1355.09
enriched_ad_0522,campaign_017,Make Home Safety A Holiday Tradition,,SHOP KIDDE >> ALL X ON,,,image,ecommerce,48134,585,50,644.94
enriched_ad_0523,campaign_036,FRAM,Trusted since 1934,,,,image,,79308,1270,126,1213.75
enriched_ad_0524,campaign_011,"Ultra-quiet, hands-free pump",elvie stride. Take pumping in your stride.,,,,image,ecommerce,28253,374,37,298.57
enriched_ad_0525,campaign_047,MILK KONTRO NEW STANDARDIZED PRICING,"NEW STANDARDIZED PRICING FOR SELECT SIMULATOR MODELS: 172, ARCHER, SEMINOLE, DA40/42 & MORE TO COME FRASCA",> LEARN MORE >>,,,image,ecommerce,23481,270,18,416.08
enriched_ad_0526,campaign_003,A M A LE For Certified Solutions,Find the safest and most efficient certified solutions for your aircraft. We'll help you find all the upgrades and solutions your aircraft needs.,LEARN MORE,,,image,ecommerce,27075,565,54,390.35
enriched_ad_0527,campaign_050,WINGS FOR HUMANITY RAFFLE W4H,"GRAND PRIZE PIPER COLT N53027 Only 3,000 tickets will be sold! $50 for 1 ticket / $135 for 3 tickets Go to wings4humanity.org or call 1-888-477-8945 Supporting global humanitarian efforts.",,,,image,ecommerce,41717,726,39,568.3
enriched_ad_0528,campaign_042,AVIATION SURVIVAL GEAR KIT,"Covering the basics of Shelter, Fire. LIGHTSPEED - Water - First Aid • Rescue.",LEARN MORE,,,image,ecommerce,23321,484,36,229.56
enriched_ad_0529,campaign_014,DMind & the Prince,学习始于日常，语文与情商同成长...,,,,image,education,57377,1273,182,664.71
enriched_ad_0530,campaign_022,OVERBEACH SHOE RETRO STYLE MODERN COMBATANT,,CLICK FOR DETAILS,,,image,ecommerce,99393,1570,131,1417.85
enriched_ad_0531,campaign_028,Official Smoothie of the Baltimore Ravens,,Order Now,,,image,food,27134,507,52,304.18
enriched_ad_0532,campaign_004,Nako Tungsten Weights,No Chip 200% Sensitivity an 10-Piece $3.49,,,,image,ecommerce,29147,552,52,308.42
enriched_ad_0533,campaign_046,BECKER'S HEALTHCARE LOOKING FOR PROCESS IMPROVEMENT WEBINARS?,,Click here to see what's coming,,,video,healthcare,37995,537,35,953.96
enriched_ad_0534,campaign_008,Diamond V,I'LL TELL YOU WHAT. ▸ NaturSafe,,,,image,,51865,571,56,689.28
enriched_ad_0535,campaign_048,cryoport,Your Trusted Breeding Stock Shipping Solution,LEARN MORE,,,image,ecommerce,29900,413,38,456.33
enriched_ad_0536,campaign_037,cryoport - YOUR TRUSTED BREEDING STOCK SHIPPING SOLUTION,,,,,image,ecommerce,69914,883,79,1012.28
enriched_ad_0537,campaign_009,Diamond V,I'll Tell You What. But Are You Willing To Listen? Tell Me More ▸ NaturSafe,,,,image,,33424,458,38,373.35
enriched_ad_0538,campaign_044,Overlake Medical Center & Clinics,Stay on top of your health. Get Your Mammogram.,,,,image,healthcare,85393,1587,63,1266.67
enriched_ad_0539,campaign_050,Fuji Arts Japanese Woodblock Prints,"Over 2,500 prints - refreshed daily
Excellent worldwide service",Shop Now,,,image,ecommerce,46469,776,46,626.75
enriched_ad_0540,campaign_002,Shop Now,,Shop Now,,,image,ecommerce,60028,906,52,718.7
enriched_ad_0541,campaign_034,Don't Forget Your Pets This Holiday Season!,"This holiday season, make sure to remember your furry friends with Benson's Berkshires. Enjoy our exclusive collection of pet products designed just for you and yours.",Shop Now,facebook,,image,ecommerce,72313,1023,50,1122.49
enriched_ad_0542,campaign_040,Search 25 Million Fully Explained Homework Questions,Get detailed explanations for your homework questions with our comprehensive resources. Try Chegg Study now!,Try Chegg Study,,,image,education,66930,1490,187,455.41
enriched_ad_0543,campaign_044,CAPITAL ONE SHOPPING,Promote your CAPITAL ONE shopping experience with exclusive promo codes. Discover the best deals and discounts available.,Shop Now,,,image,ecommerce,32771,580,33,425.82
enriched_ad_0544,campaign_034,Integrated Radiator/Shroud/Fan,"All-in-One System
4"" Slim-Fit Radiators Direct Fit, Universal & LS Conversion.",PROFORM SHOP NOW,,,image,ecommerce,95188,1523,73,1188.36
enriched_ad_0545,campaign_050,Your Dough Will Save You Money,,,,,image,food,32402,771,81,403.01
enriched_ad_0546,campaign_003,COMPLIANCEQUEST - Quality Safety Compliance,"Stuck with your legacy EQMS? Meet the Modern, Flexible Salesforce-powered solution.",Learn More,,,image,ecommerce,56165,1075,91,909.88
enriched_ad_0547,campaign_035,Ready to Use Pitch Decks,Free items. PowerPoint Keynote slides available on Google Slides.,,,,image,ecommerce,65305,818,53,1094.79
enriched_ad_0548,campaign_027,Free Courses on Christian Belief & Practice,"Explore BLBI's comprehensive curriculum designed to deepen your understanding of Christianity. Whether you're looking for beginner or advanced content, we've got you covered.",Browse our courses >,,,image,education,33830,597,63,347.69
enriched_ad_0549,campaign_003,YOUR PARTNER FOR PRE-OWNED AIRCRAFT,www.herreos.eu ow HERREOS AVIATION BUY AND FLY WITH CONFIDENCE LEARN MORE,,,,image,ecommerce,54918,906,91,787.45
enriched_ad_0550,campaign_005,Innovators Try Compute@Edge,"Try Compute@Edge at scale, for free. Workers fastly Start building.",,,,image,ecommerce,33124,555,31,425.33
enriched_ad_0551,campaign_025,Real Doctors. Real Answers.,Every Wednesday at Noon Click for latest stories B BOISE STATE PUBLIC RADIO,,,,image,entertainment,69805,1882,263,420.98
enriched_ad_0552,campaign_027,NY PODCAST,På Bold.DK Lyt til Mandagsbold here SPONSOREDET AF MobilePay adidas bold.dk,,,,image,entertainment,84769,2321,382,733.71
enriched_ad_0553,campaign_026,Men's Tees Christmas Look,Get your festive wardrobe ready with our Men's Tees. Enjoy an exclusive discount of up to 90%. Limited offer available.,Shop Now,,,image,ecommerce,86642,1679,116,1182.02
enriched_ad_0554,campaign_012,Discover Raunited,"Join the fastest growing online marketplace for buying and selling used cars. Find great deals, compare prices easily with our user-friendly platform.",Shop Now!,facebook,,image,ecommerce,61060,925,87,725.52
enriched_ad_0555,campaign_030,CARMPIONS BOXING,Undisputed and IBF World Champion Oleksandr Usyk is the undisputed Heavyweight champion.,,,,image,entertainment,98666,1444,163,686.47
enriched_ad_0556,campaign_021,Official Team Gear - TAKERS,,Shop Now >,,,image,ecommerce,61476,861,59,741.96
enriched_ad_0557,campaign_032,BEFA CHAMPIONS LEAGUE,CBS Sportst Nel A CBS Sports | PGA Tour Paramount+ TRY IT FREE,,,,image,entertainment,66175,1833,239,488.93
enriched_ad_0558,campaign_046,Create Your Own Games With Crayta,,Click To Find Out More,,,image,ecommerce,56789,1028,53,758.64
enriched_ad_0559,campaign_004,Signature Style from Timberland,,Shop Now,,,image,ecommerce,51491,872,67,741.44
enriched_ad_0560,campaign_029,Constantine NOW STREAM FOR FREE,,,,,video,entertainment,83949,2693,377,622.43
enriched_ad_0561,campaign_007,Why Can't We All Get Along?,Webinar on Dementia Education,,,,video,education,24806,491,70,279.84
enriched_ad_0562,campaign_032,Bakery on Maple,"105 Maple St., Bristol. 860-261-7464 For A List Of Our Daily Menu Items & Custom Cake Flavors Go To Facebook@bakeryonmaple Monday, Thursday-Sunday-7am-3pm Fire, EMS & 10% OFF Bristol Hospital Employees",,,,image,food and beverage,36239,567,51,469.11
enriched_ad_0563,campaign_035,Next-Gen Online Drone Education,Experience the future of learning with Aquiline Drones. Flight to the Future is here.,,,,image,education,24968,499,61,258.38
enriched_ad_0564,campaign_005,Our Staff is committed to going the extra mile,"to make your time spent with us a five-star experience. The Pines at Bristol Center for Health & Rehabilitation, 860-589-1682, 61 BELLEVUE AVENUE, BRISTOL.",,,,image,healthcare,95764,1098,71,1777.26
enriched_ad_0565,campaign_047,"SPEED, SIMPLIFY, EXTEND with Nudura Insulated Concrete Forms",,Learn More,,,image,ecommerce,62901,1090,71,774.17
enriched_ad_0566,campaign_036,Arc'teryx Lap Rewild Your Gear. Redeem The Credit. Trade In Used Gear,,,,,image,ecommerce,47253,979,52,528.6
enriched_ad_0567,campaign_028,The PHLY Difference,Hear what our agents are saying about their experience with The PHLY Difference. www PHILADELPHIA INSURANCE COMPANIES A Member of the Tokio Marine Group.,,,,image,ecommerce,43564,590,30,679.08
enriched_ad_0568,campaign_007,Mammogram? Early Detection Saves Lives,Sentara offers mammograms for early cancer detection. Appointments are currently open.,Schedule Now,,,image,healthcare,93824,1470,76,1449.02
enriched_ad_0569,campaign_003,Betty Blocks Named a Leader in The Forrester Wave,"Low-Code Development Platforms for Business Developers, Q4 2021 Get the Report B Betty Blocks is recognized as one of the leading platforms by Forrester. This recognition highlights its excellence and innovation in providing low-code development solutions tailored to meet business developers' needs.",,,,image,ecommerce,45608,548,54,815.61
enriched_ad_0570,campaign_027,H(Town) VISIT H-TOWN,,,,,image,"entertainment, travel",60253,1070,55,966.97
enriched_ad_0571,campaign_039,Burnout Balance,Supporting you as we build the future of Assurance.,APPLY NOW,,,image,ecommerce,42208,732,51,418.88
enriched_ad_0572,campaign_017,Capitalize Your Savings with Capital One,Discover exclusive coupon codes and deals available exclusively through our browser extension. Join now for FREE!,Join Now,browser,,image,ecommerce,53748,779,65,821.47
enriched_ad_0573,campaign_041,SOLVSISTA HEALTH,Your support is priceless. Solvista Health is one of the largest non-profit organizations in our four county region and has served our local communities for nearly 60 years.,LEARN MORE,,,image,healthcare,89908,1485,59,1859.95
enriched_ad_0574,campaign_041,Cookies for Kids Cancer,Your HOBBY is their HOPE. Learn Why,,,,image,ecommerce,22196,408,36,359.95
enriched_ad_0575,campaign_034,Envato Elements,"Unlimited stock video footage for people, food, nature and lifestyle. And more.",Start Now,,,video,ecommerce,35471,704,61,637.65
enriched_ad_0576,campaign_003,HELP SHARE THE GOSPEL OF JESUS CHRIST THROUGHOUT THE WORLD,,DONATE NOW CBN,,,image,"religion, spirituality and faith",97339,1980,205,1668.32
enriched_ad_0577,campaign_014,Simply the Best for Less,"The Very Best Replacement Windows, Doors and Home Siding in Birmingham! Request Free Estimate",,,,image,home improvement/electrical/plumbing/roofing/facade remodeling/building maintenance/specialty construction/general contracting/carpentry/paneling/concrete work/home renovation/new home building/replacement windows doors siding roofing and exterior finishing services window replacement door installation roof repair siding removal new siding installation,73458,812,54,729.49
enriched_ad_0578,campaign_008,"The Very Best Replacement Windows, Doors and Home Siding in Birmingham!",,Request Free Estimate,,,image,home improvement/electrical services,84934,1401,98,1056.1
enriched_ad_0579,campaign_024,A New Chapter Begins for Norfolk Southern,"A new era is starting as the iconic railroad company, Norfolk Southern, expands its operations into Georgia. This move signifies growth and continued legacy in Atlanta.",Watch Now,facebook,,video,ecommerce,47946,1276,108,473.92
enriched_ad_0580,campaign_010,REBECUE A New Chapter Begins,A new chapter in Norfolk Southern's legacy begins in Atlanta. Watch Now WS NORFOLK SOUTHERN,Watch Now,,,video,ecommerce,21673,557,56,215.25
enriched_ad_0581,campaign_005,The Challenge All Stars New Season Now Streaming,,Try it free,,,video,entertainment,62125,1868,324,508.35
enriched_ad_0582,campaign_021,RUPAUL'S DRAG RACE JERSEY Shore,The Challenge * MV HITS Streaming on Paramount+ TRY IT FREE,TRY IT FREE,paramount+,,video,entertainment,24269,459,78,188.39
enriched_ad_0583,campaign_040,Thillin With My GNOMIES Lilicl Th,,,,,image,,65549,805,73,1128.99
enriched_ad_0584,campaign_047,W 3.CSS Templates,,,,,image,ecommerce,42556,522,27,476.85
enriched_ad_0585,campaign_038,TOP BARIATRIC SURGEON: DR QUINONES,PIONEER OF BARIATRIC SURGERY → PERFORMED 10.000+ SURGERIES WEIGHT LOSS SURGERY FROM $4500 GET APPROVED TODAY,,,,image,ecommerce,88721,1146,96,1224.0
enriched_ad_0586,campaign_040,The Salvation Army $25/mth Helps Keep Families Going,Hope marches on. SAPeoria.org,,,,image,"non-profit, charity",88518,1611,118,956.85
enriched_ad_0587,campaign_034,HOPE MARS,HELP FAMILIES KEEP GOING THE SALVATION ARMY SANTREN ARMY $25 /month helps keep families going - WHEN YOU GIVE HOPE MARS ON,,,,image,ecommerce,51774,867,62,911.48
enriched_ad_0588,campaign_011,HULK AMAZING FANTASY,Fantastic Four SLA Sell Comics for 1% commissions! Visit MySlabs.com to learn more about our Slab products.,Visit MySlabs.com SLAB STAB,,,image,entertainment,38653,738,89,309.18
enriched_ad_0589,campaign_044,Shared Clean. Local. Sustainable.,Solar MGOe. gear convenience energy company Power your home with local solar energy from Madison Gas and Electric.,,,,image,energy,73007,1359,128,920.31
enriched_ad_0590,campaign_006,Ruston Paving - Commercial and Industrial Paving Experts,"For over 75 years, Ruston has been paving the way for commercial & industrial projects. Our team of experts is dedicated to delivering top-notch results every time.",READ MORE >>,,,image,ecommerce,22936,395,30,337.36
enriched_ad_0591,campaign_002,Holiday Sale,"Don't miss this Holiday Sale! Books, Tallits, Jewelry, and more!",Shop Now,,,image,ecommerce,72318,1053,70,1090.41
enriched_ad_0592,campaign_014,God's Grace Is Thorn Sufficient,,Click Here,,,image,entertainment,30865,493,86,174.73
enriched_ad_0593,campaign_023,Hungry? Thirsty? It's Time for More,"FOREWORD BY RICKY SKAGGS
R.T. KENDALL
MORE of SEE THE BENEFACTOR, NOT JUST THE BOT",CLICK HERE,,,image,entertainment,32349,557,101,270.22
enriched_ad_0594,campaign_049,Who tops the list in mobile banking?,Learn more New Benchmark! The 2021 US Mobile Banking Benchmark card Intuitive solutions for consumers odds up for banks For,,,,image,ecommerce,44774,723,68,581.86
enriched_ad_0595,campaign_023,Hydrate and Care for Your Sensitive Skin,"GV QV QV face day cream y cream Me 740 Always read the label, use only as directed. Douglas Pharmaceuticals Ltd, Auckland",SHOP NOW,,,image,ecommerce,39136,626,53,662.4
enriched_ad_0596,campaign_040,Named Reactions in Organic Synthesis,Named reactions: fundamental to organic synthesis. ACROS ORGANICS Alfa Aesar Learn more Thermo Fisher Scientific SCIENTIFIC,Learn More,,,image,ecommerce,84250,923,44,1211.79
enriched_ad_0597,campaign_012,Royals Society of Chemistry RSC Prizes 2022,Nominations for the Royal Society of Chemistry (RSC) Awards in recognition of outstanding contributions to chemistry research and education. Nominations are now open!,Submit your nomination today!,,,image,"education, science",90308,1773,122,1410.47
enriched_ad_0598,campaign_035,"Unbelievably Sensitive, Remarkably Reliable",Discover the power of Agilent's technology with our exceptional LC/TQ systems. Find out how we can help you achieve unparalleled accuracy and reliability in your measurements.,Find Out More,,,image,ecommerce,22153,284,26,341.3
enriched_ad_0599,campaign_008,R.T. KENDALL IN PURSUIT OF HIS WISDOM HOW TO GET GOD’S OPINION ON ANTI-MATTER,"In All You Do, Seek Wisdom Click Here",Click Here,,,image,education,64413,1275,158,762.75
enriched_ad_0600,campaign_049,Race-Series High-Compression Starters,,Shop Now,,,image,entertainment,58544,1173,115,298.09
enriched_ad_0601,campaign_027,New! TK 5-Speed SILVER SPORT SST TREMEC Transmissions,,Learn More!,,,image,ecommerce,24795,373,22,359.46
enriched_ad_0602,campaign_014,Be There For The Biggest Season Ever,The Official Marketplace of the Bears ticketmaster Buy Tickets,,,,image,entertainment,83740,1265,195,579.52
enriched_ad_0603,campaign_006,Be There For The Biggest Season Ever,The Official Marketplace of the Bears INFL Buy Tickets,,,,image,entertainment,68377,1883,216,388.97
enriched_ad_0604,campaign_012,Welcome Your Top Employees Back to the Office with a Trip to Wrigley Field,PREMIER RENTALS BOOK ONLINE NOW FOR 2022! LEARN MORE,,,,image,ecommerce,74283,937,74,899.01
enriched_ad_0605,campaign_001,Welcome Your Top Employees Back to the Office with a Trip to Wrigley Field,PREMIER RENTALS BOOK ONLINE NOW FOR 2022! LEARN MORE,,,,image,ecommerce,89680,1835,189,1295.8
enriched_ad_0606,campaign_019,Republic Bank Moving Forward,Together.,,,,image,,31544,427,29,443.54
enriched_ad_0607,campaign_040,Republic Bank Moving Forward,Together. Learn more www FDIC.,,,,image,finance,86946,972,24,2359.1
enriched_ad_0608,campaign_049,Republic Bank | Local. Accessible. Responsive.,,Learn more,,,image,finance,70394,975,46,1854.47
enriched_ad_0609,campaign_021,SO WHEN IS THIS,OLD ENOUGH TO KNOW BETTER SUPPOSED TO KICK IN I MAY BE A MECHANIC X BUT I CAN'T FIX STUPID LILICL TH,,,,image,,34680,424,37,610.39
enriched_ad_0610,campaign_042,BIDS BID ON GAME WORN ITEMS,,Click Here,,,image,entertainment,72360,1633,148,416.19
enriched_ad_0611,campaign_037,Addressing the World's Biggest Challenges Demands Unconventional Wisdom,,,,,image,,57990,748,38,901.05
enriched_ad_0612,campaign_005,FREE Prayer Guide for Anxiety,crosswalk you Hope for the Heart Get My Free Guide,,,,image,healthcare,77797,1426,56,1440.07
enriched_ad_0613,campaign_046,New Pocket Cinema Camera 6K Pro!,,Shop Now,,,image,ecommerce,82520,1322,80,1443.59
enriched_ad_0614,campaign_038,Why Do People Get Hacked?,Discover the reasons behind why individuals fall victim to hacking. Learn about common vulnerabilities and how you can protect yourself.,Watch Now,,,video,education,94326,2649,298,658.3
enriched_ad_0615,campaign_025,Get Capital One Codes,Discover exclusive coupon codes for your shopping needs with our browser extension. Effortlessly find and save the best deals available.,Download Now,facebook,,image,ecommerce,43322,473,41,472.82
enriched_ad_0616,campaign_007,Free RN Resumes,"Get your free resume templates, samples and formatting guides for Registered Nurses. Download now to get started!",Download Free Templates Now,facebook,,image,ecommerce,53727,957,66,812.01
enriched_ad_0617,campaign_017,Kindle Unlimited,Amazon's Kindle Unlimited offers unlimited reading and listening on any device.,Try your first month free,,,image,ecommerce,35591,579,36,349.96
enriched_ad_0618,campaign_042,Performance,"1-Click Checkout Fast. Easy, Safe Fast Checkout",,,,image,ecommerce,88680,1665,133,1364.27
enriched_ad_0619,campaign_008,2021 Promo - Capital Shopping,Discover exclusive deals with our new promo codes. Get the best discounts on your favorite shopping sites.,Shop Now!,facebook,,image,ecommerce,40712,763,49,481.5
enriched_ad_0620,campaign_040,IT BEGINS IN CINEMAS November 10 Watch Trailer,,,,,video,entertainment,66521,1637,244,522.14
enriched_ad_0621,campaign_002,November is Lung Cancer Awareness Month,Learn More About Moffitt Cancer Center's Efforts in Raising Awareness and Providing Support During November.,LEARN MORE,,,image,healthcare,81436,888,64,1250.54
enriched_ad_0622,campaign_030,EXACT MOTORSPORTS,CONTACT John & Sandy Hsu for details ALL YOUR TUNE-UP NEEDS Services 408.416.0061 30k 1 60k 190k,,,,image,ecommerce,59299,685,37,579.24
enriched_ad_0623,campaign_030,eBay Projects in the Works? Motors,Get every part and accessory your ride needs. Take a look at our extensive collection of motors on eBay.,,,,image,automotive,78345,891,21,1868.91
enriched_ad_0624,campaign_020,Anniversary Group Buy - Get Up to 25 Products for the Price of One!,,Shop Now,,,image,ecommerce,58999,1161,64,853.8
enriched_ad_0625,campaign_019,The Bonding of Parents and Coaches,"sportsengine It's more than just wins, losses, and playing time. It's about building relationships.",Learn How,,,video,ecommerce,25169,677,39,254.53
enriched_ad_0626,campaign_035,THE LEADER IN HOME REPAIRS & PROJECTS,"The Leader in Home Repairs & Projects - CURRENT SPECIALS Are you considering adding an addition, garage or sun room to your home?",,,,image,home improvement/electrical/plumbing/sanitary/facade/roofing/construction/carpentry,77973,937,83,900.08
enriched_ad_0627,campaign_001,Rapid7 - Make 2022 Your Year for Cybersecurity,"Yes, it's almost 2022. No, we're not sure how.",SEE THE WEBINAR SERIES,,,video,ecommerce,52906,1426,120,563.74
enriched_ad_0628,campaign_029,Do the Best Work of Your Life,Try Wrike to achieve excellence in every project.,Try Wrike,,,image,ecommerce,81874,1240,87,1194.63
enriched_ad_0629,campaign_005,Win a Tesla Model S,Enter the drawing to win an electric car. One lucky winner will receive a brand new Tesla Model S.,Join Now!,facebook,,image,ecommerce,34473,500,32,457.62
enriched_ad_0630,campaign_017,COIN WORLD,MARKETPLACE PLENTY OF PEACE HUNDREDS TO CHOOSE FROM & EXPLORE SHOP NOW IN GODAVE 61 TRYST,SHOP NOW,,,image,ecommerce,38713,760,52,549.27
enriched_ad_0631,campaign_041,Win A VIP Trip to an Away Game,"Promotion Ends 12/19/21. Courtesy of Colts at Jacksonville January 9, 2022 Click To Enter And For Official Rules Huntington",,,,image,entertainment,93259,1496,171,769.55
enriched_ad_0632,campaign_033,Best Hospital | Best Urgent Care | Best Family Medical Provider,"Kate Smith, CRNP at Meritus Primary Care Menitus Medical Center",,,,image,healthcare,79187,1541,106,1759.27
enriched_ad_0633,campaign_002,Create a Safe Online Space,TaskUs™ Create a Safe Online Space with us CA Learn More →→,Learn More,,,image,ecommerce,28138,544,46,311.44
enriched_ad_0634,campaign_002,Capitol One Shopping,The Coupon-Finding Browser Extension. Coupon Codes Available GET CODES,,,,image,ecommerce,69309,879,79,1038.28
enriched_ad_0635,campaign_009,Free Offer! Join Our Chicken Coop Community,"Community Chickens - Free Weekly Newsletter Packed with DIY Tutorials, Cool Coops & Giveaways for Lucky Readers. Start Here >>",Start Here,,,video,ecommerce,61997,1281,66,875.73
enriched_ad_0636,campaign_038,BLACK FRIDAY SALE,,SHOP NOW,,,image,ecommerce,31165,374,31,509.26
enriched_ad_0637,campaign_021,CAS SLINGERS POWERED BY CAT ENGINES,MORE MATERIAL. MORE POWER. MORE EFFICIENT.,>>,,,image,,68714,959,73,1051.58
enriched_ad_0638,campaign_024,E-750 Electric Wheelbarrow™ - Powerful and Efficient,"Built for demanding loads, the E-750 electric wheelbarrow can haul up to 1,000 lbs per load. If it rolls... We Can Move It.",Request a Demo,,,video,ecommerce,44661,997,62,703.52
enriched_ad_0639,campaign_007,TWINDEMIC,POTENTIAL RAMIFICATIONS OF COVID-19 AND FLU CONVERGENCE Contagion by The Download it now Infectious Diseases Today contaginelive.com,,,,image,healthcare,28393,365,13,740.19
enriched_ad_0640,campaign_044,Define Your Vehicle's True Identity,,,,,image,automotive,57002,901,18,1229.81
enriched_ad_0641,campaign_023,TWINDEMIC: POTENTIAL Ramifications of COVID-19 and Flu Convergence,Download it now Contagion Infectious Diseases Today contaglive.com TWINDEMIC: PotenBAL Ramirications OF ComID-19 AND Ru CONVERGENCE,,,,image,"healthcare, education",62174,1179,74,664.35
enriched_ad_0642,campaign_005,Breaking infectious disease news and expert insights delivered straight to your inbox,,Subscribe to Contagion's eNewsletter SUBSCRIBE TODAY>Contog Cont Contagion Infectious Diseases Today contagionlive.com,,,image,ecommerce,78850,1364,121,1173.95
enriched_ad_0643,campaign_008,Christopher William Jewelers,,Shop Now,,,image,ecommerce,35104,383,24,531.75
enriched_ad_0644,campaign_016,Jang Ne $50% OFF,,Shop Now,,,image,ecommerce,39111,481,47,404.44
enriched_ad_0645,campaign_018,ADPⓇ Accountant Revenue Share Program,,Learn More,,,image,ecommerce,97601,1929,197,1667.35
enriched_ad_0646,campaign_026,What's Your Next Move?,Create your own headlines with Companies on the Move,,,,image,ecommerce,87532,1804,86,868.28
enriched_ad_0647,campaign_005,GET A HEALTHIER OUTLOOK ON CHILDHOOD,"Listen to CARING FOR KIDS on WJR 760 AM. Brought to you by Children's Foundation, MADE CARRING FOR KIDS.",,,,image,education,29927,699,101,311.64
enriched_ad_0648,campaign_023,What's Your Next Move?,Create your own headlines with Companies on the Move CRAIN'S DETROIT BUSINESS,,,,image,ecommerce,25394,374,17,439.73
enriched_ad_0649,campaign_031,Get A Healthier Outlook On Caring For Kids,Listen to Childhood on WJR 760 AM to Children’s you by Foundation. Listen Now CARING KIDS.,,,,image,entertainment,47010,724,103,250.16
enriched_ad_0650,campaign_022,CRASH refa Lenovo n NetApp INNO ON Ha NICATI,,,,,image,,56547,694,36,960.94
enriched_ad_0651,campaign_003,BLACK Friday Sale - $70% OFF,* Free shipping on everything! Shop Now!,Shop Now,,,image,ecommerce,81404,1058,99,1140.89
enriched_ad_0652,campaign_040,TheChannelCo. NEXGEN+ / CONFERENCE Get NexGen+ 2021,Presentations On Demand Available Any Time ACCESS NOW #NGC21,,,,image,"education, healthcare, finance, entertainment, travel, food, automotive, real_estate",86884,1247,118,1434.65
enriched_ad_0653,campaign_003,Meridian BUILD Locally IMPACT Globally,"November 17-18, 2021 Register now Stellar ma",,,,image,,20974,425,37,364.58
enriched_ad_0654,campaign_012,Smart Options Strategies for Deck Homes,Discover the best options with TradeWins. Free book available to learn more about strategies and income opportunities.,Claim Yours Today!,,,image,ecommerce,69919,1183,103,1184.18
enriched_ad_0655,campaign_007,Curuso - Skilling,"Featured Red > CA
1.38479 Join Trade Grow
Trade 800+ forex and CFD instruments with competitive pricing.
Start Trading *66% of retail investor accounts lose money when trading CFDs with this provider.",,,,image,ecommerce,95443,1111,55,1473.78
enriched_ad_0656,campaign_048,Trint - Speech to Text to Magic,"Transform your videos into transcripts with Trint. Collaborate seamlessly on any project, even remotely.",Get Started,,,video,ecommerce,93846,1690,156,1607.94
enriched_ad_0657,campaign_045,Listen / Stream,Where we Live - CONNECTICUT in Context with Lucy Nalpathanchil,,,,video,entertainment,32165,588,55,265.57
enriched_ad_0658,campaign_041,CONNECTICUT'S PREMIER BUSINESS TO BUSINESS EXPO,Presented by COMCAST BUSINESS NOV. 17 & 18 CLICK TO REGISTER LZOZ FINDING YOUR GROOV IN A NEW E.R.A. Emerge Reboot Adapt GREATER New Haven Chamber We take care of business,,,,image,ecommerce,79284,1054,63,1244.87
enriched_ad_0659,campaign_023,Apply Today,,Apply Now,,,image,education,20640,425,44,168.65
enriched_ad_0660,campaign_033,Change the world. Start today.,"Start your journey to becoming an influential change-maker with our master's degree in Conflict Analysis and Resolution at Carter School for Peace and Conflict Resolution, George Mason University.",GET STARTED,,,image,education,68841,954,83,778.83
enriched_ad_0661,campaign_022,OneWheel Introducing Pint X,"Higher performance, longer range, same fun-size.",Shop Now,,,image,ecommerce,56236,897,51,819.31
enriched_ad_0662,campaign_042,TOP FONTS FOR EVERY PROJECT,"envato elements offers SCRIPOR, sans serif decorative lettering typefaces. Start now to access our collection.",Start Now,,,image,ecommerce,20199,415,42,286.12
enriched_ad_0663,campaign_033,Shop Meal Plan,Discover the best road food and home meal ideas with GOLD PEAK.,SHOP MEAL PLAN,,,image,ecommerce,58728,866,64,751.51
enriched_ad_0664,campaign_017,Revive Your Drive with Our Premium Car Parts,"Feeling defeated by your old, worn-out vehicle? Don't let it hold back any longer. Discover our wide range of high-quality car parts that can breathe new life into even the most neglected cars.",Shop Now!,facebook,,image,automotive,60797,780,23,1258.9
enriched_ad_0665,campaign_033,Garden Party,"A virtual event series offering gardening tips, tricks and insights.",Click Here to Register,,,image,entertainment,31949,589,99,223.72
enriched_ad_0666,campaign_029,"KVH> Caring for our community.","Hospital Your Home for Health",Learn More,facebook,,image,ecommerce,64644,1007,70,750.6
enriched_ad_0667,campaign_008,REALTYMOGUL - A New Alternative Outside Stock Market Volatility,Access now to invest $600 million+ into institutional-quality real estate through the platform since 2012.,$600 MILLION+ INVEST NOW,,,image,real_estate,44812,676,9,815.02
enriched_ad_0668,campaign_020,Thanksgiving Turkeys Since 1948!,,Click Here to Order,,,image,food,99262,2096,200,885.19
enriched_ad_0669,campaign_018,THANK YOU RIDE TO ALL VETERANS,RIDE TO ALL VETERANS FOR YOUR SERVICE FREE YAVAPAI REGIONAL TRANSIT YRT is certified as an Arizona Tax Credit VISIT US ONLINE,,,,image,transportation,69322,1348,70,859.17
enriched_ad_0670,campaign_047,"gale",You can't trust a 10 year old..,Learn More,facebook,,image,ecommerce,81056,1057,101,1025.56
enriched_ad_0671,campaign_026,Will It Be You?,Conduct Cutting-edge Research,,,,image,education,86567,1379,190,637.08
enriched_ad_0672,campaign_037,Black Friday,up to 40% off sign up to access exclusive deals and discounts.,,,,image,ecommerce,70424,1373,90,1102.12
enriched_ad_0673,campaign_040,Looking for Staff?,Boost your visibility with a Dezeen Jobs company profile de zeenjobs,,,,image,ecommerce,33887,496,30,412.6
enriched_ad_0674,campaign_043,#ADM2021,EP UP Tips on managing your diabetes to thrive Learn More American Diabetes Association. A Connected for Life Podporter ♥ CVS Health.,,,,image,healthcare,74798,1021,58,1429.57
enriched_ad_0675,campaign_005,Diabetes Doesn't Have To Be,Some things are inevitable. Diabetes doesn't have to be.,,,,image,healthcare,75043,1321,97,1292.32
enriched_ad_0676,campaign_044,Your Future is Her Future,diabetes.org/risktest American Diabetes Association. Connected for Life A 1000,,,,image,healthcare,32725,499,20,711.44
enriched_ad_0677,campaign_048,Diabetes Doesn't Have To Be,Some things are inevitable. Diabetes doesn't have to be.,,,,image,healthcare,57052,978,72,1506.59
enriched_ad_0678,campaign_040,Let’s End Diabetes Together,Discover groundbreaking research and initiatives at DRI Foundation aimed to end diabetes. Learn more about our efforts.,Learn More,,,image,healthcare,78491,1152,72,1596.43
enriched_ad_0679,campaign_038,BLACK Friday Sale - 70% Off,,Shop Now,,,image,ecommerce,53127,908,57,628.64
enriched_ad_0680,campaign_041,Stay Ahead of the Curve,Better decisions for tomorrow start with better data today. Find essential intelligence > S&P Global Market Intelligence,,,,image,ecommerce,89286,1487,101,1169.91
enriched_ad_0681,campaign_037,Tomorrow is Just A Dream Away,"Walt Disney World. Get Details
Disney",,,,image,entertainment,87979,2391,280,449.78
enriched_ad_0682,campaign_033,THE GREAT GROCERY THANKSGIVING GIVEAWAY!,Enter Daily for your Chance to Win a $100 Gift Card,ENTER DAILY,,,image,ecommerce,67508,813,57,663.72
enriched_ad_0683,campaign_029,Mailgun - Get More Emails Delivered,Deliver up to 97.4% of your targeted messages successfully.,Get Started Free,,,image,ecommerce,65737,858,68,646.54
enriched_ad_0684,campaign_007,Dividend.com - Leading Utility Firm,Utility firm with nearly 10 years of dividend. D increases reaffirmed position on Best Dividend Stocks List.,LEARN MORE ▸,,,image,ecommerce,79541,1053,56,1360.91
enriched_ad_0685,campaign_026,ROSELINLIN UP TO 80% OFF,,Shop Now,,,image,ecommerce,94997,1735,158,1204.52
enriched_ad_0686,campaign_050,Handle Your Career With Care,,,,,image,,55081,918,86,832.19
enriched_ad_0687,campaign_050,"Zroborock - Intelligent, Automatic",Experience the future of rock music with Zroborock's intelligent and effective solutions.,Discover More,facebook,,image,entertainment,30171,726,72,158.41
enriched_ad_0688,campaign_004,Etsy 20%+ Off Holiday Finds,,,,,image,ecommerce,33317,594,38,538.63
enriched_ad_0689,campaign_049,Your Oasis,Discover the perfect blend of comfort and luxury at South of Metro in Woodsville. Experience exclusive residences designed for your ultimate relaxation.,Visit Now!,,,image,real_estate,44796,346,6,1270.61
enriched_ad_0690,campaign_013,START YOUR FOREVER HOME,Sabella | CALLISTA (Latin) 'Most beatiful' Lot Area Floor Area 100SQM 81 SQM @MyCitiHomesOfficial MyCitiHomes www.mycitihomes.com.ph,,,,image,real_estate,42784,528,13,1257.44
enriched_ad_0691,campaign_032,Have You Had Your Mammogram?,We're committed to safe in-person mammography care. Appointments are available now.,Schedule Now,,,image,healthcare,81424,1126,62,1495.24
enriched_ad_0692,campaign_035,KNOWvember Comprehensive Biomarker Testing Can Help Inform Treatment Decisions for Lung Cancer,Comprehensive biomarker testing can help inform treatment decisions for lung cancer. NO ONE MISSED LUNGEVITY FindThat Live More Information,,,,image,healthcare,96015,1613,81,2438.78
enriched_ad_0693,campaign_036,BLACK Friday Sale - $70% Off,,Shop Now,,,image,ecommerce,83502,967,54,827.64
enriched_ad_0694,campaign_037,Download NHS COVID-19 App,"Test, trace and protect. Get the latest updates on your loved ones' health status with our app.",DOWNLOAD NOW,facebook,,video,healthcare,27185,564,36,639.38
enriched_ad_0695,campaign_021,Looking to Boost Your Holiday Promotions?,Get a free landing page with a digital marketing campaign starting at $500 a month. Our team of experts handle everything.,,,,image,ecommerce,74427,1453,116,859.45
enriched_ad_0696,campaign_021,5-star doctors really do exist. Find Yours Today,,Find Yours Today,,,image,ecommerce,75643,1289,112,900.52
enriched_ad_0697,campaign_038,POWER & ENERGY LOGGER,Monitor Your Power and Energy Usage and Costs from Anywhere in the World! NEC 220.87 compliant www.aemc.com AEMC® INSTRUMENTS CHAUVIN ARNOUX GROUP,,,,image,ecommerce,56246,619,36,817.9
enriched_ad_0698,campaign_041,Donna Hay,,Click for More Information,,,image,entertainment,37931,989,171,196.4
enriched_ad_0699,campaign_036,The Art of Living,Choose Peace Over Panic Just Log On,,,,image,entertainment,27881,512,46,139.36
enriched_ad_0700,campaign_043,Build Your Career,"If you're managing clients, who's managing your career?",,,,image,finance,66265,854,25,1983.68
enriched_ad_0701,campaign_024,Manage Your Career with EFinancialCareers,"Are you juggling multiple responsibilities as an entrepreneur? Don't let the management of clients and careers overwhelm you. With eFinancialCareers, we specialize in building robust career paths for entrepreneurs like yourself.",Learn More About Our Services,facebook,,image,ecommerce,90439,1337,108,1174.94
enriched_ad_0702,campaign_049,Master Electronics,We stock so you don't have to order now.,Order Now,,,image,ecommerce,63668,698,67,1136.73
enriched_ad_0703,campaign_043,Aptible - Go from zero to HIPAA-compliant Docker Deployment,Deploy your application in minutes with Aptible. Get started by deploying the 'healthco-nodejs' docker image on localhost.,$ aptible deploy --app healthco-api-nodejs --docker-image healthco/nodejs-api,facebook,,image,ecommerce,38846,678,33,516.11
enriched_ad_0704,campaign_021,How to Market Your Electronics Products without Spending a Fortune?,HERE ARE SOME GREAT IDEAS... Read electronics for you EXPRESS for FREE! electronics For You EXPRESS Growth Mantras for Tech Startups Stamp,,,,image,ecommerce,77983,1367,83,800.09
enriched_ad_0705,campaign_003,Salteados - Triple Pack,Pack $7.59 for just one Subway sandwich! Limited time offer.,Shop Now!,facebook,,image,ecommerce,71356,1479,76,1097.08
enriched_ad_0706,campaign_037,HOTEL XCARE ART,,,,,image,real_estate,75516,836,17,1767.54
enriched_ad_0707,campaign_019,Work From Home Jobs,"Discover the convenience of working from home with our curated selection of online jobs. Whether you're interested in sales, customer service or any other field that allows you to work remotely.",Apply Now,facebook,,image,ecommerce,49394,927,46,669.88
enriched_ad_0708,campaign_045,Engineers' Tips & Tricks on Leading Technologies,"Explore the latest insights, tips, and techniques for mastering design and engineering. Discover today how to stay ahead with cutting-edge technologies.",Discover Today,,,image,education,43939,677,49,524.44
enriched_ad_0709,campaign_004,EPIC GLOBAL SALE EVENT! BLACK FRIDAY THRU,"30% OFF Take Advantage of ISA's Biggest Sale of the Year! Save on Training Courses, Print Books, and Virtual Event Content!",Learn More,,,image,ecommerce,83797,1511,135,1086.67
enriched_ad_0710,campaign_016,Create,Canon FOS Change Gear The Easy Way Buy Used Kit mpb.com,,,,image,ecommerce,70659,1350,104,889.09
enriched_ad_0711,campaign_022,"Buy, Sell & Trade | Create with FURFILM",Change your wardrobe effortlessly. Discover new styles and trends at mpb.com.,Shop Now,facebook,,image,ecommerce,32010,343,31,354.96
enriched_ad_0712,campaign_031,Experience China Before Communism,Shen Yun's performance in the year 2021-2022.,Buy Tickets Now,,,image,entertainment,25953,395,70,174.86
enriched_ad_0713,campaign_027,Hemmink Experience China Before Communism,Experience the rich history and culture of ancient China before communism at Shen Yun's exclusive performance.,BUY TICKETS ▸,,,image,entertainment,78295,1507,274,658.52
enriched_ad_0714,campaign_043,Change the world. Be a catalyst for change,Start today with a master's degree in Conflict Analysis and Resolution.,,,,image,education,48318,876,116,563.76
enriched_ad_0715,campaign_022,Physical Therapy by Ashley Kuzma,"It's your choice where you go for physical therapy. Choose from our top-rated services in Physical Therapy, Sports Medicine.",,,,image,ecommerce,63316,990,85,666.58
enriched_ad_0716,campaign_034,"Buy Novatech Reign Sentry Fire MKII Powered by MSI PC, Get MSI Battlepack and $100 worth Steam Code",,REDEEM YOUR $100 STEAM CODE,,,image,ecommerce,46764,658,46,528.86
enriched_ad_0717,campaign_040,CARmax - DECEMBER 11,Tacky Light Run RVA's Tackiest Tradition Is Back! Beat the 11/18 Price Hike!,,,,image,entertainment,20735,325,40,126.76
enriched_ad_0718,campaign_023,40% off Movie Tickets,You had me at '40% off movie tickets'. Enjoy up to 40% off movie tickets when you join Telstra Plus. Find out more > Eligibility criteria apply.,,,,image,entertainment,91189,1678,169,450.54
enriched_ad_0719,campaign_034,How are you measuring,the success of YOUR Product and R&D teams?,Get the Guide →,,,video,services,68918,1675,103,1155.63
enriched_ad_0720,campaign_022,COLDWELL BANKER LA COSTA RELOCATE TO PARADISE!,"With over 2000 properties to choose from, why not let Coldwell Banker La Costa in Puerto Vallarta help find the right one for you? Puerto Vallarta is calling, it's about time you pick up.",CONTACT US TODAY! +52 (322) 228 9261,,,image,real_estate,78827,823,11,2119.86
enriched_ad_0721,campaign_025,Server Monkey,"Quality availability + support. Enterprise IT made simple with Servers, Storage and Networking.",SHOP NOW,,,image,ecommerce,70931,1217,102,1242.03
enriched_ad_0722,campaign_003,Runner Outfit Your Vehicle,,,,,image,automotive,39683,365,7,900.51
enriched_ad_0723,campaign_031,Exercise Your Mind,Take a quiz. Challenge yourself and become an expert in no time! Test your knowledge with our quizzes.,Take a Quiz >>,,,image,education,30603,540,61,245.17
enriched_ad_0724,campaign_020,Free Worksheets & Lesson Plans,Kindergarten > Elementary Middle School -> High School,,,,image,education,28243,471,63,311.84
enriched_ad_0725,campaign_021,New Hires in 90 Seconds,,,,,image,ecommerce,55145,673,59,758.37
enriched_ad_0726,campaign_003,Secret Lab - Engineered for Comfort,"Discover Secret Lab, the ultimate solution designed to keep you incredibly comfortable during long hours of work and play. Perfectly engineered with your needs in mind.",Learn More,,,video,ecommerce,20273,435,28,237.96
enriched_ad_0727,campaign_004,CHRYSTAL EVANS HURST JURY DUTY,"PRISCILLA SHIRER TONY EVANS JOURNEY WITHJESUS ONLY IN THEATERS NOVEMBER 15, 16 & 17. RESERVE YOUR TICKETS TODAY!",RESERVE YOUR TICKETS TODAY!,,,image,entertainment,89115,1848,203,640.96
enriched_ad_0728,campaign_026,Unlock All Doors with Vintage Security,"Experience the ultimate in home security. Our vintage-inspired locks are designed to keep your front door locked and safe, while also providing an elegant touch that complements any decor.",Request a Complimentary In-Home Consultation now!,,,image,ecommerce,58079,776,47,898.77
enriched_ad_0729,campaign_001,Need a Coupon Code?,,Get It Here,,,image,,35668,598,49,601.4
enriched_ad_0730,campaign_002,Serving serving those who serve,To Serve Federal Benefits Education Those Who Open Season is here! Complimentary FEHB trainings Click Here!,Click Here!,,,image,education,79552,1607,147,824.58
enriched_ad_0731,campaign_018,Blissy Silk Pillowcase - Quick Gift Idea,This Pillowcase is Quickly Becoming The Must-Have Gift of 2021. People are going nuts for it! It's called the Blissy Silk Pillowcase.,,,,image,ecommerce,64366,1268,115,916.58
enriched_ad_0732,campaign_030,PRIVATE NETWORK SOLUTIONS,Customized private network solutions for enterprises & operators Private network solutions > SAMSONG,,,,image,ecommerce,68791,1442,116,817.45
enriched_ad_0733,campaign_032,"Cloud Native, 5G Compliant Mediation Solution",,,,,image,ecommerce,30409,501,39,312.14
enriched_ad_0734,campaign_022,"Early Bird Pricing April 18-22, 2022",Ends December 17,Save Now,,,image,ecommerce,85076,1768,183,1096.04
enriched_ad_0735,campaign_039,Wave Early Bird Pricing,"2022 Ends December 17
April 18-22, 2022 | Austin, TX
Save Now",,,,image,ecommerce,34251,558,49,563.26
enriched_ad_0736,campaign_043,EREE,30-Day Trial eDispatches Never Miss A Call App Phone Call • Text • CAD Download on the App Store GET IT ON Google Play,,,,video,ecommerce,20903,532,44,316.36
enriched_ad_0737,campaign_030,MAKE 'EM A DINNER,"AS SEEN IN DREW MAGAZINE. RAGUS Old World Style, TRADITIONAL EXXEGHER Cook LIKE A MOTHER.",SHOP NOW,,,image,ecommerce,67383,791,63,677.23
enriched_ad_0738,campaign_048,Defense,"Original, ww DEFENSE SOAP Defend what you have built.",,,,image,ecommerce,44936,864,71,600.53
enriched_ad_0739,campaign_017,See how Carta solves cap tables,,Watch Now,,,video,ecommerce,44276,1145,67,495.72
enriched_ad_0740,campaign_044,THE ORIGINAL FALL FLAVOR PERFECT for Baking! Werther's Original Chewy Caramels,"Perfect for baking, so irresistible that everyone wants to try it. So creamy and chewy with just the right amount of sweetness.",SHOP NOW,,,image,ecommerce,96351,1752,124,1699.35
enriched_ad_0741,campaign_043,Continue with DINO Run,,Shop Now,,,image,entertainment,75369,1979,249,592.82
enriched_ad_0742,campaign_044,OWN A PIECE OF MODERN HISTORY,SHOP NOW ENITED THE ANUS KINE STATION NE,Shop Now,,,image,entertainment,99744,2334,234,713.81
enriched_ad_0743,campaign_032,HOTEL Xcaret All-Inclusive,"Discover more about our exclusive hotel experience at Xcaret Park. Enjoy all-inclusive amenities, access to Grupo facilities and stunning Riviera Maya views.",Book Now,facebook,,image,travel,86640,1807,118,1783.11
enriched_ad_0744,campaign_044,Injury Attorneys Always Available 24/7,"Kevin Rosema, an attorney based in Arizona. Some work may be performed by or released to CL.",,,,image,legal services,90381,1746,108,911.81
enriched_ad_0745,campaign_040,"Behavioral Health, Medical, Substance Use",Click for Care at 1203 Health Solutions,Click For Care,,,image,healthcare,69730,956,49,1315.38
enriched_ad_0746,campaign_015,Hunger & Home,"LESSNESS AWARENESS WEEK CLICK FOR SUPPORT NOV. 13-21, 2021 Every person deserves food on their plate and a roof over their head. www.health.solutions M Health-SOLUTIONS",CLICK FOR SUPPORT,,,image,healthcare,20817,394,27,414.38
enriched_ad_0747,campaign_045,ReSale - Alabama Furniture,"Established in 1991, we offer unique furniture pieces at unbeatable prices.",,,,image,ecommerce,44668,765,39,573.93
enriched_ad_0748,campaign_010,$12 TUESDAY ANY LARGE PIZZA,,ORDER NOW,,,image,food and beverage/eating places - pizza restaurants/pizza shops,42716,805,52,559.54
enriched_ad_0749,campaign_041,Outl NO Fee Guarantee! No Fees Unless You Win,,,,,image,ecommerce,48071,937,96,499.11
enriched_ad_0750,campaign_016,SMART Career Moves,Join us at our upcoming hiring events on Wednesday and Thursday to make smart career moves.,Click for details >>,,,image,ecommerce,29506,423,27,402.37
enriched_ad_0751,campaign_048,SMARI Hiring Event,"SMART Wednesday, Nov. 17 | 10 AM - 2 PM
Career Move Thursday, Nov. 18 | 9 AM - 1 PM
Oakland Terminal Click for Details >>",,,,image,ecommerce,29265,419,23,391.28
enriched_ad_0752,campaign_003,Holiday Expo & Toy Drive,,,,,image,entertainment,50588,1259,131,370.65
enriched_ad_0753,campaign_031,On Sale Now,Visit www.dallasvanguogh.com to see our latest collection of immersive art pieces inspired by van Gogh's masterpieces. Don't miss out on this exclusive opportunity!,Shop Now,,,image,ecommerce,26712,337,26,376.1
enriched_ad_0754,campaign_025,MUCH GIFT NOW WITH BONUS PLAY,"fotte Man LOMOUT April Gold Rush UNITED 50.000 LEARN MORE S London $1,000000 Playe",,,,video,entertainment,81241,1559,281,695.25
enriched_ad_0755,campaign_002,Big Sack Hunger,Hungry? Help us feed the hungry. Donate to food banks and make an impact.,Donate Today,,,image,food,73630,1523,108,896.19
enriched_ad_0756,campaign_049,You MUST be 21 to buy tobacco and e-cigarettes.,NOT 21 MATTERS Have your ID ready. LEARN MORE AT CTTOBACCOTRAINING.COM CONNECTICU WHAT YOU DO dmhas Wheeler se ID,,,,image,ecommerce,27907,401,25,383.13
enriched_ad_0757,campaign_008,ASHRINE CIRCUS ST. PAUL OSMAN,Enter the Code PIZZA for $5 off per ticket! BUY NOW November 18 - 21 State Fair Coliseum Proceeds are for the benefit of Osman Shriners Activities.,BUY NOW,,,image,entertainment,40078,715,129,312.26
enriched_ad_0758,campaign_004,Enter the Code PIZZA,"SHRINE CIRCUS
CIRCUS for $5 off per ticket!
ST. PAUL OSMAN
BUY NOW
over Nov 18 - 21 at the State Fair Coliseum
Proceeds are for the benefit of Osman Shriners Activities.
Payments are not deductible as a charitable contribution.",Buy Now,,,image,entertainment,73022,1420,158,471.07
enriched_ad_0759,campaign_040,Live United,"United Way is helping families struggling with recovery, as one third of our communities face challenges.",Donate Today!,,,image,ecommerce,73871,1228,122,1078.59
enriched_ad_0760,campaign_050,Live United,"United Way is helping families in recovery, with every dollar donated yielding significant impacts on the local communities.",Donate Now!,,,image,ecommerce,21713,311,26,314.3
enriched_ad_0761,campaign_006,PharmD with Real-World Experience,Get hands-on experience in the field of pharmacy. Join us at High Point University to gain practical knowledge and skills.,Learn More,,,image,education,35260,853,94,372.9
enriched_ad_0762,campaign_036,"CATMS BUILT BY THE CUSTOMER, FOR THE CUSTOMER",Request a demo to access the industry-leading TMS.,LEARN MORE,,,video,ecommerce,30772,457,22,531.06
enriched_ad_0763,campaign_034,Manage Supply Chain Disruptions,Discover how to handle unexpected challenges in your business operations.,Learn More,,,image,ecommerce,56651,1005,63,604.93
enriched_ad_0764,campaign_043,nVision Global,Configurable TMS software that meets your exact needs Learn More www.nvisionglobal.com,,,,image,,93800,1470,85,1417.49
enriched_ad_0765,campaign_003,Freightwaves Insurance & Claims Management,"Insurance and claims management services provided by Freightwaves, sponsored by Reliance Partners. Read articles to learn more.",,,,image,ecommerce,45678,754,41,660.95
enriched_ad_0766,campaign_002,Bob's Red Mill Gluten Free Recipes,,,,,image,food,97327,2565,154,1438.32
enriched_ad_0767,campaign_036,Generation,Download as the App Store TRICK ROX TREAT NEW PLAYERS GIFT CODE: ROX1031 GET IT ON Google Play QRAGNAROK X: NEXT GENERATION,,,,video,entertainment,62842,1884,228,391.22
enriched_ad_0768,campaign_012,Five Nights at Freddy’s ONLINE,,Continue MyGameCenter,,,image,entertainment,55289,847,104,276.95
enriched_ad_0769,campaign_040,Improve Your Commerce Conversions,Discover the most effective strategies to convert your online traffic into actual sales. Signifyd offers comprehensive insights that can help you understand and improve conversion rates.,Get The Insights,,,image,ecommerce,34827,727,65,418.44
enriched_ad_0770,campaign_042,The Return of an Icon,,Shop Now,,,image,entertainment,24071,585,62,211.58
enriched_ad_0771,campaign_001,Now Comfort,"Looks Good, FIND YOUR FIT",,,,image,ecommerce,20225,382,25,305.77
enriched_ad_0772,campaign_015,Residual Plasmid DNA Accelerates Gene Therapy & Vaccine Development,Applied Biosystems by Thermo Fisher Scientific offers cutting-edge solutions for gene therapy and vaccine development.,Find out more,,,image,ecommerce,40748,514,33,690.27
enriched_ad_0773,campaign_016,BeeRx - Say Goodbye to Fine Lines,"Introducing BeeRX, the revolutionary skincare solution that promises you smoother skin and fewer wrinkles. Our unique blend of natural ingredients works wonders in reducing fine lines for all ages.",SHOP NOW,,,image,ecommerce,50105,574,39,840.11
enriched_ad_0774,campaign_026,Inspire Your Students With Computer Science,Get Started Code with Google,,,,image,education,29718,690,54,355.67
enriched_ad_0775,campaign_019,INTERSTATE CONNECTING COMPONENTS,"A Division of HEILIND MIL-AERO
800.422.3911
Mil-Aero Connector & Sensor Solutions
www.connecticc.com
ste g authorized distributor learn more",,,,image,automotive,52909,506,15,741.68
enriched_ad_0776,campaign_029,BLACK FRIDAY STARTS EARLY,"NordicTrack offers exclusive deals starting early for Black Friday. Get your NordicTrack at discounted prices of $1,599 and $1,899.",SHOP NOW,facebook,,image,ecommerce,49713,608,45,759.42
enriched_ad_0777,campaign_034,TAILOR-MADE SCOTTISH GOLF TOURS,"KARD BF
BROWNLTD
THE GOLF TOUR COMPANY
CLICK HERE TO VISIT OUR WEBSITE!
STAY IN TOUCH AND FOLLOW US",,,,image,entertainment,95847,2538,248,726.99
enriched_ad_0778,campaign_039,INTERSTATE CONNECTING COMPONENTS,"A Division of HEILIND MIL-AERO
800.422.3911
www.connecticc.com
a Mil-Aero Connector & Sensor Solutions STE AN AUTHORIZED DISTRIBUTOR Learn More",,,,image,ecommerce,73675,1033,93,1282.1
enriched_ad_0779,campaign_047,FOUNDERS,roundemcu.com-1-808-MG-16M LOWER YOUR AUTO LOAN RATE BY 1% AND NO PAYMENT FOR 90 DAYS² Federally Insured by NCUA. Membership qualification required.,Apply Now,,,image,finance,44221,472,13,1284.43
enriched_ad_0780,campaign_005,Inspire Your Students With Computer Science,Get Started Code with Google O,,,,image,education,25784,544,58,252.04
enriched_ad_0781,campaign_029,Shop Now at HILFIGER for Timberland,,Shop Now,,,image,ecommerce,41758,659,45,433.27
enriched_ad_0782,campaign_007,Job Opportunity in Logistics,Are you passionate about logistics and looking to make an impact? Join our team today!,Apply Now,,,image,employment,80093,1090,79,940.98
enriched_ad_0783,campaign_004,ANALÉKTAS NEW JEWISH MUSIC NOUVEAU MOUSIQUE ANKERTA DOHO,,,,,image,entertainment,93910,2137,408,533.24
enriched_ad_0784,campaign_035,FOR WHEN CURIOSITY GETS THE CAT.,"Shop Now Great Pet
Great Clean.
ALDECATMEAL Cleansing WIS Per Cats & Bos",,,,image,ecommerce,67283,964,81,1110.31
enriched_ad_0785,campaign_049,GOOGLE OPTICS CLEARANCE,UP TO 65% OFF ON GOOGLE OPTICS. Limited time offer while stocks last on select items.,Shop Now!,,,image,ecommerce,99619,1541,137,1667.99
enriched_ad_0786,campaign_041,Up to 65% OFF on Geco Optics!,While stocks last! On selected lines only.,,,,image,ecommerce,69733,1063,59,1095.81
enriched_ad_0787,campaign_010,FAB DEFENSE,Keep it real. FAB Defense is here to help you.,,,,image,ecommerce,23271,429,25,235.42
enriched_ad_0788,campaign_042,2018 Special Issues,OUT NOW! STARTING OUT 20 What Grgun NG All GUNS 50 CLICK HERE > GUIDE,,,,image,,86442,1069,75,1530.58
enriched_ad_0789,campaign_007,Weatherby now available in the UK,WEATHERBY through RAYTRADE MEATEATER RIFLE by Weatherby. CLICK HERE TO FIND OUT MORE ABOUT WEATHERBY.,CLICK HERE TO FIND OUT MORE ABOUT WEATHERBY,,,image,ecommerce,28612,452,33,440.08
enriched_ad_0790,campaign_044,Weatherby,WEATHERBY through RAYTRADE MEATEATER RIFLE by Weatherby NOW available in the UK CLICK HERE TO FIND OUT MORE ABOUT WEATHERBY,CLICK HERE,,,image,ecommerce,99663,1565,104,1762.49
enriched_ad_0791,campaign_018,MEATEATER by Weatherby,RIFLE - WEATHERBY is now available in the UK through Raytrade. Click here to find out more about Weatherby.,Click Here,,,image,ecommerce,30997,491,46,493.55
enriched_ad_0792,campaign_001,Black Friday Super Sale on Premium Ammunition All Month Long!,,Shop Now,,,image,ecommerce,49381,865,79,646.08
enriched_ad_0793,campaign_030,TRIDENT Z5 RGB Unleash Extreme DDR5 Performance Intel CORE CoPrace SERVICE AMEL AALL GALL,,,,,image,ecommerce,63171,707,43,869.44
enriched_ad_0794,campaign_040,Digital Open Day,International Graduate and Post-Graduate Programs November 21st Book my place >> THE HEBREW UNIVERSITY OF JERUSALEM,>>,,,image,education,55247,832,63,596.81
enriched_ad_0795,campaign_048,City Asylum,,,,,video,entertainment,99417,2535,409,671.55
enriched_ad_0796,campaign_019,Latest Coverage,GPB is now available on Apple News. Find the latest news and stories right at your fingertips.,,apple_news,,image,entertainment,21830,593,92,134.65
enriched_ad_0797,campaign_017,Latest Coverage,GPB is now available exclusively through Apple News.,,apple_news,,image,entertainment,59504,1119,104,308.01
enriched_ad_0798,campaign_043,REPUBLIC CR-C NO.1 MOTHERBOARD GRAND ASUS Z590 SERIES,POWER TO THE CORE AL Overclocking - AL Cooling - AL Networking Two-Way AL Noise Cancelation WIFIGE,,,,image,ecommerce,85348,961,47,1164.52
enriched_ad_0799,campaign_032,Own Future with MCC,,CLICK HERE,,,image,education,40143,894,113,313.49
enriched_ad_0800,campaign_028,HORIZON FDIC YOUR LOCAL COMMUNITY BANK,We are in this together HCB Horizon Community Bank 928-854-3000 CONTACT US NMLS #566129 Horizon has it! www.horizoncommunitybank.com Follow us on: Ⓒin.,,,,image,finance,90144,1154,49,1875.62
enriched_ad_0801,campaign_008,Welcome to HAVASUNEWS - Today's News-Herald,Serving Lake Havasu City and the Lower Colorado River,,,,image,news,78469,1225,66,1156.85
enriched_ad_0802,campaign_038,OLD LAHAINA LUAU,TRADITIONAL HULA & FEAST Most Authentic Lu'au Experience BOOK NOW,,,,image,entertainment,69156,1177,133,527.37
enriched_ad_0803,campaign_031,Morning Edition Here,Is there still HO NO RADIO? No problem. Get the HPR mobile app.,Get the HPR mobile app.,,,image,entertainment,37395,858,134,306.38
enriched_ad_0804,campaign_029,Healthcare Finance,Want Healthcare Finance delivered to your inbox? Subscribe to Our Newsletters,,,,image,"healthcare, finance",77295,1524,99,1127.71
enriched_ad_0805,campaign_020,The POWER to change how you live with diabetes.,Smart devices sold separately. Dexcom and Dexcom G6 are registered trademarks of Dexcom Inc. in the United States and/or other countries. © 2020 Dexcom Canada Co LBL020136 Rev001 Learn More Dexcom G6,,,,image,healthcare,67166,866,65,1023.66
enriched_ad_0806,campaign_036,Probiotics in a Brownie Instead of a Pill!,,,,,image,food,50920,753,56,643.28
enriched_ad_0807,campaign_033,Save Online With Coupon Codes,See codes at Capital One Shopping. The Coupon-Finding Browser Extension helps you save money while shopping online.,,,,image,ecommerce,62262,817,83,892.31
enriched_ad_0808,campaign_020,#1 DOCTOR RECOMMENDED form of turmeric curcumin Qunol® TURMERIC available at amazon BUY NOW Dun + Dr,,BUY NOW,,,image,ecommerce,68781,784,46,824.72
enriched_ad_0809,campaign_042,LUNG CANCER is the Leading Cause,Lung Cancer is the leading cause of cancer death in the U.S. Know the risks and symptoms.,,,,image,healthcare,51691,769,47,1074.79
enriched_ad_0810,campaign_007,"FOR ALL YOU DO, WE SALUTE THOSE WHO SERVE.",All Veterans receive 1 free oil change anytime in the month of November. CHECK OUT OUR EXPRESS ONLINE SERVICE WWW.FORDOFUNIONTOWN.COM,,,,image,ecommerce,58025,932,67,800.44
enriched_ad_0811,campaign_037,Wilson Tire & Wheel,"1095 E. Greene St., Waynesburg, PA
All Types of Tires
•Wheel Alignments. Custom Wheels. Truck Accessories
• Lift Kits. Level Kits All Suspension Work. Inspections
FAST QUALITY SERVICE!
WILSON Tire & Wheel",,,,image,ecommerce,41495,573,36,475.58
enriched_ad_0812,campaign_006,Access your favorite websites from anywhere,PureVPN F1 x4 PureVPN App OPE MOK A Setup DDY KA bp,,,,image,ecommerce,73998,1177,99,780.04
enriched_ad_0813,campaign_032,Unlock a Free Trial of Chrome Enterprise,Experience the power of Chromebooks with Ochrome OS. Next-generation cloud-based management that simplifies your workflow.,Start free trial,,,image,ecommerce,82483,1301,88,1192.59
enriched_ad_0814,campaign_006,Get Inside The Music,,,,,image,electronics/electronic goods,55487,1077,103,622.56
enriched_ad_0815,campaign_044,Back in Black,"Handcrafted by audio masters, see the range of MELCO.",,,,image,entertainment,37354,533,48,233.22
enriched_ad_0816,campaign_018,Bryston BR-20 Amplifier,"Pair with Bryston's power amplifiers for real music. Bestel PMC Distribution, UK.",,,,image,ecommerce,54083,814,75,794.78
enriched_ad_0817,campaign_024,Martin Logan - Truth in Sound,"Majestic electrostatics and much, much more PMC Distribution UK",,,,image,ecommerce,96822,1409,83,998.42
enriched_ad_0818,campaign_033,Trade Up to Bowers & Wilkins Diamond 800 Series,,Find out more,,,image,ecommerce,68517,1372,109,978.26
enriched_ad_0819,campaign_013,The Search Is Over,,,,,image,,94314,1343,75,1315.46
enriched_ad_0820,campaign_013,Reddot Winner 2020,PHILIPS UKS Hi-Fi Choice Recommended Get Inside the Music Everywhere Philips Fidelio L3 See More,,,,image,entertainment,22821,637,102,114.54
enriched_ad_0821,campaign_032,Rose - The Impression of Sound,"Experience the beauty of music through Rose's unique blend of sight, sound, and emotion. Discover how roses can inspire your senses with this captivating audio-visual journey.",Listen Now,facebook,,image,entertainment,23764,537,87,170.98
enriched_ad_0822,campaign_019,Jenkins Master of Management,Risk and Analytics STOP TOMORROW'S THREATS TODAY. Get the skills to turn risk into strategic advantage.,APPLY TODAY →→,,,image,education,60219,1071,136,419.74
enriched_ad_0823,campaign_002,Opteon XL41 (R-454B) - The Clear Future of HVAC Refrigerants,,LEARN MORE ,,,image,ecommerce,78282,876,69,1356.37
enriched_ad_0824,campaign_026,Raising Our Holliwood Voices,,,,,image,entertainment,56668,803,92,293.83
enriched_ad_0825,campaign_017,Awarded Best Subwoofers by SVS Top Audio Reviewers Worldwide,EISA: Best AWARD Produc COMPACTO 315 EISA: Best AWARD Product SVS EXPERIENCE SVS >>>,,,,image,ecommerce,41255,732,35,729.25
enriched_ad_0826,campaign_029,Searching for a new job?,,Learn More,facebook,,image,ecommerce,64565,689,53,704.73
enriched_ad_0827,campaign_015,Leading Orthopedic Care to KEEP THE TEXANS MOVING,SEE HOW Houston Methodist offers Official Health Care Provider services in ORTHOPEDICS & SPORTS MEDICINE.,,,,image,healthcare,80720,1253,70,1785.67
enriched_ad_0828,campaign_034,Don't just get ready. Get holiday ready with the new Ford F-150.,"This Year, Don't Just Get Ready.
Get Holiday Ready
With Ford F-150.",LEARN MORE,,,image,automotive,76849,908,28,1694.38
enriched_ad_0829,campaign_050,Unlocking Alzheimer's,Mysteries: Deciphering the Pathways to Neurodegeneration SARTORIUS Science www,,,,image,education,42900,966,86,331.06
enriched_ad_0830,campaign_020,GREASE BEAST HEAVY DUTY,"oil, grease & grime | SCRUB PADS | EATS STAYS FRESH NO foul bacterial ODOR BETWEEN USES GREASEBEASTSCRBPADS.COM USA MADE",,,,image,ecommerce,74785,1404,88,1299.55
enriched_ad_0831,campaign_039,GREASE BEAST HEAVY DUTY,"scrub pads that eats oil, grease & grime USA made at greasebeastscrubpads.com",,,,image,ecommerce,40972,669,50,430.3
enriched_ad_0832,campaign_021,The End of Hunger and Poverty,,,,,image,ecommerce,38358,643,40,550.2
enriched_ad_0833,campaign_031,Bliss - The Ultimate Sleep Comfort,Discover the ultimate sleep comfort with Bliss. This pillow case has quickly become an essential gift for anyone looking to enhance their sleeping experience in 2021.,LEARN MORE,,,image,ecommerce,82366,1644,133,956.5
enriched_ad_0834,campaign_005,The Lawn Mower®4.0,Our Newest SkinSafe® Trimmer,Shop Now,,,image,ecommerce,61575,799,68,974.52
enriched_ad_0835,campaign_041,alapeño's Bar & Grill - Best Mexican Restaurant!,"Thank you to our staff and the community for voting us. Family owned, proudly serving the community for 15 years! Visit Us.",,,,image,food,41150,658,60,418.22
enriched_ad_0836,campaign_013,SNAKE RIVER OFF ROADERS CLUB,2021 Toy and Supply Drive For The Ronald McDonald Family Room @ EIRMC - Serving Families From All Over East Idaho-,CLICK TO LEARN MORE,,,image,ecommerce,57666,997,69,594.04
enriched_ad_0837,campaign_039,Celebrating Years,"Maloney Maloney is celebrating its years of excellence in the industry. With decades of experience and unwavering commitment to quality, we have built an unparalleled reputation for delivering top-notch services.",,,,image,ecommerce,38706,751,75,486.57
enriched_ad_0838,campaign_046,"JUJURLY, JUAL MOBIL DI KAMI UANG",,,,,image,automotive,98705,1223,22,1430.28
enriched_ad_0839,campaign_004,"Baca berita, main quiz, live stream","& nonton film gratis dalam satu aplikasi IDN DOWNLOAD IDN APP Download on the App Store ANDROID APP ON Google play",Learn More,facebook,,video,ecommerce,75522,1390,135,873.26
enriched_ad_0840,campaign_036,"foreverspin",MADE IN CANADA,Learn More,facebook,,image,ecommerce,37238,531,41,502.45
enriched_ad_0841,campaign_006,A True Musical Experience,Summer absolute sounds International Distributors & Consultants of Specialized High-end Audio & Video Systems.,,,,video,entertainment,87196,2763,528,684.32
enriched_ad_0842,campaign_027,Amazon Shop. Connect. Enjoy.,,Shop Now,,,image,ecommerce,99085,1501,140,1089.92
enriched_ad_0843,campaign_037,Designed Specifically For Self-Defense,New AmerigloⓇ Haven™ Red Dot Sight A Ameriglo See The Havens™,,,,image,ecommerce,88128,1714,113,1250.04
enriched_ad_0844,campaign_004,Commerce Insights: Improving Conversion Rates,Learn which marketing tactics convert shoppers into buyers.,Get The Insights Signifyd,,,image,ecommerce,48093,912,84,604.89
enriched_ad_0845,campaign_036,"153","apartment. store: (724) 463-8080 #GETAROOM",Learn More,facebook,,image,ecommerce,31656,628,41,338.38
enriched_ad_0846,campaign_025,Pre-order iPhone 13 Pro,Get your hands on the latest Apple Flagship Store with Bank Cashback up to 1 Juta and Promo Bundle s/d at just 1.1 Juta!,Shop Now,,,image,ecommerce,56169,989,54,985.79
enriched_ad_0847,campaign_008,"Find Full, Part-Time and Hourly Jobs",,,,,image,employment services,53509,671,40,633.69
enriched_ad_0848,campaign_003,Snowflake Special Edition,The Data Cloud for dummies. Mobilize your data to best serve your customers and business snowflake START NOW.,START NOW,,,image,ecommerce,28140,440,42,277.05
enriched_ad_0849,campaign_033,We protect what matters most,,Learn More,,,image,ecommerce,24668,479,37,441.63
enriched_ad_0850,campaign_025,Hawaiian $10.00 Pizza,,Order Now,,,image,food,84029,2100,209,855.67
enriched_ad_0851,campaign_013,Get traction. And 5x points!,"Up to 5x points at tire stores, auto repair shops, and online at Amazon, Walmart, Target, and other qualified sites > stcu",,,,image,ecommerce,90021,1573,161,1129.78
enriched_ad_0852,campaign_029,Lactose Out Now Lacrosse,,,,,image,entertainment,96366,1371,136,812.73
enriched_ad_0853,campaign_027,PLL CHAMPIONSHIP RECAP OUT NOW,,,,,image,entertainment,48596,1037,171,295.69
enriched_ad_0854,campaign_025,Thankful for 45 Years! ANY SERVICE REPAIR $45 OFF,Celebrating 45 years in Business. PLUMBING • HEATING AIR CONDITIONING ELECTRICAL (703) 454-8072 appletoncampbell.com,,,,image,ecommerce,23581,375,25,323.51
enriched_ad_0855,campaign_025,Up to Zolucky 50% Off,,,,,image,ecommerce,35927,584,31,532.7
enriched_ad_0856,campaign_050,Your Omron OMRON. products ship the same day Digi-Key ELECTRONICS,,Learn More,,,image,electronics,62431,752,53,946.96
enriched_ad_0857,campaign_016,Sixteens Original Sarea Fold,"Wilt in the Forties. Restored, Built in the Forties.",,,,image,ecommerce,54895,916,86,675.05
enriched_ad_0858,campaign_028,CROWDSTRIKE,Never Settle Get a cloud-native platform built to stop breaches ENDPOINT PROTECTION BUYERS GUIDE Download Guide,,,,image,ecommerce,89139,1365,125,862.44
enriched_ad_0859,campaign_033,Interval World,Mastercard® Credit Card interval MALLITRIm 3234 1234 3234 32341 30/23 KIM CUSTOMER Learn More,Learn More,,,image,ecommerce,75838,1120,66,989.78
enriched_ad_0860,campaign_020,Put a Subscription Under the Tree,,Shop Now,,,image,ecommerce,50720,548,44,665.99
enriched_ad_0861,campaign_046,The World Needs More Cyclone Spirit,Iowa State University Foundation supports Iowa State.,,,,image,education,92076,1702,172,743.79
enriched_ad_0862,campaign_035,H she 100% Bios College of Education D Belin-Blank Center Iowa M-5,lowa's home for gifted and twice-exceptional K-12 students,,,,image,education,87676,2129,251,750.75
enriched_ad_0863,campaign_033,Visit Island of Ireland,Plan your trip to Ireland with ease. Press the Green Button and start exploring our beautiful island today!,Press the Green Button,,,image,travel,46519,594,48,731.56
enriched_ad_0864,campaign_035,Your Hebrew Birthday Reveals the Biblical Character You Embody,Discover your unique birthdate in Israel and learn what character traits are associated with it. Find out how this ancient tradition can give you insight into who you're meant to be.,FIND OUT YOUR HEBREW BIRTHDAY HERE ISRAEL365,,,image,ecommerce,99250,1490,119,1704.53
enriched_ad_0865,campaign_010,Make Every Hour Count!,Get the most out of your time with Active Collab. Try our free plan today.,Try it Free,,,image,ecommerce,36480,745,55,497.74
enriched_ad_0866,campaign_004,What's in your Wallet? Coupons & Rewards,Get Codes Capital One Shopping The Coupon-Finding Browser Extension,,,,image,ecommerce,44693,533,53,451.27
enriched_ad_0867,campaign_001,Observer Study Centre Online,is giving you MORE! Gain access to over 10 FREE CSEC and CAPE lessons Available this & every Tuesday @f @jamaicaobserver,,,,image,education,26537,643,81,242.17
enriched_ad_0868,campaign_045,Get Parts for Your Jeep,Find all parts you need to keep your Jeep running smoothly on eBay Motors.,Shop Now,facebook,,image,automotive,56484,662,20,1157.49
enriched_ad_0869,campaign_050,*RIG SPONSORED BY:Horton POWERED BY:JEMS,Fire Apparatus - JEMS & Emergency Equipment. PREMIUM RESOURCE FOR ALL THINGS AMBULANCE.,JEMS CLICK HERE,,,image,ecommerce,42472,575,47,530.32
enriched_ad_0870,campaign_027,FIRST REPUBLIC,"For our First Republic team,
serving nonprofits is more than just a job. It's a personal commitment.",,,,image,ecommerce,97709,1238,60,1686.92
enriched_ad_0871,campaign_022,National Museum of Wildlife Art,Experience the beauty and diversity of wildlife through stunning art. Open daily from 9 AM to 5 PM.,,,,image,entertainment,77836,1976,272,517.31
enriched_ad_0872,campaign_038,DO MORE ON THE GO WITH myABCsupply,,LEARN MORE,,,image,ecommerce,96733,1532,79,1559.67
enriched_ad_0873,campaign_012,"Staying Healthy, Active",We have it all right here.,Learn More,,,image,health and fitness,59382,1194,121,860.2
enriched_ad_0874,campaign_027,DELL TECHNOLOGIES BLACK FRIDAY SNEAK PEEK,Windows Latitude 9520. Del Technologies recommends Windows 11 Pro for business.,Shop Now,,,image,ecommerce,41800,576,53,426.32
enriched_ad_0875,campaign_010,Roofers Tested 17 Gutter Guards,(Here's What They Discovered),Learn more,,,image,home improvement/electrical/plumbing/roofing/gutters/foundation/crawl space/septic tanks/sanitary sewer systems/water heaters/hvac/running water heating and cooling systems/pipes/drainage/tankless plumbing/showerheads/bathroom fixtures/concrete forms/masonry work,73256,1222,90,896.96
enriched_ad_0876,campaign_037,Only 1% of Submitted Property Opportunities Have Been Accepted,"Since inception in 2012, only 1% of submitted property opportunities have even been accepted to the Platform. REALTYMOGUL Institutional-Quality Commercial Real Estate at Your Fingertips Access Now.",,,,image,real_estate,74931,815,17,1503.31
enriched_ad_0877,campaign_014,Free Games & Worksheets for Preschool to Grade 8,,,,,image,education,34990,667,100,293.2
enriched_ad_0878,campaign_047,"Rochester Motor Cars - It's A Car, Not a Lifetime Commitment",.30 Day Exchange Guarantee. Shop Pre-Owned Rochester Motor Cars.,Shop Pre-Owned,,,image,automotive,27892,477,12,547.3
enriched_ad_0879,campaign_028,Master Of Accounting At Stetson University,School of Business Administration at Stetson University offers an online Master’s in Accountancy program. No GMAT/GRE required.,APPLY BY DECEMBER 1st,,,image,education,66703,1566,195,639.99
enriched_ad_0880,campaign_019,MINTAG DIENSTAG Iwan Bade Ba The sp MITTWOCH Thamanimelis Mi TRAININGSPLAN Je Nach Ziel Tige fals Do,,,,,image,,38708,577,47,624.17
enriched_ad_0881,campaign_002,Kansas Jayhawk Community College Conference Championship Game,"Championship game scheduled for Sunday at 1 PM in Garden City, Kansas. The teams competing are GARDEN CITY -vs- HUTCHINSON.",,,,image,education,35744,740,55,352.82
enriched_ad_0882,campaign_048,Kansas Jayhawk Community College Conference Championship Game Sunday,Game scheduled for 1 PM at Riverfront Stadium. Winwindsrge.com,,,,image,education,40046,549,69,464.74
enriched_ad_0883,campaign_033,Christus St. Frances Cabrini Hospital,,,,,image,healthcare,24393,400,18,552.63
enriched_ad_0884,campaign_012,WE'RE HIRING! MASTERBRAND CABINET'S,• MANUFACTURING • FAST PACED GROWTH OPPORTUNITIES • SAFE & CLEAN,APPLY TODAY,,,image,ecommerce,21340,299,15,337.58
enriched_ad_0885,campaign_034,20pc Chicken McNuggets & Basket of Fries MOrder Ahead,,MOrder ahead on the app,,,image,ecommerce,49557,747,48,602.98
enriched_ad_0886,campaign_003,CANTWELL - Voted #1 Mattress Store in San Antonio,,,,,image,ecommerce,32206,618,48,408.4
enriched_ad_0887,campaign_020,BIG IDEAS THAT BENEFIT OUR WORLD,,EXPLORE MORE,,,image,ecommerce,99248,1892,139,1648.18
enriched_ad_0888,campaign_027,HAPPY STATE BANK PRESENTS THE RED-NOSED REINERⓇ,"Sponsored by Frank Kent November 20 through December 23, 2021",,,,image,entertainment,93412,2134,253,651.35
enriched_ad_0889,campaign_026,America's Window Exterior World Remover™,,Free Quote,,,image,ecommerce,86227,1546,157,1169.16
enriched_ad_0890,campaign_009,"The Chevy Family of Suvs, Ready for What's Next.",Chevrolet NorthWest,,,,image,automotive,77557,726,14,1224.83
enriched_ad_0891,campaign_024,Beware Of New Utility Scams!,"If you're asked for personal info via text or email, learn more.",Learn More,,,image,ecommerce,34503,482,40,516.15
enriched_ad_0892,campaign_018,Beware Of New Utility Scams!,IF YOU'RE ASKED TO PAY WITH PRE-PAYED DEBIT OR GIFT CARDS Learn More Hawaiian Electric,Learn More,,,image,ecommerce,76031,885,71,1335.07
enriched_ad_0893,campaign_045,Beware Of New Utility Scams!,"If you're threatened with immediate disconnection, learn more OFF Hawaiian Electric",Learn More,,,image,ecommerce,69848,878,70,719.71
enriched_ad_0894,campaign_017,Territorial Savings Bank - Serving Wall for 100 Years,Ready to purchase a home or refinance? APPLY ONLINE NOW Best BEST SHALL BE IN ID MOIC,APPLY ONLINE NOW,,,image,finance,55589,627,17,1777.22
enriched_ad_0895,campaign_003,Innovative Lasers of Houston - See the Difference Within One Day!,Completely pain-free and easy on your lifestyle.,,,,image,ecommerce,38264,643,53,565.72
enriched_ad_0896,campaign_012,INVITATIVE LASERS OF HOUSTON,YOU'LL SEE AN EXCITING DIFFERENCE WITHIN 1 DAY! COMPLETELY PAIN FREE AND EASY ON YOUR LIFESTYLE.,,,,image,ecommerce,70328,1147,70,821.39
enriched_ad_0897,campaign_037,HIT BY A TRUCK?,"JEFF'S HERE MO U Allarmy inrauliction by appointment only WRONGFUL DEATH / COMMERCIAL VEHICLE ACCIDENT RECENT DAVIS RESULT $6 MILLION $3,509,864 CLIENT: NEED TO 444-4444 LAW FIRM CORPUS CHRISTI SAN ANTONIO",,,,image,law_firm,79704,959,68,963.78
enriched_ad_0898,campaign_037,Stay Up Late. Your Future Will Thank You.,YOUR >>> Saturdays on MOVE NBC after SNL WITH ANDY STANLEY,,,,image,entertainment,22060,557,89,119.27
enriched_ad_0899,campaign_038,Sama Kanker Health Plans,Health plans for your way of living.,Enroll,,,image,ecommerce,42078,447,44,670.96
enriched_ad_0900,campaign_026,Kitplanes SuperSTOL Kit,"Discover the ultimate in aviation with our high-quality, affordable STOL aircraft kits. Perfect for hobbyists and professionals alike.",Shop Now,facebook,,image,ecommerce,20858,372,25,265.39
enriched_ad_0901,campaign_016,How Often Should You Balance Your Prop?,,Learn More,,,image,ecommerce,83565,1643,124,1443.15
enriched_ad_0902,campaign_010,Podcast,Listen to the latest episodes from Journal of Accountancy on our podcasts. Tune in!,Tune In Now,,,image,education,80673,1915,234,722.08
enriched_ad_0903,campaign_038,THE DREAM IS REAL! GET YOUR JET,"Sub sonex The Personal Jet Reality Check Fly With BasicMed Get Started For $44,000 SUBSONEX QuickBuild Airframe Kit Your Bucket List Reality Check KIT + ENGINE: $103,000 Build & Fly for $113,828 ALL-IN!",,,,image,ecommerce,94401,1770,118,1511.51
enriched_ad_0904,campaign_033,Show Aloha Land's 2nd Annual Winter Wonderland,,Buy Tickets Now,,,image,entertainment,66879,1856,226,331.17
enriched_ad_0905,campaign_012,Become An Angel Investor,Invest in pre-vetted startups & exclusive venture funds. Join Free JUMP Acquired By Uber BEYOND MEAT (BYND) Nasdaq Lemonade IPO (LMND) NYSE,,,,image,"ecommerce, saas, finance",82860,1469,83,1300.87
enriched_ad_0906,campaign_027,Health Care Heroes,"Thank you, healthcare workers. Every day, you make a difference.",,,,image,healthcare,54992,739,44,926.22
enriched_ad_0907,campaign_028,TAKE A TURKEY,"TO WORK DAY! FRIDAY, NOVEMBER 19TH. DONATIONS BENEFIT CARE AND SHARE FOOD BANK SPONSORED BY SECURITY SERVICE FEDERAL CREDIT UNION.",CLICK HERE TO DONATE!,,,image,ecommerce,93144,1852,130,1017.77
enriched_ad_0908,campaign_020,Michelob ULTRA ENJOY EVERY DOWN SUPERICE LIGHT BEER,,,,,video,ecommerce,79328,1174,69,1344.43
enriched_ad_0909,campaign_031,Plan Your Weekend in East Texas!,"Enjoy the best of weekend plans with our curated activities and events tailored for you. Discover new places, indulge in local cuisine, or simply relax at your favorite spots.",Shop Now,facebook,,image,entertainment,55946,1129,212,437.62
enriched_ad_0910,campaign_015,MBA in OKC,Learn More IN-PERSON | ONLINE | Aerospace & Defense MBA at Oklahoma City (OKC),LEARN MORE,,,image,education,43546,996,95,494.75
enriched_ad_0911,campaign_035,"It's Not The Cranes, It's The Brains",McCown-Gordon Construction focuses on innovative solutions and expert craftsmanship to deliver exceptional results in every project.,Learn More About McCown-Gordon Construction Services,,,image,construction,81642,1202,104,1423.07
enriched_ad_0912,campaign_031,Built for the Next Generation of Gaming,Ⓒ Intel Corporation. CORE CO intel 19 CORE CORE intel Cnewegg INTEL INTEL INTEL CORE CORE CORE 17,,,,image,ecommerce,92732,1932,193,1396.73
enriched_ad_0913,campaign_039,3 Easy Steps to Find What You Need,Download the quick search tool and start your journey with ease. Follow these simple steps for instant results.,Click 'Continue',website,,image,ecommerce,28128,534,48,474.95
enriched_ad_0914,campaign_009,Creative Tools for Music Makers,Start writing ToonTrack.,,,,image,entertainment,89111,1816,249,776.3
enriched_ad_0915,campaign_029,TINTING,APTINTING Protect your castle. One window at a time.,GET A QUOTE,,,image,ecommerce,84841,1511,82,834.02
enriched_ad_0916,campaign_002,SAP Alumio iPaaS,"Discover the power of seamless commerce connectivity with SAP's innovative platform, Alumio. Experience unparalleled integration and efficiency for your business needs.",,,,image,ecommerce,28493,557,46,409.47
enriched_ad_0917,campaign_027,VIS Promo Codes Available,"---
SEE CODES
Capital Shopping
The Coupon-Finding Browser Extension",,,,image,ecommerce,51490,999,93,730.43
enriched_ad_0918,campaign_050,Join the Club,Used by 40% of Forbes 100 companies. Framery - Serious About Happiness.,,,,image,ecommerce,43300,557,51,731.83
enriched_ad_0919,campaign_041,"Visit","LUBBOCK TEXAS WINE STARTS IN THE HIGH PLAINS",Learn More,facebook,,image,ecommerce,36019,686,59,536.05
enriched_ad_0920,campaign_017,Smith Honey Moroccan & Glam,,Shop The Collection >,,,image,ecommerce,26514,422,42,275.26
enriched_ad_0921,campaign_026,Will You Draw Your Future?,"Discover the secrets of fortune with William's Angel. Will you draw cards for money, luck or love? Find out what lies ahead at william-angel.com.",Visit now,,,image,entertainment,70260,1613,155,545.8
enriched_ad_0922,campaign_002,HadOops! Address the Elephant,Try the No-Limit Cloud Database SingleStore,,,,image,ecommerce,86494,910,61,1059.77
enriched_ad_0923,campaign_027,Check Out M&T's Mortgage Options,Buying a home? Check out M&T's mortgage options.,,,,image,finance,37256,261,12,1028.61
enriched_ad_0924,campaign_046,We protect what matters most,,Learn More,,,image,ecommerce,72085,1129,105,923.79
enriched_ad_0925,campaign_038,Create Your Own Organic Skin Care Store,"Discover the benefits of organic skin care and start your own online store with ease. WIX makes it simple to set up, manage, and grow your business.",Get Started,facebook,,image,ecommerce,20099,274,15,260.92
enriched_ad_0926,campaign_023,Predator Helios Series,The speed you need Intel® Core™ Processors. intel. Intel Intel Intel CORE CORE CORE 15 17,Learn More,,,image,ecommerce,23780,491,46,343.87
enriched_ad_0927,campaign_011,SHARETHRUST.COM GET FREE IMAGES,Start your Free Trial today. Get started with SHARETHRUST.com and enjoy unlimited access to millions of high-quality images.,Get Started Today!,,,image,ecommerce,84928,900,62,929.07
enriched_ad_0928,campaign_035,TOP FONTS FOR EVERY PROJECT,"SCRIPTD
SERIF ABANS SERIER ACHTER
165
DECORATIVE
VINTAGEON
CONTAINE AND MORE!
UN TAML
envato elements
START NOW",,,,image,ecommerce,38213,471,34,679.85
enriched_ad_0929,campaign_020,In My Shadow,,Download on the App Store,,,image,entertainment,97515,1622,172,674.85
enriched_ad_0930,campaign_022,Predator Triton Series Dominating Hardware Intel® Core™ Processors,,Learn More,,,image,ecommerce,74106,1433,89,1333.75
enriched_ad_0931,campaign_026,"axiom Spiking legal needs?",SEARCH OUR NETWORK →,Learn More,facebook,,image,ecommerce,76387,1507,114,916.72
enriched_ad_0932,campaign_028,LEARN GUITAR,The most accurate tabs and best song learning system on the web. Start today!,,,,image,education,80803,1567,232,567.35
enriched_ad_0933,campaign_030,Lightstep® Incident Response,Automate key processes and save time. Get 6 months free Sign Up P1: ALERTO01-08 Server is not responding D P,Sign Up,,,image,ecommerce,40191,575,56,388.09
enriched_ad_0934,campaign_036,Right Place Right Time,,Download on the App Store / Get it on Google Play,,,video,entertainment,51345,1839,249,454.85
enriched_ad_0935,campaign_022,20 DINNER IDEAS FOR WHEN YOU DON'T KNOW WHAT TO MAKE,Feel like your weekly menu is stuck in a rut? Discover our collection of delicious dinner ideas to spice up your meals and keep things exciting!,,,,image,ecommerce,91521,1096,96,1283.11
enriched_ad_0936,campaign_039,22 Better Than Store-Bought Recipes,,,,,image,food,97880,1781,136,928.44
enriched_ad_0937,campaign_035,Experience the 101 X-TREME System,,,,,image,,32534,450,29,399.65
enriched_ad_0938,campaign_042,NEW COBALT / FDE FINISH,Not all offers are 3 months interest free. Subject to credit approval.,DEFENSE financing options available now!,,,image,ecommerce,83327,1267,97,1430.46
enriched_ad_0939,campaign_050,Learn Languages with Babbel,"+Babbel offers courses in multiple languages including Practice French, Practice Spanish, Practice German, Practice Portuguese, and Practice Italian.",,,,image,education,32622,661,53,367.14
enriched_ad_0940,campaign_017,Versatility That Works,Request demo > CECIL's Tractors & Truck Repair,,,,video,ecommerce,48630,1321,82,519.04
enriched_ad_0941,campaign_036,Reserve your complimentary hour-long Distillery Tour!,Experience the rich history and exquisite flavors at A. Smith Bowman's distillery with our one-hour tour.,Book Your Visit Now,facebook,,image,entertainment,46093,747,106,297.77
enriched_ad_0942,campaign_024,Chicago's African American Heritage,"Explore Chicago’s rich history through the Water Trail, discover more about its unique cultural heritage.",,,,image,travel,38097,641,42,704.07
enriched_ad_0943,campaign_034,Right Place Right Time,Join HuntWise and start your journey today. Discover the perfect opportunities for you.,Shop Now,facebook,,image,ecommerce,32286,434,38,456.23
enriched_ad_0944,campaign_007,SPICE UP YOUR LIFE,,SHOP NOW,,,image,ecommerce,75076,1571,94,831.08
enriched_ad_0945,campaign_012,June UP TO 50% OFF,,Shop Now,,,image,ecommerce,55443,588,46,591.09
enriched_ad_0946,campaign_048,Pint X - Higher Performance & Longer Range,Introducing Pint X. Experience higher performance and extended battery life without compromising on the compactness that makes it so convenient for everyday use.,Shop Now,,,image,ecommerce,49851,651,56,704.05
enriched_ad_0947,campaign_047,Stay Ahead of the Curve,Competitive Intelligence Tools > S&P Global Market Intelligence,,,,image,ecommerce,99557,1921,190,1127.46
enriched_ad_0948,campaign_011,BLACK FRIDAY SALE ON ALL DEVICES!,Get up to 20% off on all devices! Shop now and save big.,SHOP NOW,,,image,ecommerce,73024,1093,94,1303.31
enriched_ad_0949,campaign_050,"I HAVE MUCH MORE TO TELL YOU,...","...THE SPIRIT OF TRUTH WILL GUIDE YOU
TO ""ALL TRUTH"" John 16:12,13
BOOK OF HEAVEN
...THY WILL BE DONE ON EARTH AS IN HEAVEN. Matthew 6:10",,,,image,,86948,1040,59,1254.86
enriched_ad_0950,campaign_013,*YOUNG SHELDON,* YOUNG SHELDON * Blue Bloods HITS Streaming On Paramount+. OCBS. TRY IT FREE.,TRY IT FREE,paramount+,,video,entertainment,45261,1571,249,391.96
enriched_ad_0951,campaign_013,Sentara® - You're Deserved,Safe at Sentara | Committed to Safe In-Person Mammography Care | Appointments Available Now.,Schedule Now,,,image,healthcare,67569,1234,60,1286.31
enriched_ad_0952,campaign_030,Black Friday Gifts,"Choose either an AAS Sound Bank, LEVELS, The Orb, PUNISH Lite, PolyComp or Autoformer PLUGIN. BOUTIQUE FREE POGI One free with any purchase.",,,,image,ecommerce,71527,1109,83,1000.41
enriched_ad_0953,campaign_004,22nd Annual Christmas In The Mountains Donegal to Mt. Pleasant,"Find out about Special Sales, Big Prizes and more Click Here! Christmas shop in the beautiful Laurel Highlands!",Click Here!,,,image,entertainment,33466,798,133,227.86
enriched_ad_0954,campaign_013,Shine Time to Ditch The Toilet Brush,,,,,image,home_goods,31472,643,46,320.11
enriched_ad_0955,campaign_027,Lightstep Ⓡ - Incident Response,Server is not responding. Un Reboot script Sign Up Reign team Edalet Push to desktop Automate key processes and save time.,Get 6 months free,,,image,ecommerce,33604,553,45,503.54
enriched_ad_0956,campaign_043,Unlock Learning Potential for All Grades,"Discover the joy of real learning with our adaptive educational resources tailored to every grade level. From first through eighth, we make sure that each student finds fun and engaging ways to learn.",Explore Now!,,,image,education,96915,1991,274,1143.68
enriched_ad_0957,campaign_004,Serving Over 100K Impressions Across Multiple Market Locations,We offer customized solutions tailored to your needs.,,,,image,ecommerce,48417,867,66,787.26
enriched_ad_0958,campaign_039,Live Your Best Life with UTHI Health,UT Physicians is part of UTHealth. Schedule your well-woman exam and make an appointment today.,Schedule Now!,,,image,healthcare,76971,771,51,1872.76
enriched_ad_0959,campaign_010,The New OneWheel Pint X,"Higher performance, longer range, same fun size.",Shop Now,,,image,ecommerce,29989,531,40,439.42
enriched_ad_0960,campaign_036,ActionIQ - The #1 CDP in Customer Satisfaction,Deliver real-time customer experiences that drive results. Request Demo Source: Advertisor Perceptions Co,Request Demo,,,video,ecommerce,73224,1755,125,1091.95
enriched_ad_0961,campaign_001,14 Potato Salad Recipes for Your Next Cookout,,,,,image,food,76270,1501,132,1084.6
enriched_ad_0962,campaign_034,Start Selling,Wix eCommerce - Online Today. Create Your Store.,,,,image,ecommerce,88528,983,49,986.02
enriched_ad_0963,campaign_035,Get Capital Shopping Coupons,Discover exclusive coupon codes for your shopping needs with our browser extension. Save time and money by finding the best deals directly in your web browser.,Download Now,facebook,,image,ecommerce,59994,912,68,823.04
enriched_ad_0964,campaign_008,MSI Holiday Sales,Discover the best deals on MSI laptops and accessories during our holiday sales event! Featuring high-performance products powered by 11th Gen. Intel® Core™ i7 processors.,BUY NOW,,,image,ecommerce,85580,1648,130,933.18
enriched_ad_0965,campaign_045,STYLDOD Virtual Home Staging,"Experience the ultimate home staging service. Transform your space with our professional virtual home staging solutions, starting at just $16.",TRY IT FOR FREE,,,image,ecommerce,94981,1393,142,1656.2
enriched_ad_0966,campaign_027,Free Resume Templates,Get your free resume templates. Choose from various samples and formatting options to create an impressive professional document.,Download Now,facebook,,image,ecommerce,29379,395,23,497.13
enriched_ad_0967,campaign_047,World Sambo Championships Tashkent,The World Sambo Championships will take place in Tashkent from November 12 to 14. Rosneft has partnered with the Sambo Federation as its general partner.,,,,image,entertainment,34286,779,130,187.0
enriched_ad_0968,campaign_003,Sale Ends Soon! Now Including The Best Grow Light of 2021 Up To 30% Off All Complete Systems,,,,,image,ecommerce,43843,718,50,721.96
enriched_ad_0969,campaign_014,Talkdesk®,Explore the most innovative cloud contact center.,,,,image,ecommerce,89991,1772,127,1226.02
enriched_ad_0970,campaign_039,SAVE $60 ON BEERMKR,Get your favorite beer with this exclusive discount. Use the promo code MYBEER to save up to $60 on Beermkr.,Shop Now at beermkr.com,,,image,ecommerce,87287,1423,68,1415.27
enriched_ad_0971,campaign_021,Best Minecraft UFreeGames,,,,,image,entertainment,83882,1846,181,512.71
enriched_ad_0972,campaign_020,MSI Intel CORE i7,INTEL CORES I7 THIN NEWEGG F075 SALE HOLIDAY POWERED BY TENTH GEN,BUY NOW,,,image,electronics/ecommerce,72347,902,44,1290.2
enriched_ad_0973,campaign_042,"Trust Me, You Can't",We have been in the business for over two decades. Our products and services are designed to meet your needs with utmost reliability.,Shop Now,facebook,,image,ecommerce,52891,676,53,569.46
enriched_ad_0974,campaign_049,Simple platform for complex apps,API-driven bare metal cloud servers. *3rd Gen Intel® Xeon® Scalable CPU •Intel® SGX • Intel® Optane™ Persistent Memory Starting at $0.96/h! DEPLOY IN MINUTES intel. XEON PLATINUM phoenixNAP GLOBAL IT SERVICES,,,,image,ecommerce,42787,779,44,656.66
enriched_ad_0975,campaign_005,The Year In Products,"Discover the latest innovations and trends in our exclusive collection of products for this year. From cutting-edge technology to stylish fashion, we have something new just around the corner.",Shop Now,facebook,,image,ecommerce,23929,300,20,365.96
enriched_ad_0976,campaign_040,Get Grammarly,It's free. Want compliments on your writing? Compliments.,,,,image,education,84060,2056,165,625.88
enriched_ad_0977,campaign_033,Save Up To $500,,Use Promo Code MOVE100 Now!,,,image,ecommerce,34224,666,63,435.25
enriched_ad_0978,campaign_028,With Clarity Comes Appreciation,PUC 40 Oriton Audio with Clarity comes Appreciation PUC 40 Oriton.co.uk Tel: 07927 030 988,,,,image,ecommerce,40238,746,75,391.63
enriched_ad_0979,campaign_039,The Search Is Over,,,,,image,,73481,1286,96,1015.11
enriched_ad_0980,campaign_024,BLACK Friday Sale - $70% Off,,Shop Now,,,image,ecommerce,56299,1151,108,642.36
enriched_ad_0981,campaign_045,Four Signs Your Liver Can’t Stand Anymore,"Dying Liver? Fatty Liver Healthy Liver
4 Signs Your Liver Can't Stand
Your Lifestyle Any Longer (#2 Is Scary!)
> Learn More About How to Reverse a Deteriorating Liver and Improve Health Today!",Learn More About How to Reverse a Deteriorating Liver and Improve Health Today,,,image,healthcare,35370,605,38,832.47
enriched_ad_0982,campaign_026,#1 CDP in Customer Satisfaction,Actioniq delivers real-time customer experiences that drive results. Request demo.,Request Demo,,,video,ecommerce,46290,690,37,580.86
enriched_ad_0983,campaign_034,Off Roaders On The Road!,FOR THE RONALD MCDONALD FAMILY ROOM,CLICK TO LEARN MORE,,,image,entertainment,95290,1720,323,578.35
enriched_ad_0984,campaign_019,AUTO LOANS...IT'S WHAT WE DO!,EASTMAN AUTO LOANS CREDIT UNION® ECU BESIDE YOU ECU.ORG/AUTO 800.999.2328 GREAT RATES & LOW PAYMENTS NO PAYMENTS FOR 90 DAYS EXCEPTIONAL SERVICE,,,,image,finance,79329,740,26,1754.39
enriched_ad_0985,campaign_049,Selective Be Unique Insured,,Start Now,,,image,ecommerce,57679,1132,76,844.98
enriched_ad_0986,campaign_008,WINVIEW,Watch.Predict.Win.,,,,video,entertainment,91766,3325,504,712.81
enriched_ad_0987,campaign_033,Take Charge with Consistent Production Insights,ERP SOFTWARE FOR THE PLASTIC & METAL FABRICATION INDUSTRY. mie TRAK TRAKE.,Start Now,,,image,ecommerce,36756,745,43,455.05
enriched_ad_0988,campaign_001,Take Charge with Consistent Production Insights,Manufacturers! Take charge with consistent production insights. ERP SOFTWARE FOR THE PLASTIC & METAL FABRICATION INDUSTRY.,START NOW,,,image,ecommerce,47540,725,36,643.88
enriched_ad_0989,campaign_026,HAWALILI UP TO 50% OFF,,Shop Now,,,image,ecommerce,68571,1402,89,1011.63
enriched_ad_0990,campaign_029,Academy Presents Hang-Terrell Owens and Friends!,"Join our virtual watch party with Cowboy Chiefs on Sun, November 21 at 4:25 PM EST. Free tickets available.",JOIN OUR VIRTUAL WATCH PARTY,,,video,entertainment,87126,1747,227,730.36
enriched_ad_0991,campaign_017,FREE KFC,"SUNDAY NIGHT SHOWDOWN KFC $180,000 IN TOTAL PRIZES Weeks 1-18. Football PLAY FREE Eligibility restrictions apply. See DraftKings.com for details.",,,,video,entertainment,87254,1798,283,545.36
enriched_ad_0992,campaign_006,Young Alfred Home Insurance,Get quotes for home insurance starting at just $35 per month.,Get Quotes,,,image,ecommerce,37228,588,31,500.14
enriched_ad_0993,campaign_013,Charles Daly | The Shooting Sports Specialist™™,Model 601 Versatile & Affordable Semi-Auto Shotguns - VIEW ALL MODELS,,,,image,ecommerce,88406,1622,124,1282.61
enriched_ad_0994,campaign_003,SECURE SENSITIVE DATA ENCRYPTED STORAGE SOLUTIONS,KINGSTON - KINGSTONSOOM Kop Gre GROWERY. Learn More #KingstonlSWithYou Kingston,#Learn more,,,image,ecommerce,45348,641,45,790.33
enriched_ad_0995,campaign_004,SHIN MEGAMI TENSEL AVAILABLE NOW,,,,,image,entertainment,85234,2189,345,428.33
enriched_ad_0996,campaign_042,Here When You Need Us Most,,Learn More,,,image,,51389,564,54,568.12
enriched_ad_0997,campaign_044,Watch NJ Spotlight News with Briana Vannozzi,"Weekdays at 6:00, 7:30 & 11:00 PM on NJ PBS",,,,video,entertainment,71108,1474,171,488.35
enriched_ad_0998,campaign_012,ZOLUCKY,"- UP TO -
50%",Shop Now,,,image,ecommerce,44752,730,73,614.52
enriched_ad_0999,campaign_027,There's an Outside Side Inside Each Of Us,DECORATIVE ACCENTS Barrette The Outside Company Outdoor Living X,,,,image,ecommerce,93448,1156,83,1017.23
enriched_ad_1000,campaign_042,JustFashion Now,,Shop Now,,,image,ecommerce,69803,1067,108,1004.8
