ad_id,campaign_id,headline_text,body_text,call_to_action,platform,placement,ad_format,category,impressions,clicks,conversions,spend
enriched_ad_6001,campaign_010,"WHITE MOTORS, INC BUICK GMC THVARKET SHOP NOW",,Shop Now See dealer for details.,,,image,automotive,88329,953,30,1529.01
enriched_ad_6002,campaign_050,SIMSOIL TOYOTIRES MENZIES WIN SCOREBAJA 500,,Learn More,,,image,ecommerce,92357,1675,93,1146.06
enriched_ad_6003,campaign_037,LEGO,+ 41% helicopter Animals with a bit extra Creative builds made of multiple sets. Free building instructions on LEGO.com Ⓒ2023 The LEGO Group.,Learn More,,,image,ecommerce,26706,536,50,361.65
enriched_ad_6004,campaign_030,The new 2023 Sprinter All-Wheel-Drive,,Learn More,,,image,automotive,59776,858,32,1334.93
enriched_ad_6005,campaign_036,Stream Every Season,,Try It Free,,,video,entertainment,47410,1517,214,328.06
enriched_ad_6006,campaign_050,FIERCE GIRL LET ME TELL YOU,Discover Tampax - Tampon Truths presented by Tampax.,,,,image,ecommerce,64086,690,40,718.36
enriched_ad_6007,campaign_043,Cabela's INTENSITY PERFORMANCE CLARITY VALUE UPGRADE YOUR OPTICS SHOP NOW,,Shop Now Am S,,,image,ecommerce,58502,820,45,865.33
enriched_ad_6008,campaign_049,WHO DO YOU TRUST,Markel Stides - Secret Invasion June 21 Disney+ SIGN UP NOW AND,,,,image,entertainment,32219,563,59,285.27
enriched_ad_6009,campaign_013,Well-fed FOR your WELL-BEING. Give back to yourself,Give back to yourself by giving your hens Purina* Layena layer feed for better eggs.,Learn More ,,,image,ecommerce,54129,852,82,821.43
enriched_ad_6010,campaign_029,Building a Brand with Bluehost,Bluehost makes it happen. Get Started,,,,image,ecommerce,84548,1605,147,1446.73
enriched_ad_6011,campaign_015,The Future Starts Now,Discover the power of xfinity's 10G network. Experience unparalleled connectivity and speed.,Shop Now,facebook,,image,ecommerce,74908,1317,80,1059.13
enriched_ad_6012,campaign_034,CARLISLE CHRYSLER NATIONALS JUNE FAIRGROUNDS,"JULY 14-16 CARLISLE PA FAIRGROUNDS SPECTATOR TICKETS BUY NOW AND SAVE! RLISLE Exits COM/CARLISLE, P LEARN MORE",BUY NOW AND SAVE!,,,image,entertainment,82849,1191,220,415.39
enriched_ad_6013,campaign_017,CONNECTIVITY,Learn More >>< Sub-GHZ FlexPIFA Antennas Coverage Performance Reliable Laird CON FlexPIFA EFREMSA MFA Digi-Key AUTHORIZED DISTRIBUTOR Schedule Shipments,,,,image,ecommerce,85716,1737,162,1535.81
enriched_ad_6014,campaign_019,ANALOG DEVICES AHEAD OF WHAT'S POSSIBLE,Authorized Distributor Digi-Key Electronics. Reduce Both Battery Drain and System Noise with MAX25263/2 Mini Buck Converters.,Access to Your Stock Now!,,,image,"ecommerce, electronics",28147,483,26,477.9
enriched_ad_6015,campaign_004,CONNECTIVITY,Sub-GHZ FlexPIFA Antennas Coverage Performance Reliable AGEN Digi-Key ELECTRONICS AUTHORIZED DISTRIBUTOR Schedule Shipments Learn More >>,,,,image,electronics,56460,1127,99,744.35
enriched_ad_6016,campaign_042,Challenge World Championship All Episodes Now Streaming Exclusively On,,Try It Free,,,video,entertainment,35690,1024,157,267.94
enriched_ad_6017,campaign_023,Get your Whopper BURGER KING,Order Now At participating U.S. Burger King' s restaurants.,Order Now,,,image,ecommerce,62341,826,52,945.52
enriched_ad_6018,campaign_048,Game of Thrones,HBO Original | the one to watch for every kind of gamer MAX SIGN UP NOW STARTING AT $900/MONTH Subscription Required. Visit max.com,MAX SIGN UP NOW,,,video,entertainment,41876,1492,179,221.21
enriched_ad_6019,campaign_040,Winning Time: The Rise of the Lakers Dynasty,"the one to watch when you got game
max",SIGN UP NOW,,,video,entertainment,22912,421,60,177.36
enriched_ad_6020,campaign_022,Wharton Strategy and Innovation Programs,Explore our Executive Education programs that are LIVE online as well as on campus.,Apply Now >,,,image,education,90491,2171,222,951.03
enriched_ad_6021,campaign_031,Next Level Range Rover Sport,,,,,image,automotive,86473,1420,37,1930.11
enriched_ad_6022,campaign_021,Extend Canva,The first step to creating beautiful designs with ease. Developers can easily integrate and customize their projects.,,,,image,ecommerce,88838,1711,169,1044.45
enriched_ad_6023,campaign_030,Oracles NetSuite CFOs,Improve Your KPIs and Business Processes Download Guide,,,,image,ecommerce,58311,834,68,867.56
enriched_ad_6024,campaign_025,Expand Your Options Knowledge,With advanced analysis tools on Option Station® Pro. TradeStation Learn More,,,,image,ecommerce,51353,641,30,519.49
enriched_ad_6025,campaign_031,Explore Options on Large Cap Stocks and More,"With advanced analysis tools, you can dive into the world of options trading. Discover how to leverage your investments with our comprehensive platform.",Get Started,facebook,,image,ecommerce,70002,1219,68,943.12
enriched_ad_6026,campaign_022,All Episodes TRUE L SO HELP Me To00 EAST New York OCBS STREAMING On,,TRY IT FREE,,,video,entertainment,82742,2285,305,558.66
enriched_ad_6027,campaign_026,CBS Original Fire Country,All episodes available for streaming on Paramount+.,Try it free,facebook,,video,entertainment,37342,1192,188,300.39
enriched_ad_6028,campaign_038,All-day hydration with broad spectrum sun protection,BUY NOW! CeraVe DEVELOPED WITH DERMATOLOGISTS MIDES CeraVe AM Facial Moisturizing Lotion SPF 30,BUY NOW!,,,image,ecommerce,80363,883,88,1342.46
enriched_ad_6029,campaign_040,New Season of iCarly Now Streaming,Original #IYKYK is now streaming exclusively on mount+. Try it free.,Try It Free,mount+,,video,entertainment,74721,1496,250,438.11
enriched_ad_6030,campaign_014,Star Trek Strange New Worlds,New Season Now Streaming Exclusively on Paramount+. Try it free.,Try It Free,instagram,,video,entertainment,65606,1600,278,449.14
enriched_ad_6031,campaign_014,Shazam! Fury of the Gods,the one to watch with your squad STUDE SY VZZ INTRODUCING MAX SIGN UP NOW STARTING AT $9⁹9/MONTH Subscription Required. Visit max.com,SIGN UP NOW,,,video,entertainment,52603,1331,226,258.89
enriched_ad_6032,campaign_007,Cozy Night In and A Coke,,Learn More,,,image,entertainment,91552,2375,380,564.91
enriched_ad_6033,campaign_014,Get Started with Bluehost,"Bluehost makes building your online presence easy. Whether you're starting from scratch or looking to enhance an existing site, our services are designed for seamless integration and top-notch performance.",Learn More About BlueHost Services,,,image,ecommerce,91804,1265,69,1372.17
enriched_ad_6034,campaign_013,SIEMENS SIRIUS Modular,Modular and Easy-to-Integrate Digi-Key Schedule Shipments Learn More > Authorized Distributor,> Learn More,,,image,ecommerce,96407,1360,139,1004.53
enriched_ad_6035,campaign_037,Book Now,City Cruises by Hornblower ΤΗ,,,,image,entertainment,33961,653,94,238.84
enriched_ad_6036,campaign_037,Discover Logitech Lift,Optimal 57° angle for day-long comfort. Vertical Ergonomic Mouse.,Learn More,,,image,ecommerce,87617,1781,122,1110.44
enriched_ad_6037,campaign_004,Catch Up On The Latest Seasons,"The Equalizer CSI: Vegas, SWAT OCBS Streaming on Try It Free",Try it free,facebook,,video,entertainment,34993,722,137,281.63
enriched_ad_6038,campaign_004,Volvo XC60 Mild-Hybrid,,Learn More,,,image,automotive,31246,295,10,514.86
enriched_ad_6039,campaign_013,NEW VEHICLES ARRIVING DAILY,,,,,image,automotive,52506,571,16,1002.69
enriched_ad_6040,campaign_019,NEW VEHICLES ARRIVING DAILY,See offers at Toyota.,,,,image,automotive,22707,211,7,369.92
enriched_ad_6041,campaign_044,How to create a lasting legacy as CFO,NetSuite helps you become the best version of yourself. Discover how NetSuite can help you achieve your goals and make an impact in any industry.,Download eBook,,,image,ecommerce,30653,609,54,446.4
enriched_ad_6042,campaign_001,CAN-DO COMES IN RED CASE,,,,,image,ecommerce,45482,512,34,671.88
enriched_ad_6043,campaign_027,Star Spangled Summer Sale,,Shop Now,,,image,ecommerce,34149,601,36,343.4
enriched_ad_6044,campaign_024,Threat-Stopping Performance Bondso Remington BONDED,,Shop Now,,,image,ecommerce,63104,1274,89,769.07
enriched_ad_6045,campaign_024,Limited-Time Offer on Volvo XC90,Today only. Mild-Hybrid available.,,,,image,automotive,57597,911,33,1260.0
enriched_ad_6046,campaign_010,White Motors Inc Buicks Reo of Face Chevrolet,See dealer for details.,Shop Now,,,image,automotive,93945,885,21,1749.14
enriched_ad_6047,campaign_046,Rumensin - Generations Of Local Support,"Committed to your operation. Contact your sales representative to learn more, visit Trusted ByGenerations.com.",,,,image,ecommerce,74459,1173,97,847.76
enriched_ad_6048,campaign_033,AIRFARE CREDIT,$1200 FREE DRINKS PER CABIN UP TO $600 KOTOR VOYAGES BOOK BY JUNE 29TH,,,,image,travel,68749,1278,99,1036.92
enriched_ad_6049,campaign_036,Enter for a Chance to Win a Trip,Medalla is your gateway to discovering new styles and trends. Explore our latest collections.,Learn More,,,image,entertainment,94209,1464,218,612.43
enriched_ad_6050,campaign_034,The Tobacco Companies Don't Want You to Know...,,,,,image,entertainment,97443,1760,319,673.02
enriched_ad_6051,campaign_005,The Tobacco Companies Don't Want You To Know...,,,,,image,entertainment,97607,2087,262,557.95
enriched_ad_6052,campaign_011,Speak Your Language!,APOD NYC Public Schools Office of Language Access Learn More! Visit schools.nyc.gov/Hello,Learn More!,,,image,education,63912,972,128,546.96
enriched_ad_6053,campaign_028,Set Up Instagram Profile for Teenagers,Default Private Accounts when teenagers set up their Instagram profiles.,Learn More,instagram,,image,entertainment,98023,1412,161,647.3
enriched_ad_6054,campaign_029,"EVOCATIVE, BEAUTIFUL AND SMART. THE ANIMATION IS STUNNING.",Roger Ebert.com FOR YOUR EMMY CONSIDERATION OUTSTANDING ANIMATED PROGRAM ENTERGALACTIC,,,,image,entertainment,38501,585,110,332.28
enriched_ad_6055,campaign_017,Cabela's STAR SPANGLED SUMMER SHOP NOW,,Shop Now,,,image,ecommerce,70873,893,53,833.92
enriched_ad_6056,campaign_027,ORACLE Strong CFOs Practice,NETSUITE These 5 Habits Download eBook,,,,image,education,28218,391,40,201.79
enriched_ad_6057,campaign_019,Plan Your Momentous European Trip Early,"Reserve. Relax. Hertz. Let's Go! Book Now, Hertz",Book Now,,,image,travel,83827,977,71,1560.51
enriched_ad_6058,campaign_026,Nickelodeon's SpondeBo Universe on Tidal Zone,"Experience the ultimate family fun with Nickelodeon’s hit show, SpondeBo Universa. Available exclusively for streaming now.",Watch Now!,streaming,,video,entertainment,53879,1113,213,435.35
enriched_ad_6059,campaign_004,Microsoft Security,Optimize your security operations with Microsoft XDR. LEARN MORE > HORTEN,,,,image,ecommerce,55031,783,40,612.28
enriched_ad_6060,campaign_040,Naked Fruit Juices,"Discover the freshest and most authentic fruit juices available. Our Naked range includes green, red, orange, apple, grape, cherry, peach, plum, pear, strawberry, raspberry, blueberry, blackberry, mango, pineapple, watermelon, passionfruit, guava, kiwi, lemon, lime, grapefruit, pomegranate, apricot,",Shop Now,,,image,ecommerce,74004,869,46,961.68
enriched_ad_6061,campaign_020,Open Report,"View Public Records. E.g., John, E.g. Smith, All States.",,,,image,ecommerce,23933,448,24,238.13
enriched_ad_6062,campaign_033,CbM Reference Design,"Data Acquisition platform that analyses vibration events synchronously. CN0582, ANALOG DEVICES.",Buy Now,,,image,ecommerce,30028,566,53,295.92
enriched_ad_6063,campaign_034,INFINITI LUXURY THAT LETS YOU FEEL INFINITELY,,Learn More,,,image,ecommerce,88904,1858,142,1537.1
enriched_ad_6064,campaign_017,Amphenol Single Pair Ethernet (SPE) IP67 Cables and Connectors,Compatible with IEC63171-6 interconnect. Digi-Key Schedule Shipments.,Learn More >>,,,image,ecommerce,44571,653,32,608.82
enriched_ad_6065,campaign_049,New Beginnings Are In Season,max ORIGINAL JUST LIKE AND THAT A New Chapter Of Sex And The City NEW SEASON max STREAMING Thursday WATCH TRAILER,,,,video,entertainment,41185,1097,108,209.18
enriched_ad_6066,campaign_047,FAMILY STALLONE NEW REALITY SERIES NOW STREAMING EXCLUSIVELY ON mount+ TRY IT FREE,,TRY IT FREE,,,video,entertainment,38371,737,100,283.61
enriched_ad_6067,campaign_025,Executive Education at Wharton,Powerful programs designed specifically to enhance the skills and knowledge of senior executives. Apply now! Experience our courses through live online sessions or on-campus classes.,Apply Now >,,,image,education,66299,1553,171,631.93
enriched_ad_6068,campaign_028,PROTECT WHAT YOU LOVE,Columbia Proud protector of the skin on your back and waters you love www,Shop Now,,,image,ecommerce,66449,1218,79,809.4
enriched_ad_6069,campaign_043,"Receive Up to $5,000 Funding","Switch to IG to receive up to a $5,000 funding bonus. Open, fund & trade.",,,,image,finance,41472,339,10,1039.65
enriched_ad_6070,campaign_007,WHARTON EXECUTIVE EDUCATION,BE WHARTON READY. ON CAMPUS AND ONLINE FIND YOUR PROGRAM.,,,,image,education,92598,2029,175,944.31
enriched_ad_6071,campaign_028,Federal Prairie Storm Premium Now With FlitControl Flex,"Premium Federal products available at $25 per unit in Upland, featuring advanced technology and superior quality.",Buy Now,,,image,ecommerce,59076,670,44,741.1
enriched_ad_6072,campaign_047,Start Your Mortgage Application Today,You are all set to begin your journey towards homeownership. Apply for TRUIST's mortgage loan service today and get the process started.,Apply Now,,,image,finance,53318,512,22,1703.23
enriched_ad_6073,campaign_008,New Beginnings Are In Season AND That,max ORIGINAL JUST LIKE A New Chapter Of Sex And The City NEW SEASON MAX STREAMING Thursday WATCH TRAILER,,,,video,entertainment,95266,2679,417,696.36
enriched_ad_6074,campaign_005,Cabela's LEATHERMAN,The perfect gift for the adventure ready dad. Explore more.,,,,image,ecommerce,20792,383,36,254.88
enriched_ad_6075,campaign_014,Whole Fruit,"Strawberry 70 Whole Fruit FRUIT BARS ADD TO CART F 18 Fried Whole Fruit FRUIT GARS (FRUIT EARS) Whole Fruil FRUIT BARS Whole Fruit FRUIT GARS, Whole Fruil FRUIT EARS. cox dans.",,,,image,ecommerce,37681,553,30,629.2
enriched_ad_6076,campaign_042,Cancer Patients Need Answers,"Invest in the NIH. Paid for by Research!America, ACT for NIH and partner organizations.",,,,image,healthcare,92440,1681,74,1632.05
enriched_ad_6077,campaign_037,Delivering critical data faster,,Learn More,,,image,,29852,619,62,400.86
enriched_ad_6078,campaign_017,Executive Education at Wharton,Explore Strategy and Innovation Programs with LIVE online courses available on campus. Apply now to join our executive education programs.,Apply Now,,,image,education,71701,1674,257,765.21
enriched_ad_6079,campaign_023,WHO DO YOU TRUST?,"SE MERE RSS
50
MARVEL STUDIOS
SECRET INVASION ©2003 MARVEL DISNEY- SUBSCRIPTION RENDRES TO SURSTRIBE June 21 Disney+",SIGN UP NOW,,,image,entertainment,54681,1367,202,428.62
enriched_ad_6080,campaign_048,RUN AD FOR PROPERTY A,"When it has vacancies. Advertise any property, anytime Apartments.com GET STARTED.",,,,image,real_estate,30823,356,7,600.3
enriched_ad_6081,campaign_039,Call your friend who hasn’t been themselves lately.,Learn more Preved JED SEIZE THE AWKWARD,,,,image,entertainment,28832,488,66,205.85
enriched_ad_6082,campaign_028,The Power of One,Cox Automotive is redefining marketing by focusing on connecting dealers with innovative automotive solutions. Discover how you can elevate your dealership's success through our comprehensive resources and tools.,Connect Your Solutions > DEALER.COM,,,image,automotive,95678,1268,39,1269.29
enriched_ad_6083,campaign_044,Get the Best Deal on Every Google Pixel,"AT&T offers new and existing customers exclusive deals for every model of Google's latest smartphone, including variations in pricing based on different models.",Learn more,,,image,ecommerce,25079,380,23,425.2
enriched_ad_6084,campaign_049,MAYBELLINE BRAVES TOGETHER,resources for anxiety & depression. text TOGETHER to 741741 for free 24/7 support in partnership with CRISIS TEXT LINE.,,,,image,"healthcare, education",45748,884,58,788.58
enriched_ad_6085,campaign_025,Explore New Settings As A Locum Psychiatrist,Get expert help with Weatherby in healthcare.,,,,image,healthcare,32763,383,17,606.08
enriched_ad_6086,campaign_047,Explore New Settings As A Locum Psychiatrist,Get Expert Help > Weatherby HEALTHCARE,,,,image,healthcare,62286,817,60,1302.24
enriched_ad_6087,campaign_049,Run Your Way,Discover new ways to manage finances with our innovative app. Explore endless possibilities and achieve financial freedom.,Download Now,facebook,,image,ecommerce,92138,1880,111,944.03
enriched_ad_6088,campaign_034,Saratoga Spring Water Available Now,02023 Bluetron Brands Inc.,,,,image,ecommerce,43194,492,29,670.13
enriched_ad_6089,campaign_050,Run Your Way. New Balance,,,,,image,ecommerce,35940,714,49,609.88
enriched_ad_6090,campaign_025,SUMMER SALES - EVENT,"-UP TO $50 OFF
SELECT 60V MAX BATTERY
HANDHELD YARD TOOLS**
in apply State Waltay maacturing Vmaxman & SWV typical Adala",SHOP NOW,,,image,ecommerce,78850,1099,61,1391.71
enriched_ad_6091,campaign_024,Sprite CELEBRATING SO YEARS OF HIPP,"CELEBRATING SO YEARS OF HIP
Lemon-Lime
THE CLEAR
FAVORITE
© 2023 The Coca-Cola Company.
Sprite",,,,image,ecommerce,92537,1812,168,1059.03
enriched_ad_6092,campaign_034,Find a Freelancer,fiverr. Find a freelance that fits your needs.,,,,image,ecommerce,45822,634,59,821.19
enriched_ad_6093,campaign_026,Discover the All-Electric EQE SUV,"Experience luxury and performance with our new EQE SUV. This fully electric vehicle offers exceptional range, advanced technology features like autonomous driving capabilities, luxurious interior design that combines comfort with cutting-edge tech.",Visit Our Website Today!,facebook,,image,ecommerce,64960,701,59,726.97
enriched_ad_6094,campaign_029,New Smith & Wesson MP57,Discover the latest in firearm innovation with N&P's new SMITH-WESSON MP57. Available for immediate pickup at smith-wesson.com/mp57.,Shop Now,,,image,ecommerce,56436,619,32,1009.74
enriched_ad_6095,campaign_025,"New Mar, N&P 5.7 Pick Up The Tempo",,Shop Now,,,image,ecommerce,94458,1941,155,1108.6
enriched_ad_6096,campaign_007,Celebrate Disney - Save on Tickets & Hotel,"Disney100 offers up to 5% off at Disneyland® Resort. Enjoy tickets, hotel stay and parking included.",Book Now,,,image,entertainment,31864,572,73,273.85
enriched_ad_6097,campaign_004,"$1,000 FIRST BET NEW CUSTOMER OFFER",,Bet Now,,,image,ecommerce,40718,605,44,416.8
enriched_ad_6098,campaign_008,NEWLYWED DISCOUNT,Create your registry at Crate & Barrel with our newlywed discount of up to 15%. Enjoy exclusive deals and gifts tailored for new couples.,CREATE YOUR REGISTRY,,,image,ecommerce,47710,574,31,851.34
enriched_ad_6099,campaign_021,STRUTET BEAUTY | TREEDOM I LOVE MOULIN ROUGE! THE HUSICALLO BROADWAY'S MOST SPECTACULAR NIGHT OUT!,,GET TICKETS,,,image,entertainment,50560,927,142,272.13
enriched_ad_6100,campaign_022,2NDX ALCHEMY STARS,FON App - ALchemy Stars 2-Year Anniversary Special! Get up to 70 draws for free!,Get Up To 70 DRAWS FOR FREE!,google play,,video,entertainment,22337,412,73,177.58
enriched_ad_6101,campaign_034,ALCHEMY STARS 2-YEAR ANNIVERSARY,Get up to 70 draws for free! PLAY NOW OTON Google Play App Store,PLAY NOW,facebook,,video,entertainment,60529,2202,294,316.27
enriched_ad_6102,campaign_047,Continental GET UP TO A,"Yes, really. Purchase 4 qualifying Continental Tires from 6/1/23 to 6/30/23 and get up to a $220 rebate. Apply Today 20000000 03/04 www LEARN HOW *See Terms THE SMART CHOICE IN TIRES",,,,image,ecommerce,54471,622,35,907.57
enriched_ad_6103,campaign_004,SEE MIAMI IN THE COLORS OF LOVE,,,,,image,,38146,521,48,475.34
enriched_ad_6104,campaign_031,Love Comes In All Colors,Miami Great Mate - Miami's premier dating app that connects you with love in all colors. Discover your soulmate today!,Download Now,facebook,,image,entertainment,47214,1111,166,298.39
enriched_ad_6105,campaign_018,LOVE COMES IN ALL COLORS,MIÁLÍ. GREATER MIAMI & MIAMI BEACH.,,,,image,entertainment,55433,830,139,300.36
enriched_ad_6106,campaign_043,LOVE COMES IN ALL COLORS,MIAMI. GREATER MEANT & BEACH.,,,,image,entertainment,85730,1574,289,711.1
enriched_ad_6107,campaign_028,NEW CHEVY SILVERADO HD,Own Work. Own Play. Own Life.,,,,video,automotive,74456,1131,27,1441.35
enriched_ad_6108,campaign_043,CBS Original Fire Country,All episodes available for streaming on CBS.,Stream Now,facebook,,video,entertainment,20953,469,76,156.57
enriched_ad_6109,campaign_017,Our Summer Sale Ends Soon,Get a Free Consultation. Book Now!,Book Now,,,image,ecommerce,95589,1497,90,1236.78
enriched_ad_6110,campaign_003,Essential Online Safety Trainings,,Learn More,,,image,education,45335,665,58,394.22
enriched_ad_6111,campaign_048,Top Tier Trader Now Supports Tradelocker,Streamline your trading process with our new support for Tradelocker. Try it now!,Try It Now,,,video,ecommerce,44781,1011,97,539.4
enriched_ad_6112,campaign_003,Discover More Studio Sound,Bowers & Wilkins comes home. 704 S3.,,,,image,entertainment,77569,1338,148,615.26
enriched_ad_6113,campaign_043,SAMTEC - AcceleRate® HD Multi-Row Mezzanine Strips,"AcceleRate® HD ultra-dense, slim body multi-row mezzanine strips are rated for 56 Gbps PAM4 on a 0.635 mm pitch.",LEARN MORE,,,image,ecommerce,71135,1285,129,937.97
enriched_ad_6114,campaign_011,Age of Learning,Creators of ABCmouse Efferse Count Personalize learning on a whole new level My Math Academy My Reading Academy Learn More ,,,,image,education,99691,1352,125,1192.29
enriched_ad_6115,campaign_035,Market Research Report,Embedded Survey Powered by ASPENCORE Insights and Data on the current state of Embedded Development FREE DOWNLOAD,,,,image,ecommerce,33316,561,56,472.57
enriched_ad_6116,campaign_044,Scalefusion Windows Management,Effortless management of your windows systems. Simple and straightforward solution for managing multiple devices.,,,,image,ecommerce,63353,1232,125,750.07
enriched_ad_6117,campaign_035,Support Indie Buckeye,Coverage for the entire season. Get your jersey with exclusive discounts.,Click Here,,,image,ecommerce,68880,767,66,991.81
enriched_ad_6118,campaign_020,BAD BOY EXTREME,"The new Eau de Parfum by Carolina Herrera, inspired by the iconic BAD BOY character. A bold and daring fragrance that captures her fearless spirit.",,,,image,fashion/ecommerce,74763,927,63,1275.77
enriched_ad_6119,campaign_012,BAD BOY EXTREME,,Shop Now,,,image,ecommerce,49280,908,76,830.71
enriched_ad_6120,campaign_011,Largest In Stock Selection,Best Mattress Firm offers Free Same Day Delivery in EL PASO and Las Cruces. Thank you to the people of El Paso for buying local for over 25 years.,,,,image,ecommerce,51029,902,76,766.69
enriched_ad_6121,campaign_031,"NEVATECH - API MANAGEMENT, MONITORING & SECURITY",,> FREE TRIAL >,,,image,ecommerce,51698,719,64,928.39
enriched_ad_6122,campaign_028,Enter to Win an EMS1$250 Gift Card,,Take Survey,,,image,ecommerce,87712,1083,108,1490.46
enriched_ad_6123,campaign_034,"Discover Roblox, Snake.io and Garena Free Fight!","Experience the thrill of Poppy Playtime in Suburbia with 'Among Us'. Enjoy immersive gameplay on platforms like Roblox, Snake.io, and Garena.",Play Now,facebook,,video,entertainment,66488,1770,319,545.61
enriched_ad_6124,campaign_002,Your Guide To Building A Better Engine,Discover the latest in automotive innovation with our new edition. ARR's cutting-edge solutions for your vehicle needs.,CLICK FOR CATALOG,,,image,automotive,26357,313,8,567.8
enriched_ad_6125,campaign_007,Bolenbaugh Insurance,"Agency, Inc. Agent Geneva Bolenbaugh Home 
Auto
Farm & Ranch
Life • Dwelling Click for Quote",,,,image,ecommerce,81524,1310,74,880.7
enriched_ad_6126,campaign_003,IS YOUR COVERAGE UP-TO-DATE?,Home Auto Farm & Ranch Life Dwelling,Click for Quote,,,image,ecommerce,52932,766,52,817.45
enriched_ad_6127,campaign_017,ED! Entertainment Daily,Want the latest & best True Crime news? Click here for more.,Click here,,,image,entertainment,43863,1150,158,394.71
enriched_ad_6128,campaign_026,Affinity,"Photo 2
No subscription needed
Free trials available",,,,image,ecommerce,34939,721,62,367.88
enriched_ad_6129,campaign_014,Affinity - Photo Editing Software,The only photo editing software that works the same way on both your computer and Apple devices. Experience seamless integration across platforms with Affinity.,BUY NOW,,,image,ecommerce,39478,588,45,527.85
enriched_ad_6130,campaign_001,Got Coupons?,Find and automatically apply coupons at checkout. Get free Capital One Shopping codes with our browser extension.,Get Free Codes,,,image,ecommerce,73138,945,79,1232.8
enriched_ad_6131,campaign_014,Get the Country App,"Discover Hincapaux, your ultimate destination for Jeep enthusiasts and car lovers alike! Visit us at HumesForCars.com to explore our extensive collection of Jeeps.",Shop Now,facebook,,image,ecommerce,85959,1583,125,1244.24
enriched_ad_6132,campaign_014,"Kinzua","Country 104.3 GET THE APP Arzua Country 104.3 HUMES Jeep HumesForCars.com",Learn More,facebook,,image,ecommerce,78321,926,52,827.97
enriched_ad_6133,campaign_048,An ALTERNATIVE TO DIGITAL DEVICES,"DIGI-KEY ANALOG DEVICES AHEAD OF WHAT'S POSSIBLE WHEN YOUR DESIGN starts WITH ANALOG DEVICES, Start with Digi-Key LEARN MORE O START",LEARN MORE O START,,,image,ecommerce,45157,752,70,441.21
enriched_ad_6134,campaign_044,Roald Dahl's Matilda,"Experience the magical world of Roald Dahl with 'El Musical', Te Trae Desde Londres. Discover how this enchanting tale can transform your imagination.",,,,image,entertainment,52453,1024,137,295.08
enriched_ad_6135,campaign_028,Refugee Day - Celebrate Creativity,"Rescue.org/EU Knto to save refugees. Save lives, empower communities.",,,,image,non-profit/charity,72832,852,42,891.04
enriched_ad_6136,campaign_035,IAI - A World Leader in All Commercial Aircraft Cargo Conversions,Meet us at the Paris Air Show. Discover more about IAI's BFF7-300ER and BIG TWIN aircraft cargo conversions.,,,,image,ecommerce,97349,1475,74,962.64
enriched_ad_6137,campaign_047,"in","MIESTETISK 17 9",Learn More,facebook,,image,ecommerce,79188,862,70,950.08
enriched_ad_6138,campaign_026,Peoples Bank Home Loan Center Offers Free Pre-Qualification,People That You Know. Peoples Bank Home Loan Center OFFERS FREE PRE-QUALIFICATION TO PROSPECTIVE HOME BUYERS.,CLICK HERE -,,,image,finance,52355,619,26,1048.95
enriched_ad_6139,campaign_003,WE CUSTOM HOMES,"2021 PARADE OF HOMES, PEOPLE'S CHOICE AWARD, W.E. BUILD TOGETHER!",,,,image,ecommerce,27093,527,39,360.24
enriched_ad_6140,campaign_007,CrowdStrike AWS,How secure is your cloud? Get a free health check.,,,,image,ecommerce,92225,1037,74,1652.47
enriched_ad_6141,campaign_019,Boost Performance with AMD® EPYC™ 9004 Series Systems,Enhance your computing power by integrating PCIe Gen5 and supporting up to 12 DDR5 channels. Customize systems for optimal performance.,Customize Your System!,,,image,electronics/e-commerce,58494,1150,66,561.71
enriched_ad_6142,campaign_033,IT'S THE #1 KILLER IN THE U.S. TODAY...,Learn How You Can Protect Your Heart!,GET YOUR FREE DVD!,,,image,healthcare,36966,661,30,723.13
enriched_ad_6143,campaign_034,The Power Of The Dog,family friend POEMS Download Our Mobile App Faster. Smoother Better DOWNLOAD NOW,Download Now,,,image,entertainment,90678,1764,332,689.28
enriched_ad_6144,campaign_028,Smarter Friend & Family Lending,"Live Loan Counter Personal Loans Formalized Through LoanBack $1,790,581,228 and Counting Join the Tens of Thousands Who Trust LoanBack",,,,image,ecommerce,66835,907,49,790.36
enriched_ad_6145,campaign_042,Merican Tim & Faith Announce Surprise,Fans are left stunned by the announcement from Merican Tim and Faith. The surprise has generated significant buzz on social media platforms.,,,,image,entertainment,73683,1939,272,591.01
enriched_ad_6146,campaign_044,Enhance Feed Intake with Microbial Products,"Discover the benefits of BIOFRESH's microbial products. Since June 1- July 31, 2023, you can buy five and get one free! Help your herd by enhancing feed intake through improved ruminal fermentation which supports immune function.",Select BioFresh,,,image,ecommerce,95365,1229,77,1227.61
enriched_ad_6147,campaign_035,FARM COLLECTOR,"Sign up for our newsletter. Discover the latest in agriculture with Old Iron News features like original online articles, blogs.",SIGN UP NOW!,,,image,ecommerce,24738,436,29,392.08
enriched_ad_6148,campaign_043,Dedicated Wood Chippers - FEDDER MIGHTY MAC,"Mighty Mac offers top-notch wood chipping solutions. Whether you need to shred or recycle, our high-quality equipment ensures efficient and safe processing of trees into usable chips.",Click For More Info!,,,image,ecommerce,34325,485,33,532.96
enriched_ad_6149,campaign_048,The Latest Agriculture News,Delivered directly to your inbox.,,,,image,ecommerce,63101,800,51,1057.35
enriched_ad_6150,campaign_005,O P Pride of the Form SAM USA M Narri,USA Farmer Use Fireworks30 to get free shipping on orders over $30. Promotional offer only available in the Continental US.,,,,image,ecommerce,43386,659,32,664.05
enriched_ad_6151,campaign_006,Ricambi America,,,,,image,,49817,625,38,773.3
enriched_ad_6152,campaign_034,ELECTRIC CALLBOY,AVATAR POWERWOLF CRADLE OF FILTH EPICA BEAST IN BLACK CHECK OUT THE LINE-UP!,,,,image,,91267,1854,130,1546.79
enriched_ad_6153,campaign_032,CAMELBAK CAMELBAN MORE THAN JUST A COOLER CHILLBAK™ SOFT COOLERS SHOP NOW,,Shop Now,,,image,ecommerce,62011,1100,89,1100.13
enriched_ad_6154,campaign_044,CHILLBAK™ SOFT CO coolers CAMELBAK SHOP NOW,,Shop Now,,,image,ecommerce,76405,943,50,1254.99
enriched_ad_6155,campaign_049,Ardening's Growing Knowledge Online Lecture Series,Discover sustainability practices for your garden with Ardening. Our online lecture series offers expert insights and practical tips to help you create an eco-friendly space.,Enroll Now,facebook,,image,education,23142,430,54,229.01
enriched_ad_6156,campaign_048,Discover Gardening Newsletters,Get more gardening tips and videos directly to your inbox. Discover our curated selection of articles that will help you become an expert in the art of gardening.,Subscribe Now,facebook,,video,ecommerce,92852,1345,125,970.42
enriched_ad_6157,campaign_018,It's What You Don't See That Counts,,Shop Now,,,image,entertainment,34213,918,149,234.47
enriched_ad_6158,campaign_035,Become Our New Fire Chief,,,,,image,entertainment,20161,441,79,119.98
enriched_ad_6159,campaign_030,Enter to Win a Fire Rescue,,Take Survey,,,image,ecommerce,43067,520,25,627.78
enriched_ad_6160,campaign_049,An Ancient Order,"- Radical Vocation
Radvo Conference 2023
September 21-23
Dallas, Texas
A Communion Partners Event
Register Today at radvoco.org",Register Today at radvoco.org,,,image,education,76332,1369,135,820.16
enriched_ad_6161,campaign_047,First Things First Print Subscription Includes Unlimited Web Access,Subscribe Today!,Subscribe Now,,,image,ecommerce,44936,935,70,455.49
enriched_ad_6162,campaign_024,SUMMER COURSES,"Join us this summer for a unique opportunity to immerse yourself in the thought of John Paul II! JULY 17-21: THEOLOGY OF THE BODY, July 24-28: FAITH & AMERICAN CULTURE. PONTIFICAL JOHN PAUL II INSTITUTE FOR STUDIES ON MARRIAGE & FAMILY",,,,image,education,90255,1401,183,839.23
enriched_ad_6163,campaign_047,Ready for a New Adventure,,,,,image,entertainment,97743,2708,377,490.67
enriched_ad_6164,campaign_014,Suzuki Marine Ultimate Outboard Motor,,,,,image,automotive,26089,410,9,464.57
enriched_ad_6165,campaign_041,Energizing the Future of Flight,Join us in Hall Five to find out more about BAE Systems.,→ Find out more,,,image,ecommerce,93383,1414,90,1053.68
enriched_ad_6166,campaign_037,SWIVELS - Put a New Spin On It,"Discover the latest in swivels. Made for durability and style, our products are perfect to add that extra flair.",Shop Now at Swivels.com SWIVELS,facebook,,image,ecommerce,94343,1438,112,1054.67
enriched_ad_6167,campaign_022,Aircraft Shopping The Way It Should Be,In Print and Digital Get Early Access AIRCRAFT FOR SALE by FLYING,,,,image,ecommerce,74001,911,66,1209.94
enriched_ad_6168,campaign_005,Aircraft for Sale by Flying,"Transparent Pricing, Listing History. The way aircraft buying should be.",,,,image,ecommerce,62014,677,47,716.3
enriched_ad_6169,campaign_015,Why Do Customer Tastes Matter?,They're Your Bread and Butter. Our Food & Beverage Business Cloud Software Optimizes Supply Chain Planning to Help Meet Consumer Demands.,Learn more,,,image,ecommerce,62171,1251,109,599.16
enriched_ad_6170,campaign_016,Why Do Customer Tastes Matter?,They're Your Bread and Butter.,Learn More,,,image,ecommerce,41419,463,35,689.67
enriched_ad_6171,campaign_038,Vertis™ Plant Proteins,plant proteins that create an impact for... DSM,,,,image,ecommerce,54482,723,62,697.4
enriched_ad_6172,campaign_047,"M","MAROC ACTUALITES",Learn More,facebook,,image,ecommerce,56644,639,49,927.39
enriched_ad_6173,campaign_015,WEATHER Tite WINDOWS,NO INTEREST FOR 12 MONTHS AND 12 MONTHS PAYMENT-FREE!,Click here for your FREE Estimate!,,,image,ecommerce,21311,367,20,284.48
enriched_ad_6174,campaign_024,Magic Numbers Empower Parents,Discover why numbers from 8 to 13 hold special significance for parents. Learn how these magical digits can empower your parenting journey.,Learn More,,,image,education,48651,1166,94,358.16
enriched_ad_6175,campaign_003,Caring for Women,TriHealth offers comprehensive healthcare services tailored to women's needs across all stages of their lives.,Find Care Now,,,image,healthcare,98905,1473,90,1779.58
enriched_ad_6176,campaign_042,Corewell Health™,,,,,image,,57319,695,35,581.87
enriched_ad_6177,campaign_048,Duck Family,Fox Nation Original - A treasure of family values. Watch now!,,,,video,entertainment,36764,876,98,222.05
enriched_ad_6178,campaign_036,The Official International Streaming Partner of the NRL,"Watch NRL Premiership Not available in Australia, NZ or Pacific Islands",,,,video,entertainment,68243,1365,190,461.81
enriched_ad_6179,campaign_019,Historic City + MODERN HOMES,It's the BEST of both worlds in Gettysburg! GLE PATIO: $300s SINGLES $400s Homes LEARN MORE,Learn More,,,image,real_estate,71294,632,13,1533.47
enriched_ad_6180,campaign_013,BUSINESS SOLUTIONS,,Click Here,,,image,ecommerce,70880,1032,69,984.25
enriched_ad_6181,campaign_030,ASTROLOGY ANSWERS,CHOOSE YOUR SIGN TO FIND OUT YOUR FATE ARIES TAURUS CAPRICORN AQUARIUS PISCES SCORPIO CANCER LEO VIRGO GEMINI LIBRA SAGITTARIUS,,,,image,entertainment,43240,858,157,291.14
enriched_ad_6182,campaign_023,Let's Move Easy,Move with us..,,,,image,,26856,348,35,345.88
enriched_ad_6183,campaign_026,Nationwide Marketing Group WEBINAR,A look at the business advantages of buying group membership. Register Today!,Register Today!,,,video,ecommerce,52886,797,76,863.14
enriched_ad_6184,campaign_032,CREATE YOUR OWN ZOMBIE GAME STUDIES,GAME ART AND ANIMATION | GAME DESIGN | GAME PRODUCTION AND MANAGEMENT (MS) | GAME PROGRAMMING of university Learn. E Advancing Technology UAT Experience Innovate LEARN MORE >>,,,,image,"education, entertainment",21613,423,20,260.25
enriched_ad_6185,campaign_030,Discover TV Shows,"Explore the latest and greatest in television with our curated selection of must-watch shows. Whether you're looking for drama, comedy, or sci-fi adventures, we've got you covered.",Shop Now,facebook,,image,entertainment,43823,881,140,279.97
enriched_ad_6186,campaign_044,Strength for LifeⓇ,"Chiropractic Clinic & Fitness Center
5 Doctors of Chiropractic
150 Years of Clinical Experience
Dr Daniel Godbout Dr Aaron Drouin Dr Roger Berman Dr Gary Gorman Dr Josef Arnould Dr. Aaron Drouin DISCOVER HOW WE CAN HELP YOU
116 Pleasant St, Suite 125, Easthampton
529-0700",,,,image,healthcare,34502,580,35,888.43
enriched_ad_6187,campaign_007,YOUR CALL IS VERY IMPORTANT TO US,"Really? Then why am I on hold so long?
WHALEN
INSURANCE
71 King Street | Northampton
LOCAL PEOPLE | LOCAL SERVICE | LOCAL INSURANCE",,,,image,insurance,86967,1314,106,1034.05
enriched_ad_6188,campaign_010,AWS Silicon Innovation Day,"DISCOVER HOW AWS-DESIGNED SILICON FUELS CUSTOMER OUTCOMES Wednesday, June 21, 2023 | 9:00AM - 4:00PM PDT Register now '0₁",Register now,,,image,ecommerce,48949,852,56,672.42
enriched_ad_6189,campaign_026,AWS Silicon Innovation Day,"DISCOVER HOW AWS-DESIGNED SILICON FUELS CUSTOMER OUTCOMES Wednesday, June 21, 2023 | 9:00AM - 4:00PM PDT Register now",Register now,,,image,ecommerce,89560,1311,110,1093.36
enriched_ad_6190,campaign_029,AWS Silicon Innovation Day,"DISCOVER HOW AWS-DESIGNED SILICON FUELS CUSTOMER OUTCOMES Wednesday, June 21, 2023 | 9:00AM - 4:00PM PDT 6. Register now",,,,image,ecommerce,61418,1166,70,760.04
enriched_ad_6191,campaign_037,Watch Videos,,Subscribe Glea,,,video,entertainment,69728,1941,266,422.23
enriched_ad_6192,campaign_048,Capitol One Coupon Codes Found!,Capital One Shopping is a free browser extension that allows you to apply coupon codes instantly. Just click on the button and enjoy savings.,Shop Now,facebook,,image,ecommerce,64461,711,71,713.34
enriched_ad_6193,campaign_021,"A. More Like A Startup, Less Like A Bank",Enabling our people to question and create innovative solutions.,,,,image,ecommerce,22512,457,35,315.96
enriched_ad_6194,campaign_002,Shop Your Own Lab Tests,"Purchase personalized laboratory testing services directly from us. As an official healthcare provider for the New York Giants, we ensure top-quality results and convenience.",Visit questhealth.com to get started today!,,,image,ecommerce,54306,936,72,651.88
enriched_ad_6195,campaign_041,GET FUELED UP AND READY TO TEE OFF,Journie Rewards Golf Canada,,,,image,entertainment,41662,775,92,344.31
enriched_ad_6196,campaign_037,MEMBER-OWNED,so much more than electricity... THAIN Georgiaemc.comYSAFETY ADVOCACY VOLUNTEERISM LEADERSHIP EXCURONMENTAL Georgia's EMCs • Official Energy Provider of GHSA since 1999,,,,image,ecommerce,41998,857,45,453.46
enriched_ad_6197,campaign_026,Farm Support Georgia,"Join Farm Support Georgia Bureau in promoting agricultural excellence and sustainability across the state. Discover resources, connect with experts, and participate in initiatives aimed at enhancing farming practices.",Learn More,facebook,,image,ecommerce,98963,1082,58,1540.03
enriched_ad_6198,campaign_015,"t","GERBER EASY DOESN'T",Learn More,facebook,,image,ecommerce,39857,611,32,407.87
enriched_ad_6199,campaign_001,Zero Trust Endpoint Protection Platform,"Out of your enterprise, ransomware is becoming increasingly sophisticated. THREATLOCKERⓇ offers robust protection with its Zero Trust Endpoint Protection Platform.",,,,image,ecommerce,91929,1870,142,1179.68
enriched_ad_6200,campaign_031,CREEDMOORⓇ,SPORTS | RELOADING AMMO OPTICS ACCESSORIES BEBERBEDDE,,,,image,sports,31608,647,56,413.32
enriched_ad_6201,campaign_042,CARBON & ESG STRATEGIES powered by Hartenergy Live,"Register Now for August 30-31 in Houston, TX",REGISTER NOW,,,image,ecommerce,56657,763,42,739.51
enriched_ad_6202,campaign_047,Get Over 500% Return on Ad Spend,Discover genius monkey.,,,,image,ecommerce,94870,1158,107,1043.62
enriched_ad_6203,campaign_050,MoonDrop - Moonone's Blissful Harmony,"Experience the ultimate in audio bliss with MOONDROP, our hybrid triple-range frequency division earbuds. Perfect for audiophiles seeking high-quality sound and comfort.",Shop Now,facebook,,image,ecommerce,98630,1441,113,1567.69
enriched_ad_6204,campaign_010,"(and)",ZMFHEADPHONES.COM,Learn More,facebook,,image,ecommerce,85519,1027,62,1229.25
enriched_ad_6205,campaign_047,HealthyFCOD Web Membership,,,,,image,ecommerce,82461,1680,93,1269.63
enriched_ad_6206,campaign_008,$AVER LOOK AFTER YOUR WALLET WITH OUR LOW-COST RECIPES!,,,,,image,ecommerce,62164,1233,99,1036.32
enriched_ad_6207,campaign_009,Love Kami Useless Goddess Play Now!,,Play Now!,,,video,entertainment,32024,642,99,238.59
enriched_ad_6208,campaign_037,Blunder #10: Mismanaging Retirement,"You've accumulated a large nest-egg - are your portfolio withdrawals putting it at risk? If you have a $500k+ portfolio, you should read '13 Retirement Investment Blunders to Avoid.' Learn More",Learn More,,,image,finance,46529,557,14,889.12
enriched_ad_6209,campaign_033,SENIORS,MARY Stay Connected Through The Internet For Just $10 A Month Start Saving Money Now and Don't Pay More Than $10 A Month For Internet and Cable SEE CURRENT OPTIONS > KOLIMBA,,,,image,ecommerce,60065,857,78,672.76
enriched_ad_6210,campaign_010,The Converter,www.ferrum.audio WANDLA Prepare to be converted by the real thing!,,,,image,entertainment,96193,1841,257,785.8
enriched_ad_6211,campaign_020,PMC® prodigy BRING THE STUDIO HOME,,,,,image,entertainment,94134,1870,274,483.13
enriched_ad_6212,campaign_037,The Investing Circle,You don’t need money to make money. Here’s how.,,,,image,ecommerce,51037,743,38,576.69
enriched_ad_6213,campaign_041,YOU DON'T NEED MONEY TO MAKE MONEY,Here's How THE ic) Investing CIRCLE,,,,image,,81348,1164,108,1267.73
enriched_ad_6214,campaign_040,Make History with Breguet Type XX,> Discover the luxury of owning an exquisite piece from our collection. Experience unparalleled craftsmanship and timeless elegance.,,,,image,ecommerce,27540,373,31,378.36
enriched_ad_6215,campaign_040,Travel Insurance for Your Holiday,"Get comprehensive travel insurance to ensure peace of mind during your holiday. Covering everything from trip cancellations, lost luggage, and medical emergencies.",Shop Now,facebook,,image,travel,78295,1519,118,1405.34
enriched_ad_6216,campaign_005,Cheap Airport Car Rentals,Rates from $6/day. LADYBUG.COM - Search Now 29,,,,image,ecommerce,75083,1395,70,1071.67
enriched_ad_6217,campaign_013,Your Name Fine Alepsirits Personalized Beer Gear,,Get Started,,,image,ecommerce,53896,1023,54,584.8
enriched_ad_6218,campaign_015,YOUR ONE STOP LIFT & EQUIPMENT SHOP,MECHANIC SUPERSTORE Your One Stop Shop BROWSE OUR PRODUCTS,,,,image,ecommerce,63135,855,51,958.4
enriched_ad_6219,campaign_016,MSG 21+ BUD LIGHT SINCE BREWED IN TEXAS,,,,,image,food and beverage,36972,403,31,561.03
enriched_ad_6220,campaign_004,Check Your Tarot Prediction,Discover the future with our unique tarot reading service. Pick cards to unveil hidden insights and guidance.,Sign Up Now,facebook,,image,entertainment,36699,903,117,187.6
enriched_ad_6221,campaign_006,AON - Ninth Edition Global Risk Management Survey,Discover insights and trends with our comprehensive survey on global risk management. Take part in shaping future strategies.,Take the Survey,facebook,,image,ecommerce,69916,1051,96,1099.71
enriched_ad_6222,campaign_011,Since 1961 Free AFSTAR,Steel for a solid future Serving Nation's Infra Aspiration for Generations to come. AF Star FE 550D TMT Steel Rebars 7331110039 www.afstar.in,,,,image,ecommerce,77489,1309,102,759.85
enriched_ad_6223,campaign_005,Double Engine Ki Sarkar Double Speed Se Vikas,AYUSHMAN UTTAR PRADESH Medical insurance cover of *5 lakh to 8.9 crore beneficiaries Under Ayushman Bharat and Mukhyamantri Jan Arogya Yojana,,,,image,healthcare,51685,574,21,824.98
enriched_ad_6224,campaign_009,The Secret Garden,"May 11-June 17, 2023 at Round Barn Theatre in Nappanee, IN. Buy tickets here (574) 773-4188 | roundbarntheatre.com The Barns Nappanee.",BUY TICKETS,,,image,entertainment,23556,436,48,188.86
enriched_ad_6225,campaign_044,Men's Championship World Lacrosse San Diego,Join us for the Men's Championship World Lacrosse event in San Diego from June 21 to July 1. Experience thrilling matches and top-notch athleticism at Rady Children's Hospital.,Buy Tickets Now!,,,image,entertainment,34424,511,59,165.44
enriched_ad_6226,campaign_050,Pediatric Therapy Studio,"ABA Therapy Speech & Language Therapy. Occupational Therapy
تحليل السلوك التطبيقي
علاج النطق واللغة
العلاج الوظيفي",,,,image,ecommerce,72199,1130,67,963.81
enriched_ad_6227,campaign_041,Someone Found A Way Out Of The Yard This Morning,Because someone found a way out of the yard this morning.,,,,image,entertainment,75755,1269,139,653.37
enriched_ad_6228,campaign_025,The Heart of Lake Ridge,"Visit www.tackettsmill.com to enjoy our restaurants, cafes, bars & more. Discover the best dining experiences at Tacketts' Mill.",Discover More,,,image,ecommerce,36311,511,50,380.12
enriched_ad_6229,campaign_009,Recognition Dinner,"JULY 25-27, 2023 NEWPORT MARRIOTT Newport, RI II Institutional Investor Join us for a celebratory evening to recognize distinguished allocators LEARN MORE",,,,image,ecommerce,49677,991,77,872.58
enriched_ad_6230,campaign_017,Recognition Dinner,"Join us for a celebratory evening to recognize distinguished allocators JULY 25-27, 2023 NEWPORT MARRIOTT /NEWPORT, RI II Institutional Investor LEARN MORE",,,,image,ecommerce,26095,328,26,357.27
enriched_ad_6231,campaign_011,EQUITIES FIRST,"Progressive Capital INVEST WITH CONFIDENCE Global Equity Markets The near-term and mid-term outlook amid inflation, rising rates, global conflict, and pandemic recovery Get Insights from 300+ investment decision-makers READ MORE",,,,image,ecommerce,82340,1403,113,801.33
enriched_ad_6232,campaign_012,"Never Today, Tech Is Never Done and Neither Are We",,Subscribe for Free,,,image,ecommerce,71525,760,66,952.96
enriched_ad_6233,campaign_010,Talk of Toward,Every lawn has a story to tell...,,,,image,ecommerce,70734,926,89,782.09
enriched_ad_6234,campaign_024,ISN'T LAUGH OUT LOUD WITH FRIENDS BETTER THAN LOL WITH YOUR PHONE?,Engage in the largest Irish American social network. Join the AOH,,,,image,entertainment,40207,1094,100,335.12
enriched_ad_6235,campaign_022,Laugh Out Loud with Friends,Better than laughing out loud on your phone? Join our largest Irish American social network and engage with friends.,Join us now!,,,image,entertainment,39082,621,87,327.7
enriched_ad_6236,campaign_039,Sumner Tunnel Closed,July 5 to August 31 Learn more,,,,image,,21240,274,27,283.26
enriched_ad_6237,campaign_015,"GET A CHANCE TO WIN YOUR $50,000 LOAN FREE","You Are Automatically Entered When You Take A Loan. 48 WIK V 20 Winners! Authorized Under Section 58 (3) of the Betting, Gaming & Lotteries Act.",,,,image,entertainment,63544,1511,265,352.68
enriched_ad_6238,campaign_014,"UP TO GET A CHANCE TO WIN YOUR LOAN FREE $50,000!!!","You Are Automatically Entered When You Take A Loan. 20 Winners! Authorized Under Section 58 (3) of the Betting, Gaming & Lotteries Act.",,,,image,entertainment,98210,2469,421,650.47
enriched_ad_6239,campaign_017,Zolucky,,Shop Now,,,image,ecommerce,91281,1894,195,1187.16
enriched_ad_6240,campaign_007,Panasonic Global Views,$28,,,,image,electronics,52016,1045,50,559.16
enriched_ad_6241,campaign_018,Is Climate Resilience On Your Radar?,Explore Sustainability Solutions > Seek & Prosper,,,,image,ecommerce,44958,654,40,662.28
enriched_ad_6242,campaign_004,Un-Bee-Liveable News!,Farnell is an AVNET company that adopts bees with every order placed. See more.,,,,image,ecommerce,84150,1040,81,968.99
enriched_ad_6243,campaign_017,EMS RIG,PREMIUM RESOURCE FOR ALL THINGS AMBULANCE SPONSORED BY: EAEVE,,,,image,ecommerce,95774,1664,127,1075.02
enriched_ad_6244,campaign_012,Portfolio Valuation,"Forum
Attend in-person at KPMG's NYC office or virtually via live broadcast.
June 28, 2023 | 3-5pm ET
AICPA & CIMA Together as the Association of international Carte Profesa Account",,,,image,finance,59161,617,20,1324.34
enriched_ad_6245,campaign_006,Turbo-charge your skills and network with industry pros.,"Register for our upcoming events in Austin on July 27th, Atlanta on August 3rd, Los Angeles on August 17th. Join us at the ROADSHOW xero 2023 to ACCELERATE!",Register,,,image,education,73171,1052,152,552.4
enriched_ad_6246,campaign_033,STAY OCEANFRONT! WATCH LIVE ON WEBCAM,"HOTEL GROUP® ENJOY YOUR VIEW Stay Oceanfront! Watch Live on WebCam in Ocean City, MD.",,,,video,entertainment,80921,2409,293,553.76
enriched_ad_6247,campaign_015,Fielding Law - Accident Injury Attorneys,,,,,image,"legal services, personal injury attorneys",59804,1031,61,885.76
enriched_ad_6248,campaign_050,FirstSecurity Home Protection,"Secure your property with our comprehensive security solutions, backed by the protection of Member FDIC and an active NMLS license. Apply Now for peace of mind.",Apply Now,,,image,ecommerce,87636,1781,157,1549.73
enriched_ad_6249,campaign_031,AUTO FLASH SALE,Rates as low as 5.0% APR available at NCUA Federal Credit Union from June 1-30.,,,,image,finance,37185,346,11,704.97
enriched_ad_6250,campaign_010,NO CHILD SHOULD,$10 = 40 MEALS Give to our local food banks and GO HUNGRY be entered to win a Gator! EVE JOHN DEERE GREENWAY Donate Now!,Donate Now!,,,image,ecommerce,85634,1182,84,970.93
enriched_ad_6251,campaign_027,OWN DEERE,JOHN DEERE GREENWAY Temples Quiry Tove CMAVIMAS NO CHILD SHOULD GO HUNGRY $10=40 MEALS Give to our local food banks and be entered to win a Gator!™M No donation necessary to enter,Donate Now!,,,image,ecommerce,32832,681,64,420.03
enriched_ad_6252,campaign_041,OWN THE ROAD WITH ✔AutoTrader,A podcast making car stuff simple.,Learn More,,,image,entertainment,49241,1186,129,262.93
enriched_ad_6253,campaign_012,P.K.CONSTRUCTION SINCE 1992 Get 50% off Installation of New Windows!,,,,,image,construction,86515,940,55,892.55
enriched_ad_6254,campaign_041,Rockfages at Theatre,,Book Now,,,image,entertainment,87220,1420,141,636.09
enriched_ad_6255,campaign_019,SEEKING A SCIENTIST...,BROUGHT TO YOU BY O Swe npr Network,Subscribe Now,,,image,education,33341,471,35,331.26
enriched_ad_6256,campaign_034,OWN YOUR HEALTH,Get a yearly checkup. Learn More Avera,,,,image,,66193,1055,72,879.88
enriched_ad_6257,campaign_003,Own Your Health,Get a yearly checkup. Learn more about how to take control of your health with our comprehensive services.,Shop Now,,,image,healthcare,89488,1477,73,1661.55
enriched_ad_6258,campaign_043,How Do You Price A Legacy?,Talk to Grant Thornton on how we can help with your succession planning.,,,,image,tax,79575,882,45,1013.77
enriched_ad_6259,campaign_033,Time to Build a Home,,,,,image,real_estate,84424,1265,30,2402.38
enriched_ad_6260,campaign_019,Access Your Content,"Activate your account to access movies series, sports events and fitness programs.",Start Now!,,,image,entertainment,47480,1292,156,357.12
enriched_ad_6261,campaign_038,June Freedom Day,Security Systems Inc proudly presents Tel-Tec security solutions on June 19.,,,,image,ecommerce,74621,1214,112,1155.16
enriched_ad_6262,campaign_017,June Freedom Day,Proposed by Tel-Tec Security Systems Inc. on June 19.,,,,image,ecommerce,92017,1271,110,1264.98
enriched_ad_6263,campaign_035,"WHY WAIT? GREAT RATES, SHORTER TERMS!",Term Share Specials for Consumer and Business Accounts. 5 MONTH TERM 9 MONTH TERM,Learn More,,,image,finance,61538,510,16,1718.18
enriched_ad_6264,campaign_015,"WHY WAIT? GREAT RATES, SHORTER TERMS!",5 MONTH TERM 9 MONTH TERM Term Share Specials for Consumer and Business Accounts. HAWAII STATE FEDERAL CREDIT UNION always right by you,Learn More,,,image,ecommerce,65252,697,54,998.31
enriched_ad_6265,campaign_029,JuneTwentyThird,1865-2023 Freedom to Learn Watch the Award-Winning series commercial-free STREAMING NOW ON KHOU-11+ Roku Fire TV,,,,video,education,59829,1584,180,393.96
enriched_ad_6266,campaign_045,Support Your Community’s Health,"Are you looking for ways to contribute positively? Join the board at Evergreen Health and make an impact on your community's health. As part of our mission, we are committed to providing top-notch healthcare services through a unique model that empowers communities.",Apply Now!,,,image,healthcare,92532,1346,96,1810.11
enriched_ad_6267,campaign_020,Evergreen Health,Your Community-Owned Hospital Committed to Serving Everyone in Our Community.,,,,image,healthcare,97230,1343,86,2131.86
enriched_ad_6268,campaign_033,THE GOLDEN VIRTUE:,UNVEILED BY TANJA MURGEL-SUBOTIC UNVEIL THE TRUE ESSENCE THAT LIVES WITHIN THERE IS NO GREATER POWER THAN THE POWER OF LOVE ENTER TO WIN,ENTER,,,image,entertainment,63846,1473,281,342.73
enriched_ad_6269,campaign_030,A JOURNEY MUST BE TAKEN,True Love Knows No Age by H. L. Howard is an offbeat romance with an intriguing premise that will leave readers guessing right until the very end.,BUY THE BOOK,,,image,entertainment,48632,1076,105,234.41
enriched_ad_6270,campaign_015,SEALED RITE PARADE GALACTIC LOVE,"Celebrate Seattle's LGBTQIA+ Community at the SEALED RIDE PARADE. Join us on Sunday, June 25th from 11am in Downtown Seattle.",,,,image,entertainment,37385,862,166,227.23
enriched_ad_6271,campaign_036,St. Jude Children's Research Hospital St. Jude Dream Home Giveaway,,Tickets on Sale Now!,,,image,entertainment,22533,316,55,133.69
enriched_ad_6272,campaign_040,We're helping abuse survivors,LEASH PROJECT - PURPLA WE ARE HELPING ABUSE SURVIVORS AND THEIR PETS ESCAPE & HEAL TOGETHER. PURINA + REDROVER.,Learn More,,,image,ecommerce,95271,1743,115,1708.15
enriched_ad_6273,campaign_047,We're the Team That Cares,"We are Dignity Health, an official health care provider dedicated to caring for your well-being. Our team is committed to providing exceptional service and support in every aspect of healthcare.",,,,image,healthcare,95093,1830,85,2484.76
enriched_ad_6274,campaign_044,"knkx","npr Network help build what's next GIVE NOW",Learn More,facebook,,image,ecommerce,91930,1134,103,898.04
enriched_ad_6275,campaign_037,knix npr Network,Help build what's next in MEDIA.,GIVE NOW,,,image,entertainment,25902,389,73,154.26
enriched_ad_6276,campaign_032,DO IT IN PUBLIC,Download the app and start doing it now. Blake's LOTABURGER.,,,,video,ecommerce,79073,1245,119,1391.85
enriched_ad_6277,campaign_011,WATERFRONT FESTUAL,"Sound Check
OPEN TO THE PUBLIC!
Featuring LO STEELE
guest host on Friday, June 30th • 4:30-6pm at 1355 SW 2nd Ave.
THE PORTER X xport bar & lounge.",,,,image,entertainment,96969,2155,357,774.3
enriched_ad_6278,campaign_040,WATERFRONT Sound FESTIVAL Check THE PORTER OPEN TO PUBLIC!,"X xport bar & lounge Featuring LO STEELE Fri, June 30. 4:30-6pm 1355 SW 2nd Ave",,,,image,entertainment,92885,1640,307,752.43
enriched_ad_6279,campaign_029,"Better for Your Cocoa, Body",Just Plain Better.,Learn More,,,image,food and beverage,87958,1034,103,983.31
enriched_ad_6280,campaign_018,Get Kims Help,Live tech experts available 24/7. Satisfaction guaranteed.,TRY IT NOW!,,,image,ecommerce,42715,722,70,567.02
enriched_ad_6281,campaign_007,The Biggest Gaming News of The Week with David & Ruby,"Discover all you need to know about Kotaku Australia's podcast featuring hosts David and Ruby. Listen in for exclusive interviews, reviews, tips on gaming hardware, software updates, upcoming releases, industry news, behind-the-scenes stories from the world of video games.",Listen Now,facebook,,image,entertainment,63013,1563,258,307.98
enriched_ad_6282,campaign_004,Wha Community Driven Healthcare,Healthcare for Great Plains Tribal Members. Get Your iFOB Test TODAY! Test for colorectal cancer in the comfort of your own home!,GET A $35 FUEL CARD While supplies last,,,image,healthcare,50145,693,50,818.92
enriched_ad_6283,campaign_010,Expert Neuroscience & Spine Logan,care offered in Montana. HEALTH,,,,image,healthcare,85446,1500,89,1361.9
enriched_ad_6284,campaign_001,Supporting California's Military Families,"In moments that matter, CAL Vet provides essential services to veterans through the California Department of Veterans Affairs.",,,,image,ecommerce,96487,2007,147,1456.5
enriched_ad_6285,campaign_028,The SORAYA New Season Now On Sale,,,,,image,ecommerce,66522,943,69,1149.6
enriched_ad_6286,campaign_050,KU Cancer Foundation,Community-focused University RBFCU CURTINE UP CU CANCER FOUNDATION ENERGY TRANSFER CLICK HERE FOR MORE INFORMATION,CLICK HERE FOR MORE INFORMATION,,,image,"education, healthcare",39653,517,40,545.38
enriched_ad_6287,campaign_033,Expect More,From Living in Silence to Living Out Loud! With Tallis,,,,image,entertainment,93062,1799,322,459.96
enriched_ad_6288,campaign_046,FORD WRAY,"Ford Benton Road at 1-220 Bossier City offers $1,000 cash back on select models with approved Ford financing. APR details available.",,,,image,automotive,84609,1503,38,1896.83
enriched_ad_6289,campaign_028,Hospital | Brentwood Behavioral Health,"Shreveport, LA - DID YOU KNOW... We have Children’s Programs • Adolescent Programs System Providing Help and Hope Since 1971. Visit us at brentwoodbehavioral.com or call 318-678-7500.",,,,image,healthcare,53003,739,35,1329.26
enriched_ad_6290,campaign_001,ERGINEERED Systems,For over 15 years we have been a leader in systems automated lubrication installations. LINCOLN AFEX FRE SUPPRESSION SYSTEMS Click Here.,,,,image,ecommerce,95033,1000,57,1139.56
enriched_ad_6291,campaign_047,Lincoln - Automated Lubrication Installations,For over 15 years we have been a leader in automated lubrication installations. The Systems Tall is an authorized distributor of Lincoln products.,CLICK HERE,,,image,ecommerce,42892,876,72,735.98
enriched_ad_6292,campaign_023,Stay AHEAD OF THE STORM,with the KSNT Storm Track Weather app Download for FREE today! KSNT STORM TRACK 8.4*** ********* ⠀⠀⠀⠀⠀⠀⠀ KSNT STORM TRACK,,,,image,ecommerce,83019,1076,78,1408.0
enriched_ad_6293,campaign_019,NEW DONORS,"RECEIVE UP TO $800 YOUR FIRST MONTH. Biomat USA - 2120 Southwest 6th Ave, Topeka (785) 233-0079 GRIFOLS Network of Plasma Donation Centers All nights Scan to learn more!",,,,image,healthcare,26048,472,21,607.29
enriched_ad_6294,campaign_030,Are you Walmart RFID compliant?,Prepare your business for the new requirements. Get started now → A COME LANCOME all AVERY DENNISON 3336 IN 3333 LCOME DRINK W LINCO INCOMAT DMCOMT,,,,image,ecommerce,82936,1498,89,1265.26
enriched_ad_6295,campaign_016,ANTI PEST MOSQUITO REDUCTION,,Text Us! 221-6181,,,image,ecommerce,88327,1401,81,1394.68
enriched_ad_6296,campaign_020,Turn Your Content Into A Fast Channel,Give your content the home it deserves. FRANKLY MEDIA LEARN MORE,,,,image,ecommerce,25323,329,20,412.56
enriched_ad_6297,campaign_017,BEYOND THE HEADLINES,HUMAN TRAFFICKING IN OUR COMMUNITY AIRING JUNE 22 AT 9PM 6 FOX 33 KTAL READ 4.5 REHV news.com WO GM PUBLISHED BY Brentwood Hospital EDWARD MOUTON Attorney at Law,,,,image,,95785,1516,102,1478.8
enriched_ad_6298,campaign_034,Beyond the Headlines,Human Trafficking in Our Community Aired June 22 At 9PM News.com KTAK KTAL KMBC V45 Kishn TV Brentonwood wo Hospital GM Edward Mouton Attorney at Law,,,,image,news,25217,314,32,397.57
enriched_ad_6299,campaign_014,Frankly Media,Your audience is waiting. Get a Fast Channel for your content - 3 months free.,Sign Up,,,image,ecommerce,29314,370,31,364.96
enriched_ad_6300,campaign_019,Turn Your Content Into A Fast Channel,Frankly Media turns your content into a fast channel. Give your content the home it deserves.,Learn More,,,image,ecommerce,62637,1121,80,926.37
enriched_ad_6301,campaign_034,Morning Mustangs Click of the Month,"Discover exclusive content and updates from Morning Mustangs at Morningside University. Stay ahead with our latest news, events, and student highlights.",Click Here to Discover More!,,,image,education,53849,845,119,595.44
enriched_ad_6302,campaign_023,Give & Win TANDEM Kayak Rentals,Discover the thrill of wilderness trips with our June member drive. Join us at AKAB and experience adventure like never before.,Join Now!,,,image,ecommerce,78297,825,61,1066.93
enriched_ad_6303,campaign_012,Winsupply OF El Paso,Thanks to our very cool mom! Congrats to Winsupply's Coolest Mom contest winner Veronica Esparza.,,,,image,ecommerce,43210,528,39,454.86
enriched_ad_6304,campaign_014,Winsupply OF El Paso,Congratulations! Veronica Esparza has won the Coolest Mom contest. Thanks to our very cool mom!,,,,image,ecommerce,29631,393,20,438.18
enriched_ad_6305,campaign_043,Custom Communications,"Since 1968, protecting your business with access control solutions like Fire Alarm Systems & Inspections, Video Surveillance, Intrusion Detection, and Water/Temperature Sensors.",Get Started Today,,,video,ecommerce,83823,1806,139,1264.47
enriched_ad_6306,campaign_011,Your Voice Can Be A Child's Only Chance,,Click to Volunteer,,,image,ecommerce,86728,921,91,1430.45
enriched_ad_6307,campaign_049,Now Playing AUSTIN,"Discover the vibrant arts scene in Austin, Texas. Immerse yourself in culture with our curated selection of events.",Learn More About Events,,,video,entertainment,22075,545,72,151.7
enriched_ad_6308,campaign_036,This World Refugee Day,Help HIAS - Provide Vital Services to Refugees and Asylum Seekers. HIAS.,,,,image,"non-profit, humanitarian aid",72854,1157,74,761.24
enriched_ad_6309,campaign_021,Adoptive Home For Preston,For PRESTON AND OTHER CHILDREN IN FOSTER CARE LEARN MORE ABOUT ADOPTION Susan's Kids SPONSORED BY BRANDON STEVEN MOTORS,,,,image,ecommerce,72748,1328,92,738.15
enriched_ad_6310,campaign_038,HIT BY A TRUCK? JEFF'S HERE,"WRONGFUL DEATH / COMMERCIAL VEHICLE ACCIDENT RECENT RESULT: $6 MILLION | $3,509,864 doviles.com (444-4444) LAW FIRM DAVIS Austin San Antonio NET TO CLIENT:",,,,image,law,40399,576,42,433.8
enriched_ad_6311,campaign_029,HIT BY A TRUCK? JEFF'S HERE,"WRONGFUL DEATH / COMMERCIAL VEHICLE ACCIDENT DAVIS RESULT $6 MILLION
$3,509,864 LAW FIRM CLIENT NETTO:
444-4444
AUSTIN SAN ANTONIO",,,,image,law,60801,1131,57,650.08
enriched_ad_6312,campaign_022,Great American FLAG SWAP DAY,"Brought to you by BECU June 23rd, 2023 from 9am -1pm. While Supplies Last LEARN MORE",LEARN MORE,,,image,entertainment,21355,590,108,122.57
enriched_ad_6313,campaign_005,Discover the Ultimate Forest Retreat,"Visit WWW.COMPLEJOFOREST.COM to experience events, socials and corporatives in our beautiful complex located at the heart of the city.",Explore Now!,,,image,entertainment,66706,1527,167,524.48
enriched_ad_6314,campaign_005,CENTRO DE EVEN,EVENTOS SOCIALES & CORPORATIVOS EN EL COMPLEJO MAS BELLO DE LA CIUDAD Kayany V WWW.COMPLEJOFOREST.COM,,,,image,"entertainment, real estate",28086,572,46,357.3
enriched_ad_6315,campaign_049,"Earn 40,000 Bonus Points with JetBlue Plus Card",Apply Now Terms Apply jetBlue Mastercard jetBlue,,,,image,travel,41941,579,31,825.1
enriched_ad_6316,campaign_035,DataFeedWatch by Cart.com,Manage all your product feeds from one place. Learn more.,,,,video,ecommerce,36451,516,29,545.76
enriched_ad_6317,campaign_004,Proxy Season Report,"Here we outline the state of play for over 600 proposals so far in this proxy season, broken down into categories to facilitate peer-to-peer comparisons.",REQUEST REPORT,,,video,ecommerce,66202,1570,136,888.13
enriched_ad_6318,campaign_004,3rd Annual International Summer Antitrust Conference,"The Law Society is pleased to announce the third annual international summer antitrust conference. The event will take place on Wednesday and Thursday, June 21st and 22nd at Chancery Lane in London.",,,,image,education,42600,611,89,465.7
enriched_ad_6319,campaign_043,Reciprocating vs Drum Style Aeration,Learn how reciprocating versus drum style aeration can maximize productivity. Discover the benefits of using our HYDRO and HYDRO-DRIVE AERATORS.,,,,image,ecommerce,82676,1061,92,1105.32
enriched_ad_6320,campaign_047,BUY 10 SEEDS AND GET 10 FREE,I♥GROWING MARIJUANA.com - Buy 10 Seeds & Get 10 Free - 100% Germination Guaranteed SHOP DEALS!,,,,image,ecommerce,40450,730,45,432.95
enriched_ad_6321,campaign_032,BUY 10 SEEDS AND GET 10 FREE! NEW DEALS EVERY WEEK ON PREMIUM STRAINS,,,,,image,ecommerce,71882,1422,77,911.6
enriched_ad_6322,campaign_050,SAVE $15 WITH CODE LEAFLY15,Germination Guaranteed + Free Shipping!,,,,image,ecommerce,86386,1639,135,860.66
enriched_ad_6323,campaign_004,BLUE The Warmest Color,,Order Now On DVD Wolfe,,,image,entertainment,86538,1631,293,658.97
enriched_ad_6324,campaign_023,Nominate BEST Roofing Company,"The Lima News invites you to nominate the best roofing company in St. HST, LLC for US Today!",NOMINATE Best Roofing Company NOW,facebook,,image,ecommerce,84994,930,75,1408.18
enriched_ad_6325,campaign_011,Buckeye FURNITURE & Mattress Center Nominate Us for Best,✰✰✰✰ Best Furniture and REGION Best Mattresses The Lima News limaphic.com 3790 Harding Highway Lima OH,,,,image,ecommerce,29316,590,52,473.66
enriched_ad_6326,campaign_020,Get The Best of Both Worlds! PRINT News & Digital,"Wednesday and Saturday Print + Unlimited Digital Access to our website. Access our enhanced local content on any device, anywhere, anytime!",,,,image,ecommerce,24655,392,19,329.18
enriched_ad_6327,campaign_039,"Eat Fresh, Buy Local at Downtown Farmers Market",Downtown Farmers Market offers fresh produce and local goods. Open Tuesdays from 1:00pm-5:00pm located at VFW Hall #1275 Parking Lot Corner Main & Elm Sts.,,,,image,ecommerce,80225,1166,80,1393.66
enriched_ad_6328,campaign_029,Best of Northern Spain,"Escorted 2024
Perry Golf EST 1984
ESCORTED TOURS
8 Nights | 4 Rounds including Basozabal Golf Club
May 6 - 14, 2024",,,,image,travel,58550,1209,57,695.99
enriched_ad_6329,campaign_034,AIDAN BRADLEY - Play Royal Portrush & Royal County Down in 2024,"PerryGolf™ EST 1984. ESCORTED TOURS June 6-14, 2024.",,,,video,entertainment,85138,2260,277,586.05
enriched_ad_6330,campaign_013,EL DORADO FURNITURE,,Shop Now,,,image,ecommerce,51836,917,72,600.78
enriched_ad_6331,campaign_036,Preserving Nature's Beauty with WOODguard ITF,Woodguard SWO Woodguard® & Bee Gone WOd WArD ISK BioCides Inc. dan segoMonitor takMark woodward,,,,image,ecommerce,57488,709,66,874.16
enriched_ad_6332,campaign_036,BEST OF PLASTIC SURGERY & VEIN INSTITUTE,"2023 Mountcastle Medical Spa, Loudoun. Best Plastic Surgeons in London Times Mur Surgery Practice WINNER. Address: 44095 Pipeline Plz Suite 270, Ashburn, VA 20147-7516 Phone Number: (571) 266-1776 Website Links: https://www.MountcastleMedicalSpa.com and https://www.MountcastlePlasticSurgery.com",,,,image,ecommerce,20508,300,25,240.72
enriched_ad_6333,campaign_003,#NeverCompromise,"FORGELINE Custom Built, Lightweight, Forged Alloy Wheels #NeverCompromise Please contact us for more details.",,,,image,automotive,20616,195,4,334.87
enriched_ad_6334,campaign_040,OneRail,Evaluate Last Mile Delivery Technology with Gartner® Market Guide Download Gartner.,,,,image,ecommerce,50041,756,76,767.76
enriched_ad_6335,campaign_027,Take The Cat,Between Maine and Nova Scotia in Just 3.5 Hours THE CAT,,,,image,,54626,646,60,928.72
enriched_ad_6336,campaign_048,HIGH-QUALITY LARGE PRINT MAPS,"for Zip codes of every City, County, and US State or customized to your location BUY HERE",BUY HERE,,,image,ecommerce,99798,1433,127,1329.99
enriched_ad_6337,campaign_017,Listed Series,"Exchange Traded Funds, Build the Perfect Portfolio with ASX Listed Products, View Series >",,,,image,ecommerce,42733,779,78,598.69
enriched_ad_6338,campaign_002,PayPal - Save Money Like MrBeast,"It pays to pay with PayPal. Start saving money like the popular YouTuber, MrBeast.",,,,image,ecommerce,86597,1384,107,957.43
enriched_ad_6339,campaign_023,Feedback,Sports Professional Calibration Tools Learn More,,,,image,ecommerce,70157,955,58,802.18
enriched_ad_6340,campaign_033,Looking for Your Next Yacht? Princess Brokerage International,,,,,image,ecommerce,25775,314,28,306.35
enriched_ad_6341,campaign_015,Get the MNT newsletter,Stay up to date on the latest health news.,,,,image,ecommerce,84407,995,54,1041.03
enriched_ad_6342,campaign_012,Get the MNT Newsletter,Subscribe to receive our top news articles. SUBSCRIBE,,,,image,ecommerce,95482,1559,133,1337.3
enriched_ad_6343,campaign_041,BetterHelp - Professional & Affordable Online Counseling,"Discover betterhelp, an online counseling service that offers professional support in affordable packages. Sign up today to start your journey towards mental wellness.",Sign Up Now,facebook,,image,ecommerce,50386,581,47,740.11
enriched_ad_6344,campaign_013,Jonnad and Evelyn's Wedding at Hazel Park,"- June 24 & 25, 2023 - HALE PARK
- Jonnad Ywn Meyers & Evelyn Skaubad",,,,image,entertainment,37732,845,77,188.09
enriched_ad_6345,campaign_030,WHEN CAN I SAFELY RETIRE?,EXCHANGE CAPITAL MANAGEMENT INC WealthyStreet Academy™ TM,CLICK HERE FOR ANSWERS,,,image,education,87246,2108,210,653.6
enriched_ad_6346,campaign_005,WHEN CAN I SAFELY RETIRE?,Capital Management Inc provides insights on retirement planning and financial security.,CLICK HERE FOR ANSWERS,,,image,finance,45558,329,8,913.02
enriched_ad_6347,campaign_038,Support Michigan Radio,Over 60% of Michigan Radio's budget comes from listeners like you. Your support helps us continue to bring great music and entertainment.,Become A Listener Today!,facebook,,image,entertainment,56476,987,151,480.17
enriched_ad_6348,campaign_032,MindBodyGreen Probiotics +,"This has been key to my weight loss journey - Karina S., verified customer. Shop probiotic+ at MindBodyGreen for bloating relief and healthy weight management.",Shop Now,,,image,ecommerce,76939,1335,93,1068.15
enriched_ad_6349,campaign_009,"906-487-9675","SHOPTADYCHS.COM Tadych's MarketPlace f",Learn More,facebook,,image,ecommerce,92111,1053,50,1000.67
enriched_ad_6350,campaign_009,WE CAN CREATE VIRAL CONTENT,Northern Michigan University offers courses in Social Media Design Management at NMU.EDU/APPLY for more information.,,,,image,education,55394,1217,140,393.32
enriched_ad_6351,campaign_027,MisterB&B - Welcome to Luca's LGBTQ+ Travel Community,"Discover MisterB&B, hosted by Luca. Experience an authentic and welcoming atmosphere in Rome for the largest LGBT+ travelers.",,,,image,travel,58213,817,42,870.58
enriched_ad_6352,campaign_008,MLS Season TV,"EVERYTHING MLS. HALF THE PRICE. Subscribe now Subscription required Savings on full season pricing Offer wald for 2023 season only, plan tactically renews at standard full season pricing until canceled.",Subscribe now,,,image,entertainment,85097,2294,419,732.88
enriched_ad_6353,campaign_029,Watch Smatches,,"Click Continue, Add Apps, Watch Popular TV Shows",,,video,entertainment,57316,1317,148,385.36
enriched_ad_6354,campaign_021,Ready to Take Control of Your Reproductive Health?,"Visit safe2choose.org for comprehensive abortion care information and services. Our team of medically trained counselors provides tailored, accurate and no-judgemental guidance and support.",,,,image,healthcare,55294,1014,76,948.28
enriched_ad_6355,campaign_028,Cycle World,,,,,image,ecommerce,22082,305,17,379.23
enriched_ad_6356,campaign_007,Motorcycle Enthusiasts,,Discover More,,,image,ecommerce,86671,1435,106,873.84
enriched_ad_6357,campaign_024,Sound of Freedom in Theaters July 4,,Buy Tickets,,,image,entertainment,59289,1493,221,411.34
enriched_ad_6358,campaign_033,STAR-SPANGLED SALUTE,,LEARN MORE,,,image,,69229,930,62,735.73
enriched_ad_6359,campaign_026,Pioneer Community Energy,Want to save up to 19.5% on your electricity generation? Choose Pioneer Your Power. Your Choice.,,,,image,ecommerce,98247,2060,103,1581.72
enriched_ad_6360,campaign_024,50% DE DESCUENTO,CYBER OUTLET DC COMICS ALIA SYICHER JOKER Coleccionables TUSHOPPI Exclusivamente EN www.tushoppi.com.mx,,,,image,entertainment,42419,862,103,315.83
enriched_ad_6361,campaign_027,A Fresh Voice of Nursing,TV show 'Fana' featuring Nurse across the USA. Subscribe to our YouTube channel today! @MyAmericanNurse,Subscribe to Our YouTube Channel Today!,instagram,,image,entertainment,98778,2480,424,496.89
enriched_ad_6362,campaign_016,WEBSITE WEBINAR,"Lightening the Load
Unpacking Cognitive Overload
On Demand Nurse Striker",,,,video,education,55586,911,91,420.66
enriched_ad_6363,campaign_028,"BER LU (23, LLINOIS) WE'RE ALL READY FOR WARM WEATHER IS YOUR HVAC SYSTEM?",CONTACT US TODAY FOR SPRING MAINTENANCE CHECKUPS & SERVICE Fix It For Me 23.com,CLICK FOR A LIST OF CONTRACTORS,,,image,ecommerce,60985,794,44,935.55
enriched_ad_6364,campaign_049,Fee Free On-Road & Off Road Fuel,"Propane, Heating Fuel, Kerosene Find Out More E&V Energy dopred H",,,,image,ecommerce,51037,681,66,513.23
enriched_ad_6365,campaign_033,Before After Body Shop,,Click Here for a Free Estimate,,,image,ecommerce,59176,668,34,601.11
enriched_ad_6366,campaign_023,"FEE FREE ON-ROAD & OFF-ROAD FUEL PROPANE, HEATING FUEL KEROSENE E& ENERGY V Your Home Comfort Connec",,,,,image,ecommerce,39056,528,54,522.46
enriched_ad_6367,campaign_020,Before After Pine Valley Body Shop,,Click Here for a Free Estimate,,,image,ecommerce,97258,1414,143,1447.23
enriched_ad_6368,campaign_022,The True Premium U.S. Hispanic Audience Network,Reach and connect up to 51M U.S. Hispanics in a brand-safe and culturally relevant premium network.,,,,image,ecommerce,92397,1346,126,1293.8
enriched_ad_6369,campaign_018,FREE TRIAL COURSE FOR NEW CCEI USERS!,SPN107: Attention Deficit Hyperactivity Disorder CO Valid Until: 6/30/23 ENROLL HERE! CHILDCARE EDUCATION INSTITUTE A StraightLine Company,ENROLL HERE!,,,image,education,87584,2100,252,665.22
enriched_ad_6370,campaign_028,FREE TRIAL COURSE FOR NEW CCEI USERS!,SPN107: Attention Deficit Hyperactivity Disorder ENROLL NOW! CHILDCARE EDUCATION INSTITUTE Valid Until 6/30/23 A StraighterLine Company,ENROLL NOW!,,,image,education,76972,1672,173,599.87
enriched_ad_6371,campaign_031,"J&JF",Flooring & Natural Stone,Learn More,facebook,,image,ecommerce,85258,1043,91,1367.05
enriched_ad_6372,campaign_049,Have a credential? Or military experience?,You could receive college credit in Ohio! Please go to transfercredit.ohio.gov/c4c for more information,,,,image,education,54927,1370,205,508.8
enriched_ad_6373,campaign_009,WILLIAM F. BUCKLEY JR.,"PRIZE DINNER THURS, OCT 19, 2023 CIPRIANI 25 BROADWAY, NEW YORK CITY Sponsorship opportunities are available. SUPPORT TODAY ►",Sponsorship opportunities are available. Support Today ►,,,image,entertainment,46124,1163,112,257.9
enriched_ad_6374,campaign_046,"Fridays after five, FREE SUMMER CONCERT SERIES",June 23 Tyler Dick Band With the Lint Collectors Presented By Bud Light Ting Pavilion On The À Delta Dental Stage,,,,image,entertainment,51507,1279,129,452.29
enriched_ad_6375,campaign_047,Ultimate Sports - Insider,Download the all new NBC Sports Chicago app Download on the App Store GET IT ON Google Play IN-DEPTH COVERAGE SCORES ANALYSIS HIGHLIGHTS ALERTS,,,,video,ecommerce,81515,1581,147,1459.67
enriched_ad_6376,campaign_031,ZERO MILES NO COMPROMISES,Restoring classic cars to their original glory with zero miles and no compromises. All-new reproduction parts for authentic restoration.,CALL TODAY,,,image,ecommerce,98023,1755,163,1663.25
enriched_ad_6377,campaign_047,"DAGMAR MIDCAP SHEENA PARVEEN ANA, CRISTINA SANCHEZ ILL.",SAN DIEGO'S MOST ACCURATE FORECAST IN 2 LANGUAGES FIRST ALERT WEATHER LA,,,,image,weather,38505,648,64,604.12
enriched_ad_6378,campaign_010,Hit the Ground Running in a New Honda,"Discover our latest models - Pilot, Accord and CR-V. See offers.",,,,image,automotive,50936,776,15,949.87
enriched_ad_6379,campaign_046,National Catholic Reporter - Peace and Justice,"Special Section
Issue Date: July 21
Reservation Deadline: June 21
Justice",,,,image,"news, media",34852,437,24,380.13
enriched_ad_6380,campaign_028,"Governor Lombardo Vetoes AB250, Protects Patients",Thank you Governor Lombardo for vetoing AB250 and protecting patients not insurers! HealthyNevada is committed to ensuring the health of Nevada residents.,,,,image,healthcare,56756,709,50,963.01
enriched_ad_6381,campaign_026,GOVERNOR LOMBARDO VETOES AB250!,"Thank you, Governor Lombardo. For saying no to insurance companies saving money over patients at the pharmacy counter by vetoing AB250! HealthyNevada.com",,,,image,healthcare,63248,1194,70,1199.42
enriched_ad_6382,campaign_011,THANK YOU for vetoing AB250 and protecting patients not insurers!,GOVERNOR Lombardo Paid Political Advertising HEALTHY NEVADA,,,,image,ecommerce,80153,896,81,830.12
enriched_ad_6383,campaign_003,Live Local News on Any Device Free,"Get up-to-the-minute updates with our live local news coverage, accessible anytime and anywhere. Enjoy the convenience of watching TV Fire Ty episodes directly through Roku.",Download Now,facebook,,image,entertainment,29522,767,135,202.17
enriched_ad_6384,campaign_031,"the","Makes morning Mornings show Happen LIVE on News4JAX+ 4+",Learn More,facebook,,image,ecommerce,74455,801,75,969.04
enriched_ad_6385,campaign_034,SUPERIOR QUALITY FROM LOCAL CRAFTSMEN,"Kirb Monument Company Since 1955 Mon-Fri 9am-5pm, Parkersburg WV 26101 Call us at 304.422.2066 UNBEATABLE PRICES & INCREDIBLE SERVICE",,,,image,ecommerce,27467,493,26,303.41
enriched_ad_6386,campaign_017,PANHANDLE HIH FOUNDATION REPAIR,"complete affordable foundation repair
373.4000
We're from here... And we're always
here when you need us.
Click here to visit our Expert Connection page.",Visit our Expert Connection page,,,image,ecommerce,68372,1418,131,959.29
enriched_ad_6387,campaign_024,Foundations Repaired by HIH,Complete Affordable Foundation Repair. We're From Here... And Always Here When You Need Us.,Click here to visit our Expert Connection page.,,,image,ecommerce,94893,1251,102,1522.94
enriched_ad_6388,campaign_026,Sarant Cadillac The Cadillac of Cadillac Dealers,2023 XT4 LUXURY AWD $379/ PER MONTH See Dealer For Complete Details. CADILLAC SARANT CADILLAC 516-986-3938 ©2023 General Motors All Rights Reserved Cadillac,,,,image,ecommerce,86076,1545,94,1150.86
enriched_ad_6389,campaign_036,"MYSTERY ROAD","+HR=E now",Learn More,facebook,,image,ecommerce,97815,1283,99,1578.06
enriched_ad_6390,campaign_031,"NZ's Affordable, Premium Heat Pump Brand HITACH",Consumer. RECOMMENDS HRAS-SOYAB Years WARRANTY,,,,image,ecommerce,30920,647,32,527.89
enriched_ad_6391,campaign_025,#NSLive,NEW STATESMAN POLITICS LIVE TUESDAY 27 JUNE 2023 | LONDON,,,,image,entertainment,26345,730,132,129.17
enriched_ad_6392,campaign_034,Ashley Pederso Magazine,Out now online and on newsstands across town. The Home & Garden Issue.,,,,image,entertainment,69463,1126,214,464.28
enriched_ad_6393,campaign_042,Her Magazine,"Click to read contents @hermagazineje on Instagram, Twitter and Facebook",,,,image,entertainment,22665,451,57,135.26
enriched_ad_6394,campaign_040,Connecting You With Today's Most Influential Developers,,ADVERTISE WITH US,,,image,ecommerce,28194,505,36,385.0
enriched_ad_6395,campaign_020,ERA-TUCKE Official,"Health care Partner, Wilson PRAV All-Star Care and Treatment Atlantic Sports Health Learn about our program.",,,,image,healthcare,39702,652,47,856.98
enriched_ad_6396,campaign_032,OCBS News New York,ON YOUR CORNER. IN YOUR CORNER.,,,,image,news,23969,457,38,336.83
enriched_ad_6397,campaign_015,GAS GOLDEN KNIGHTS CHAMPIONS,Stanley Cup Champions NHLShop.com A Fanatics Experience Bree Stanley Champs Shop Now ammiCon Champions M2023 Stanley C Champics,SHOP NOW,,,image,ecommerce,75235,827,41,847.28
enriched_ad_6398,campaign_025,Stay Connected Stay Informed,"CONCORD MONITOR
$1/ week
for the first 3 months! A digital subscription provides full access to our website, e-edition and archives.
*Billed as $4/month for the first 3 months, then a special rate of $8 for months 4-6, then the regular rate of $12 thereafter.",,,,image,ecommerce,97356,2031,113,1630.51
enriched_ad_6399,campaign_004,Annie Cloth Up to $45 Off,,,,,image,ecommerce,95689,1218,77,1526.18
enriched_ad_6400,campaign_047,"Your Degree, Your Way",Undergraduate or graduate. On-campus or online. Multiple start dates. Scholarships available.,,,,image,education,68954,1314,129,560.92
enriched_ad_6401,campaign_028,CASA Funded by Ordinary People Can Do Extraordinary Things,Ordinary people can do extraordinary things for children. Volunteer AmeriCorps NH Volunteers needed.,,,,image,"ecommerce, saas, education, healthcare, finance, entertainment, travel, food, automotive, real_estate",70073,1266,73,1065.4
enriched_ad_6402,campaign_012,"Trusted Partners, Primary Care for Everybody",New Patients > Southern New Hampshire Health AM-SolutionHealth S,,,,image,healthcare,49395,776,52,1022.62
enriched_ad_6403,campaign_005,Discover History at Old Fort Niagara,Explore the rich history of New York State's oldest fortification. Visit and experience its fascinating past.,Visit Now!,facebook,,image,travel,71277,1218,103,1008.11
enriched_ad_6404,campaign_012,Call or Visit Us Online Today!,"(405) 329-2076 WaggonersHVAC.com
WAGGONERS
HEATING | PLUMBING | ELECTRIC | AIR CONDITIONING",,,,image,ecommerce,85658,1697,91,1526.16
enriched_ad_6405,campaign_015,"CASH REWARDS",Checking,Learn More,facebook,,image,ecommerce,66223,1302,89,661.17
enriched_ad_6406,campaign_024,"COMING TO KIDZEUM",MAY 27 - SEPT 3,Learn More,facebook,,image,ecommerce,70183,1378,72,1115.48
enriched_ad_6407,campaign_008,"COMING TO KIDZEUM",MAY 27 - SEPT 3,Learn More,facebook,,image,ecommerce,66377,698,45,722.44
enriched_ad_6408,campaign_026,"NEW from the Renowned Translator and Scholar, Robin Waterfield",,,,,image,education,36181,472,54,233.02
enriched_ad_6409,campaign_024,"New from the MIT Press: A clear-eyed examination of the history, current conflicts, and future possi",Start reading the free ebook now,,,,image,education,41569,688,84,422.15
enriched_ad_6410,campaign_010,Sip Sip Hooray! Root Beer Float Is Back!,,Shop Now,,,image,food and beverage,57814,618,41,852.43
enriched_ad_6411,campaign_038,Sip Sip Hooray! Root Beer Float is Back!,,SHOP NOW,,,image,food and beverage,96946,2033,160,1369.44
enriched_ad_6412,campaign_010,Cruise US Rivers Get $100 Person,CST 1016202-80 Onboard Credit With American Queen Voyages™ Learn More Visit us at 1-877-898-5791,Learn More,,,image,travel,29193,511,38,588.42
enriched_ad_6413,campaign_013,ENJOY AMAZING value Travel with Princess and AAA TRAVEL,"AAA TRAVELS WITH YOU Learn More New SAILINGS from Los Angeles, San Diego & San Francisco CST 1016202-80 1-877-898-5791",Learn More,,,image,travel,53531,985,65,797.55
enriched_ad_6414,campaign_028,Real Wood for Real,Granville Manufacturing Company - QUID Since 1857 | www.woodsiding.com Restoration and New Construction with REAL WOOD FOR REAL.,,,,image,ecommerce,35622,697,67,427.74
enriched_ad_6415,campaign_033,Refuse to Smoke,Big Ass Refuse ETT - More than just an e-cigarette. A lifestyle choice for the youth who smoke.,,,,image,ecommerce,23315,313,21,414.71
enriched_ad_6416,campaign_022,Get The App,Mobile app available on Google Play and Apple App Store. Get the latest breaking news & sports from Al Ehanette Times Herald.,GET THE APP,facebook,,video,entertainment,38654,1031,98,316.08
enriched_ad_6417,campaign_038,EVANGELISTIC ASSOCIATION,BILLY GRAHAM Evangelistic Association Good News 30-DAY SPIRITUAL BOOT CAMP GET THE FREE DEVOTIONAL >©2020 BGEA,,,,image,education,50550,777,96,352.75
enriched_ad_6418,campaign_045,INTERSTATE - Many Shipping Locations and Manufacturers to Choose From,,,,,image,ecommerce,25920,441,38,385.11
enriched_ad_6419,campaign_013,50 W FREE ELECTRICITY CONNECTION,"Free Electricity connections to 1.58 crore households Electrification of 1,21,324 majra Double Engine Ki Sarkar Double Speed Se Vikas",,,,image,ecommerce,48612,614,41,607.02
enriched_ad_6420,campaign_015,EVERYTHING UNDER ONE ROOF! D&R FLOOR COVERING,"HARDWOOD CARPET LVT VINYL, LAMINATE FLOORS BAMBOO CORKO CERAMIC TILE. SERVING THE TRI-CITIES SINCE 1977.",,,,image,ecommerce,69800,1223,105,999.59
enriched_ad_6421,campaign_018,CROSSROADS FIREWORKS,"Crossroads Fireworks offers the big stuff. Visit Quad Cities Superstore at 875 Middle Rd, Bettendorf, IA (across from Home Depot) to see our inventory.",CLICK HERE TO SEE OUR INVENTORY,,,image,ecommerce,81289,1535,121,897.7
enriched_ad_6422,campaign_031,CROSSROADS FIREWORKS,"Crossroads Fireworks offers the big stuff. Visit Quad Cities Superstore at 875 Middle Rd, Bettendorf, IA (across from Home Depot) to see our inventory.",CLICK HERE TO SEE OUR INVENTORY,,,image,ecommerce,90806,1636,88,1542.56
enriched_ad_6423,campaign_045,BRINGING THE OUTDOORS TO YOU!,SUBSCRIBE NOW TO CANADA'S ONLY NATIONAL FISHING & HUNTING MAGAZINE YOUR 2032 HARDWATER ACTION GUIDE Outdoor TEX BAE CREA Hantin Cando fishing GUARANTEEL BIG BEST 3 12 BETS! 40 HOT SPOTS!,,,,image,entertainment,97591,1546,251,699.28
enriched_ad_6424,campaign_037,Subscribe to OutdoorLife+,,,,,image,entertainment,38396,719,137,228.26
enriched_ad_6425,campaign_043,E-book gratuito,FALE INGLÊS COM A AJUDA DA MÚSICA GUIA PARA APRE CONV BAIXE AGORA the,,,,image,education,58862,1368,132,448.87
enriched_ad_6426,campaign_042,"SHOW US UPLOAD A PHOTO OF YOU, YOUR FAMILY OR YOUR PETS WEARING YOUR FAVORITE BASEBALL TEAM COLOR!",,CLICK HERE,,,image,entertainment,64464,1190,137,565.21
enriched_ad_6427,campaign_043,Show Us Your Colors,,Click Here,,,image,entertainment,87327,2117,361,777.4
enriched_ad_6428,campaign_006,New Collection by HOMAGE JORD,"Shop the latest collection from HOMAGE JORD, featuring exclusive designs inspired by vintage ice bon collections. Perfect for fans of retro fashion and unique style.",SHOP THE COLLECTION NOW,facebook,,image,ecommerce,68142,1173,56,1210.8
enriched_ad_6429,campaign_047,NEW FROM HOMAGE,,SHOP NOW,,,image,ecommerce,51683,805,52,902.78
enriched_ad_6430,campaign_043,*GREEN BAY PACKERS *,HALL OF FAME ANNUAL MEMBERSHIPS NOW AVAILABLE! GET INFO,,,,image,entertainment,80034,1597,302,573.99
enriched_ad_6431,campaign_028,Were You There?,Tune into Hunger Freek Wednesdays for Summer Specials,,,,image,entertainment,41990,769,93,363.46
enriched_ad_6432,campaign_008,Hunger-Free Summer Tune-in,WBRE WYOUS - Hunger-Free Summer. Tune in every Wednesday from June 21st to July 26th.,,,,image,entertainment,99568,2366,291,802.17
enriched_ad_6433,campaign_036,A Palm Beach Masterpiece,"Exclusive listings in the heart of Palm Beach, featuring properties like 200 Via Palma. Connect with Chris Leavitt, Adam McPherson, Jessica Willoughby and Douglas Elliman for top-notch real estate services.",,,,image,real_estate,35409,365,6,758.47
enriched_ad_6434,campaign_027,Summer Guide to Greater Palm Springs,View Issue LATERFALM SPE Getaway GUIDESUMMER GUIDE GREATER PALM SPRINGS VIEW ISSUE,,,,image,entertainment,50522,1220,182,447.73
enriched_ad_6435,campaign_004,The Art of Weddings,,,,,image,entertainment,55733,1147,210,468.64
enriched_ad_6436,campaign_025,2033 GREATER PALM SPRINGS,GETAWAY GUIDE SUMMER GUESTS IN GREATER PALM SPRINGS VIEW ISSUE,,,,image,travel,54589,656,49,1063.93
enriched_ad_6437,campaign_018,The Art of Weddings,Weddings. The ultimate celebration.,,,,image,entertainment,73619,1241,172,383.05
enriched_ad_6438,campaign_041,Cold Hands When Playing Disc Golf? Solution Is Here! Ο Ocoopa,,,,,video,,51139,779,44,862.65
enriched_ad_6439,campaign_019,What's on the BALLOT?,TOWN MEETINGS Warrants Town & School Budgets Candidates Union mining... Rockport park... Camden pot shops... Waldoboro disorderly property ordinance Thomaston Town Green...,,,,image,ecommerce,86473,1324,114,1031.58
enriched_ad_6440,campaign_016,Samantha Associate Director Discover Your Career Path!,I appreciate leadership at our organization encouraging growth and empowering employees to explore opportunities.,CLICK,,,image,ecommerce,70345,1108,98,837.68
enriched_ad_6441,campaign_008,BEST OF BOTH WORLDS MA HV REINAMINE,"- IN HAPPYS VALLEY, PA START PLANNING YOUR MIDWEEK ADVENTURES -",,,,image,entertainment,69400,1640,282,585.78
enriched_ad_6442,campaign_020,BACKERKIT Live Now,Experience the thrill of Gloomhaven's Second Edition with ABACKerKit!,Shop Now,facebook,,image,entertainment,52203,1058,195,436.97
enriched_ad_6443,campaign_043,GLOOMHAVEN - Second Edition,- Live Now ÅBACKERKIT,,,,image,entertainment,94110,1433,172,798.61
enriched_ad_6444,campaign_006,Enhance IT support,"Automate daily tasks, Resolve issues faster. Learn How ALLOY Q Search all modules My Work Service Desk Incidents Service Request Problems Change Requests Change Calendar Work Orders Approval Requests Knowledge Base Announcements.",,,,image,ecommerce,70743,924,55,868.92
enriched_ad_6445,campaign_036,BeWellPhilly,,,,,image,,83027,993,99,1342.23
enriched_ad_6446,campaign_034,Make Your Next Gathering Delicious,Discover the perfect snacks for your next gathering with Pillsbury's delicious MINI CHICKEN BACON and RANCH POT PIES. Perfectly baked to satisfy any craving.,Sign Up Now!,,,image,ecommerce,54619,1135,64,769.52
enriched_ad_6447,campaign_004,Airplanes for Sale by Flying,March Sun'Fun The BEST AIRCRAFT FOR SALE by FLYING. In Digital + Print Get Early Access.,,,,image,ecommerce,88438,1024,79,1276.38
enriched_ad_6448,campaign_033,Aircraft For Sale by Flying,The new way to buy or sell your next plane. In Digital + Print AIRCRAFT FOR SALE Get Early Access,,,,image,ecommerce,34628,447,44,577.97
enriched_ad_6449,campaign_024,Intel XEON D Rugged Single Board Computers,"Rugged Single Board Computers with 40 Gigabit Ethernet, native extended temperature and integrated security FPGA for enhanced data protection.",VIEW NOW,,,image,ecommerce,99753,1251,128,1761.7
enriched_ad_6450,campaign_040,CELEBRATE DAD,$10 UNLIMITED POPULAR WOODWORKING SUBSCRIPTIONS GIVE A GIFT NOW!,,,,image,entertainment,26676,492,44,163.71
enriched_ad_6451,campaign_001,Scandinavian Folk Festival,"Join us at the Northwest Arena in Jamestown, NY for an unforgettable experience. Celebrate Scandinavian culture with music and dance on July 15 & 16.",Buy Tickets Now!,facebook,,image,entertainment,37228,861,131,320.41
enriched_ad_6452,campaign_044,Expect the best... from the best!,"Bath/kitchen remodeling
Stone & marble
Connolly's Bath & Tile Works
Complete Bath Packages
Supplied & Installed",LEARN MORE,,,image,ecommerce,82513,1617,122,974.49
enriched_ad_6453,campaign_003,Be The Reason Why... ROOMS Get Fixed.,COASTAL CC COMMUNITY OF THE F F FOUNDATION IN SOUTH CAROLINA,Learn More,,,image,ecommerce,33540,571,40,385.73
enriched_ad_6454,campaign_003,SEE AVAILABLE JOBS IN GLENWOOD SPRINGS AND BEYOND! COLORADO MOUNTAIN JOBS,,CLICK HERE TO SEE AVAILABLE JOBS IN GLENWOOD SPRINGS AND BEYOND!,,,image,"employment, jobs",31783,560,39,367.24
enriched_ad_6455,campaign_014,SUMMER & FALL SEMESTER SCHEDULE AT MOUNT CO,"Summer Schedule:
• 10-WEEK SESSION STARTS 6/5
• 6-WEEK SESSION II STARTS 7/6
Fall Schedule:
• 15-AND 7-WEEK I SESSION START 8/30
• 7-WEEK SESSION II STARTS 10/25",ENROLL NOW,,,image,education,33438,762,78,220.38
enriched_ad_6456,campaign_035,Schedule a Consultation,"CHES-MONT PERSONAL INJURY LAW CENTER, LLC offers QUALITY LEGAL REPRESENTATION. We are located at 600 Creekside Drive, Suite 605 in Pottstown, PA 19464 and provide tough legal representation close to home.",GET A FREE CONSULTATION,,,image,ecommerce,21167,224,20,376.79
enriched_ad_6457,campaign_045,A/C Compressor & Component Kits,PROFESSIO o+FOURSEASONS. GRADE AC off June Instant Rebatel RA ROCKAUTO.COM All The Parts Your Car Will Ever Need,,,,image,automotive,76396,859,19,1676.42
enriched_ad_6458,campaign_006,"You Chill, We Grill Oliver Weekends Plan",All Stores Your Real BBQ Meal - Available from 11 AM to 7 PM!,,,,image,ecommerce,97895,1974,95,1085.21
enriched_ad_6459,campaign_006,Friedmans Appliance,Appliance | 100 AS Experience the Miele Innovation Center Exclusively at Friedmans Appliance Miele,,,,image,ecommerce,48918,1025,89,624.7
enriched_ad_6460,campaign_005,Helping Your Business Grow,How can we help you? EXCHANGEBANK.COM > Member FDIC NMLS ID 643948 Exchange Bank,,,,image,ecommerce,45000,553,55,541.94
enriched_ad_6461,campaign_007,SONOMA CLEAN POWER,"Presenting Sponsor at Mine and Food Festival, North Coast.",,,,image,entertainment,54673,1023,126,346.9
enriched_ad_6462,campaign_004,"Stock Your Inbox with Recipes, Reviews & Restaurant News","Discover the Maine Dish - Sign up for exclusive recipes, reviews and restaurant news. Stay updated on what's new in your favorite eateries.",Sign Up Now STT,,,image,entertainment,94329,1675,233,788.04
enriched_ad_6463,campaign_027,NordVPN Best VPN Deal,Internet Security and Privacy Get VPN -66%,,,,image,ecommerce,30181,392,20,424.5
enriched_ad_6464,campaign_045,Mose mobile,4.7/5 ✰✰✰✰✰ as of 19/01/2022 CANSTAR 25GB OF DATA FOR JUST $16.80 BUY NOW,BUY NOW,,,image,ecommerce,33697,491,43,486.9
enriched_ad_6465,campaign_050,Sarte Caitl Mobile Order On The Go Eats Penn State,,,,,image,food,20147,338,43,176.97
enriched_ad_6466,campaign_010,Watch Star in Action! 2023 Nominations Now Open!,,,,,video,entertainment,43808,935,99,360.62
enriched_ad_6467,campaign_008,Watch V,,Learn More,,,video,entertainment,46674,1409,133,235.36
enriched_ad_6468,campaign_007,SHAFT GROUNDING AT ITS BEST,"Maintenance-Free Bearing Protection Kits
HELWIGⓇ • Avoid costly repairs, downtime, & warranty claims
• Internal or external mounts
Learn More
• Lifespan of 10+ years",Learn More,,,image,ecommerce,74568,1348,65,746.04
enriched_ad_6469,campaign_022,Earn a PharmD that puts YOU FIRST.,Learn More HIGH POINT UNIVERSITY,,,,image,education,70698,1561,151,713.81
enriched_ad_6470,campaign_011,Un-Bee-Liveable News!,Farnell is an AVNET company that adopts bees with each purchase. See more.,,,,image,ecommerce,29501,431,31,289.93
enriched_ad_6471,campaign_011,Go From B to A Faster,Your success story starts with better writing. Get Grammarly.,,,,image,education,32604,631,88,255.51
enriched_ad_6472,campaign_044,Upgrade Everything,,Shop Now,,,image,ecommerce,65829,779,74,639.81
enriched_ad_6473,campaign_037,PUFFCO PEAK PROT,,Shop Now,,,image,ecommerce,96639,1556,113,1693.86
enriched_ad_6474,campaign_032,Tesco Teisco,,Learn More,,,image,ecommerce,72243,860,53,1220.89
enriched_ad_6475,campaign_037,ARE YOU PREPARED TO SURVIVE?,"Experts' Survival Strategies for Natural Disasters, Urban Threats, and Other Deadly Emergencies",,,,image,education,84981,1236,155,639.91
enriched_ad_6476,campaign_038,Supply Chain Issues? Let Randstad Help You Hire!,Are supply chain headaches driving you crazy?,Hire Now,facebook,,image,ecommerce,70588,1210,82,717.8
enriched_ad_6477,campaign_049,Discover Now,,,,,image,ecommerce,23544,352,17,394.34
enriched_ad_6478,campaign_024,NEWHAVEN DISPLAY,"DIGI-KEY ELECTRONICS Cost-effective, high-quality display devices ranging from LCD to VFD.",BUY NOW,,,video,ecommerce,68873,962,52,862.18
enriched_ad_6479,campaign_043,Florida's Leading Academic Health System,"For over 50 years, USF Health Morsani College of Medicine has been at the forefront of medical education and healthcare in Tampa.",Learn More,,,image,education,84018,1104,142,890.98
enriched_ad_6480,campaign_018,NEW! Refresh Your Rooms with What's New. Shop Now,,Shop Now,,,image,ecommerce,56978,1115,102,1019.2
enriched_ad_6481,campaign_014,Gallery of Guns,,,,,image,entertainment,48020,1078,203,375.02
enriched_ad_6482,campaign_011,"Discover Movies, Music, Games and Audiobooks","Movies, Music, Games,
Audiobooks & More...",Click on 'Start',,,image,entertainment,59491,1416,260,525.87
enriched_ad_6483,campaign_045,12 Places to Shop,For Every Type of Gourmand SEE THE LIST ON EATER>,,,,image,ecommerce,55893,845,53,613.71
enriched_ad_6484,campaign_010,RABIES PREVENTION,WHEN GOING FISHING IN THE US Learn about rabies and wild rabid animals at www.rabieswatch.com us-HB3-2300019 RABIES,,,,video,healthcare,35172,726,45,896.34
enriched_ad_6485,campaign_021,Discover Chloé,"Explore the latest collection from Chanel with our exclusive range of shoes, bags and accessories. Perfect for any occasion.",Shop Now,facebook,,image,ecommerce,98588,2045,141,1703.43
enriched_ad_6486,campaign_021,The Shack Community of Misfits,,,,,image,entertainment,48019,1086,117,247.85
enriched_ad_6487,campaign_050,Astrology Answers,CHOOSE YOUR SIGN TO SEE WHAT IS COMING NEXT ARIES GEMINI LEO LIBRA T=22 TAURUS AQUARIUS CANCER VIRGO SAGITTARIUS CAPRICORN SCORPIO A PISCES,,,,image,entertainment,67359,1510,172,574.11
enriched_ad_6488,campaign_005,CrowdStrike vs. Amazon Web Services (AWS): How Secure Is Your Cloud?,"How secure is your cloud? Find out and receive $1,000 in AWS credit for getting an instant free health check.",Get a Free Health Check,,,image,ecommerce,53249,581,53,829.2
enriched_ad_6489,campaign_024,Save Money Like MrBeast,It pays to pay with PayPal. Start Saving. Honey. Individual received compensation for their participation. Individual results may vary.,,,,image,ecommerce,41194,777,71,664.49
enriched_ad_6490,campaign_033,COMPOSTABLE PLATES,"Hefty, ECOSAVE. Made WITHOUT PFAS. Not suitable for home composting.",SHOP NOW,,,image,ecommerce,95632,1370,75,1531.11
enriched_ad_6491,campaign_021,Doctor of Medical Sciences,EVIDENCE-BASED AND FOCUSED are at the highest in decades HIGH POINT UNIVERSITY,APPLY NOW,,,image,education,58398,1137,115,501.11
enriched_ad_6492,campaign_012,Building the New Energy Landscape,> Learn more ALFA,,,,image,,24832,469,23,252.21
enriched_ad_6493,campaign_005,Optimize your football knowledge with Opta Analyst,"Discover the best strategies, player stats and game insights to elevate your understanding of football. Visit our website for comprehensive analysis.",Visit now,,,image,education,21709,507,67,250.42
enriched_ad_6494,campaign_047,Deficious Healthy Food,,Shop Now,,,image,food,87055,2244,152,1300.1
enriched_ad_6495,campaign_024,Canto,Your brand is growing fast. Manage it at scale.,,,,image,entertainment,94907,1697,294,644.77
enriched_ad_6496,campaign_030,"NEVATECH - API MANAGEMENT, MONITORING & SECURITY",,> V,,,image,ecommerce,75982,1157,95,962.29
enriched_ad_6497,campaign_042,Maximize Your Advertising Success,"Display, Native & Social in one platform",,,,video,ecommerce,52460,993,64,935.67
enriched_ad_6498,campaign_015,MADE RIGHT HERE,"SATURDAYS 6
GORE
MUTUAL
INSURANCE THAT DOES GOOD.
R
greater Kitchener Waterloo Chamber of Commerce Avances Biliny",,,,image,ecommerce,69201,1424,84,985.62
enriched_ad_6499,campaign_012,Diskon Buat Naim Goride,,,,,image,ecommerce,77082,1126,66,1205.34
enriched_ad_6500,campaign_038,DISKON 30RB,BUAT NAIK gocar HOMOGOCARAJA Pe,,,,image,,26959,497,33,367.21
enriched_ad_6501,campaign_019,Mac in the Modern Hybrid Workplace,,Get Started,,,image,ecommerce,30080,386,34,399.56
enriched_ad_6502,campaign_020,Cloud Attacks Are Up 95%,Need to know how CrowdStrike can help you?,Get The Report,,,image,ecommerce,58265,1220,63,602.9
enriched_ad_6503,campaign_046,GRAND WISATA,Rumah 2 Lantai 1 Menit dari Mall Livivling World HARGA CICILAN KPR | FREE BIAYA KPR sinarmas land Building for a better future,,,,image,real_estate,86315,1144,14,2001.97
enriched_ad_6504,campaign_041,New Free Features in HashiCorp's Terraform Cloud,"Discover the latest additions to your favorite Infrastructure as Code (IaC) platform with our new features including Single Sign-On, Run Task and Advisory Enforcement. Get started for free!",Start for free →,,,image,ecommerce,66715,1091,95,1106.44
enriched_ad_6505,campaign_006,KEET TO A'SAR SLOTS TICKET TO VEGAS WANNAGO,,PLAY NOW,,,video,entertainment,94386,2766,432,562.67
enriched_ad_6506,campaign_043,Shen Yun Zuo Pin Live Concert at Academy of the Arts,"2022 Fei Tian Music Competition. Premiers on June 24th at 8 PM ET, available to watch for free.",,,,video,entertainment,85249,2820,381,620.67
enriched_ad_6507,campaign_040,CHAD HOLLISTER QUINTE ACOUSTIC TRIPPY FAMILY LOADER,"Showspm Gates Open June 25, 2023 Concert Merddow",,,,image,entertainment,94621,1835,262,591.65
enriched_ad_6508,campaign_010,FROM $49 STARRING YOU?!,HYPROV IMPROV UNDER HYPNOSIS GET TICKETS Harrah's Las Vegas,,,,image,entertainment,56547,1052,191,436.29
enriched_ad_6509,campaign_010,CRIS ANGEL MINDFREAK - THE MOST EXCITING SHOW IN VEGAS,,Book Now,,,image,entertainment,87567,1450,234,439.68
enriched_ad_6510,campaign_003,Miranda Lambert,,Buy Now,,,image,entertainment,20466,540,59,130.27
enriched_ad_6511,campaign_011,Looking for the best fish and tanks?,"We've got you covered! Learn More CAPITAL EXOTIC FISH SUMMER SUNDAYS 10% OFF FISH & PLANTS Driven by Liebman & Associates, Inc.",,,,image,ecommerce,66427,1080,100,640.17
enriched_ad_6512,campaign_011,Get Exactly What You Want,Verizon only pays for what you really use.,,,,image,ecommerce,57077,820,54,745.65
enriched_ad_6513,campaign_045,The Banker,"Register now
122PARE
A service from the Financial Times",,,,image,finance,73728,946,29,2191.25
enriched_ad_6514,campaign_039,OneWheel Official Vehicle of Summer,,Shop Now,,,image,ecommerce,64642,991,88,656.75
enriched_ad_6515,campaign_042,I felt so good having proof for myself and others. Soberlink was that missing part of the puzzle.,Soberlink,Learn More,,,image,ecommerce,21124,236,21,325.91
enriched_ad_6516,campaign_012,KONI Performance Shocks for Your Car,,,,,image,automotive,79686,757,22,1615.1
enriched_ad_6517,campaign_030,QualitEst™ Al-powered Engineering-Driven Software QA Services,Consult Our Engineers for top-notch software quality assurance services.,CONSULT OUR ENGINEERS,,,image,ecommerce,74315,1240,107,1201.3
enriched_ad_6518,campaign_047,CrowdStrike Recognized,CrowdStrike has been acknowledged by Gartner as a representative vendor for Cloud-Native Application Protection Platforms (CNAPP). This recognition is included in the latest edition of the Gartner® Market Guide.,,,,image,"ecommerce, saas",80472,1395,73,1096.64
enriched_ad_6519,campaign_017,AMITY UNIVERSITY - APPLY NOW,"Join AMITY University and secure your future with over 13,000 placements in more than 1,000 corporations by the end of our academic session. Apply for admission to ensure you are part of this prestigious institution.",Apply Now!,,,image,education,78949,1697,149,777.87
enriched_ad_6520,campaign_032,From Idea to Execution,"More of everything you need, from idea to execution.",,,,image,ecommerce,35649,425,42,421.45
enriched_ad_6521,campaign_048,From Idea to Execution,"More of everything you need, from idea to execution.",,,,image,ecommerce,21071,380,29,252.52
enriched_ad_6522,campaign_035,L Gummer Challenge June 1-AUGUST 15,Sign up at any Library location. Supper provided by Dana Brown Charitable Trust St. Louis Pablo Library ST. LOUIS PUBLIC LIBRARY Click Here,Click Here,,,image,education,33215,508,79,239.23
enriched_ad_6523,campaign_024,St. Louis Hills Pharmacy - Veteran Owned,"- LOW COST MEDICATIONS
-DURABLE MEDICAL EQUIPMENT
-HOME DELIVERY
4365 Chippewa St Suite 100, St. Louis, MO 63116
sthillsrx.com",,,,image,ecommerce,65705,741,62,916.74
enriched_ad_6524,campaign_041,Enter the Marine Corps Essay Contest,"Deadline: August 31, 2023. More details here.",,,,image,education,97518,1502,135,971.24
enriched_ad_6525,campaign_049,The American Sea Power Project,A Naval Institute initiative to revive thinking about maritime strategy.,,,,image,education,45060,980,81,444.26
enriched_ad_6526,campaign_012,Naval Intelligence Essay Contest,Enter the Naval Institute's NAVAL INTELLIGENCE ESSAY CONTEST Sponsored by Naval Intelligence Professionals Deadline: 31 JULY 2022 MORE DETAILS HERE this is incomplete text.,,,,image,education,29615,416,46,261.22
enriched_ad_6527,campaign_035,Local Music Spotlight,,,,,image,entertainment,61839,1179,131,553.05
enriched_ad_6528,campaign_011,Chicago Board of Watch Tonight,,,,,video,entertainment,49555,952,151,394.49
enriched_ad_6529,campaign_044,Coupon Codes Found,The coupon-finding browser extension Cape Shopping You saved $45 automatically! WELCOME 10 Unlock FREE Coupons Savings may vary. Savings found on 04/20/23.,,,,image,ecommerce,69305,1321,69,889.32
enriched_ad_6530,campaign_036,How Far Does $1 Million Go in Retirement?,,Learn More,,,image,finance,40785,527,21,796.31
enriched_ad_6531,campaign_023,7 Ways to Avoid Running Out of Money During Retirement,,,,,image,finance,97631,736,26,1835.42
enriched_ad_6532,campaign_030,IMPACT THE FUTURE OF CATHOLIC EDUCATION,"The University of Notre Dame is leading the way in Catholic education, providing unparalleled academic opportunities and spiritual growth for students.",,,,image,education,40572,635,50,346.46
enriched_ad_6533,campaign_048,12 Places to Shop For Every Type of Gourmand SEE THE LIST ON EATER,,,,,image,ecommerce,95135,1360,119,1288.44
enriched_ad_6534,campaign_042,The Michael J. Fox Foundation,For Parkinson's Research Honor the Legacy of a Loved One Donate,Donate,,,image,ecommerce,69873,997,67,1148.34
enriched_ad_6535,campaign_045,Counsel Others Holistically,Pursue an online master's in counseling. Discover how to combine Christian faith with practice. Build key skills through internship experiences.,,,,image,education,35534,791,100,415.41
enriched_ad_6536,campaign_012,House Carers,,Click Here!,,,image,ecommerce,47955,689,33,703.66
enriched_ad_6537,campaign_033,hire smarter with competitive pay,get the 2023 salary guide. download now,,,,image,real_estate,97708,1142,17,2899.93
enriched_ad_6538,campaign_027,San Andreas FF,,,,,image,entertainment,35724,661,115,235.49
enriched_ad_6539,campaign_038,Own Your Brand Space,Plan. Create. Launch. Optimize.,,,,image,ecommerce,29894,526,43,322.06
enriched_ad_6540,campaign_043,Free IT Help Desk Software,"ManageEngine Service Desk Plus is an efficient tool to manage your service desk operations. With features like ticketing, knowledge base management and reporting tools.",Try for free,,,image,ecommerce,55019,655,57,683.11
enriched_ad_6541,campaign_044,Distinctive Collection,"Better Homes, LIFE STYLE BY DESIGN. Each franchise is independently owned and operated.",,,,image,ecommerce,58263,624,52,594.81
enriched_ad_6542,campaign_009,Switcher Sale! Limited Offer!,,Save,,,image,ecommerce,40006,482,49,643.1
enriched_ad_6543,campaign_019,V Virtuoso,,Start for Free Now >,,,image,,69061,764,60,985.52
enriched_ad_6544,campaign_031,Start with PDFtab,,,,,image,ecommerce,96318,1855,163,1156.27
enriched_ad_6545,campaign_019,"SAVE UP TO $1,500 ON BECKER CPA ENDS SOON",Save Now Becker CPA Exam Review,,,,image,education,39564,898,121,285.06
enriched_ad_6546,campaign_037,POCKET GUIDE to Emergent and Serious Adverse Events in PSYCHOPHARMACOLOGY,,,,,image,education,68061,921,87,670.98
enriched_ad_6547,campaign_031,Brad's Career in Greatness,,Shop Now,,,image,entertainment,31719,551,106,208.42
enriched_ad_6548,campaign_006,Vote Now!,,Click Here,,,image,ecommerce,32233,371,23,397.46
enriched_ad_6549,campaign_038,Eliminate Rent HouseCare,Find peace of mind while you're away.,,,,image,ecommerce,82206,1104,70,1369.98
enriched_ad_6550,campaign_014,Head Chuck Rib Brisket Plate Saray Short Count Nionis Flank Milling Tad Hump Rump Round Sea Y,,,,,image,"food and beverage industry, meat processing",59995,1002,88,784.94
enriched_ad_6551,campaign_050,Make Your Shelves Appear Full 24/7,,,,,image,ecommerce,69044,768,41,921.12
enriched_ad_6552,campaign_004,Discover Microsoft’s AI-Powered Edge Experiences,Experience seamless integration of cloud-edge solutions using Microsoft's latest offerings. Explore the innovative features that come along with our advanced Windows platform.,Explore Al and new developer tools now!,facebook,,image,ecommerce,83124,898,68,1044.32
enriched_ad_6553,campaign_029,Shop Now at Lightinthebox,"Discover the ultimate gift for your loved ones with our curated selection of trendy and stylish items. Whether it's jewelry, home decor, or fashion accessories, we've got you covered.",Shop Now,,,image,ecommerce,24670,449,23,412.43
enriched_ad_6554,campaign_028,Is Climate Resilience on Your Radar? Seek & Prosper,Explore sustainability solutions at S&P Global Market Intelligence.,,,,image,ecommerce,73982,1527,143,886.54
enriched_ad_6555,campaign_044,Shopico Anniversary Sale,Celebrate SHOPICO.ca's anniversary with exclusive deals and offers available now. Don't miss out on our special discounts for this year-end celebration.,SHOP NOW,facebook,,image,ecommerce,26868,489,24,370.84
enriched_ad_6556,campaign_042,REST gravitee.io,"Kafka, SOAP, MQTT... Manage all your APIs >",,,,image,ecommerce,91866,1769,131,1097.03
enriched_ad_6557,campaign_012,Build Al Search ESRE™,Applications with Elasticsearch Learn more → elastic ||| Gradin,,,,image,,67365,1382,81,648.84
enriched_ad_6558,campaign_004,Beyond Bollywood - 2000 Years of Dance in Art,V EVERY MOVE HAS MEANING. Asian Art Museum MUSEUM DIFFERENTLY.,GET TICKETS,,,image,entertainment,30228,529,84,173.3
enriched_ad_6559,campaign_031,Tax990 - Keep Doing Good,The IRS mandates Nonprofits to e-file. Start your journey to seamless e-filing with Tax990 today! Explore more.,Start your journey to seamless e-filing with Tax990 today!,,,image,ecommerce,96192,1797,118,1422.02
enriched_ad_6560,campaign_030,Autodesk is putting the Flex in flexibility.,Pay-as-you-go product access Learn more,,,,image,ecommerce,21750,266,26,302.76
enriched_ad_6561,campaign_038,Soundproof and Sustainable,"Experience the ultimate in sound insulation with our eco-friendly solutions that have delighted over 6,000 satisfied clients. Discover how you can transform your space into an oasis of tranquility.",GET A ROOM,,,image,ecommerce,92635,1461,111,926.66
enriched_ad_6562,campaign_017,Explore the Legacy,"©Estate of Jean-Michel Basquiat Licensed by Artestar, New York Editions New York / 21 June BROWSE & BID PHILLIPS",BROWSE & BID,,,image,entertainment,28917,456,53,220.9
enriched_ad_6563,campaign_042,Trust Twilio and SendGrid,"Email your customers with confidence using our trusted services. Email delivery is not just scalable, it's reliable too.",Try for free,facebook,,image,ecommerce,75843,1311,97,921.32
enriched_ad_6564,campaign_032,Get Recipes,Delivered to Your Inbox! Taste of Home Sign Up »,,,,image,food,58188,1131,97,670.01
enriched_ad_6565,campaign_013,Amphenol - Open Compute Project Solutions,High-speed connectors and cables designed specifically to meet the needs of your high-performance computing projects.,,,,image,ecommerce,71771,1470,128,1122.14
enriched_ad_6566,campaign_045,Leader of i Year [85],[85] 翹首遠志 啟迪領航,,,,image,entertainment,90038,1837,311,547.43
enriched_ad_6567,campaign_049,Acquired EOS Tokens,"Involved in a US domestic transaction between Jun 26, 2017 - May 18, 2020.",,,,image,ecommerce,54908,801,52,746.25
enriched_ad_6568,campaign_009,Performance Tools That Keep Up With Your Code,MX Keys Combo Learn More,,,,image,ecommerce,64953,1230,107,728.93
enriched_ad_6569,campaign_009,Al-generated Images,Worry-free licensing. Try for free shutterstock.,,,,image,ecommerce,94657,1845,185,1134.28
enriched_ad_6570,campaign_047,MineCraft Grand Theft Auto San Andreas,,,,,image,entertainment,25262,523,76,186.16
enriched_ad_6571,campaign_003,Help People Affected by Disasters Big and Small,,DONATE NOW,,,image,ecommerce,81907,1719,140,1062.23
enriched_ad_6572,campaign_043,"CCleaner - Clean, Fast & Secure PC","PC with CCleaner's award-winning tools. Fix errors, recover files, delete trackers and boost your computer's performance.",Get CCleaner Pro,,,image,ecommerce,87141,1254,100,1457.05
enriched_ad_6573,campaign_019,"Seismic","Ready to bring speed, simplicity, and success to your go-to-market teams? O",Learn More,facebook,,image,ecommerce,46032,938,52,742.24
enriched_ad_6574,campaign_029,2.5 Liquid Web™ Managed Hosting,"Dedicated hosting for Linux or Windows with guaranteed network and power uptime, available from $99.",SHOP NOW,,,image,ecommerce,82347,1188,107,1143.26
enriched_ad_6575,campaign_048,Your Nationwide Service of Process,,Place Order >>,,,image,ecommerce,26152,432,30,415.23
enriched_ad_6576,campaign_032,American Patriot Daily,,Click Here to Vote Now,,,image,ecommerce,55908,681,32,897.38
enriched_ad_6577,campaign_039,EL PRIMER SOBREVIVIENTE DE LA ENFERMEDAD DE ALZHEIMER EXISTE.,,,,,image,healthcare,49362,740,54,1199.59
enriched_ad_6578,campaign_028,NEW Rolling Stone ON SALE 5 JUNE Now in Coles AU/NZ The TESKEY BROTHERS NOWHERE TO HIDE GET LONG FOR,,,,,image,entertainment,95566,1357,125,565.43
enriched_ad_6579,campaign_028,Tyson Where Pop-Culture and Sports Collide,TYSON TMZ SPORTS WHERE POP-CULTURE AND SPORTS COLLIDE PU MONDAY-FRIDAY ON FS1,,,,image,entertainment,59867,1097,106,488.02
enriched_ad_6580,campaign_037,Stars on Mars,"From the red carpet to the red planet, next day. Mondays Fox | Hulu",,,,image,entertainment,39224,964,125,224.24
enriched_ad_6581,campaign_017,YOU DON'T NEED MONEY TO MAKE MONEY,I Here's how > THE INVESTING CIRCLE is designed to help you achieve financial freedom without the need for significant capital.,,,,image,finance,82582,981,33,2204.15
enriched_ad_6582,campaign_008,Champs Diet,,,,,image,food,28468,639,61,419.84
enriched_ad_6583,campaign_039,Leonardo DiCaprio Hosts Neelam Gill and Squad On $150 Million Yacht,,,,,image,entertainment,93661,1651,188,641.11
enriched_ad_6584,campaign_015,Time to Expand Your Portfolio's Horizon?,ロマ Emerging Markets Great Consumer ETF EMC PROSPECTUS > SEHINVESTMENTS DISTRIBUTION CO GLOBAL X by Mirae Asset,,,,image,finance,51255,418,14,1170.65
enriched_ad_6585,campaign_039,ALMAC,Almac Pharma Services Tailor-made Solutions you can rely on Find out more ALMAC,,,,image,ecommerce,26455,311,31,277.8
enriched_ad_6586,campaign_048,Top Rated Online Games,"*5.0 ratings for MineCraft, Snake.io, Roblox and Garena Free.",,,,image,entertainment,20286,544,93,102.95
enriched_ad_6587,campaign_030,Email APIs from Twilio and SendGrid,"Twilio's Email API, combined with SendGrid's powerful tools, offers an unparalleled experience in managing emails. Designed specifically by the developers of these platforms for other developers.",Start Free,,,image,ecommerce,63430,1108,87,698.26
enriched_ad_6588,campaign_009,Reliable Email Delivery,Trust TWILIO and SendGrid to deliver emails at scale. Try for free.,Try Now,,,image,ecommerce,46512,770,55,512.27
enriched_ad_6589,campaign_027,Capitol One Shopping,The coupon-finding browser extension Got Coupons? SEE FREE CODES Get FREE promo codes automatically applied at checkout.,,,,image,ecommerce,20497,336,26,289.8
enriched_ad_6590,campaign_023,InfluxDB Cloud,Build better real-time apps in less time with less code. Try For Free,,,,image,ecommerce,59121,1087,63,840.35
enriched_ad_6591,campaign_006,"SUGAR SMART: CUT DOWN, NOT CUT OUT!","BANANA SMOOTHIE - O
15 min
1 cup plant-based milk
1 banana
1 scoop out
1 cup chilled coffee
BLUEBERRY COCONUT SMOOTHIE - PINEAPPLE TURMERIC SMOOTHIE - STRAWBERRY AVOCADO SMOOTHIE - 5 min sma",,,,image,ecommerce,29773,558,36,325.81
enriched_ad_6592,campaign_042,Don't Miss Out G.Loomis American Legacy Fishing Company,,Shop Now,,,image,ecommerce,81108,1505,83,1184.22
enriched_ad_6593,campaign_024,Need to Sell Your Car? We’ll Pay You Top Dollar!,,,,,image,automotive,28881,307,11,453.01
enriched_ad_6594,campaign_042,OPTYMINT WALI EQUAL HOUSING OPPORTUNITY OPTIMIST VILLAGE INC.,"With Beautiful Scenery, pet friendly environment, and an awesome staff, our community for a cozy place to call home. 3650 Optimist-Way, West Orange, TX 77630",LEARN MORE,,,image,real_estate,63955,559,13,1256.67
enriched_ad_6595,campaign_006,Dominium Energy®,Get more comfort control and energy savings.,,,,image,ecommerce,87685,1265,105,1428.0
enriched_ad_6596,campaign_013,"CIVIC Theatre - Something Na no I Love You, You're Perfect",SEPAKAR 20 ECOLOR PURPLE PAN JERSEY BOYS Tickets SIX DEGREES OF SEPARATION HRVARY FOR on sale now! 2023-2024 Season SHREK MALAY Salem MARE. ****,,,,image,entertainment,28743,732,108,243.33
enriched_ad_6597,campaign_007,Free Shipping,,,,,image,ecommerce,61304,1136,118,950.74
enriched_ad_6598,campaign_021,Celebrate Vivaia's Anniversary with Up to 50% Off!,,Shop Now,,,image,ecommerce,73514,966,80,1172.86
enriched_ad_6599,campaign_039,Staying Ahead of Stinky,,,,,image,ecommerce,52698,696,54,747.91
enriched_ad_6600,campaign_018,Think You,,,,,image,,25606,386,34,415.59
enriched_ad_6601,campaign_039,Specialised 4x4 Insurance Product,Get an obligation-free quote for our specialised 4x4 insurance product. Visit www.tuffstuff.co.za to learn more.,Learn More,,,image,ecommerce,44127,766,39,718.47
enriched_ad_6602,campaign_021,TATA AIG Car Insurance,"Switch on your mental peace with Tata AIG's comprehensive insurance coverage, ensuring you are always protected.",GET PRICE,,,image,ecommerce,80652,1600,140,862.97
enriched_ad_6603,campaign_001,Green Mountain C - Fresh Ingredients for Every Recipe,"Discover the finest ingredients sourced from Green Mountain C. Whether you're looking to elevate your culinary creations or simply enjoy delicious meals, our selection is perfect for any recipe.",Shop Now,,,image,food,81113,1295,153,1179.53
enriched_ad_6604,campaign_036,Kubota B Series,"B Series - $0 down 0% APR for up to 60 months + save up to $800 See full disclaimer at www.KubotaUSA.com/disclaimers INA STORE Inc. Serving you from Beum Downows Isa! 10035 21 Mile Rd., Tustin, MI 49688",,,,image,ecommerce,59780,661,60,691.98
enriched_ad_6605,campaign_020,CARE FOR YOUR SMILE,"and let it brighten your day SAME DAY CROWNS TEETH WHITENING DENTAL IMPLANTS/BITESPLINTS BEERS FAMILY DENTISTRY Dr. Chad Beers and Dr. Kyle Lints LWINNER 2015-2018-2021-2022 Dr. Chud Boers, D.D.S",,,,image,ecommerce,90663,1704,157,1336.17
enriched_ad_6606,campaign_016,BEERS FAMILY | DENTISTRY,"Dr. Chad Beers and Dr. Kyle Lints CARE FOR YOUR SMILE let it brighten your day SAME DAY CROWNS/TEETH WHITENING DENTAL IMPLANTS/BITESPLINTS RED HOT WINNER BEST Dx Chad Bw, D.D.S.",,,,image,ecommerce,26357,313,28,294.41
enriched_ad_6607,campaign_005,Stay Ahead of Storms,AccuWeather - Stay Updated. Stay Prepared.,Get the App,,,image,ecommerce,25272,348,29,409.6
enriched_ad_6608,campaign_005,The News,Unlimited Access to Everything at AchrNews.com for as low as $3.33/month Subscribe Today,Subscribe Today,,,image,ecommerce,28672,518,53,515.36
enriched_ad_6609,campaign_017,Malco Theatre Experience,"SINCE THIS Malco Theatres offers MARQUEE REWARDS. EARN. REDOEM. REPEAT. Relax and recline with LUXURY RESERVED ReclinER Seating at MXT Summer Drive-In located at 5310 Summer Ave in Memphis, TN since 1966.",,,,image,entertainment,20231,558,65,167.48
enriched_ad_6610,campaign_021,VIVAIA Designed for All Day Wear,,Shop Now >,,,image,ecommerce,78189,1191,64,857.69
enriched_ad_6611,campaign_043,Wall cent rasain elds Others FIL SELECT,We Make Test Easy™ MTS-3060A SmartCan™ Universal O-Level Armament Test Set The ACE and Multi-Capable Airmen Enable,,,,image,ecommerce,66532,1154,67,1182.81
enriched_ad_6612,campaign_040,The Essential Magazine For The Defence Industry,Read the latest issue now. Global Defence Technology.,,,,image,ecommerce,49928,824,42,897.98
enriched_ad_6613,campaign_013,Find Better Campgrounds,Get exclusive access to better reviews. RV Life Trip Wizard,,,,image,travel,39619,457,32,629.9
enriched_ad_6614,campaign_040,CAPITAL ONE SHOPPING PROMO CODES,Unlock FREE coupons. Get automatic savings at checkout.,,,,image,ecommerce,49433,1026,57,705.97
enriched_ad_6615,campaign_012,FOUND JUST ALIGN THE IRONS TO FIND THE DOT,,,,,image,entertainment,95222,1416,146,649.25
enriched_ad_6616,campaign_034,Register by JUNE 17 Vote Early,Vote early from June 17-25. Election Day is on June 27 in NYC.,,,,video,"election, voting",34230,595,57,546.04
enriched_ad_6617,campaign_050,"Free Edit, Convert & Fill PDFs",Convert your documents seamlessly with our free tools. Turn any document into editable formats like Word or fill in missing information effortlessly.,Try it now!,facebook,,image,ecommerce,95906,1278,80,1326.81
enriched_ad_6618,campaign_008,CRUSADER FLY MASK BY CASHEL,,Learn More,,,image,ecommerce,33634,389,32,480.79
enriched_ad_6619,campaign_008,University of Aberdeen - One-Year Master's Programmes,"Explore our diverse range of Master’s programmes at University of Aberdeen. Specialize in fields such as MSC Archaeology, MSC Archaeology of the North, and MSC Osteoarchaeology with a focus on Scotland.",,,,image,education,27693,626,96,210.32
enriched_ad_6620,campaign_034,THINKMATE HIGH PERFORMANCE COMPUTING,"Affordable Servers, Workstations and The Best System Configurator Online.",SHOP NOW > L THINKMATE *** ***** FER * M,,,image,ecommerce,84218,1614,115,1493.18
enriched_ad_6621,campaign_031,ArtNet Auctions - Exclusive Access to Rare Art,"Discover the world of fine art with our curated collection. From classic masterpieces by renowned artists like Van Gogh, Monet and Picasso to contemporary pieces from emerging talents in today's market.",Shop Now!,facebook,,image,ecommerce,65678,1127,85,988.67
enriched_ad_6622,campaign_012,REVLON COLORSILK BEAUTIFUL COLOR™ Ammonia-free LORSILK,,Shop Now,,,image,ecommerce,84408,1125,103,1265.4
enriched_ad_6623,campaign_029,United Community Bank,Member FDIC. Balancing budgets and investing in your future?,,,,image,finance,79301,1042,46,2317.55
enriched_ad_6624,campaign_026,Official News,In Your Inbox Subscribe Now ATP TOUR,,,,image,,37785,547,52,622.85
enriched_ad_6625,campaign_037,"Driver Reviews, Rides, Rigs, and More",,Visit UTV Driver >,,,image,ecommerce,55927,801,55,939.35
enriched_ad_6626,campaign_029,AUANew,8p Sexual and Urinary Function following Cystectomy News Comen American Urological Association The latest news from the AUA. Madaming of Compl TO TA J J,,,,image,healthcare,56583,572,40,1309.2
enriched_ad_6627,campaign_003,Buy or Sell Your Audi Online,The easiest way to sell your car online. Hemmings.,,,,image,ecommerce,78844,1510,94,1103.9
enriched_ad_6628,campaign_031,EOFY Sale,save big on Kids' Toys CAUSRAPHIC shop.australiangeographic.com.au Save up to 20% AUSTRALIA'S Came Collector Kine C AUSTRALIA'S Game Chemistry Set Been Geainity RECYCLED Paper Beads LE tim,,,,image,ecommerce,66674,755,53,1165.95
enriched_ad_6629,campaign_009,Australia's Best Bike Rides in National Parks - Save Up to 30%!,"- Australia's best bike rides
- Geographical Australia
- Our Country",shop.australiangeographic.com.au,,,image,ecommerce,32696,562,38,577.77
enriched_ad_6630,campaign_034,Trust Thermo Fisher Scientific Applied Biosystems BigDye™ Termination Kits for Your Science,Applied Biosystems offers reliable and trusted scientific solutions with their innovative products. Get the original applied biosystems kits.,Get Started Today!,facebook,,image,ecommerce,80883,1113,58,1168.46
enriched_ad_6631,campaign_027,CANERAL IN - Fir A New Lease on Electric,"Grand Touring Air Offer Details > LUCID *Only for select Grand Touring trims available now for well qualified lessees. For 36 months. Expires 6-30-23. $12,804 due at signing.",,,,image,ecommerce,53958,1121,63,906.91
enriched_ad_6632,campaign_002,"Small Hower",(floral studio),Learn More,facebook,,image,ecommerce,58479,655,40,700.61
enriched_ad_6633,campaign_027,Stephen Cleaners,Since 1962. Eco-Friendly Dry Cleaning and Laundry with Complimentary Pickup & Delivery at StephenCleaners.ca.,,,,image,ecommerce,44304,887,89,761.29
enriched_ad_6634,campaign_031,Blue Jeans Cable,Audio and Video cables for home theater. Manufactured in the USA.,Buy Now Direct,,,video,ecommerce,87838,1823,155,1515.08
enriched_ad_6635,campaign_023,EVIDENT™ OLYMPUS DSX1000 Digital Microscope,"Guaranteed accuracy and precision with the latest technology in digital microscopy. Experience unparalleled clarity, detail capture, and reliable performance.",Shop Now,facebook,,image,ecommerce,85642,925,50,1273.51
enriched_ad_6636,campaign_016,Olympus DSX1000 Digital Microscope,Guaranteed accuracy and precision for all your microscopic needs.,,,,image,ecommerce,26399,448,31,289.67
enriched_ad_6637,campaign_042,Brinsea Extends Range With New Maxi II & Ovation Models,"The world leading incubator manufacturer is adding the NEW Maxi II and Ovation 28 and 56 to its range of incubators, brooders, egg candlers and automatic Brinsea coop door openers. All with a 3 year warranty.",,,,image,ecommerce,93839,1276,127,1165.7
enriched_ad_6638,campaign_037,High Performance Multi-Mission Radar,Meet us at Paris Air Show. IAI TBM ELTA Systems Ltd.,,,,image,entertainment,58445,1146,191,401.26
enriched_ad_6639,campaign_024,St. Jude Dream Home Giveaway,It's a win-win to help patients like Ay'den with their dream home.,,,,image,real_estate,94007,929,17,2323.24
enriched_ad_6640,campaign_015,YOU'LL NEVER BELIEVE HOW SIMPLE BOATING CAN BE,Learn More For Membership Info Text/Call 202-930-0557 BON CLUB,,,,image,entertainment,52964,1205,122,398.5
enriched_ad_6641,campaign_021,CrowdStrike AWS,How secure is your cloud? Get a free health check.,,,,image,ecommerce,59332,1218,125,740.11
enriched_ad_6642,campaign_004,Let's Move Easy,,,,,image,,68792,943,94,695.99
enriched_ad_6643,campaign_018,Pineapple Citrus Squeeze,,Shop Now,,,image,food,34343,701,67,502.76
enriched_ad_6644,campaign_011,BE MORE THAN A BYSTANDER,Break The Silence On Gender-Based Violence THE BC LIONS WANT YOU TO 'SPEAK UP!' VictimLinkBC 1-800-563-0808 endingviolence.org,,,,image,ecommerce,80814,1148,107,1332.79
enriched_ad_6645,campaign_010,Be More Than A Bystander,Breaking silence on gender-based violence. VictimLinkBC 1-800-563-0808 endingviolence.org,,,,image,ecommerce,36450,524,26,550.16
enriched_ad_6646,campaign_002,Looking for Clinical Whitepapers?,Click here to read the latest insights from industry experts Read now,,,,image,healthcare,21675,363,26,323.66
enriched_ad_6647,campaign_039,Trust Your Goals to the Right Team,NBT Bank - Meet Our Team Focused on What Matters Member FDIC,,,,image,finance,82630,658,20,1754.13
enriched_ad_6648,campaign_025,Straight Talk About Dementia,"Thursday, June 29, 2023
5:00-6:30 p.m.
Home Instead.",REGISTER,,,image,healthcare,85202,1319,87,2139.33
enriched_ad_6649,campaign_046,"IDCITA BUSSE CON RAME BT SEMESTA BOGOR BERPESTA JUNE 24-25, 2023",,,,,image,entertainment,36440,694,73,250.24
enriched_ad_6650,campaign_007,CIREBON FESTIVAL ARHANUD 14,"**GET TOUR TICKETS
JUDIKA. MARION JOLA. RIZKY FEBIAN MC DANNY. ALDY JADONG. TIARA ANDINI. DANILLA. LYODRA MUSIC. CULINARY. ART.SPORT. COMMUNITY. GAMES JA**",,,,image,"entertainment, food, arts & culture",90869,996,103,902.23
enriched_ad_6651,campaign_010,SAVE UP TO 55% ON RIDLEY,,,,,image,ecommerce,59409,1043,84,719.52
enriched_ad_6652,campaign_045,LIQUI MOLY - MOTOR OILS & ADDITIVES MADE IN GERMANY,Contest Top TEC for SAE 5W-30 Motor Oil. LIQUI MOLY is the aftermarket's leading supplier of German motor oils providing all the latest generation of BMW approvals so you won't lose your warranty!,,,,image,ecommerce,63196,1297,76,896.14
enriched_ad_6653,campaign_006,G grammarly,Take the stress out of writing in English. Get Grammarly It's free,,,,image,education,79007,1522,195,674.15
enriched_ad_6654,campaign_036,Fisher Investments,"Blunder #10:
Mismanaging
Retirement
Withdrawals
If you have a $500k+ portfolio,
you should read 13 Retirement Investment Blunders to Avoid.
Learn More",,,,image,finance,99197,957,28,1923.86
enriched_ad_6655,campaign_022,EDG LOL SIGN ADC UZI LOLO,Replace Edg after Prostitution Scandal Read More Ch,,,,image,,68778,1074,85,747.78
enriched_ad_6656,campaign_033,World of Hyatt,Journeys that reward you Members save up to 15% at participating Hyatt hotels and resorts around the world.,Learn More,,,image,ecommerce,21223,269,18,280.65
enriched_ad_6657,campaign_033,E-books,THEOLOGICAL WORKS FROM OUR LIBRARY TO YOURS...,,,,image,education,67035,1583,194,628.1
enriched_ad_6658,campaign_004,Having A Period Is Not A Luxury,"Purchase one product, we will donate two to help end period poverty* Shop Now Only at Walgreens Visit AllianceForPeriod Supplies.org for details Offer valid through 6/30/23 Up to 1.1 million products",Shop Now,,,image,ecommerce,89236,983,69,1156.15
enriched_ad_6659,campaign_008,STAFFING SOLUTIONS,ARE YOU RECRUITING? WE HAVE SOLUTIONS!,CLICK HERE,,,image,ecommerce,88747,1052,55,1563.69
enriched_ad_6660,campaign_017,Begin Your Success Story,"Degrees in Business, Nursing, Counseling, Healthcare & Technology Learn More",,,,image,education,48678,642,98,518.87
enriched_ad_6661,campaign_034,Anniversary,,,,,image,,85959,1566,123,1285.69
enriched_ad_6662,campaign_040,Handmade KaeGreel®,65% off on our exclusive collection of handmade breathable clothing.,,,,image,fashion/ecommerce,40721,842,84,694.56
enriched_ad_6663,campaign_030,Bruin&Life,Hyv Brain & Life Podcast Listen. Follow. Subscribe.,,,,image,entertainment,53157,1290,223,463.44
enriched_ad_6664,campaign_028,SUTHERLAND SECOND ONLY TO NATURE,,Shop Now,,,image,ecommerce,39169,524,29,548.55
enriched_ad_6665,campaign_032,Ferment - C.23,"Want to Brew A Lager? Choose between our 3 most suitable yeasts Saf Lager™, S-23, Forme W-34/70 Ferm 100 Fermentis by Lesaffre.",,,,image,food and beverage,53820,934,57,837.9
enriched_ad_6666,campaign_041,Want to Brew A Lager?,"Choose between our 3 most suitable yeasts W36/70, S-23 and SafLager™. Fermentis by Lesaffre",,,,image,ecommerce,70928,1308,107,786.58
enriched_ad_6667,campaign_014,INTRODUCING THE MOST POTENT DIESEL PRODUCT WE'VE EVER DEVELOPED,DPF CLEAN™M RISLONE. DIESEL DPF EXHAUST & EMISSIONS CLeaNEr Click For More Info,,,,image,ecommerce,60008,659,36,697.88
enriched_ad_6668,campaign_001,OneWheel Official Summer Vehicle,Experience the ultimate summer adventure with OneWheel's official vehicle. Designed to destroy boredom and bring excitement every day.,Shop Now,facebook,,image,ecommerce,24022,413,26,347.44
enriched_ad_6669,campaign_016,Job searches don't have to be hard,"Call 311 or visit NYC Small Business Services. Erie Adams, Magyar Kevin D. Kim SURGE WORKFORCE 1 A PROUD PARTNER OF THE American JOS GENTER NETWORK.",,,,image,ecommerce,38690,575,57,581.15
enriched_ad_6670,campaign_029,Start Your Career as a Restaurant Cook,NYC Erie Adams Kevin D. Kim Small Business Services START YOUR CAREER AS A RESTAURANT COOK FIRST COURSE NYC Apprenticeship PROGRAM LEARN MORE,,,,image,"ecommerce, saas, education, healthcare, finance, entertainment, travel, food, automotive, real_estate",90633,1794,143,986.09
enriched_ad_6671,campaign_046,Job searches don't have to be hard,Call 311 or visit NYC Small Business Services PA EMALDADDRE WORKFORCE 1 Kevin D. Kim A PROUD PARTNER OF the Commissioner American Job Center Network Eric Adams Mayor,,,,image,"ecommerce, saas, education, healthcare, finance, entertainment, travel, food, automotive, real_estate",45372,902,85,561.06
enriched_ad_6672,campaign_028,MSK Pain - A Billion Dollar Health Care Burden,Download the State of MSK Care →,,,,image,healthcare,27840,317,12,573.67
enriched_ad_6673,campaign_028,Handle your Career with Care,We understand the importance of managing one's professional journey. Our platform offers personalized guidance and resources to help you succeed in every aspect of life.,Get Started Today!,facebook,,image,education,93487,2152,227,789.05
enriched_ad_6674,campaign_031,#NoSlavery,1823 1923-202 NO SLAVERY. NO EXCEPTIONS.,,,,image,entertainment,74572,1320,138,511.31
enriched_ad_6675,campaign_017,TruLog™ Steel Log Siding,Steel log siding offers the aesthetic appeal of real logs with none of their upkeep. Visit TruLogSiding.com for more details or call us at 970-646-4490.,Visit TruLogSiding.com | Call Us: 970-646-4490,,,image,ecommerce,51067,1038,53,508.01
enriched_ad_6676,campaign_019,Appalachian™,www.applog.com LOG STRUCTURES LOG HOME PACKAGES OVER 75 FLOOR PLANS NAHB 1-866-LOG HOME CLICK HERE TO LEARN MORE!,CLICK HERE TO LEARN MORE!,,,image,ecommerce,41907,588,36,459.41
enriched_ad_6677,campaign_012,"CallonDoc - Your Doctor, Your Way!",SAME DAY ONLINE DOCTOR of $39.99 Available 24/7 Prescription pick up at any US pharmacy in 1-2 hours Ages +1,,,,image,ecommerce,23168,416,31,365.51
enriched_ad_6678,campaign_030,Smart Solutions for Everyday Living,"It's Grill Time! Canadian Living offers affordable solutions to make your daily life easier. Only $250 per issue plus taxes, with one-year subscriptions available.",,,,image,entertainment,35141,547,56,231.17
enriched_ad_6679,campaign_042,Paint by Benjamin Moore,Only available at local stores.,,,,image,ecommerce,43510,700,72,578.97
enriched_ad_6680,campaign_047,FEEL BETTER SOONER,Learn More BAYHEALTH@HOME Bayhealth,,,,image,ecommerce,78778,1153,112,1301.07
enriched_ad_6681,campaign_007,"WE ARE HONORING WOMEN WHO ARE AMBITIOUS, ACHIEVING & HAVING AN IMPACT in the Baltimore area.","The Baltimore Sun is honoring women who are ambitious, achieving and having an impact in the Baltimore area. The Baltimore Sentinel Women to Watch can be nominated today until June 20th after nominations open May 30th.",CLICK to nominate,,,video,entertainment,38698,837,95,212.49
enriched_ad_6682,campaign_019,CBS Original Trulies All Episodes,,Stream Now,,,video,entertainment,89535,2052,258,679.31
enriched_ad_6683,campaign_017,This Is Big. Really Big.,"High Yield Checking earns you up to a whopping 3.25% APY* on balances up to $10,000! *Click for details. >85 years with U Federally insured by NCUA Membership eligibility and other restrictions may apply. APY=Annual Percentage Yield",,,,image,finance,55415,483,18,1491.67
enriched_ad_6684,campaign_032,Lakes Region Weekly,YOUR COMMUNITY NEWS DELIVERED WEEKLY ACCESS YOUR EPAPER HERE,,,,image,news and media,95365,1988,170,1575.68
enriched_ad_6685,campaign_028,CHEFS S VISA,VISA $100 CASH BACK when you open the NFL Extra Points Visa Credit Card and spend $500 on purchases outside of the NFL in the first 90 days from open date. Paid as a statement credit.,LEARN MORE,,,image,finance,84837,1160,44,2373.23
enriched_ad_6686,campaign_034,NRI TRADING PLAN Special Offer,Special offer for NRO Account with Per Trade Equity Delivery and F&O at Sunlight Broking LLP. Open Online NRI Account.,,,,image,ecommerce,71907,969,49,1263.67
enriched_ad_6687,campaign_017,SILK VISION,"& SURGICAL CENTER
98% of our LASIK patients achieve 20/20 vision or better
Learn More",,,,image,healthcare,21051,257,9,506.87
enriched_ad_6688,campaign_008,THE JOSHUA FUND HAS THE WAR OF GOG AND MAGOG ALREADY BEGUN?,FREE EBOOK,READ and decide for yourself. GET MY FREE COPY,,,image,education,58419,1439,160,445.73
enriched_ad_6689,campaign_039,Hydra-Arm Mini Car Mount System Available Now,,Shop Now,,,image,automotive,87797,1241,33,1761.08
enriched_ad_6690,campaign_041,Stories AMC,By Breaking Bad Season of the Witch Chips Follow the Stars Watch Free. plex,,,,video,entertainment,66267,1336,259,585.26
enriched_ad_6691,campaign_013,Bumpke - Waste & Recycling Done Right,,,,,image,ecommerce,57757,861,56,919.93
enriched_ad_6692,campaign_022,Worlos Collide Flash In Cinemas Now,,Get Tickets,,,image,entertainment,82604,1362,230,511.0
enriched_ad_6693,campaign_029,EXCLUSIVAMENTE EN COLECCIONABLES,TUSHOPPI www.tushoppi.com.mx UININ INJUSTICE JOKER DE DESCUENTO ¡NO TE LOS PIERDAS! CYBER OUTLET DC COMICS,,,,image,"entertainment, food, automotive, real_estate",94712,1405,70,1276.82
enriched_ad_6694,campaign_015,Coin World - MarketPlace,Plenty of Peace. Hundreds to Choose From and Explore In God’s Vein Shop Now R TRVAT,Shop Now,,,image,ecommerce,39662,543,41,465.46
enriched_ad_6695,campaign_012,PLENTY OF PEACE,HUNDREDS TO CHOOSE FROM AND EXPLORE COIN WORLD MARKETPLACE SHOP NOW,Shop Now,,,image,ecommerce,96995,1785,143,1199.72
enriched_ad_6696,campaign_049,MaxPeak. PREMIER,Trust in your analytical data with MaxPeak™ Premier Columns Discover more Waters™,,,,image,ecommerce,81812,1207,121,992.75
enriched_ad_6697,campaign_034,Kick Off,,Shop Now,,,image,ecommerce,25136,327,19,351.9
enriched_ad_6698,campaign_001,Spectacular Firework Display,"49ULY Co NA Tuesday, July 4th Live entertainment featuring kids activities and street performers. Spectacular fireworks display finished with great fanfare.",Click for more information,,,video,entertainment,22275,732,86,152.85
enriched_ad_6699,campaign_032,Airtel 5G Plus,Amazing Camera meets Instant Sharing on your new iPhone 14 Pro.,Get Airtel 5G Plus,,,image,ecommerce,73845,924,59,1063.7
enriched_ad_6700,campaign_037,O 5G Plus,Incredible Camera meets Instant Uploads. Get Airtel 5G Plus on your new iPhone 14 Pro.,,,,image,ecommerce,68048,1229,123,683.02
enriched_ad_6701,campaign_015,"Going™","Save up to 90% on flights SIGN UP 14 18",Learn More,facebook,,image,ecommerce,68605,1086,61,1170.83
enriched_ad_6702,campaign_015,Food Summer,30-Minute Dinners Perfect for Busy Weeknights Browse the Recipes,,,,image,food,38988,982,108,520.4
enriched_ad_6703,campaign_002,PayPal Knows How You Can Save Money in a Snap,"It pays to pay with PayPal. Start Saving ""BEAST"" - MrBeast knows how you can save money in a snap.",,,,image,ecommerce,50221,894,51,869.26
enriched_ad_6704,campaign_023,Corrosionpedia - Strengthen and Deepen Your Corrosion Knowledge,"With the help of CORROSIONPEDIA, you can strengthen & deepen your corrosion knowledge with any one of our free webinars. Watch today!",Watch Today,,,video,education,40303,856,123,436.98
enriched_ad_6705,campaign_012,Men's #1 health issue could be solved today,Connect with Hartfield for healthier living. Hartford Courant HealthCare offers comprehensive solutions.,,,,image,healthcare,38063,476,23,582.07
enriched_ad_6706,campaign_041,"?","MY NEW FAVORITE FUTBOLISTA tiv LISTEN NOW Spotify ON HER TURF Apple Podcasts TUNE IN",Learn More,facebook,,image,ecommerce,34339,428,22,500.13
enriched_ad_6707,campaign_041,Text Messages You'll Love,"Be the first to know about new videos, patterns, and special offers with our SMS texts. Craftsy SIGN UP NOW.",SIGN UP NOW,,,video,ecommerce,88399,1888,98,1502.39
enriched_ad_6708,campaign_018,Annie Cloth - Tak Up To 45% Off,,,,,image,ecommerce,58319,935,92,692.45
enriched_ad_6709,campaign_050,Microsoft Windows Copilot,"Together with Bing, Chat and Plugins helps users get more done.",,,,image,ecommerce,57978,1064,88,788.9
enriched_ad_6710,campaign_037,3 Easy Steps to Find What You Need,Click 'Continue' -> Download on our website! -> Get quick search tool. Enjoy seamless searching with just one click.,Download now!,facebook,,image,ecommerce,94985,1753,97,1381.49
enriched_ad_6711,campaign_041,Link With Us to Help Improve Your Northern California Travel Choices,link with us to help improve your northern california travel choices connections communities attend an event link21,Attend an Event!,,,image,travel,27316,503,44,506.46
enriched_ad_6712,campaign_009,Daily Californian Column,Submit your notices with ease. Just click and you're done.,Click Here to Submit Your Notice Today!,,,image,"news, media",87604,1186,91,1477.05
enriched_ad_6713,campaign_019,POMONA MEDICAL SUPPLY,"733 E. Holt Ave., Pomona 909-623-4378 | www.PomonaSurgicalSupply.com | Now accepting IEHP
15 FREE DELIVERY LOW DISCOUNT PRICES Compression Stockings.
Raised Toilet Seats,
Commodes, Diapers,
Bath Benches and More!
cobrating",,,,image,ecommerce,35836,597,45,520.98
enriched_ad_6714,campaign_044,The Jeep Wrangler Forging New Paths in the Future,4x4 pushes legendary capability to new frontiers.,CLICK TO FIND YOURS TODAY!,,,image,automotive,63931,624,11,1470.1
enriched_ad_6715,campaign_008,New Higher Certificate Rates!,4.50% APY* 1-Year Term $500 Minimum Tap/Click Here,Tap/Click Here,,,image,education,45811,955,112,417.75
enriched_ad_6716,campaign_004,NEW Higher Certificate Rates!,4.50% APY* 1-Year Term $500 Minimum Tap/Click Here Franklin Mint Federal Credit Union The Credit Union of Choice! *Annual Percentage Yield (APY) accurate as of 6/5/23. Penalty for early withdrawal. Federally insured by NCUA,Tap/Click Here,,,image,finance,82495,903,43,2400.74
enriched_ad_6717,campaign_039,VRAI BRIDES,Fine jewelry for your wedding day and beyond. Shop on VRAI Engagement Rings | Wedding Bands | Earrings | Necklaces | Bracelets,,,,image,ecommerce,90282,1875,95,1037.77
enriched_ad_6718,campaign_026,REDUCE THE RISK OF BECOMING INfected with the West Nile Virus,"...of Becoming Infected with the West Nile Virus
CLICK HERE to find out how you can help us prevent this from happening!
Solano County Mosquito Abatement District
707.437.1116 solanomosquito.com",CLICK HERE to find out how you can help us prevent this from happening!,,,image,healthcare,29322,379,19,550.42
enriched_ad_6719,campaign_010,Eaton Powering Business Worldwide,,,,,image,technology,78142,1454,139,1276.14
enriched_ad_6720,campaign_011,DEG300 Summit,"Data Centers, Eaton Data Centre Design (DCD)",,,,image,technology,55747,865,65,757.82
enriched_ad_6721,campaign_035,Springfield Smiles,"Christian A. Victor, DDS
Kerri Beedy-Storts, DDS
Family Dentistry
Implant, TMJ & Sleep Center
Invisalign
Nominated 2 Years in a Row!
Nominate Us For a 3rd Year!
Family Dentistry | Implants | Orthodontics | TMJ Treatment | Sleep Apnea",Click Here,,,image,ecommerce,40588,595,47,602.39
enriched_ad_6722,campaign_033,A Family Owned Since 1979 e OLSEN'S,"For Healthy Animals Not Your Typical Feed Store Quality Pet Food & Supplies, Equine & Livestock Needs and More! WE DELIVER!",,,,image,ecommerce,49101,835,47,573.64
enriched_ad_6723,campaign_011,The Crown Tattoo & Smoke Shop,,Click Here (928) 379-6789,,,image,ecommerce,32181,438,39,346.69
enriched_ad_6724,campaign_038,NEW Higher Certificate Rates!,4.50% APY* Annual Percentage Yield (APY) accurate as of 6/5/23. Penalty for early withdrawal. Federally insured by NCUA.,,,,image,finance,51327,626,23,1450.62
enriched_ad_6725,campaign_005,House Carers,,Click Here!,,,image,ecommerce,22882,329,16,321.73
enriched_ad_6726,campaign_046,NEW Higher Certificate Rates! - $500 Minimum,4.50% APY* Annual Percentage Yield (APY) accurate as of 6/5/23. Penalty for early withdrawal.,Tap/Click Here,,,image,finance,96502,898,46,3041.23
enriched_ad_6727,campaign_017,Original System Solutions,Trust only XMI and MIXPAC™ for your system needs.,,,,image,ecommerce,72607,1486,145,1129.28
enriched_ad_6728,campaign_041,champions communities,we serve. Learn More centura 11,,,,image,ecommerce,56864,777,50,587.12
enriched_ad_6729,campaign_009,"All in, all together.",,Learn More,,,image,,24151,276,17,297.66
enriched_ad_6730,campaign_030,Sign Up to Receive Text Updates from the Denver Broncos!,"*Standard SMS and Data Rates May Apply
g of",,,,image,entertainment,91673,1845,169,548.01
enriched_ad_6731,campaign_026,Made a Hole in One of My Favorite Childhood Memories,My back isn't hurting. Lilicl Th.,,,,image,entertainment,80597,1757,194,652.68
enriched_ad_6732,campaign_022,MONSTROUS AIRFLOW,DURAMAX banks +27% Bigger Banks AND IT'S/ PATENTED 15.9in¹ We're larger Stock at the MAF 12.57in sensor RAM-AIR -9.8% AFE 11.34in -24% S&B 9.6m²,,,,image,finance,64906,622,21,1295.97
enriched_ad_6733,campaign_047,INDUSTRIAL INJECTION Get back on the road quickly with one of our fuel system kits!,,,,,image,ecommerce,67931,729,72,1200.52
enriched_ad_6734,campaign_036,Perfecting Your Powerstroke™,100% MADE IN THE USA | PERFECTING YOUR POWERSTROKE™ HYDRA IN-DASH BILLET FLUSH MOUNT,,,,image,automotive,52655,747,28,1261.89
enriched_ad_6735,campaign_037,Say Goodbye to Self-Destructing Fuel Pumps,,Click for More,,,image,ecommerce,77395,1181,116,754.06
enriched_ad_6736,campaign_006,Don't gamble on NFTs. Bank on MRT.,"(Music Recognition Technology) Audoo, audco - Revolutionizing through Accuracy",,,,image,ecommerce,41223,654,41,403.35
enriched_ad_6737,campaign_033,Spring Get Your Summer On,Save Big on Pool Floats Today SPY,,,,image,ecommerce,37207,392,25,375.79
enriched_ad_6738,campaign_039,Save up to 25% on Rooms at Walt Disney World,Select Disney Resort Hotels. CDisney Get Details,,,,image,entertainment,43983,1181,146,355.58
enriched_ad_6739,campaign_034,Food,30-Minute Dinners Perfect for Busy Weeknights Browse the Recipes,,,,image,food,41291,759,52,368.05
enriched_ad_6740,campaign_021,The Healthiest 40-Minute Meals,See Our Recipes,,,,image,food,73571,1114,138,917.46
enriched_ad_6741,campaign_025,Unveiling a New Gem in Our Portfolio,"With high dividend and impressive dividend growth, D Record stands out as an exceptional choice for investors looking to maximize their returns.",LEARN MORE ▸,,,image,ecommerce,39227,742,57,683.88
enriched_ad_6742,campaign_045,TAKE THE GUESSWORK OUT OF DRY TIME.,INTERIOR & EXTERION HIGH STRENGTH HOLE REPAIR SPECKLING COMPOUND FC CHANGING COLOR 3M™ High Strength Color Changing Spackling Compound BUILT TO PERFORM,,,,image,ecommerce,97649,1658,168,977.29
enriched_ad_6743,campaign_020,Forgot To Let The Dog Out? Call Chem-Dry!,,Schedule Today!,,,image,ecommerce,95133,1114,74,1136.71
enriched_ad_6744,campaign_007,Concerned about your dog's behavior?,Help is available,,,,image,ecommerce,66359,1006,84,695.12
enriched_ad_6745,campaign_046,Forgot to let the dog out?,,Call Chem-Dry!,,,image,ecommerce,63201,1006,59,633.02
enriched_ad_6746,campaign_039,Forgot to Let the Dog Out? Call Chem-Dry!,,Schedule Today,,,image,ecommerce,76508,1274,87,1225.4
enriched_ad_6747,campaign_029,The New Folk Musical from Enchanted Croi Theatre,,,,,image,entertainment,71918,1995,337,550.58
enriched_ad_6748,campaign_015,In The Midst Of Plentiful Enchantment,,,,,image,entertainment,54794,1522,214,283.53
enriched_ad_6749,campaign_028,Sierra Valley Gardens,"Discover the beauty of CAINTA and RIZAL in HAR, your smart move with Sierra Valley Residences East.",,,,image,real_estate,36947,435,7,1083.21
enriched_ad_6750,campaign_017,3 Dangerous Foods For Dogs,Top Vet explains the one mistake dog owners make that could be cutting their dogs' lifespan. DR MARTY.,,,,image,ecommerce,73613,1365,70,1018.64
enriched_ad_6751,campaign_018,SGT PAYMENT OPTIONS THAT PUT YOU IN THE DRIVER'S SEAT,,,,,image,ecommerce,56321,1086,88,809.19
enriched_ad_6752,campaign_027,God Is A Bullet,Based on the novel by IN THEATRES Boston Theatre June 23 D GET TICKETS,,,,image,entertainment,97121,2441,425,581.02
enriched_ad_6753,campaign_032,Summer Guide,STRERET RELEVERD SUMMER GUIDE South West Colorado Summer Guide has all you need to make the most out of your summer! READ,,,,image,entertainment,49737,1235,197,427.26
enriched_ad_6754,campaign_008,Return Alive,Join Global CBT Now!,,,,image,education,33493,761,104,334.36
enriched_ad_6755,campaign_019,InnoKin Klypse Zip,Experience Pocket-sized Satisfaction with InnoKin's innovative solution.,,,,image,ecommerce,37258,747,41,552.32
enriched_ad_6756,campaign_047,14 month certificate,Let your money work for you with SafeAmerica Credit Union offering an APY (Annual Percentage Yield) subject to change without notice. See website for details.,Learn more>,,,image,finance,22171,171,7,608.11
enriched_ad_6757,campaign_050,WORLD'S FASTEST VPS Hosting,FULLY MANAGED WITH 24/7/365 SUPPORT FROM $25/MO FOR A 2-YEAR PRICING PLAN. Liquid Web.,LEARN MORE,,,image,ecommerce,88286,1290,86,1245.76
enriched_ad_6758,campaign_025,We Have Un-Bee-Liveable News!,"With every order you place, we adopt bees. See more Farnell AN Avnet Company",,,,image,ecommerce,44389,776,56,553.67
enriched_ad_6759,campaign_005,Raise Your Social Security,"Discover the benefits for seniors at different age groups. Whether you're under 65, between 65 and 70, or over 75-80 years old.",Learn More About Senior Benefits,,,image,ecommerce,69019,1012,73,722.87
enriched_ad_6760,campaign_035,Evangelistic Association,Equip Fear Less Your Children or Family Faithfully-Even In To Live The Face Of Hostility. Get Your Free Digital Devotional >> €2023 BGEA,,,,image,ecommerce,92519,1344,130,918.76
enriched_ad_6761,campaign_004,INSTALL NOW - REMOVE ALL ADS,,,,,image,,86158,1486,91,832.67
enriched_ad_6762,campaign_041,Play for Free on NEXON Warhaven,Join the excitement at STEAM Next Fest! Play now from June 18 to June 26. Experience thrilling adventures and challenges in our free-to-play games.,PLAY NOW,,,video,entertainment,99939,2722,493,765.87
enriched_ad_6763,campaign_047,Mac in the Modern Workplace,Degree of authorized reseller. Explore Mac products for your modern office needs.,,,,image,ecommerce,51975,931,90,856.37
enriched_ad_6764,campaign_016,Unlock Learning Potential for All Grades,"Discover the joy of real learning adapted to every grade level. From 1st through 8th, our educational platform offers engaging and fun experiences tailored specifically for each stage.",Explore Now!,,,image,education,78289,1364,153,833.77
enriched_ad_6765,campaign_012,Dominium Energy - Take Control of Your Smart Home and Savings,Discover the power to manage your home efficiently with Dominion's energy solutions. Experience smart savings that make every penny count.,Learn More,,,image,ecommerce,59431,1040,81,600.29
enriched_ad_6766,campaign_040,Sandy Hook,"Gun violence is preventable when you ""know the signs"". www.sandyhookpromise.org/warningsigns Advertisement Learn More",,,,image,education,89320,1448,158,1063.61
enriched_ad_6767,campaign_003,ACE HOTEL & SWIM CLUB WITH MORE OOMPH,,,,,image,ecommerce,81336,1434,101,968.05
enriched_ad_6768,campaign_026,Real-Time Notetaker,"Your Calls Summarized, Automatically Learn More Balto",,,,image,ecommerce,57301,1185,92,572.82
enriched_ad_6769,campaign_018,Celebrating 3 of Happy Feet!,,Shop Now,,,image,entertainment,61943,1005,147,429.39
enriched_ad_6770,campaign_019,Expand Your Knowledge with FT,"Gain insights and stay updated on financial news, market trends, analysis from the Financial Times.",Subscribe Now to access daily content directly in your inbox!,facebook,,image,ecommerce,30692,620,37,465.36
enriched_ad_6771,campaign_049,Custom Coins,Free Design - Free Shipping CAPTION f POLICE DIVE GS-JJ.COM,,,,image,ecommerce,74367,889,84,849.45
enriched_ad_6772,campaign_030,Embrace Your Bright Future,,Learn More,,,image,education,54946,933,85,509.48
enriched_ad_6773,campaign_006,AOLINE,"Follow Sports, Cheer Moments for ages 35 and above.",,,,image,entertainment,72293,1515,245,623.56
enriched_ad_6774,campaign_011,Avail up to 1500 OFF on your TOEFL iBT Test,"COUPON CODE: CARR20 Register now *Offer valid till 30th June 2023 ETS, TOEFL.",,,,image,education,57404,866,66,650.52
enriched_ad_6775,campaign_006,Autodesk is putting the Flex in flexibility,Pay-as-you-go product access Learn more AUTODESK,,,,image,ecommerce,84650,1077,94,1262.92
enriched_ad_6776,campaign_011,"DRIZZLE, SIZZLE, SAVOR. LEARN MORE",POMPEIAN SUMMER FLAVOR GUIDE Available at Publix,Learn More,,,image,food,24283,373,34,265.97
enriched_ad_6777,campaign_049,Benjamin Moore paint sold exclusively in local owned stores,Discover the convenience of purchasing Benjamin Moore paints directly from your nearest store. No online shopping required.,Find Your Nearest Store A1,,,image,ecommerce,48764,787,39,517.51
enriched_ad_6778,campaign_034,Bring Your Data Into The Era Of Al,Unify data across your organization with Microsoft Fabric.,,,,image,ecommerce,28920,598,43,462.32
enriched_ad_6779,campaign_009,Join 30 Million Users,Enhance your writing with Grammarly. Get Grammarly.,,,,image,education,93446,1758,243,632.06
enriched_ad_6780,campaign_036,CrowdStrike Adversaries Love Windows,Stop Them,,,,image,ecommerce,67716,1031,68,842.7
enriched_ad_6781,campaign_050,CallonDoc - Online Doctor,"Your Doctor, Your Way! Ages +1 Prescription pick up available at any US pharmacy within 1-2 hours.",,,,image,ecommerce,24407,404,27,359.43
enriched_ad_6782,campaign_025,FREE SUMMER MEALS FOR Kids and Teens Under 18,"Text ""Food"" to 304-304 or visit NoKidHungry.org/Help. NO KID HUNGRY FIND FREE MEALS.",,,,image,food,86272,1760,154,1095.89
enriched_ad_6783,campaign_033,KapanLagi in partnership with AUDISI ONLINE ACADEM SUDAH Dibuka Wujudan Impi Mukai Jadi Bintang Dang,,,,,image,entertainment,48313,1349,251,268.57
enriched_ad_6784,campaign_030,CrowdStrike AWS,How secure is your cloud? Get a Free Health Check,,,,image,ecommerce,76181,1573,102,1064.08
enriched_ad_6785,campaign_006,Language Learning Made Easy,"+ Babbel offers courses in multiple languages including English, French, Spanish, German, Portuguese and Italian.",,,,image,education,54038,719,100,629.2
enriched_ad_6786,campaign_017,DEFEAT THE BOSS! TRY HERO WARS,,,,,image,,81217,1678,149,949.25
enriched_ad_6787,campaign_011,ANNEE CLOTH UP TO 45% OFF,,Shop Now,,,image,ecommerce,52099,668,43,630.93
enriched_ad_6788,campaign_010,Unlimited Possibilities with Antietam Broadband,,,,,image,ecommerce,52700,703,65,740.14
enriched_ad_6789,campaign_016,Pathways @ CTU Living-Learning Community,Co-Creating the Church of Tomorrow | Catholic Theological Union,,,,image,education,98737,1673,180,742.45
enriched_ad_6790,campaign_019,2 Easy Steps V,"1. Click ""Start Your Free Trial""
2. Get a Free Trial for Vegas Edit
Start Your Free Trial
Vegas Edit: Get started with video editing",,,,video,entertainment,80178,1516,213,655.95
enriched_ad_6791,campaign_035,Get Started With Video Editing,Discover the ease of using our software to edit videos. Just follow these simple steps and start your free trial today.,Start Your Free Trial,,,video,entertainment,33258,969,147,265.11
enriched_ad_6792,campaign_043,Leading Cancer Care at Methodist,Neal Cancer Center from the #1 hospital in Texas - Houston Methodist Hospital. LEARN MORE,,,,image,healthcare,20607,319,15,487.17
enriched_ad_6793,campaign_006,SENIORS: WALK-IN TUBS NOW $0,,,,,image,ecommerce,73350,1403,85,1085.56
enriched_ad_6794,campaign_016,Get Your Summer On,Save Big on Pool Floats SPY,,,,image,ecommerce,69946,972,84,1087.47
enriched_ad_6795,campaign_005,3 Easy Steps to Enhance Your Productivity,"Click 'Start Now', download the extension, and get quick search tool for better productivity.",Shop Now,facebook,,image,ecommerce,87434,1509,147,1161.71
enriched_ad_6796,campaign_027,Get a Lower EMI,Not happy with your existing car loan? Get a lower EMI by applying for car refinance.,Apply Now,,,image,finance,88481,771,29,2326.78
enriched_ad_6797,campaign_026,Save up to 30% on ADT Security Services,Event Limited time offer Get Quote D Raq 1-ma min pro monitoring with Self Setup OR professional installation for $36/mo. Agmt Early Tarms & Inatal Fees) Excludes discounted equipment bundles. Video service required for additional discount. Taxes added to the total amount.,Get a quote,,,video,ecommerce,76257,1800,146,1255.0
enriched_ad_6798,campaign_015,BREAK OUT THE STRONG STUFF YETI SHOP BARWARE,,,,,image,ecommerce,21788,278,16,284.76
enriched_ad_6799,campaign_033,Switch to GameStop for Five Nights at Freddy's,Discover exclusive deals and hidden gems on our platform. Shop now!,Shop Now,facebook,,image,entertainment,27525,483,60,135.56
enriched_ad_6800,campaign_048,Free IT Service Management with ManageEngine,"Discover the power of service desk management and streamline your operations. Try our FREE software to manage all aspects of customer support, including ticketing systems, knowledge bases, incident tracking, change requests, asset management, self-service portals, mobile applications for field worke",Try it now,facebook,,image,ecommerce,74594,822,40,1314.81
enriched_ad_6801,campaign_014,SARGENTO Baby Swiss Cheese,Cheese belongs in every family tradition. Get recipe.,,,,image,food,30849,523,46,408.61
enriched_ad_6802,campaign_026,LIMITED TIME ONLY UNLIMITED PREMIUM WIRELESS NOW JUST $15.0,Add restrictions apply Tases & fodra New activation red. Min. 3 mo. purchase. Dataspead reduce >40GB/mo.,GET OFFER,,,image,ecommerce,99640,1849,91,1541.76
enriched_ad_6803,campaign_039,"CONTINUE >",Packers - Movers - Cargo,Learn More,facebook,,image,ecommerce,31305,545,33,371.62
enriched_ad_6804,campaign_034,ROUD MOOSE UTILITY DIVISION,TRANSFORM YOUR TRANSPORT EXPERIENCE WITH OUR UTV WHEEL NETS FOR A SURE-FRIED JOURNEY. TRANSITION TO TRANSPORT SAFER AND MORE RELIABLE.,,,,image,ecommerce,53303,872,43,597.19
enriched_ad_6805,campaign_013,This World Refugee Day,Help HIAS Provide Vital Services to Refugees and Asylum Seekers. HIAS.,,,,image,education,23569,316,47,223.98
enriched_ad_6806,campaign_050,Season TV - HALF THE PRICE,Subscribe now to get EVERYTHING MLS with half the price! Subscription required. Savings based on full season pricing.,Subscribe Now,,,image,entertainment,80040,1306,159,480.29
enriched_ad_6807,campaign_017,Magazin Nes,HedgeCom - Top Titles up to 90% OFF Shop All Now Crevet Fuers 2000 Tyra,Shop All Now,,,image,ecommerce,28278,577,35,420.16
enriched_ad_6808,campaign_001,Play Now on NEXON STEAM,Join the excitement of WARHAVEN and experience an epic adventure. Play for free from June 18 to June 26.,PLAY NOW,steam,,video,entertainment,50644,1180,175,368.57
enriched_ad_6809,campaign_046,"Amazon - Shop, Connect, and Enjoy",Discover All From Earth’s Biggest Selection! Privacy guaranteed.,Shop Now,,,image,ecommerce,38204,426,21,563.23
enriched_ad_6810,campaign_003,START YOUR DAY WITH GOOD THINGS,"In your inbox, GMA wake you up with good things every morning. Subscribe now!",Subscribe Now!,,,image,entertainment,47653,1086,164,237.99
enriched_ad_6811,campaign_047,PICK-POCKET PROOF® TRAVELWEAR YOU WANT.,- 'The CIA version' of khakis. - Forbes,Upgrade Now,,,image,ecommerce,62718,700,69,975.34
enriched_ad_6812,campaign_023,FULLY MANAGED VMWARE HOSTING,Private Cloud with No Contracts or Per-VM Fees Liquid Web™,LEARN MORE,,,image,ecommerce,33740,575,38,508.34
enriched_ad_6813,campaign_044,Real-Time Notetaker,"Your Calls Summarized, Automatically Generating Summary.",Learn More,,,image,ecommerce,68248,1295,115,1047.3
enriched_ad_6814,campaign_048,Skyprep - LMS Without The Mess,The best learning management system to elevate your training.,,,,image,education,24065,572,66,278.85
enriched_ad_6815,campaign_031,Mac in the Modern Hybrid Workplace,°SHI Get Started Authorized Reseller,,,,image,ecommerce,85484,1462,107,1516.84
enriched_ad_6816,campaign_048,Building a Multilanguage Website,"Discover how Storyblok can help you create an engaging, multilingual website using the power of Nuxt. Learn everything from setup to deployment in our comprehensive guide.",Explore Now,,,image,ecommerce,71331,1469,70,1164.82
enriched_ad_6817,campaign_030,Get Access to Un-Profiled News,Start with Startpage and search privately.,,,,image,ecommerce,28494,491,50,289.24
enriched_ad_6818,campaign_031,Fractional with no monthly management fee. flyexclusive Up to $100k fight credits included for amine,,,,,image,entertainment,88145,1561,187,491.01
enriched_ad_6819,campaign_004,DOCK BLOCKS,,Shop Now >,,,image,ecommerce,89863,1383,99,963.08
enriched_ad_6820,campaign_050,Unlocks DeFi,A scalable smart contract platform built to perform. Start building.,,,,image,ecommerce,39313,461,23,522.35
enriched_ad_6821,campaign_019,Tap the Untapped Potential of Your Employees,PLURALSIGHT - Tap the untapped potential of your employees. Discover how PLURALSIGHT can help you unlock new levels of productivity and innovation.,Learn More About PLURALSIGHT Today!,,,image,education,39732,880,71,342.74
enriched_ad_6822,campaign_035,"V
2 Easy Steps","1. Click ""Start Your Free Trial""
2. Get a Free Trial for Vegas Edit
Start Your Free Trial
Vegas Edit: Get started with video editing",,,,video,entertainment,69924,1890,353,419.58
enriched_ad_6823,campaign_044,Lightinthebox.com,,Learn More,facebook,,image,ecommerce,90830,1682,97,1329.43
enriched_ad_6824,campaign_014,$ PROMO CODES AVAILABLE,,,,,image,ecommerce,47608,652,45,560.89
enriched_ad_6825,campaign_046,Try HERO Wars,,,,,image,entertainment,77336,2011,188,424.84
enriched_ad_6826,campaign_008,Make Your Own Custom Coins,,U.S. VISIT US TODAY ON POLICE DIVISION OFFICERS V NOVN 30,,,image,ecommerce,31202,603,35,429.45
enriched_ad_6827,campaign_020,Get Connected. Get Help.,,,,,image,,77663,1188,72,1085.4
enriched_ad_6828,campaign_025,Join the Premium Family,,Upgrade Now,,,image,ecommerce,48808,660,55,515.87
enriched_ad_6829,campaign_014,Donate to Greater Good,Cookies for Kids Cancer - Let's Get Baking P,,,,image,ecommerce,86045,1745,160,1242.43
enriched_ad_6830,campaign_024,(ETS) TOEFL iBT.,"TAKE THE
TOEFL* TEST TODAY.
SCORE ABOVE 75 AND GET A CHANCE TO WIN UK SCHOLARSHIP UPTO 2.4LAKHS APPLY NOW *Application Closes 30th June",,,,image,education,95036,1451,183,1119.91
enriched_ad_6831,campaign_037,PLUG & DRIVE,Intelligent Motion Control Solutions C.... peggy !!! View Products,,,,image,ecommerce,82495,1082,107,1184.94
enriched_ad_6832,campaign_041,12 Places to Shop,For Every Type of Gourmand SEE The List On Eater>,,,,image,ecommerce,76283,1580,101,839.09
enriched_ad_6833,campaign_018,10 Must-Try Restaurants in the San Jose Area,See The Map > Westfield Valley Fair,,,,image,food and dining,52571,806,43,904.59
enriched_ad_6834,campaign_002,Can't Fix This? Sentry Can!,But we can fix your app performance.,SEE HOW,,,image,ecommerce,32295,581,41,456.61
enriched_ad_6835,campaign_020,Plugged in with Singapore Conversations Along the Electric Highway,Stay connected to Canada’s ever-expanding EV community. Driving P Postmedia Listen Now,,,,image,"entertainment, travel",75693,837,47,1144.12
enriched_ad_6836,campaign_050,Mouth MOTOR DAVID DOUTH A Hear from David Booth,"David shares his sharp intellect, vast experience and pull-no-punches criticisms on hot topics in the auto industry.",LISTEN NOW,,,image,ecommerce,64804,766,43,881.62
enriched_ad_6837,campaign_011,A new lease on electric Lucid Air,"Offer Details > LUCID
74
*Only for select Grand Touring trims available now for well qualified lessees. For 36 months. Expires 6-30-23.
$12,804 due at signing.",,,,image,ecommerce,76824,1440,106,931.28
enriched_ad_6838,campaign_004,Introducing Our Exclusive Invitation Collection,WREAMS - www.mykol.com/hagden/sanked/minted. Margot James BRIDES Introducing our exclusive invitation collection with minted designs.,SHOP THE COLLECTION,,,image,ecommerce,82628,1270,62,1456.43
enriched_ad_6839,campaign_035,LOLEELOU - Guidance and Tools for Home Buyers,Discover essential guidance and innovative tools to help you navigate the home buying process.,Shop Now,facebook,,image,ecommerce,26790,502,45,257.72
enriched_ad_6840,campaign_015,Discover Next Generation UM,Is The UM Process inefficient for both payers and providers? Discover next generation Universal Medical Insurance through Al XSOLIS.,,,,image,ecommerce,46043,502,47,478.53
enriched_ad_6841,campaign_006,"DRIZZLE, SIZZLE, SAVOR. ALITY CE POMPEIAN SUMMER FLAVOR GUIDE",,Learn More,,,image,ecommerce,37196,688,44,402.75
enriched_ad_6842,campaign_044,SUPERMICR Accelerate Everything with 4th Gen Intel® Xeon® Scalable Processors,Discover the power of scalability and performance. Learn More about our cutting-edge technology.,Learn More,,,image,ecommerce,46638,681,39,592.13
enriched_ad_6843,campaign_009,PROMO CODES AVAILABLE,$$ Available Get automatic savings at checkout. SA Capital One Shopping SEE FREE CODES The coupon-finding browser extension $$,,,,image,ecommerce,40847,535,25,526.17
enriched_ad_6844,campaign_026,King's Best Cool Collection,,,,,image,entertainment,81227,2045,318,500.42
enriched_ad_6845,campaign_048,DEARONCES,,Shop Now,,,image,,57749,1007,80,980.77
enriched_ad_6846,campaign_039,The Complete Package,,,,,image,,67573,1066,64,739.66
enriched_ad_6847,campaign_029,Get Over 500% Return,Our Clients Are Getting Over 500% Return On Their Ad Spend. Discover Genius Monkey.,,,,image,ecommerce,65974,1186,119,895.31
enriched_ad_6848,campaign_017,CHOOSE YOUR SIGN,ARIES LEO TAURUS VIRGO SAGITTARIUS CAPRICORN GEMINI R LIBRA AQUARIUS CANCER SCORPIO PISCES astrology answers caboonsaks,,,,image,entertainment,39368,888,161,256.4
enriched_ad_6849,campaign_049,Who’s Targeting You? CROWDStrike Global Threat Report,CROWDSTRIKE - Read the latest on Cybersecurity Trends in 2023. Discover how to protect yourself from global threats.,,,,image,"ecommerce, saas, education, healthcare, finance, entertainment, travel, food, automotive, real_estate",39481,508,32,553.23
enriched_ad_6850,campaign_045,Watch SmartApps,,"Click Continue, Add Apps, or watch popular TV shows on our platform.",,,video,entertainment,22116,607,66,139.09
enriched_ad_6851,campaign_001,GET NOTICED,"ADVERTISE WITH US
CLICK HERE FOR MORE INFO >",,,,image,,99809,1135,95,1417.49
enriched_ad_6852,campaign_014,GRAND WISATA Rumah 2 Lantai,Rumah 2 Lantai 1 Menit dari Mall Living World HARGA CICILAN KPR | FREE BIAYA KPR sinarmas land Building for a better future,,,,image,real_estate,63295,802,16,1562.82
enriched_ad_6853,campaign_039,XTOOL - $289 Early Bird xTool D1 Pro 20W,Breaking Through the Diode Laser Limit + SAVE MOTORCYCLES for just $50 Spin & Win RELEASE NEW,,,,image,ecommerce,72458,1000,100,817.83
enriched_ad_6854,campaign_001,Improve IT Ops Productivity Up to 75% with Terraform Cloud,Try it free →,,,,image,ecommerce,78888,1442,133,989.41
enriched_ad_6855,campaign_005,PLAIN WHITE T JULY 15,"Benefit t NATIONAL LIFE GROUP ON THE NATIONAL LIFE FEST LAWN, MONTPELIER LOVELYTHEBAND FASTBALL Live Music Fireworks Nonprofit Food Trucks Village Kids Activities ALL NIGHT BOOGIE BAND Reserve Tickets By Donation ►",,,,image,entertainment,34463,844,88,210.81
enriched_ad_6856,campaign_014,Explore Process Service,,,,,image,,23457,333,17,420.9
enriched_ad_6857,campaign_041,NEW CYCLE PLAY DEMO NOW FOR FREE!,,Play Demo Now,,,video,entertainment,56531,1988,300,295.69
enriched_ad_6858,campaign_025,Two Ways to Maximize Your Next Summer Vacation,Sponsored by Babbel and Tripadvisor Read more,,,,image,travel,83127,1688,147,1384.51
enriched_ad_6859,campaign_010,Plugged in With Andrew McCredie's Conversations Along the Electric Highway,"With Driving.ca's Andrew McCredie, conversations along the electric highway are brought to life. Discover insights and experiences shared by industry experts.",,,,image,ecommerce,55121,932,73,711.14
enriched_ad_6860,campaign_031,Enter the Naval and Maritime,2023 PHOTO GONTEST VASCONET DEADLINE: 30 September 2023 MORE DETAILS HERE 110 FE,,,,image,entertainment,70874,1703,287,437.31
enriched_ad_6861,campaign_005,It service desk software,Software for digital enterprises. JOQO ManageEngine Service Desk Plus.,Learn More,,,image,ecommerce,61634,776,62,1098.53
enriched_ad_6862,campaign_035,Save up to 30%,ADT EVENT Limited time offer Uving Room Raq 1-mo min pro monitoring w/ Salf Satup OR pro install w 36-mo agm't (Early term & install feaal. Excludes discounted equipment bundles. Video service req for 30% discount Taxes acc'l. Full terms visit adt.com/legal.,,,,video,entertainment,98063,2830,546,679.38
enriched_ad_6863,campaign_002,Benjamin Moore Paint Only Sold At Locally Owned Stores,,Find Your Nearest Store,,,image,ecommerce,32187,358,27,555.48
enriched_ad_6864,campaign_032,Unlimited Possibilities,"With unlimited possibilities, experience online like never before. Discover new ways to connect and engage with your audience.",,,,image,ecommerce,95781,1891,141,1110.1
enriched_ad_6865,campaign_024,Same Day Online Doctor,CallonDoc AGES 1+ | AVAILABLE 24/7 | PRESCRIPTION PICK-UP IN 1-2 HOURS Urgent Care ⒸSTDs Dermatology,,,,image,"ecommerce, healthcare",35152,729,65,524.15
enriched_ad_6866,campaign_046,2 Easy Steps to Start Video Editing,"1. Click ""Start Your Free Trial""
2. Get a Free Trial for Vegas Edit
Get Started with Video Editing in Vegas Edit",Click 'Start Your Free Trial',,,video,entertainment,43262,1050,165,339.48
enriched_ad_6867,campaign_019,SAVE UP TO $350 OFF BASE RATES AND EARN UP TO 2750 MILES PER RENTAL COMPLETED BY JUNE 30TH,"UNITED MileagePlus AVIS Budget. Book now to save up to 35% off base rates and earn up to 2,750 miles per rental completed by June 30th.",Book Now,,,image,ecommerce,81773,952,60,1167.55
enriched_ad_6868,campaign_015,The Average Cost Of Walk-In Showers In 2023,,,,,image,ecommerce,44333,617,63,714.79
enriched_ad_6869,campaign_001,Den,Hinge Health Chronic Pain Affects More Than Work Performance Join The Movement,,,,image,healthcare,24793,437,17,624.1
enriched_ad_6870,campaign_042,World's Fastest VPS Hosting,"Liquid Web offers fully managed hosting with 24/7 support. Starting at $25/month, you can enjoy peace of mind for up to two years.",LEARN MORE,,,image,ecommerce,33334,433,36,537.12
enriched_ad_6871,campaign_002,All New Dusk 19 Lone Wolf,,,,,image,entertainment,52712,1430,277,424.71
enriched_ad_6872,campaign_015,Coziles - Worlds Comfiest Home Shoe,Get the comfiest home shoes at COZISLIDES. Enjoy comfort and style with our exclusive collection.,Shop Now,,,image,ecommerce,62507,1202,73,983.15
enriched_ad_6873,campaign_050,A ShemarooMe Exclusive Film,GJ™NJ\nગુજરાત થી ન્યૂજર્સી\nWATCH NOW,,,,video,entertainment,51225,1770,196,366.87
enriched_ad_6874,campaign_035,Shop Now > Up to 70% OFF,,SHOP NOW > UP TO 70% OFF,,,image,ecommerce,41195,587,53,497.54
enriched_ad_6875,campaign_036,The Essential Magazine For The Defence Industry,Global Defence Technology Read the Latest Issue Now,,,,image,ecommerce,34547,392,29,618.2
enriched_ad_6876,campaign_045,Nutritious Options,"ALDI offers nutritious choices for every meal, catering to all budgets. Shop at Aldi and enjoy affordable healthy eating.",Shop ALDI,,,image,ecommerce,80248,1628,95,944.83
enriched_ad_6877,campaign_005,Merican EVA Urina,,Shop Now,,,image,ecommerce,69053,1201,111,1214.42
enriched_ad_6878,campaign_028,HADEREXTERO INFLUENCER & GAMING NEWS,,Click To Follow,,,image,entertainment,36944,784,84,267.83
enriched_ad_6879,campaign_004,14-DAY DEVOTIONAL FROM 1 PETER FEAR LESS Family BY CISSIE GRAHAM LYNCH,"Equip YOUR CHILDREN OR GRANDCHILDREN TO LIVE FAITHFULLY-EVEN IN THE FACE OF HOSTILITY. Get Your FREE DIGITAL DEVOTIONAL >> BILLY GRAMH,
Evangelistic Association Always Good News.",,,,image,ecommerce,40096,465,40,460.89
enriched_ad_6880,campaign_050,WNBA Ion,FRIDAY NIGHTS ALL SEASON LONG FIND ION,,,,image,entertainment,86216,1272,203,540.94
enriched_ad_6881,campaign_019,Are You Sure It's Just A Fetus?,We are questioning the common perception that 'fetus' is merely an early stage of pregnancy. What if there's more to this term than we know? Join us in exploring deeper meanings and implications.,Learn More,,,image,entertainment,47739,1226,189,276.46
enriched_ad_6882,campaign_013,Best Apple Airpods Deals,,,,,image,ecommerce,23826,331,16,362.81
enriched_ad_6883,campaign_027,MALTA The Mediterranean Hub,,,,,image,ecommerce,66665,769,70,733.42
enriched_ad_6884,campaign_001,Dev Home - Integrate Your Development Tools,"Quickly set up your device and seamlessly connect with GitHub. With just one click, integrate all the essential dev tools you need in Dev Home on Windows.",,,,image,ecommerce,74850,1171,105,898.6
enriched_ad_6885,campaign_008,Coziles - The Softest Home Shoes Ever? Get 60% Off,,Shop Now,,,image,ecommerce,49818,768,55,827.05
enriched_ad_6886,campaign_031,Newsprint Aircraft Listings Are Back,Get early access to newsprint aircraft for sale by Flying.,Shop Now,facebook,,image,ecommerce,31531,441,41,438.08
enriched_ad_6887,campaign_028,"M","MAROC ACTUALITES",Learn More,facebook,,image,ecommerce,20955,333,24,280.53
enriched_ad_6888,campaign_040,THE SUMMER SEASON,"Sotheby's LONDON, June-July - SUCCESSION ALBERTO GIACOMETTI/DAGS 2023 Ⓒ",LEARN MORE,,,image,ecommerce,36922,580,34,392.01
enriched_ad_6889,campaign_041,I Want One,,,,,image,,74391,1516,115,1163.67
enriched_ad_6890,campaign_026,THESE INNOVATIVE AR-15 BARRELS OFFER PERFORMANCE AND VALUE,,LEARN MORE,,,image,ecommerce,27605,478,33,267.6
enriched_ad_6891,campaign_049,WANT TO GROW YOUR WEBSITE REVENUE?,FIND OUT MORE PROP,,,,image,ecommerce,45544,483,32,610.46
enriched_ad_6892,campaign_012,Pain Relier - Muscle Pain & S Sing from us Arnicare GEL BRUISE RELIEF ARNICARE BRUISE GEL Feel Bette,,Learn More,,,image,ecommerce,75299,910,66,1266.36
enriched_ad_6893,campaign_007,Manage All Your Product Feeds,"From one place, DataFeed Watch by cart.com lets you manage all your product feeds seamlessly. Learn how to streamline your data management process.",Learn More,,,video,ecommerce,85112,1622,153,1230.12
enriched_ad_6894,campaign_022,The Nosher's Essential Israeli Dishes,,,,,image,food,34431,652,72,445.97
enriched_ad_6895,campaign_044,UTV Wheel Nets,,,,,image,,60237,1099,92,953.08
enriched_ad_6896,campaign_041,"Stop Searching, Start Matching",Searching for a career? STOP searching. START matching with the right position today.,,,,image,ecommerce,25823,398,31,302.38
enriched_ad_6897,campaign_044,Are You Aware? Addictions Can Happen At Home?,Recovery Care In-Home Addiction Treatment™,CONTACT US,,,image,healthcare,88334,1620,124,1814.72
enriched_ad_6898,campaign_010,Get Up To $100 In Value,Learn A MORE Travel Per Booking On select Pleasant Holidays Vacations CST 1016202-80 1-800-814-7403,,,,image,travel,92250,1069,63,1549.48
enriched_ad_6899,campaign_007,ICDU,Handle your career with care.,,,,image,education,40961,888,73,269.96
enriched_ad_6900,campaign_043,Discover Now,"Explore Cétes de Bordeaux, where some of the best wine in the world is made.",,,,image,wine,24803,265,15,258.92
enriched_ad_6901,campaign_006,ΗΡΕΙ GreenLake,"Turning data stuck in silos into intelligence is data-first modernization, wisely done.",,,,image,ecommerce,77114,945,73,811.27
enriched_ad_6902,campaign_048,"CONTINUE >","1. Click Continue 2. Get App 3. Watch Tv Channels",Learn More,facebook,,video,ecommerce,64073,1497,135,784.17
enriched_ad_6903,campaign_012,DISNEY MIRRORVERSE PLAY NOW,"Discover the magical world of Disney with our latest release, Mirrorverse by Odissey and Pixar.",PLAY NOW,,,video,entertainment,79102,1957,264,433.15
enriched_ad_6904,campaign_049,START YOUR DAY WITH GOOD THINGS,"In your inbox, WC) GMA wake up SUBSCRIBE NOW!",Subscribe Now! W/C),,,image,entertainment,97916,1625,178,668.75
enriched_ad_6905,campaign_009,"CONTINUE >","1. Click Continue 2. Get App 3. Watch Tv Channels",Learn More,facebook,,video,ecommerce,76353,1219,62,781.84
enriched_ad_6906,campaign_036,Med Delivery in the 'New Normal',Give customers what they want. Touchless delivery. Convenience. Fewer trips to the pharmacy - pouch packaging.,Learn More,,,image,ecommerce,35967,681,49,465.76
enriched_ad_6907,campaign_049,Web Companion,"Block Ads & Malware, Install Web Companion for an uninterrupted browsing experience.",Start Now!,,,image,ecommerce,38652,683,67,600.55
enriched_ad_6908,campaign_029,FANATICAL GREAT PC GAMES,Fantastic Value. Trustpilot ***** All trademarks are the property of their respective owners.,SHOP NOW,,,image,ecommerce,91901,1601,88,930.03
enriched_ad_6909,campaign_007,Rare Finds Await You,"Discover exclusive and rare items that are hard to find anywhere else. Our collection features unique pieces from various genres, ensuring you get the best deals on top-quality products.",Shop Now,facebook,,image,ecommerce,77019,891,43,1100.31
enriched_ad_6910,campaign_003,PROMO CODES AVAILABLE,Get automatic savings at checkout. Capital One Shopping Unlock FREE Coupons The coupon-finding browser extension,,,,image,ecommerce,96199,1118,92,1032.67
enriched_ad_6911,campaign_015,Fortnite WILD,,,,,image,entertainment,64681,1014,143,561.89
enriched_ad_6912,campaign_015,ELEGOO Model by Nomnom Figures - SATURN 3 ULTRA,12K MONO MSLA 3D PRINTER ONLY $499 Original Price $550 New Arrivals Shop Now:,Shop Now,,,image,ecommerce,70642,853,46,1131.53
enriched_ad_6913,campaign_040,Grand Theft Auto San Andreas SKATE Room Free,,,,,image,entertainment,48206,992,118,266.02
enriched_ad_6914,campaign_038,CROWDSTRIKE NOWHERE+ TO HIDE,"Falcon OverWatch Threat Hunting Report. Verticals impacted by LockBit from July 1, 2021 to June 31, 2022.",Get the Report >,,,video,ecommerce,57476,1234,116,811.65
enriched_ad_6915,campaign_015,The Diamond Store,"Discover the finest diamonds and exquisite jewelry at Zales. Whether you're looking for engagement rings, wedding bands or everyday elegance, we've got you covered.",SHOP NOW,,,image,ecommerce,30857,363,18,391.41
enriched_ad_6916,campaign_028,EMMIOL Y2K Grunge Style,,Shop Now,,,image,ecommerce,25187,360,19,284.67
enriched_ad_6917,campaign_014,InfluxDB Cloud,Build better real-time apps in less time with less code. Try For Free,,,,image,ecommerce,65200,812,46,858.18
enriched_ad_6918,campaign_003,Best Selection of Servers & Workstations,From the Experts in High Performance Computing.,SHOP NOW ,,,image,ecommerce,96210,1356,120,1106.61
enriched_ad_6919,campaign_048,Serverless360 - Azure Management Platform Gold,"Azure Management Platform with Microsoft Partner, Accelerate Logic Apps Monitoring with End-to-End Insights. Get Started.",,,,image,ecommerce,73021,875,45,1149.27
enriched_ad_6920,campaign_012,Earn Your Doctor of Pharmacy in Three Years,MIDWEST STERN Midwestern University College of Pharmacy Chicago Area | Phoenix Area Learn More,,,,image,education,22334,514,59,180.09
enriched_ad_6921,campaign_019,Mirepo - Augo Vice City Grand Theft,,,,,image,entertainment,66012,1195,206,375.08
enriched_ad_6922,campaign_002,Learn GitOps and Argo CD,Check out this online course from the creators of Argo.,Sign up for free,,,image,education,65481,1120,91,565.59
enriched_ad_6923,campaign_005,Logitech AUTOMATE - Smart Actions with MX Master Series,Everything that doesn't have to do with coding. Learn More,,,,image,ecommerce,21383,245,14,336.51
enriched_ad_6924,campaign_031,Startpage Protect Your Online,Search engine financial activity. Search privately.,,,,image,ecommerce,74288,1304,123,1090.53
enriched_ad_6925,campaign_008,Craft Cannabis,"Artisan-Made, Organically Grown & Rosin-Pressed Premium Edibles. C LUNY B 20% OFF Order Online.",Order Now!,,,image,ecommerce,22737,291,27,383.57
enriched_ad_6926,campaign_046,"Soften, Soothe, and Protect",Damaged skin on livestock! TIME-TESTED ANIMAL HEALTH CARE PRODUCTS Find Out Where to Buy >><< UDDER OINTMENT LeGear LANOLIZED UDDER INTMENT P VITA ANTISE,>>,,,image,ecommerce,59546,1049,87,600.72
enriched_ad_6927,campaign_025,Lexi Luv Chaturbate Ultra HD Live Video,,,,,video,entertainment,82761,1709,290,731.51
enriched_ad_6928,campaign_017,Piperranne - Chaturbate,Experience the thrill of Piperranne's ULTRA HD LIVE VIDEOS on Chaturbate.,,,,video,entertainment,39444,1098,151,207.41
enriched_ad_6929,campaign_040,The Average Cost Of Walk-In Showers In 2023,"Discover the average cost of walk-in showers in homes across various regions for this year. Get insights on pricing trends, installation costs and more.",,,,image,home improvement/electrical appliances,85423,1450,78,1006.86
enriched_ad_6930,campaign_047,YOU HAVE ONLY 2 MOVES,,,,,image,,27638,308,15,304.68
enriched_ad_6931,campaign_026,Catch Live College Softball,Stream live games of your favorite college softball teams. Download the app to watch.,Download The App > V,,,video,"education, entertainment",23441,627,64,246.28
enriched_ad_6932,campaign_038,PROMO CODES AVAILABLE,Get automatic savings at checkout. Capital One Shopping Unlock FREE Coupons The coupon-finding browser extension.,,,,image,ecommerce,23597,461,27,228.28
enriched_ad_6933,campaign_005,CAPITAL ONE SHOPPING PROMO CODES AVAILABLE LA,Get automatic savings at checkout. Unlock FREE Coupons The coupon-finding browser extension $,,,,image,ecommerce,32001,606,43,546.84
enriched_ad_6934,campaign_029,ACS - Chemistry for Life,American Chemical Society. Your future in chemistry starts here.,Learn More,,,image,education,46001,1126,163,447.12
enriched_ad_6935,campaign_016,Lightinthebox.com,,,,,image,,83196,1425,132,1021.78
enriched_ad_6936,campaign_028,Schrade Slyde Folders,"Made in the USA, D2 Blade Steel & Ultra Thin Construction",Shop Now,,,image,ecommerce,31912,476,23,407.16
enriched_ad_6937,campaign_020,Win Your Dream Watch!,"The Premium Time Company offers an exclusive Rolex Pelatie Meter, available now for only $10.00 at our store.",Shop Now,,,video,ecommerce,26678,504,50,277.86
enriched_ad_6938,campaign_042,Badge,Magic INSTANT Badge & Fabric ADHESIVE NEVER SEW ANOTHER BADGE AGAIN!,Shop Now,,,image,ecommerce,21496,430,23,383.54
enriched_ad_6939,campaign_048,"RIDE SAFE, IT'S FUN!","SCOUT's Honor. Polaris-BSA ATV Safety Programs are hands-on experiences practicing sale riding. Situations include hill riding, emergency stopping and swerving, quick turns, and riding over obstacles.",LEARN MORE,,,image,ecommerce,32949,501,50,342.0
enriched_ad_6940,campaign_046,New Energy Suzuki XL7,"Experience the power of new energy with our latest model, the SUZUKI NEW ENERGY XL7. Designed to move further and achieve more.",,,,image,automotive,76200,1188,41,1514.41
enriched_ad_6941,campaign_025,Personalized MSK Benefits,"Discover ways in which employers personalize Microsoft Health Plan (MSP) offerings, including cost-saving measures and tailored employee wellness programs. Join us to learn more about how these benefits can be customized for your organization.",Learn More,facebook,,image,ecommerce,48921,565,46,701.65
enriched_ad_6942,campaign_036,The Driving PODCAST,"Are you a vehicle owner, buyer or driver?",,,,image,entertainment,67778,987,148,333.32
enriched_ad_6943,campaign_022,Calling All Parents! Raising Kids Can Be Overwhelming,Get Information And Support In The Daunting Task Of Being A Good Parent.,SIGN UP NOW,,,image,ecommerce,57568,785,44,766.23
enriched_ad_6944,campaign_045,With Modern Farmhouse,,,,,image,ecommerce,47851,717,65,672.61
enriched_ad_6945,campaign_010,Returnative Join Global CBT Now!,,,,,image,education,88741,1408,169,969.3
enriched_ad_6946,campaign_027,Veranova,Over 50 years of experience in driving complex therapeutics to commercial success. Discover Veranova.,,,,image,ecommerce,69343,811,75,1168.07
enriched_ad_6947,campaign_012,Among Us - In Among Us,Do you want to be a crew member or an impostor in the popular game 'Among Us'?,,,,image,entertainment,50639,1285,218,449.91
enriched_ad_6948,campaign_011,Sealy Pressure-Relieving HexGel™ Technology Innovative Comfort,,Shop Now,,,image,ecommerce,94571,1981,139,1244.81
enriched_ad_6949,campaign_050,EXPERIENCE - THE SPECTACULAR 2023-2024 SEASON PNC Broadway Lights SERIES FUNNY GIRL THE WIZ COMPANY ,,GET SEASON TICKETS,,,image,entertainment,90098,2453,352,549.72
enriched_ad_6950,campaign_013,Experience the Spectacular 2023-24 Season,"Get tickets for Broadway Lights Series, PNC sponsored.",Buy Tickets Now,,,image,entertainment,86843,1328,210,604.52
enriched_ad_6951,campaign_015,Chicago's Best Restaurants,,,,,image,ecommerce,39322,688,56,707.65
enriched_ad_6952,campaign_010,Ending Your Car Lease,The dealership vs. LEASEEND FINISH FINISH Click to see why Lease End is the Straightforward Choice.,,,,image,ecommerce,41444,583,30,580.32
enriched_ad_6953,campaign_019,"Adapted","Mind 1st Grade 2nd Grade 3rd Grade 4th Grade 5th Grade 6th Grade 7th Grade 8th Grade",Learn More,facebook,,image,ecommerce,52145,738,52,566.61
enriched_ad_6954,campaign_017,AMITY - Ranked Amongst Top Universities Globally for Producing the Most Employable Graduates,"The Global University is recognized worldwide as one of the leading institutions in producing graduates with high employability. With rankings that reflect its excellence, AMITY stands out among top universities globally.",,,,image,education,53376,769,58,436.33
enriched_ad_6955,campaign_006,Startpage Get Access to Search Engine Un-Profilied News,Search Privately,,,,image,ecommerce,66045,1302,92,1172.01
enriched_ad_6956,campaign_046,"ABF - Whether It's Lifestyle, Transformation, or Competition. YOU MATTER TO US.",,CLICK TO JOIN,,,image,ecommerce,88408,1277,112,1541.71
enriched_ad_6957,campaign_025,Concors BACZON CLEAN JustFashionNow,,Shop Now,,,image,ecommerce,70057,874,43,1050.35
enriched_ad_6958,campaign_030,Celebrate Your Special Moments,"Join us for Celebration Day, where we bring joy and happiness to your special moments. Whether it's an anniversary, birthday or any other celebration day, our unique experiences will make it unforgettable.",Book Now!,facebook,,image,entertainment,60774,1508,267,387.38
enriched_ad_6959,campaign_005,Turn Off All Ads,,Block Ads Now,,,image,ecommerce,43051,702,36,590.5
enriched_ad_6960,campaign_031,FineScale Modeler Summer Sweepstakes,The essential tool for model builders. FineScale offers the ultimate modeling experience with its summer sweepstakes.,Enter Now!,facebook,,image,ecommerce,94281,1070,76,1574.5
enriched_ad_6961,campaign_039,The Year’s Best Models,KALMBACH HOBBYSTORE presents the year's best models. Free shipping on all orders! Discover over 225 great scale modeling kits that will inspire you with their detail and craftsmanship.,Shop Now!,facebook,,image,entertainment,22140,470,50,189.69
enriched_ad_6962,campaign_045,Simple to Start; Seamless to Scale,"Join Thousands of Developers and Engineers for a Day of loT Register Now DO HODE Photon 2 Join Virtually June 21, 2023",,,,image,ecommerce,94136,1154,71,1638.17
enriched_ad_6963,campaign_004,The Last Storage Platform You'll Ever Need,Discover the ultimate solution for your data management needs. PURESTORAGE offers unparalleled storage capabilities that ensure you never have to worry about running out of space again.,Learn More About PURESTORAGE,facebook,,image,ecommerce,88395,1625,91,1306.25
enriched_ad_6964,campaign_048,Celebrate Vivaia's Anniversary with Up to 50% Off!,"Join us in celebrating the third anniversary of our beloved character, Happy Feet! Enjoy up to 50% off on all Vivaia merchandise.",SHOP NOW,,,image,ecommerce,84285,1448,96,1238.04
enriched_ad_6965,campaign_021,Get RFID Ready,"AVERY
DENNISON Learn more 
",,,,image,,30768,570,58,398.63
enriched_ad_6966,campaign_032,Lightbox - Laboratory-Grown Diamonds,Stunning stones. Transparently priced.,Shop Now,,,image,ecommerce,84283,1007,55,1018.62
enriched_ad_6967,campaign_005,Medical Cannabis is Legal in Texas,"Start finding relief today with Medical Cannabis, now legal in Texas.",GET A PRESCRIPTION,,,image,healthcare,72858,1118,66,1573.03
enriched_ad_6968,campaign_011,Open the door to curiosity.,"The Science Behind PIXAR EXHIBITION OPEN NOW at Per[olt Museum of Nature and Science located at 2201 N. Field Street | Dallas, TX 75201",BUY TICKETS,,,image,entertainment,81005,1958,381,396.33
enriched_ad_6969,campaign_007,UP TO 60% OFF,,,,,image,,69320,1022,97,1031.06
enriched_ad_6970,campaign_009,flyexclusive Up to $100k in flight credits with a share purchase of a brand new Citation CJ3+.,,,,,image,ecommerce,64774,1271,110,626.06
enriched_ad_6971,campaign_002,flyexclusive,8 Robb Report BEST OF THE BEST WINNER 2022 Fractional without monthly management fees Join flyExclusive Fractional and receive up to $100k in flight credits EXPLORE THE CJ3+,,,,image,ecommerce,74772,1275,108,908.01
enriched_ad_6972,campaign_045,FREE SUMMER MEALS for kids and teens under 18,"Text ""Food"" to 304-304 or visit NokidHungry.org/Help NO KID HUNGRY FIND FREE MEALS",,,,image,food,64281,1279,144,541.31
enriched_ad_6973,campaign_050,"DOCK BLOCKS",Contact Us >,Learn More,facebook,,image,ecommerce,76111,1219,89,951.17
enriched_ad_6974,campaign_008,19 ZOHO Invoices Available Now,"Most loved invoicing software, now available for FREE Sign up for free",,,,image,ecommerce,96066,1073,62,1583.55
enriched_ad_6975,campaign_027,Open Trail ATV & UTV Accessories,New! UTV Windscreens Available Now!,Learn More,,,image,ecommerce,34818,639,45,522.12
enriched_ad_6976,campaign_006,Built by the brand you love for your fantasy and betting action.,DKN IS THE ACTION SPOT. KN NOW AVAILABLE ON Samsung TV Plus AND DRAFTKINGSNETWORK.COM,,,,video,entertainment,77685,1991,256,423.74
enriched_ad_6977,campaign_038,Most Viewed Digital Trends Videos,Discover the most popular digital trends on YouTube. Read more about our curated selection.,,,,video,entertainment,87362,2843,525,660.0
enriched_ad_6978,campaign_030,Best Nintendo Switch Games,,,,,image,entertainment,29631,496,56,260.29
enriched_ad_6979,campaign_006,Microsoft Power your apps,with large-scale Al models GPT-4 is now available with Azure OpenAl Service.,,,,image,ecommerce,87058,1057,56,1042.99
enriched_ad_6980,campaign_022,Pantheon - Fast and Secure,Create Drupal sites with ease on the world's fastest hosting platform. Start your project today!,Get Started Now,facebook,,image,ecommerce,71702,830,61,810.95
enriched_ad_6981,campaign_008,Personalized Advertising,Discover the power of personalized advertising with us! Our expert teams have achieved an impressive average return on ad spend (ROAS) exceeding 500%. Learn how our agencies can help you stand out in a crowded market.,Set Up A Demo,,,video,ecommerce,71250,1278,78,714.05
enriched_ad_6982,campaign_028,Trending Podcasts,"Discover the latest healthcare podcasts that are trending right now. Whether you're looking for expert interviews, patient stories or medical news updates, we've got you covered.",Download Now,,,image,healthcare,25099,276,16,431.87
enriched_ad_6983,campaign_048,The Bob Harrington Show - Career Pivot: Leaving,Explore the journey of leaving clinical medicine with Medscape ORIGINAL.,,,,image,education,54821,953,75,380.46
enriched_ad_6984,campaign_023,Microsoft Azure Open Al,Service now offers support for plugins in limited preview. Learn more > AE,,,,image,ecommerce,67734,1403,143,803.55
enriched_ad_6985,campaign_029,The North Face,All-around comfort. All-day functionality.,,,,image,ecommerce,71355,1008,84,1190.26
enriched_ad_6986,campaign_027,Get SOFTONIC Pro for Windows at an amazing discount!,SOFTONIC PRO is now available with up to 20% OFF using the code 'SOFTONIC20'. Get it on both Windows 10 and Windows 11 versions. Perfect choice for your professional needs.,Shop Now,,,image,ecommerce,40580,566,36,544.56
enriched_ad_6987,campaign_037,"UPES DEHRADUN, NOW EMPANELLED WITH CUET",Up to 30% merit scholarship* on undergraduate programs based on CUET score. Last Date to Apply: June 30. *T&C apply. For more details visit upes.ac.in,,,,image,education,85324,2131,292,827.26
enriched_ad_6988,campaign_028,Startpage,Protect Your Personal Data. Search Privately.,,,,image,ecommerce,20258,380,33,284.73
enriched_ad_6989,campaign_006,Shop Without Ads,Follow us on Startpage to search privately and shop without ads.,Join Now,facebook,,image,ecommerce,99699,1953,196,1065.02
enriched_ad_6990,campaign_023,CAESARS REWARDS,DESTINATION Indiana Derby SATURDAY July 8 INDIANAPOLIS A CAESARS REWARDS. LEARN MORE,,,,image,entertainment,52297,1230,169,302.07
enriched_ad_6991,campaign_029,Black Desert Morning Light Sale,Get up to 50% off on our exclusive Black Desert collection. Experience luxury and comfort with every piece.,Shop Now,facebook,,image,ecommerce,28240,557,49,487.89
enriched_ad_6992,campaign_023,"Bring Speed, Simplicity & Success","Ready to bring speed, simplicity and success to your go-to market teams?",,,,image,ecommerce,40877,724,64,577.32
enriched_ad_6993,campaign_021,Mouth Motor with Driving.ca's,"Hear from David Booth as he shares his sharp intellect, vast experience and pull-no-punches criticisms on hot topics in the auto industry.",LISTEN NOW,,,image,ecommerce,61133,969,50,711.17
enriched_ad_6994,campaign_036,Get All The Best Of BuzzFeed Quizzes Sent Straight To Your Inbox. Sign Up Now Quiz,,Sign Up Now Quiz,,,image,entertainment,82386,2251,298,539.1
enriched_ad_6995,campaign_017,Capture Your Moments in Full HD,"You have the talent, we have the tools.
Check our Capture Cards.",Stream. Record. Share.,,,video,ecommerce,37674,620,46,410.32
enriched_ad_6996,campaign_029,Best of the Best Winner,Fly Exclusive Robb Report Locked Hourly Rates & No Peak Day Premiums Join Platinum Jet Club.,,,,image,travel,72119,849,59,1113.22
enriched_ad_6997,campaign_042,How You Start Your Day,MatterSi WEEKDAYS STARTING AT 4:25AM WUSA9.com/WUSA+,,,,image,entertainment,56653,953,151,316.26
enriched_ad_6998,campaign_034,Grand Theft Auto Samanderas - FREE AMO,,,,,image,entertainment,55607,996,151,495.9
enriched_ad_6999,campaign_005,New Compression Connections T-Valve Webstone,"A brand of NIBCO, Rebetone offers innovative compression solutions for your industrial needs.",,,,image,ecommerce,38576,778,45,630.32
enriched_ad_7000,campaign_041,Nameberry Astrology,Discover the meaning behind your name with our astrology insights. Find out what star signs say about you and learn more about how they influence who we are.,Explore Now!,facebook,,image,entertainment,97955,1581,229,770.34
