ad_id,campaign_id,headline_text,body_text,call_to_action,platform,placement,ad_format,category,impressions,clicks,conversions,spend
enriched_ad_3001,campaign_012,"564 G",".COM TACOM TACOMA4G.COM",Learn More,facebook,,image,ecommerce,45975,956,72,740.13
enriched_ad_3002,campaign_037,Discover the 100% Electric Solterra,"Subaru SOLTERRA Power On, ready to charge.",,,,image,automotive,93028,1450,47,1309.44
enriched_ad_3003,campaign_019,Minding the Generation Gap,Financial Literacy & Awareness VIRTUAL EVENT INSIDER WATCH NOW % + = men,,,,video,education,69232,2124,278,552.67
enriched_ad_3004,campaign_019,SpringOPEN HOUSE at The Residence,"The Residence is hosting an OPEN HOUSE for adults aged 55 and older. Join us on March 15th, from 1:00-3:00pm to experience our Lutheran SeniorLife Community in St. John.",Ask about our Move-in Specials,,,image,real_estate,83282,782,12,2432.16
enriched_ad_3005,campaign_016,Nominate,"A Butler County First Responder, Home Town Hero. Join the ranks of heroes in Butler County.",,,,image,entertainment,66277,1179,165,549.03
enriched_ad_3006,campaign_046,POWER PICKS,"$40,000 IN TOTAL PRIZES
PLAY FAST. WIN BIG WITH XFINITY.
PLAY FREE
Eligibility restrictions apply. Vold where prohibited. MAR. 17-APR. 3 - CBB See for",,,,video,entertainment,83749,1877,363,508.11
enriched_ad_3007,campaign_044,Watch,"Engaging expert insights and knowledge on cancer networks, available at your fingertips.",,,,video,ecommerce,46373,895,72,563.43
enriched_ad_3008,campaign_044,Can-Cover Network,Get complete coverage on the latest studies. Read now!,Read Now,,,image,education,35519,467,42,372.88
enriched_ad_3009,campaign_025,Dolly Parton's Talks About Marriage,,,,,image,entertainment,78976,1926,279,434.81
enriched_ad_3010,campaign_005,"Decamilla - Capital Management, Inc.","Established in 1998
Knowledge. Trust. Confidence. Duty.
An independent money management firm that adheres to a strict fiduciary standard.",,,,image,ecommerce,76388,1085,94,987.91
enriched_ad_3011,campaign_016,"TIRES AND OIL NEED CHANGING. YOUR HEADLIGHT BULBS DO, TOO.",,LEARN MORE,,,image,automotive,89096,1415,38,1362.59
enriched_ad_3012,campaign_050,Register for Powerful Perseverance,"JE COVID Read, Reflect, and Revive Your Faith This Lent NATIONAL Catholic REGISTER Get 6 Free Issues",,,,image,education,44556,853,72,470.88
enriched_ad_3013,campaign_033,New GBN SuperBook Rigs of the West Double-Feature DVD!,A LESSON IN GENEROSITY Plus an Easter double-feature. Get Your DVDs & Instant Streaming Special 5-Disc Offer! Shop Now,Shop Now,,,video,entertainment,20428,383,43,114.25
enriched_ad_3014,campaign_046,"MIRACLE, LIVING DIV",DuCTION RECEIVE Exclusive Teachings FROM CBN Each Month! BECOME A CBN Partner,BECOME A CBN PARTNER,,,image,education,74485,1469,188,843.51
enriched_ad_3015,campaign_035,HOTWHEELS MONSTER TRUCKS LIVE GLOW PARTY HO,,,,,image,entertainment,54927,1204,141,292.17
enriched_ad_3016,campaign_008,Monster John Paul Jones Arena Trucks Live Glow Party,,,,,image,entertainment,36796,535,57,278.94
enriched_ad_3017,campaign_009,Monster Trucks Live Glow Party,,,,,image,entertainment,29386,662,120,229.09
enriched_ad_3018,campaign_018,Every Truck Tells a Story. Make Yours a Strong One.,2023 SILVERADO,Learn More,,,image,automotive,88407,1082,20,1887.33
enriched_ad_3019,campaign_018,Every Truck Tells a Story. Make Yours a Strong One.,,Learn More,,,image,automotive,21549,300,11,340.98
enriched_ad_3020,campaign_046,Derrick Hand Hiring,"BLACK HAWK ENERGY SERVICES is now hiring for Floor Hand positions, suitable for all workover operations and pump operators.",,,,image,ecommerce,29622,349,35,285.74
enriched_ad_3021,campaign_045,"Do you need a new Heating & Air System? Get up to $1,500 off when you trade in your old system.",Take advantage of Bill's Cash For Clunkers. Click Here for more details,Click Here for more details,,,image,ecommerce,20119,370,22,237.73
enriched_ad_3022,campaign_043,March Madness Reese’s University Enrollment,,Enroll Today,,,image,education,65525,1016,150,783.38
enriched_ad_3023,campaign_038,Angi - Your Home for Everything Home,,Find Pros Now,,,image,ecommerce,89514,1724,119,1324.33
enriched_ad_3024,campaign_050,Leaving Egypt,Podcast featuring Singer/Songwriter Alex Mabey sharing how God’s voice guided her through her failed marriage and health struggles.,,,,image,entertainment,41296,659,61,211.11
enriched_ad_3025,campaign_025,Give Hope and Healing to the World,PROVIDE ESSENTIAL RELIEF AND RECOVERY GLOBALLY The Advance • Kind Katie : lhe fese Bds GIVE NOW,GIVE NOW,,,image,ecommerce,61965,1174,105,771.06
enriched_ad_3026,campaign_026,Join Our Team,,APPLY NOW ►,,,image,ecommerce,49707,559,53,642.14
enriched_ad_3027,campaign_002,Get Expert Answers Fast,Stuck on your homework? Snap a picture of the study question and get an expert answer fast with Chegg Study.,Use Chegg Study Now!,,,image,education,54198,938,125,431.17
enriched_ad_3028,campaign_049,Analytical SFC,As Easy As LC • LC/SFC switching capability • Small footprint Automated method scouting Learn More.,Click here,,,image,ecommerce,33193,446,38,582.59
enriched_ad_3029,campaign_012,Cross-Coupling with Millipore Sigma Ligands,"Discover our new ligands and iron precatalysts for cross-coupling reactions. Explore the latest offerings from SIGMA, including PR₂-PAd₂ compounds.",Explore Now,facebook,,image,ecommerce,23168,395,23,388.0
enriched_ad_3030,campaign_047,SPAL AUTOMOTIVE USA UNRIVALDED PERFORMANCE,"Experience the ultimate in automotive performance with SPAL's latest innovation - ElectriC COOLing Fans. Designed to elevate your driving experience, these fans ensure optimal cooling and efficiency for all vehicle types.",Shop Now,facebook,,image,automotive,90224,1025,26,1201.36
enriched_ad_3031,campaign_018,S Be More Than A Fan,,,,,image,,58124,914,44,870.78
enriched_ad_3032,campaign_041,What's Your Next Move?,Create your own headlines with Companies on the Move CRAIN'S CHICAGO BUSINESS,,,,image,ecommerce,22735,453,37,316.22
enriched_ad_3033,campaign_039,What's YOUR Next MOVE?,Create your own business headlines with Companies on the Move. Share Your News Now CRAIN'S CHICAGO BUSINESS,,,,image,ecommerce,80797,1212,90,1167.84
enriched_ad_3034,campaign_026,What's Your Next Move?,Create your own headlines with Companies on the Move,,,,image,ecommerce,26668,412,29,474.63
enriched_ad_3035,campaign_049,WHAT A WIN! Community,America KS Open CHIEFS CHECKING and a HIGH INTEREST SAVINGS ACCOUNT Get UP TO $250 APPLY NOW OFFER FER ENDS MAR 19 *Terms apply; minimum deposit required. Insured by NCUA.,APPLY NOW,,,image,ecommerce,70817,1401,104,1143.06
enriched_ad_3036,campaign_009,Free Webinar on Retirement Planning for Church Leaders,,Register Now,,,video,education,98277,2413,264,638.88
enriched_ad_3037,campaign_023,NEW 2023 Tax Guide,"NOW AVAILABLE
2025
ORDER TODAY
$29.95 OFF When you order the book & PDF PDF",,,,image,education,79712,1326,105,848.34
enriched_ad_3038,campaign_024,2min2x,,,,,image,healthcare,55257,712,31,1060.02
enriched_ad_3039,campaign_009,"Read, Reflect, And Revive Your Faith",Get 6 Free Issues REGISTERE National Catholic Register Read Faithfully This Lent,,,,image,education,95234,1406,200,1011.06
enriched_ad_3040,campaign_020,"FlexColor - New Technologies, Profound Effects",,,,,image,ecommerce,75931,1141,77,758.19
enriched_ad_3041,campaign_044,Best Coke. Ever?,#TakeATaste Taste you can't really taste ca-Coke ZERO SUGAR Coca-col alused under a,,,,image,food and beverage,38200,685,43,590.64
enriched_ad_3042,campaign_003,Explore Over 25 Million Homework Questions,Discover the answers to your toughest assignments with our comprehensive collection of explained solutions. Try Chegg StudyⓇ for all you need.,Try Chegg StudyⓇ,,,image,education,24322,588,71,269.0
enriched_ad_3043,campaign_010,CITYBEAT BEST OF CINCINNATI CELEBRATION,,,,,image,entertainment,36821,993,140,307.99
enriched_ad_3044,campaign_041,Your next apartment is a click away.,,,,,image,real_estate,71605,770,10,1407.04
enriched_ad_3045,campaign_042,WATCH AND DOWNLOAD KPRC2+,"Discover your favorite shows and movies with KPRC2+. Available on Roku, Fire TV, Smart TVs. Get it now!",DOWNLOAD NOW ON APP STORE OR GOOGLE PLAY,facebook,,video,entertainment,95284,1820,272,637.11
enriched_ad_3046,campaign_025,SHAZAM! FURY OF THE GODS ONLY IN CINEMAS,,Visit Site,,,image,entertainment,64005,1791,202,445.96
enriched_ad_3047,campaign_032,SHAZAM! FURY OF THE GODS,(UC) (SHAZAM!) Only in cinemas March 15 ©2003 Worth. VISIT SITE.,,,,image,entertainment,81086,1910,255,391.96
enriched_ad_3048,campaign_009,The FIND A BETTER YOU.,,,,,image,,49391,608,38,862.67
enriched_ad_3049,campaign_009,SKYWELLNESS™,*Terms & conditions apply. PRODUCT Consumer Survey of 2023 Product SLEEP gumm CBD (A) Motery Sleep CBD* SAVE NOW OFF SITEWIDE CODE: SLEEP30 5% OFF,SAVE NOW,,,image,ecommerce,98408,1222,68,1708.08
enriched_ad_3050,campaign_012,WEEK'S DIGITAL ISSUE!,CLCReative LOAFing,,,,image,entertainment,27191,455,56,225.49
enriched_ad_3051,campaign_027,Angi - All Your Home Needs,"All your home needs, all in one place. Find pros now.",,,,image,ecommerce,23358,279,18,255.53
enriched_ad_3052,campaign_012,MoneyControl Pro,,Subscribe Now,,,image,ecommerce,94101,1947,97,1438.64
enriched_ad_3053,campaign_001,LET YOURSELF GO,See the world with the most trusted voice in travel,,,,image,travel,38990,494,42,631.23
enriched_ad_3054,campaign_007,Drive $3,Use S3 as a Local Drive • Works with any S3-compatible service Free Starter Edition,,,,image,ecommerce,51958,814,71,562.63
enriched_ad_3055,campaign_023,S3 - Use it like your local drive,"Drive seamlessly using Amazon's cloud storage as if it's on your own computer. Works with any S3-compatible service, and even comes in free starter edition.",,,,image,ecommerce,63324,1256,94,928.55
enriched_ad_3056,campaign_040,The Consensus 2023 Agenda is Here,"First Look at The Consensus 2023 agenda, featuring keynotes and sessions scheduled for April 26-28 in Austin, Texas. Discover the full lineup of events.",,,,image,education,31216,707,77,215.6
enriched_ad_3057,campaign_042,"Find, Buy, Sell and Track Coins","The new way to collect. Find, buy, sell and track coins with Coin World+ Connect connecting collectors.",,,,image,ecommerce,78716,1027,74,984.13
enriched_ad_3058,campaign_021,Your News. Your Way.,Get the Daily Collegian and hundreds more,,,,image,education,26928,615,91,267.38
enriched_ad_3059,campaign_039,We must treat mental illness with the same urgency and immediate care as physical injury to reduce o,- ANTHONY HARTSOOK | Colorado Politics Support HB23-1130 A bipartisan solution to our mental health crisis. Brain Health Colorado,,,,image,healthcare,94654,1507,79,2422.56
enriched_ad_3060,campaign_042,STOP HIDDEN HEALTH CARE FEES,Support HB 1215 to stop hidden hospital fees and ensure health care without costs. 'HIDDEN' is unacceptable.,Learn More & Support HB 1215 NOW!,,,image,healthcare,69855,1333,96,1863.8
enriched_ad_3061,campaign_039,THE BIG EVENT IS COMING BACK!,"COLORADO POLITICS MARCH 23, 2023 BROWN PALACE HOTEL",CLICK HERE TO RESERVE TICKETS,,,image,entertainment,21361,483,49,135.99
enriched_ad_3062,campaign_037,TicketMaster - Buy Tickets for Every Play Today,The official marketplace of the Colts. Score tickets today.,Shop Now,,,video,ecommerce,30228,444,38,290.58
enriched_ad_3063,campaign_046,Colt for a Day,Sweepstakes Indiana Farm Bureau Insurance,,,,image,ecommerce,87165,1723,140,1361.12
enriched_ad_3064,campaign_021,Be There For Every Play,Score tickets today. The official marketplace for the Colts.,Shop Now,,,video,entertainment,43033,960,168,240.73
enriched_ad_3065,campaign_005,The Best News for Your Flock,"Backyard Poultry is the best newsletter providing you with top information on poultry health, feed, poultry breeds, and much more! Sign up for free to get all this great content.",Sign up for free today!,,,image,ecommerce,88480,1351,113,896.78
enriched_ad_3066,campaign_004,CSO,50 Nominations for the 2023 CSO50 Awards are open! AWARDS Deadline: 04.24.23,,,,image,ecommerce,29072,600,60,426.9
enriched_ad_3067,campaign_004,REIMAGINE YOUR CLOUD AND DATA STRATEGY,"ATTEND CIO's Future of Cloud & Data Summit APRIL 12, 2023 REGISTER",,,,image,education,79690,1384,163,790.07
enriched_ad_3068,campaign_007,Is Connected Construction Possible?,"From ancient Rome to modern technology, explore the possibilities.",Learn More,,,image,education,90427,1278,198,641.17
enriched_ad_3069,campaign_010,THE BEST SHOW IN THE MODULAR INDUSTRY,"RETURNS
2023 WORLD OF MODULAR ANNUAL CONVENTION & TRADESHOW REGISTER NOW & SAVE!
3/29 - 4/1 JOIN US!",REGISTER NOW & SAVE!,,,image,ecommerce,21370,436,34,294.22
enriched_ad_3070,campaign_024,Innovate faster with Xometry,"Discover the power of innovation by choosing high-quality, customized components that accelerate your projects. Start an instant quote today and see how we can help you.",Start Your Instant Quote,,,image,ecommerce,28861,445,39,404.18
enriched_ad_3071,campaign_032,Searching for a New Job?,,,,,image,employment,80753,1060,88,1390.54
enriched_ad_3072,campaign_016,All Corvettes Stored Indoors in America's Largest Chevy Showroom,,,,,image,automotive,35005,531,17,839.7
enriched_ad_3073,campaign_033,Injured? Call 854-Lawyers,"Responsible Attorney | David Hoffman
7087 Rivers Avenue
N. Charleston, SC 29406",,,,image,law_firm_legal_services,20442,394,40,256.38
enriched_ad_3074,campaign_040,C CLEKIS,"Call Clekis. We Listen to You.
Personal Injury Accidents
• Worker's Compensation.
• Wrongful Death.",,,,image,"legal services, personal injury law",61961,813,40,602.12
enriched_ad_3075,campaign_017,DreamWorks Puss in Boots The Last Wish,,Stream Now,peacock,,video,entertainment,48476,1238,229,377.81
enriched_ad_3076,campaign_031,New Technology Lab Podcast,The latest episode featuring Randy Johnston and Brian Tankersley is now available. Tune in every Saturday for more tech insights.,Listen Now,facebook,,image,entertainment,79393,1643,269,615.72
enriched_ad_3077,campaign_014,Committed to Building a Stronger Workforce,Cultivating homegrown talent to keep Colorado competitive.,Learn More,,,image,education,82351,1832,208,586.05
enriched_ad_3078,campaign_042,People The Move On,Showcase industry leaders and their careers Learn More HI El III,,,,image,,62555,1001,54,937.46
enriched_ad_3079,campaign_009,CRASH,,,,,image,,35870,716,61,489.22
enriched_ad_3080,campaign_036,"Collect Play, Win",Unlock experiences and cash prizes.,Sign Up Today,,,video,entertainment,76810,1807,263,608.56
enriched_ad_3081,campaign_006,UCONN HEALTH Minute,Treating Complex Spine Disorders,,,,image,healthcare,43440,435,22,1040.95
enriched_ad_3082,campaign_023,Enter for Your Chance to Win Rosi!,PBS KIDS Puzzle! Rules PUZZLE!,,,,image,entertainment,31112,772,104,181.45
enriched_ad_3083,campaign_022,Rise Above... American Underca,Premium Steering and Suspension for your ride.,,,,image,automotive,56854,689,19,1261.99
enriched_ad_3084,campaign_030,cure MULTIPLE ED,"EDUCATED PATIENT* MYELOMA SUMMIT SATURDAY April 8, 2023 11 AM ET | 8 AM PT Brandon Blue, M.D. Clinical Instructor Department of Malignant Hematology Moffitt Cancer Center Learn More",,,,image,healthcare,54809,974,41,1379.18
enriched_ad_3085,campaign_050,Improving Patient Lives,"improving patient lives is not what we do, it is who we are. MH life sciences knowledge that matters Explore more",,,,image,healthcare,33501,562,21,485.53
enriched_ad_3086,campaign_038,SALE ENDS MARCH 31ST! One-Month-Only Flash Sale,Window & Patio Door Renewal by Andersen. WINDOW REPLACEMENT in Andersen Company The Better Way to a Better Window,,,,image,ecommerce,83733,1723,90,1283.89
enriched_ad_3087,campaign_030,Barbara Weinstock Lectures on the Morals of Trade,"Slavery in the Economy
of the Anthropocene
Lecture by Kevin Bales
March 14 & 15, 2023, 4:10 P.M.
Alumni House, Toll Room
UC Berkeley Campus
Berkeley Graduate Division",,,,image,education,34225,731,74,400.08
enriched_ad_3088,campaign_024,Dot Recs - Safe Shopping,It's dangerous to shop alone. dot recs DotRecs offers in-depth reviews of everything worth your cash on the internets.,Learn More,,,image,ecommerce,31299,531,36,456.87
enriched_ad_3089,campaign_033,Start your day,with the best (and worst) of internet culture. Stay in the know with Daily Dot's Internet Insider newsletter.,Learn More,,,image,entertainment,97150,1859,331,723.28
enriched_ad_3090,campaign_008,Give your business more flexibility with this connectivity.,TELKOM BUSINESS T&C APPLY. E&OE,CALL ME BACK ►,,,image,ecommerce,25452,324,30,368.62
enriched_ad_3091,campaign_024,Admissions Open 2023,"SATHYABAMA Institute of Science and Technology (DEEMED TO BE UNIVERSITY) offers Admissions for the following courses in Engineering, Architecture I Management, Arts & Sciences I Law Identification | Pharmacy. Nursing | Physiotherapy.",,,,image,education,77431,1873,151,832.49
enriched_ad_3092,campaign_005,black hat ASIA 2023,"May 9-12, 2023 MARINA BAY SANDS/SINGAPORE LEARN MORE",,,,image,entertainment,68746,1500,186,606.97
enriched_ad_3093,campaign_028,excool - advanced data center cooling,The most advanced Data Center Cooling in the world. Experience unparalleled efficiency and performance with excool.,,,,image,ecommerce,32530,523,45,542.13
enriched_ad_3094,campaign_025,The Most Advanced Data Center Cooling in the World,,,,,image,ecommerce,58128,745,66,724.55
enriched_ad_3095,campaign_030,That Spring Thing,HOMETOWN EXPO SPRINGBORO HIGH SCHOOL MARCH 18,,,,image,,39727,551,56,451.82
enriched_ad_3096,campaign_032,Hiring Costco CDL Drivers! Starting Driver Pay is $33.35/hr,,,,,image,"ecommerce, saas, education, healthcare, finance, entertainment, travel, food, automotive, real_estate",75516,825,64,891.73
enriched_ad_3097,campaign_033,HIRING CDL DRIVERS!!!,"STARTING DRIVER PAY IS $33.35/hr COSTCO WHOLLAN Costco Low ""Out-of-Pocket"" Comprehensive Benefits 9 HOLIDAYS A YEAR!! COCOSTO APPLY TODAY WHOLESALE NOMINATED Best OF THE BEST Frederick Campus/Depot 1052/1053/1996/731",COSTCO APPLY TODAY,,,image,ecommerce,42781,679,46,594.63
enriched_ad_3098,campaign_029,Soldest Rodeo Tickets On Sale,,,,,image,entertainment,39167,992,140,235.74
enriched_ad_3099,campaign_049,ORDER YOUR DREAM VEHICLE TODAY WITH LAMB CHEVROLET'S PRE-ORDER PROGRAM!,"✓ VISIT LAMB CHEVROLET SPEC OUT YOUR IDEAL VEHICLE WE'LL ORDER IT FOR YOU! ... MOST VEHICLES REQUIRE A DEPOSIT AS LOW AS $1,000 TO RESERVE ORDER. SEE DEALER FOR DETAILS.",SHOP NOW,,,image,automotive,72248,1292,41,1231.64
enriched_ad_3100,campaign_022,Angi All Your Home Needs,"All your home needs, all in one place. Find Pros Now.",,,,image,ecommerce,94688,1507,109,1551.9
enriched_ad_3101,campaign_018,The MIXPAC™ Stamp Ensures Genuine Swiss Quality,Discover the authentic touch of Switzerland with our original SERERSEITS and IXPAC. Experience unmatched quality in every mix.,Learn More,,,image,ecommerce,66023,1122,80,654.95
enriched_ad_3102,campaign_045,Catch Up on Winter Clinical Hawaii,Dermatology Explore Conference Coverage,,,,image,education,33491,460,59,352.02
enriched_ad_3103,campaign_039,FREE ONLINE CME,Covering a wide variety of Multi-Specialty topics.,Click to learn more,,,image,education,65648,1271,113,481.96
enriched_ad_3104,campaign_041,Custom Window,"Buy 1 Get 1 Treatments, 50% off Designed to fit your space OFF* Book now > 3DayBlinds®",Book Now >,,,image,ecommerce,20889,388,36,262.24
enriched_ad_3105,campaign_037,SUIVEZ NOUS SUR YOUTUBE STAND BELLECT BERANQUE ALBERTY CITY CACHE DE LA TRYWAT PEN CALF DUTY BEST OF,,,,,image,,35231,475,31,609.68
enriched_ad_3106,campaign_034,Pop Tarts,,,,,image,food,95773,2373,293,1049.99
enriched_ad_3107,campaign_005,Hulu Original Series,"Discover Hit Shows like LLEC TRIC MIST, Movies & More on Hulu.",Start Your Free Trial,facebook,,image,entertainment,73070,1998,353,466.96
enriched_ad_3108,campaign_044,Play Fast. Win Big With Xfinity,"$40,000 IN TOTAL PRIZES
Eligibility restrictions apply. Void where prohibited. See www.draftkings.com/xfinity for details.
PLAY FREE",,,,video,entertainment,38023,1181,181,222.9
enriched_ad_3109,campaign_022,The LUMIX S5,The LUMIX you've been waiting for with Phase Hybrid AF. SHOP NOW > LUMIX PRO SERVICES WE'VE GOT YOU COVERED FREE 3 YEAR WARRANTY,SHOP NOW,,,image,ecommerce,84206,965,58,1183.49
enriched_ad_3110,campaign_029,The LUMIX S5,The LUMIX you've been waiting for with Phase Hybrid AF. Shop Now > LUMIX PRO SERVICES WE'VE GOT YOU COVERED Free 3 YEAR WARRANTY LUMIX,> SHOP NOW,,,image,ecommerce,92512,1137,118,895.01
enriched_ad_3111,campaign_038,Don't Gamble On NFTs,,,,,image,ecommerce,81882,1070,75,1108.22
enriched_ad_3112,campaign_004,Streamline Your Music,Royalties. Let's Connect.,,,,video,entertainment,23763,528,81,114.62
enriched_ad_3113,campaign_012,Save Up To 25% On Rooms At Select Disney Resort Hotels,Discover the magic of staying in select Disney Resort hotels. Enjoy exclusive discounts and perks.,Get Details,,,image,entertainment,84467,2295,318,680.98
enriched_ad_3114,campaign_022,"Stay, Play and Dine with Walt Disney World",Enjoy the magic of Disneyland. Get details on our exclusive offers.,Shop Now,facebook,,video,entertainment,96153,2088,226,806.33
enriched_ad_3115,campaign_049,Save up to 15% DISNEY 100 Disneyland CDisney at a Disneyland® Resort Hotel,on select Sunday-Thursday nights from 3/12/23 to 6/8/23. Book now thru 6/5/23.,Book Now,,,image,entertainment,33623,575,79,259.54
enriched_ad_3116,campaign_007,Celebrate at DISNEY 100 Disneyland,Join us for an unforgettable celebration. Park reservations are now available.,Reserve Now!,,,image,entertainment,89896,2079,234,535.5
enriched_ad_3117,campaign_033,Dividend.com - Best Defense Contractor Protection Stocks,Discover the best defense contractor protection stocks with our model portfolio. Reaffirmed in Best Dividend Protection Stocks for over 20 years.,LEARN MORE ▸,,,image,ecommerce,24487,341,29,419.97
enriched_ad_3118,campaign_018,Are you on the hunt for dividend income?,Use our industry-leading Best Dividend Stocks list to find top-rated dividend stocks.,View Now,,,image,ecommerce,88612,1645,170,1299.64
enriched_ad_3119,campaign_015,IXLA Kinder - Math Practice for Grades K-12,"Math practice resources tailored to students in grades Kindergarten through Grade 8. Covering essential topics such as Algebra, Geometry and precalculus.",,,,image,education,88026,1848,239,782.77
enriched_ad_3120,campaign_006,Spring Break Camps,Presenting Youth Camps by invisalign. Experience the thrill of Spring Break at AT&T Stadium on March 14 and 15.,Register Now,,,image,entertainment,60868,1670,260,539.19
enriched_ad_3121,campaign_035,2023 Dallas Cowboys SPRING BREAK Youth Camps,Presented by invisalign Covies Be REGISTER NOW,Register Now,,,image,education,83636,1894,237,777.96
enriched_ad_3122,campaign_040,Spring Break Youth Camps,Youth camps presented by March 14 and 15 AT&T Stadium. Register Now.,Register Now,,,image,education,64385,1596,126,697.44
enriched_ad_3123,campaign_022,The Dallas Opera Takes on Mozart's Romantic Comedy!,A fresh new take on MOZART'S ROMANTIC COMEDY! MOZART COSÌ FAN TUTTE March 24 - April 1,,,,image,entertainment,31445,765,90,278.4
enriched_ad_3124,campaign_008,YUMMY COMBS - Safest & Most Nutritious Flossing Dog Treat,A NutriWell® Wellness Flossable Chew for Dogs. Nurturing Optimal Wellness™ with every chew.,SHOP NOW!,,,image,ecommerce,70695,1137,96,1174.03
enriched_ad_3125,campaign_035,Your Dog Improves Your Life,A short walk goes long ways for your health. It's just one more way that your dog improves your life.,,,,image,ecommerce,41869,873,44,480.44
enriched_ad_3126,campaign_017,Fry Time,,,,,image,,68344,1244,70,883.47
enriched_ad_3127,campaign_028,Shandon - HOTEL & SPA,+ Take Me Shandon,,,,image,ecommerce,76606,929,55,942.51
enriched_ad_3128,campaign_008,Happy St. Patrick's Day! Entertainment at the Square,"From 1.30 PM, enjoy entertainment and watch as the parade starts at 3 PM.",,,,image,entertainment,63665,1496,194,389.56
enriched_ad_3129,campaign_025,New & Used Car Parts Available for All Makes and Models,,,,,image,automotive,61606,655,13,1121.66
enriched_ad_3130,campaign_033,Make the Forest Part of Your Story,Discover the FOREST.org ad,,,,image,ecommerce,20510,216,13,250.78
enriched_ad_3131,campaign_049,MARCH HOOPS CHALLENGE PRESENTED BY Coors Light,"$4,000 IN DAILY PRIZES WINNING HAS NEVER BEEN THIS Chill MAR. 14 - APR. 3 CBB - 21+ PLAY FREE Eligibility restrictions apply. Must be 21+ to enter. Void where prohibited. Void in VA See draftkings.com/coorslight for details.",,,,video,entertainment,75173,2501,363,451.12
enriched_ad_3132,campaign_007,US Steel Buildings - MENE,"Garages, Workshops, Bams, Barndominiums, Storage Buildings & More. Free estimates engineered plans available. Construction crews on demand.",Contact Us NOW!,,,image,real_estate,96461,836,11,2776.16
enriched_ad_3133,campaign_036,Specializing in Medical and Surgical Eye Care,"Four Corners Eye Clinic offers FREE glaucoma screening on March 16, 2023 from 3-5 pm.",,,,image,healthcare,31633,598,43,750.77
enriched_ad_3134,campaign_036,Conference on Actionable Growth & Wellness,Join us for an inspiring conference focused on actionable growth and wellness. Discover new ways to connect with endless human inspiration in Charlotte from March 24-26.,Register Now,,,image,education,52557,907,95,580.9
enriched_ad_3135,campaign_016,NEW FLAVOURS AND COLOURS LAUNCH FOR INNOKIN GOLDEN LEAF AWARD WINNER!,Experience the latest innovation in vaping with our new flavours and colours for InnoBar C1. Elevate your Vaping Experience.,Shop Now,,,image,ecommerce,27077,464,37,456.95
enriched_ad_3136,campaign_007,Earn More Green!,"Balances $250,000-$1,000,000 Maximum balance: $1,000,000 APY GOLD Money Market Account *Learn More INSTITUTION FOR SAVINGS Building Stronger Communities Together SINCE 1820. Member FDIC Member DIF",*Learn More,,,image,ecommerce,85489,1066,71,1268.06
enriched_ad_3137,campaign_040,Earn MORE GREEN! Money Market Account,"*Learn More
INSTITUTION FOR SAVINGS
BUILDING STRONGER COMMUNITIES TOGETHER SINCE 1830.
Member FDIC. Member DIF",,,,image,finance,53577,604,22,1059.4
enriched_ad_3138,campaign_044,The Peninsula News Best Reader’s Choice Awards Vote,,Vote Now Thru March 26th,,,image,entertainment,47650,1230,144,233.18
enriched_ad_3139,campaign_035,Making Ahwatukee Home Dreams Come True,Since 1986. West USA Real Estate.,,,,image,real_estate,59495,611,12,1107.51
enriched_ad_3140,campaign_030,"00","NAD years Learn More",Learn More,facebook,,image,ecommerce,35558,673,44,555.58
enriched_ad_3141,campaign_013,DESIGN GUIDE ON CONNECTORS,"In this Design Guide, the editors of EEWorld Online help you answer some of the ""What, When, Why"" questions around connectors, particularly in industrial applications.",,,,image,ecommerce,32325,421,31,317.52
enriched_ad_3142,campaign_027,"Searching for a new job?","BABBBBI DODGO",Learn More,facebook,,image,ecommerce,36250,534,27,506.58
enriched_ad_3143,campaign_029,Tech Forum 2023,"Join us for an exclusive virtual event featuring the latest in ELECTRONICS NEWS and ADVANCED AUTOMOTIVE technology. Don't miss out on this opportunity to connect with industry experts, gain insights into cutting-edge innovations, and explore new trends shaping our future.",REGISTER NOW,,,image,entertainment,36815,688,126,249.69
enriched_ad_3144,campaign_004,America's Weather Team™ FOX WEATHER WATCH NOW,,,,,video,entertainment,67160,1334,199,576.99
enriched_ad_3145,campaign_033,America's Weather Team™ FOX WEATHER WATCH NOW,,,,,video,entertainment,36476,1105,141,248.92
enriched_ad_3146,campaign_040,FOX America's Weather Team™,,,,,video,,34258,631,51,478.36
enriched_ad_3147,campaign_007,The Collision of Health Care and Technology,PolitiCO Future Pulse Sign Up Today,Sign Up Today,,,image,ecommerce,99908,1319,111,1308.52
enriched_ad_3148,campaign_044,The Long Game,A newsletter for leaders who are building a sustainable future.,SIGN UP NOW,,,image,ecommerce,39722,607,48,688.98
enriched_ad_3149,campaign_013,EETimes POWER,"A ROADMAP TO NEXT-GENERATION ELECTRIC & AUTONOMOUS VEHICLES Virtual Event March 28-30, 2023 ADVANCED AUTOMOTIVE TECH FORUM REGISTER NOW",REGISTER NOW,,,image,ecommerce,87760,1323,123,890.48
enriched_ad_3150,campaign_018,"Your Talent, Our Tape",Scotch 75 ELECTRICAL TAPE Years BUY NOW,Buy Now,,,image,ecommerce,91448,1447,93,893.9
enriched_ad_3151,campaign_004,E Engineering Training Days,"2023 Series
EE World presents a series of online educational days addressing specific design challenges, new techniques, and engineering skills.",,,,image,education,81268,1467,211,951.64
enriched_ad_3152,campaign_004,Analog Everywhere,Solutions for your Analog Design Challenges VISIT NOW,VISIT NOW,,,image,ecommerce,30208,441,37,298.44
enriched_ad_3153,campaign_003,Smaller is Stronger! New Generation 35-350W AC/DC SMPS - LM-R2 Series,✓ Compact size ✓ Cost-effective High quality us CE CB www MORNSUNⓇ,,,,image,ecommerce,88975,1704,85,1212.01
enriched_ad_3154,campaign_003,New Generation 35-350W AC/DC SMPS,"- LM-R2 SERIES
CE CB [8]
* Compact size
* Cost-effective
High quality
*
Contact Now",Contact Now,,,image,electronics/ecommerce,31544,529,37,368.79
enriched_ad_3155,campaign_014,Data Acquisition Platform,Analyzes Vibration Events Synchronously CN0582 CbM Reference Design ANALOG DEVICES Buy Now,Buy Now,,,image,ecommerce,43591,571,58,668.99
enriched_ad_3156,campaign_038,FREE February 2023 Coupon Codes,,Get Codes,,,image,ecommerce,45204,592,32,576.32
enriched_ad_3157,campaign_004,MEVII - YOUR BUILDS ARE OUR PRIORITY,Save time getting quotes with MISUMI's digital on-demand manufacturing platform. Learn more about our services.,,,,image,ecommerce,62571,1134,105,938.39
enriched_ad_3158,campaign_045,MEVIVY - YOUR TIME IS VALUABLE,Don't Wait for Quotes. Upload & Save CNC Machined & Sheet Metal Parts Learn More,,,,image,ecommerce,99681,1796,121,1198.32
enriched_ad_3159,campaign_045,ENID'S & NW OKLAHOMA’S LONGEST RUNNING READERS' CHOICE AWARDS!,"BEST
READERS
CHOICE AWARDS
Enid News & Eagle
2023
Coming Soon!!
Nominations begin May 2023!",,,,image,entertainment,82017,2054,221,469.7
enriched_ad_3160,campaign_004,Best Readers Choice Awards,"Enid News & Eagle p
2023 Enid’s & NW Oklahoma’s longest running Readers’ Choice Awards! Coming Soon!! Nominations begin May 2023!",,,,image,entertainment,36876,910,175,223.08
enriched_ad_3161,campaign_019,Pet Salon Full Service,Full service grooming available for both dogs and cats at The Pet Salon located in Enid.,,,,image,ecommerce,93740,1085,60,1471.4
enriched_ad_3162,campaign_027,Pet Salon,"626 N. Van Buren, Enid Full Service Grooming for both Dogs & Cats Boarding Daycare",,,,image,ecommerce,89102,1027,81,1556.99
enriched_ad_3163,campaign_034,GENUINE VALUE CARING SERVICE Every Family Everyday MMO Established in 1970 Ladusau-Evans Funeral Hom,,,,,image,funeral_home_and_crematory,76464,877,45,1198.08
enriched_ad_3164,campaign_002,ENR Award of Excellence Registration Open,"Registration is open for the ENR Awards. The registration period runs from April 13-14, 2023 at Pier Sixty at Chelsea Piers in New York City.",,,,image,entertainment,89278,1706,320,730.42
enriched_ad_3165,campaign_013,Discover TYRT Money,Explore dozens of ancestries with our innovative platform. Dive into the rich history and culture that shapes your heritage.,,,,image,ecommerce,69805,992,63,727.26
enriched_ad_3166,campaign_026,How Much Are You Holding On To?,"Get a free quote in seconds. Buy, Sell or Trade.",,,,image,ecommerce,86158,1026,72,1457.19
enriched_ad_3167,campaign_016,Save Up To $400 On Your Next Bath Fitters Purchase,,Shop Now,,,image,ecommerce,63375,1162,110,827.51
enriched_ad_3168,campaign_043,Awards,"Celebrating the most impactful players in the ETF industry Event Date: May 2, 2023 RESERVE NOW 2023",RESERVE NOW,,,video,finance,98989,900,39,2972.2
enriched_ad_3169,campaign_029,Need to Sell Your Car?,Get your best price from 5000+ dealers,,,,image,automotive,80513,1024,20,1337.56
enriched_ad_3170,campaign_025,STOP AAPI Hate Incidents,"If you see or experience HATE a hate incident, report it at stopaapihate.org @StopAAPIHate Ad space donated by Davis",,,,image,ecommerce,41230,624,56,447.3
enriched_ad_3171,campaign_006,STOP AAPI HATE,"If you see or experience a hate incident, report it at stopaapihate.org O @StopAAPIHate Ad space donated by Ziff Davis",,,,image,ecommerce,54725,781,80,937.14
enriched_ad_3172,campaign_028,Save On Power With ACE Solar,Stop paying too much for electricity. Switch to solar and save on power with up to 40% federal tax credit.,Switch To Solar Today!,,,image,ecommerce,49371,595,61,732.26
enriched_ad_3173,campaign_034,SPRING THE AIR,Use Spring30 to get free shipping. Us Farmer on orders over $300. A Farms.com Company. Promotional offer only available in the Continental US.,shop.usfarmer.com NEW HOLLANE L Oliver 'FINEST IN FARM MACHINERY',,,image,ecommerce,67195,886,59,812.62
enriched_ad_3174,campaign_005,Predator Miss Nothing,,JETZT KAUFEN,,,image,entertainment,34147,517,93,257.63
enriched_ad_3175,campaign_040,KLINE - Inconel/Titanium/Carbon Fibre,"Exhaust Boutique offers high-quality exhaust systems made from premium materials like Inconel, Titanium and Carbon fibre. Perfect for automotive enthusiasts looking to upgrade their vehicle's performance.",Shop Now,,,image,ecommerce,46968,693,55,807.25
enriched_ad_3176,campaign_046,Official Timekeeper by FIBA,,Shop Now,,,image,ecommerce,67041,773,54,961.52
enriched_ad_3177,campaign_049,Plants for a Better Planet,"EARLY Growing Knowledge Lecture Series BIRD SPECIAL Course begins April 19, 2023 $74.99-$59.99 Discount ends March 31, 2023 Sign Up Now!",Sign Up Now!,,,image,education,76003,1707,248,838.95
enriched_ad_3178,campaign_046,MATJACK Matjack F/R Series,when failure isn't an option! Steel and Kevlar 120psi. / 150psi. / 175psi. Best 5 Year Warranty Made in the USA.,,,,image,ecommerce,75843,1216,102,1297.61
enriched_ad_3179,campaign_018,HyperFire™ Experience,"INTENSE, REALISTIC DIGITAL FIRE TRAINING JUST GOT BIGGER. Check it out at FDIC Booth #1323 but also available at SARAY.",,,,image,ecommerce,59507,971,67,997.77
enriched_ad_3180,campaign_049,MatJack - Matjack F/R Series,When Failure Isn't An Option! Steel and Kevlar-120PSI/100PSI.,,,,image,ecommerce,24681,343,22,318.88
enriched_ad_3181,campaign_033,Firefighter Stairs Climb Leukemia Lymphoma Society Conquer Cure,,,,,image,healthcare,86068,1190,87,1303.67
enriched_ad_3182,campaign_049,University of Florida Health Neuroscience Institute,"UFHealth offers specialized care for complex neurological conditions. When other options are unavailable, our dedicated team at the University of Florida Health's Neuroscience Institute is here to help.",,,,image,healthcare,38735,695,48,558.06
enriched_ad_3183,campaign_003,DRUG PRICES GOT YOU DOWN? NEVER PAY INFLATED DRUG PRICES AGAIN! SAVE UP TO $80% ON PRESCRIPTION DRUG,,CLICK FOR DETAILS,,,image,ecommerce,94873,1230,82,1233.45
enriched_ad_3184,campaign_006,MS PRESENTS DOWN THE LINE EPISODE 4 WITH JOHAN CLAREY,,Click to Watch on YouTube / Fisaleen,youtube,,video,entertainment,36941,721,85,228.05
enriched_ad_3185,campaign_038,Save for their Future... FutureScholar South Carolina’s 529 College Savings Plan,,,,,image,education,41767,830,76,436.11
enriched_ad_3186,campaign_046,TEMPORADA 1 GREY'S ANATOMIA,141 TERÇA AS 21 HORAS EXPERIMENTE 7 DIAS R$69.900 AO VIVO SONY CHANNEL uol PLAY VERIFIONE A CLASIFICACAí NA WLING RANGUNKHE DING WA T,,,,video,entertainment,47776,1179,189,240.1
enriched_ad_3187,campaign_002,Food Navigator,Plant-based meat: Beyond the honeymoon period EDITORIAL WEBINAR WEDNESDAY MARCH 22 11:00AM CT REGISTER TO WATCH IT LIVE OR ON-DEMAND,REGISTER TO WATCH IT,,,video,food and beverage,65210,1441,124,861.66
enriched_ad_3188,campaign_018,Your next chapter starts at Georgetown University,Earn an Online Master’s in Applied Intelligence. Be Continued.,,,,image,education,77021,1444,104,865.28
enriched_ad_3189,campaign_015,Celebrate Enterprise Solutions,"Endpoint Intelligence Anywhere:

Targeted Remote Collection for the Age of Remote Work
Learn More",,,,image,ecommerce,93943,1317,99,1099.73
enriched_ad_3190,campaign_006,SPECIAL OFFER! $50 OFF ANY REPAIR,"Not combined with any other offer. Offer ends May 31, 2023 HansenSuperTechs.com 855-5-HANSEN",,,,image,ecommerce,28473,374,25,301.93
enriched_ad_3191,campaign_044,Special Offer! Hansen Super Techs,APEX Club Membership now available at $148 regularly priced at $199.,"Call for more details. Offer ends May 31, 2023",,,image,ecommerce,61041,1153,69,1004.54
enriched_ad_3192,campaign_046,TOM SINAS Voted Best Personal Injury Attorney in Grand Rapids,"Best of Grand Rapids, 2020-21 Readers P S SINAS DRAMIS SINCE 1951",,,,image,ecommerce,72825,788,56,1066.79
enriched_ad_3193,campaign_037,RENEWAL by Andersen - Full-Service Window and Door Replacement,Buy One Get One at 40% OFF on Windows & Patio Doors.,,,,image,ecommerce,80826,917,52,1165.53
enriched_ad_3194,campaign_036,"Producing The Finest Quality, Locally Raised Beef",Litchke Farms has been producing the finest quality locally raised beef since 1980. Visit LitchkeFarms.com for more details.,,,,image,food,65402,1639,157,570.37
enriched_ad_3195,campaign_030,NEED HELP HEATING C F YOUR HOME?,50 LEAP CAN HELP. LEAP OFFERS HEATING TO QUALIFYING HOUSEHOLDS.,CLICK HERE FOR MORE INFORMATION AND TO APPLY ONLINE,,,image,ecommerce,21320,327,28,263.41
enriched_ad_3196,campaign_013,Principal Office Austin - Appointment Only,Waco LORENZ & LORENZ Ted Lorenz Is On Top Of It! Contact Us Today,,,,image,ecommerce,94610,1865,99,1643.88
enriched_ad_3197,campaign_011,Consider Medigap?,Discover AARP's comprehensive coverage options with our top-rated plans from UnitedHealthcare.,Shop Now,facebook,,image,healthcare,40361,473,35,1060.4
enriched_ad_3198,campaign_043,Unmatched Value in Figures for PowerPoint,3DF presents UNLIMITED DOWNLOADS of POWERPOINT GRAPHS and TEMPLATES. Get started with PresenterMedia's high-quality graphics.,Get Started >,,,image,ecommerce,43226,567,44,563.58
enriched_ad_3199,campaign_045,We’ll Find the Doors for You,You decide which door to open. Find your next job at MedJobboard.com.,,,,image,ecommerce,74592,1321,103,781.96
enriched_ad_3200,campaign_017,Fall for Arlo during our Up to 20% off Autumn Sale.,As the nights grow longer it is time to protect your everything with BIG savings on selected products. TIME OFFER T LIMITED UP TO 20% OFF RRP 6.22 MARCH learn more ▸ arlo arlo Protect Your Everything K,learn more ▸,,,image,ecommerce,99182,1841,170,1279.5
enriched_ad_3201,campaign_001,"Not Liberal, Not Conservative - Just Local",The Times Get your FREE newsletters!,,,,image,entertainment,51676,1035,198,405.7
enriched_ad_3202,campaign_030,YOUR NEXT FISHING STORY BEGINS RIGHT HERE,Start your trip LAKE ERIE FISHERY ASHUS.,,,,image,ecommerce,61424,686,50,969.47
enriched_ad_3203,campaign_031,ASUS Zenbook 14 Flip OLED,Intel® Evo™ platform powered by Intel® Core™ i5 processor. Learn More intel.,,,,image,electronics/electronics/laptops/desktops/monitors/smartphones/tablets/computers/accessories/peripherals/mice/keyboards,46733,697,67,624.5
enriched_ad_3204,campaign_027,Va Republic of Gamers Unleash the Legend,with 13 Gen Intel® Core™ 19 Processor ROG STRIX SCAR 16/18 Beat The Best. Break All Limits.,BUY NOW Beyond Performance Buy now at https://my.roges/gaming-aptops-imel intel CORE 19,,,image,ecommerce,29417,599,46,325.14
enriched_ad_3205,campaign_021,WAD THUNDER GET YOUR BONUS & DOMINATE THE SKIES!,,Play,,,video,entertainment,45589,1621,198,309.87
enriched_ad_3206,campaign_014,Watch GB News Live,Alastair Stewart & friends bring you the latest news from Britain. Available for FREE and ON DEMAND at any time.,Watch Now!,facebook,,video,entertainment,66059,2157,324,404.44
enriched_ad_3207,campaign_011,"GBNI","BRITAIN'S NEWS CHANNEL Download the GB News App now Available on the App Store GET IT ON Google Play",Learn More,facebook,,video,ecommerce,23551,505,51,303.48
enriched_ad_3208,campaign_022,THERE'S ANOTHER WAY TO GIVE!,,DONATE A VEHICLE,,,image,real_estate,76021,661,11,1407.56
enriched_ad_3209,campaign_050,Discover Your Heritage,"Explore the rich tapestry of human history and uncover your roots with our comprehensive ancestry database. Dive into detailed records, trace family connections across continents, and learn about ancient civilizations that shaped today's world.",Start Exploring Now,facebook,,image,education,65926,1462,172,553.51
enriched_ad_3210,campaign_049,Money Hacks,Brought to you by GeekWire and BECU. Learn more about how these organizations can help.,,,,image,education,50066,1191,153,562.83
enriched_ad_3211,campaign_024,SunFun 2023,Aerospace Expo Capture the Magic' 28 Go Aviation March 2 APRIL Get your tickets now!,Get your tickets now! ,,,image,entertainment,54719,1372,130,382.19
enriched_ad_3212,campaign_034,Best Frequent Flyer Blogs All-in-One,BoardingArea offers access to top frequent flyer blogs. Download it from App Store or Google Play.,"Download on the App Store, Get IT ON Google Play",facebook,,video,ecommerce,69670,1663,108,996.9
enriched_ad_3213,campaign_015,Free Ebook to Strengthen Marriage,Strengthen your marriage today with this free resource from FOCUS Family. Download Now KELNAMEY Nine Questions To Ask Your Spouse To Your Me.,Download Now,,,image,education,40061,679,79,320.25
enriched_ad_3214,campaign_037,GolfMagic,,,,,image,,51771,784,64,619.49
enriched_ad_3215,campaign_035,GolfMagic YouTube,,,,,image,entertainment,46546,751,114,276.18
enriched_ad_3216,campaign_004,PLAN YOUR CHILD'S FUTURE,British Boarding Schools in Hong Kong and Singapore from March 23 to March 25. Register for your free tickets now at SchoolShow.com.,REGISTER FOR YOUR FREE TICKETS NOW AT SCHOOLSSHOW.COM,,,image,education,37429,702,61,447.5
enriched_ad_3217,campaign_007,Individualised for Ages 2-18,N. London North Bridge House co-education Book a Visit,,,,image,education,71786,1277,98,656.76
enriched_ad_3218,campaign_019,#BIE HIGH Hampton Court House,"A leading independent day school for ages 2-10. Ranked in the Top 10 London independent schools. Over 70% A*/A grades, A Levels 2022. Open Mornings held weekly.",,,,image,education,58665,1373,102,529.05
enriched_ad_3219,campaign_038,Something Special is Happening,Join us for an exclusive event at Godstowe. Discover unique experiences and connect with like-minded individuals.,Register Now!,facebook,,image,entertainment,71309,1504,157,635.22
enriched_ad_3220,campaign_043,Royal Hospital School - Navigating Success,"Top Boarding School for ages 11-18, Royal Hospital School offers an exceptional educational experience.",,,,image,education,22268,345,40,187.3
enriched_ad_3221,campaign_022,Leading Online School,King's InterHigh is the world's first International Baccalaureate (IB) diploma online. Experience an unparalleled educational journey with our comprehensive curriculum designed to prepare students for success in today's global society.,,,,image,education,43061,651,50,481.88
enriched_ad_3222,campaign_047,Best Sporting Goods and Runner Up for Best Gift Shop,,,,,image,ecommerce,45831,774,72,809.06
enriched_ad_3223,campaign_041,Harvest More With Sunflower Savings!,3.50% APY First Fed Annual Percentage Yield (APY) is Variable,LEARN MORE,,,image,finance,33732,435,14,778.77
enriched_ad_3224,campaign_042,Trends Webinar: Insights and Impacts Across the Construction Industry,Watch Now!,,,,video,ecommerce,94792,2155,184,1190.12
enriched_ad_3225,campaign_012,Discover Middlesbrough,"Explore the vibrant community and rich culture of Middlesbrough. Whether you're looking for local businesses, events or just want to connect with like-minded individuals.",Join Now!,facebook,,image,entertainment,84131,1852,273,667.88
enriched_ad_3226,campaign_050,I Want One,,,,,image,,95247,1919,192,1505.85
enriched_ad_3227,campaign_032,LOw TO My HUSband Owl ALways LOVE You,Unlock all premium designs & features Go Premium,,,,image,ecommerce,71560,911,80,704.7
enriched_ad_3228,campaign_038,Enter for a Chance to Win This Package Valued at $280!,,,,,image,entertainment,22555,393,50,183.11
enriched_ad_3229,campaign_029,Island Finance,"Your On Island in Trinidad and Tobago. islandfinancetrinidad.com | 483-8117, +1-800-IFTT (4388)",LEARN MORE,,,image,finance,57979,779,24,1366.04
enriched_ad_3230,campaign_023,Don't Short Change Your Savings,,,,,image,finance,32453,251,7,579.26
enriched_ad_3231,campaign_020,Bryant Bridge Auction Company,,Click here,,,image,ecommerce,29858,606,31,426.42
enriched_ad_3232,campaign_014,ShooterKing OUTDOOR CLOTHING & APPAREL,,,,,image,ecommerce,36756,493,34,508.64
enriched_ad_3233,campaign_021,NORMA WHITETAIL,"normaⓇ DEDICATED SINCE 1902 NORMA WHITETAIL ma WYLTET TETAIL.243 Win, .270 Win, 7mm Rem Mag, .30-06 SPR 6.5 Creedmoor, .300 Win Mag",,,,image,ecommerce,41848,462,33,675.25
enriched_ad_3234,campaign_011,Feel the Drip,,,,,image,entertainment,38656,797,85,317.9
enriched_ad_3235,campaign_011,The Best Shows on Netflix Right Now,Discover the top digital trends and shows currently available exclusively on Netflix.,,,,image,entertainment,98664,2013,194,765.23
enriched_ad_3236,campaign_030,Unrelenting Performance,Discover the new Odio Rockford Fosgate All-New M5 Ampifier. Experience unparalleled audio quality with our top-notch Audio Kits.,Learn More,,,image,ecommerce,66315,851,44,987.27
enriched_ad_3237,campaign_040,CONFERE - Offshore Energy Conference,"Join the conversation with the brightest minds in offshore energy at CONFERE. Scheduled for May 1-4, 2023, NRG Park, Houston, Texas.",Attend OFFSHORE Technology Conference 2023 NOW!,,,image,ecommerce,59934,894,91,998.84
enriched_ad_3238,campaign_047,Book Your Experience Now,,Experience Hawaii with Roberts!,,,image,travel,52304,780,69,1005.82
enriched_ad_3239,campaign_037,How Skincare,now Hhow Skincare for Your ZIP Code Weekdays 7-8am KGMB K5 HinowDaily.com Sponsored by Pour Moi CLIMATE-SMART,,,,image,ecommerce,97876,1185,58,1474.3
enriched_ad_3240,campaign_040,Curated Selection and 365-Day Returns,,Shop Now,,,image,ecommerce,68309,1146,64,1190.74
enriched_ad_3241,campaign_009,Get Our Nutrition Newsletter,Receive expert health and wellness tips directly to your inbox.,Sign Up Now for HealthLine Newsletters!,facebook,,image,ecommerce,38197,668,65,479.73
enriched_ad_3242,campaign_034,Get Daily Tips,To Eat Well Subscribe to Our Nutrition Newsletter SIGN UP healthline,,,,image,ecommerce,46761,623,45,549.5
enriched_ad_3243,campaign_005,Lombardi's Italian Restaurant & Wine Bar,"Bellingham Everett Marina Mill Creek. Make A RESERVATION at MILL CREEK (425-892-2931) or EVERETT MARINA (425-252-1886). Spring Specials: lively spring ingredients, always fresh, vibrant, and delicious.",Make a Reservation,,,image,ecommerce,70869,1068,77,1265.45
enriched_ad_3244,campaign_009,Grand Wedding Showcase,"TOUR OUR VENUES ENJOY A NUMBER OF LOCAL INDUSTRY VENDORS APRIL 23RD, 2023 11AM TO 3PM RSVE WITH US AT PORTGAMBLEWEDDINGSORAYDIENT.COM",,,,image,ecommerce,21471,356,22,300.1
enriched_ad_3245,campaign_024,TWO VENUES PACKAGE PRICING PORT GAMBLE WEDDINGS & EVENTS UNRIVALED CLIENT SERVICE WWW.PORGAMBLEWEDDI,,CALL FOR A TOUR,,,image,ecommerce,45094,847,43,445.25
enriched_ad_3246,campaign_014,Natin Quarriers CELEBRATES SCOTTISH RECRUITMENT SECTOR NOW OPEN,,,,,image,ecommerce,90644,1659,101,1321.36
enriched_ad_3247,campaign_023,S1Jobs.com - Awards,Quarriers is celebrating Scotland's recruitment sector. Now open for entries.,,,,image,ecommerce,42583,670,34,440.97
enriched_ad_3248,campaign_018,TI A New Generation of Audiophile Pro-Ject Entry Level Turntables AUDIO SYSTEMS,,,,,image,ecommerce,99871,1098,98,1350.29
enriched_ad_3249,campaign_031,Philips Fidelio T1 Headphones,Crafted for life on the go Read more >,,,,image,"electronics/electronic accessories & parts/electronics/cameras, lenses & camera cases/microscopes & optical instruments/optical microscopes/lenses & objectives/single-lens reflex cameras (slrs)/camera bodies and kits/fp1 series /fp2 series",21324,367,35,269.85
enriched_ad_3250,campaign_004,PRO-JECT AUDIO SYSTEMS,"The Bristol Show, featuring the latest in audio systems. Experience high-quality sound and innovation at our booth.",See Us There!,,,image,entertainment,49900,1387,208,443.87
enriched_ad_3251,campaign_050,NEW Silver 100 Limited Edition,"-2022
SELECT stereone
APPLAUSE
KAN WARIS
AWARD
MONITOR AUDIO
Available exclusively from Sevenoaks Sound & Vision stores nationwide
SEVENOAKS 50 SOUND & VISION",,,,image,entertainment,97707,1421,255,838.32
enriched_ad_3252,campaign_010,Philips Fidelio T1 Headphones,,,,,image,"electronics/electronic accessories & parts/electronics/cameras, lenses & camera equipment/consumer electronics/microwave ovens and home appliances/sound systems/power tools/vacuum cleaners/dryer vent fans/fans/acoustic panels",50396,972,77,819.16
enriched_ad_3253,campaign_020,Marvel Studios - Captain Marvel Stream Exclusive,"Discover the thrilling adventures of Carol Danvers, also known as Captain Marvel. Experience her journey in this exclusive streaming series available exclusively on Disney+.",Start Free Trial,disney+,,video,entertainment,70852,2056,228,500.57
enriched_ad_3254,campaign_049,Capitalize Your Savings with Capital One,"Discover the best promotions and discounts for your shopping needs. With just three easy steps, you can start saving today! Click 'Start', download our Shopping Extension, and apply coupon codes to maximize your savings.",Shop Now!,facebook,,image,ecommerce,37333,671,33,587.3
enriched_ad_3255,campaign_020,Unlock Your Blog's True Revenue Potential,"Streamline Monetization, Site Speed and More GET STARTED",,,,video,ecommerce,88241,1215,66,1207.68
enriched_ad_3256,campaign_045,Feed their inner hen ambitions.,B Nutrena M Find a Store > Nutrena What we cook up is deliciously nutritious. NatureWise CHICK STARTER GROWER PROTEIN CRUMBLE in 6%,,,,image,ecommerce,78203,1612,150,956.27
enriched_ad_3257,campaign_005,White Labs Pure Yeast & Fermentation,The Vault - Exclusive strains. Limited release.,,,,image,ecommerce,35803,730,62,482.47
enriched_ad_3258,campaign_002,"Find Foreclosures, Short Sales, Auctions and Bank-Owned homes up to 50% below market value! Note: St",Register to get access to the best deals in your neighborhood!,START 30-DAY TRIAL TODAY!,,,image,ecommerce,73392,1156,89,844.3
enriched_ad_3259,campaign_046,"Find Foreclosures, Short Sales, Auctions and Bank-Owned Homes Up to 50% Below Market Value!",START 30-DAY TRIAL TODAY! Register to get access to the best deals in your neighborhood!,Register,,,image,real_estate,70377,574,12,1152.69
enriched_ad_3260,campaign_042,Stop the Tall Boot Flop,Add boot stuffers to your collection and elevate your style. Shop now at www.shoptheposhpony.com for exclusive deals.,Shop Now,,,image,ecommerce,27797,401,37,392.14
enriched_ad_3261,campaign_042,Secure Lowest Prices,Without Price Trackers. Startpage Search Privately.,,,,image,ecommerce,87417,1565,138,1323.6
enriched_ad_3262,campaign_047,Empower A Kid In Your Community Today,LEARN HOW LZ Lifii Big Brothers Big Sisters OF AMERICA IS MAKING AN IMPACT IN YOUR NEIGHBORHOOD. Join us in supporting families and children who need it most.,Join Now,,,image,nonprofit/charity,21991,301,15,312.55
enriched_ad_3263,campaign_028,Gun Violence Is Preventable,When You 'Know The Signs'. Sandy Hook PROMISE Learn More,,,,image,education,42975,675,83,514.98
enriched_ad_3264,campaign_006,SEPT 8 & 9 NASHVILLE SUPERSPEEDWAY PPG TRIPLE CROWN OF RODDING,The Premier Event... for Hot Rods & Trucks! MUST ATTEND EVENT NOW FOR MORE OF THE YEAR!,CLICK HERE INFORMATION AND TO REGISTER YOUR VEHICLE!,,,image,entertainment,73915,1375,210,376.05
enriched_ad_3265,campaign_001,SEPT 8 & 9. NASHVILLE SUPERSPEEDWAY PPG TRIPLE CROWN OF RODDING,The Premier Event... for Hot Rods & Trucks! MUST ATTEND EVENT OF THE YEAR!,CLICK HERE NOW FOR MORE INFORMATION!,,,image,entertainment,25806,704,74,161.42
enriched_ad_3266,campaign_040,Rent with Ease,Optimize your leasing experience. Self-guided tours and smart home technology make renting seamless.,Learn More,,,image,ecommerce,80173,1243,124,856.2
enriched_ad_3267,campaign_044,Donate Your Vehicle,"Houston Public Media is powered by you. Experience an easy process, free towing and tax benefits.",,,,image,ecommerce,25636,287,20,439.47
enriched_ad_3268,campaign_023,Ford Tough LMONTH,"2023 FORD RANGER TRUCK. GREAT TRUCKS. GREAT OFFERS. Optional equipment shown. Recreational equipment not included. Always consult the Owner's Manual before off-road driving, know your terrain and trail difficulty and use appropriate safety gear.",LEARN MORE,,,image,ecommerce,36747,749,41,641.16
enriched_ad_3269,campaign_032,ReviewGeek - OAWRS-D-S-C,5 cheap ways to back up your data READ MORE,,,,image,ecommerce,87212,1466,118,1037.59
enriched_ad_3270,campaign_049,The 7 Best Raspberry Pi Alternatives,"Presented by ReviewGeek, TP34, TP23, TPS. FIND OUT MORE.",,,,image,ecommerce,99069,1298,78,1052.5
enriched_ad_3271,campaign_008,HOME FURNISHINGS,"GET THE BEST4LESS FURNITURE, APPLIANCES AND MATTRESS SAVINGS! SPECIAL FURNITURE FINANCING AVAILABLE FOR UP TO MONTHS ON APPROVED CREDIT SEE STORE FOR DETAILS",24 LEARN MORE,,,image,ecommerce,37447,407,20,650.15
enriched_ad_3272,campaign_026,The Pursuit Of,,,,,image,,67549,780,72,1118.32
enriched_ad_3273,campaign_017,POSTGRADUATE PROGRAMME (S2) | LS LSPR Institute of Communication & Business,Faculty of Communication Professional Programme Blended Learning Programme • One Year Programme ENROLL NOW registration.Ispr.edu More Info: 0817 1717 1992,ENROLL NOW,,,image,education,63203,1519,229,506.09
enriched_ad_3274,campaign_037,Discover Cedarview Tent College Downtown,Experience the best college life at downtown and campus with our top-notch facilities. Join us today!,Enroll Now,,,image,education,57109,743,103,621.82
enriched_ad_3275,campaign_030,Insurance Research Council Affiliated with THE INSTITUTES,Research Publications Auto Insurance Telematics Consumer Attitudes and Opinions Purchase Now,Purchase Now,,,image,ecommerce,24642,328,25,307.76
enriched_ad_3276,campaign_027,Free Image to Text Conversion,Convert your images and PDFs into editable text with our OCR technology. Get started now!,Try it Free,facebook,,image,ecommerce,69664,1397,131,1108.99
enriched_ad_3277,campaign_029,FREE BI-WEEKLY NEWSLETTER! IMAGING RESOURCE,"Get in-depth reviews backed by exhaustive lab tests, as well as extensive coverage of photo news in your inbox every other week. IMAGING RESOURCE SIGN UP TODAY!",,,,image,entertainment,97397,2001,287,529.71
enriched_ad_3278,campaign_011,Highly Skilled Doctors,"Leading-edge care, peace of mind.",,,,image,healthcare,94865,1786,89,1648.09
enriched_ad_3279,campaign_021,Discover the Latest in Indian Entertainment,"Get up-to-date news, entertainment updates and exclusive interviews from India. Visit indiatvnews.com to stay connected with what's happening around you.",Visit us now!,,,image,entertainment,34705,873,131,278.6
enriched_ad_3280,campaign_010,INDE,,,,,image,,47392,956,63,592.26
enriched_ad_3281,campaign_027,INDIA VS AUSTRALIA TEST SERIES,,,,,image,entertainment,80230,1546,221,478.82
enriched_ad_3282,campaign_047,Sign Up for Chance to Win a $500 NHL Shop Gift Card,"Inside the Heat™, win an exclusive $500 gift card!",SIGN UP TODAY,,,image,ecommerce,51051,820,40,518.17
enriched_ad_3283,campaign_038,Horizon Loan That Put Your Bank Farm First,,Learn More,,,image,finance,40527,551,15,1167.83
enriched_ad_3284,campaign_035,STAFFORD'S SOLID WASTE SERVICE INC,,,,,image,ecommerce,30860,522,36,544.81
enriched_ad_3285,campaign_002,23 Loomday,"LAST CHANCE FOR DISCOUNT PRICE $28 ENTRY FEE VIRTUAL OPTION ALSO AVAILABLE BLOOMSDAY-2023 BLOOMSDAY 2007 OTESOR 11333 SUNDAY, MAY 7TH CLICK HERE",CLICK HERE,,,image,entertainment,52122,941,180,332.59
enriched_ad_3286,campaign_031,Kill Two Birds With One Loan,Pay off credit cards and remodel your home. Yes.,GET A HELOC OFFT,,,image,finance,98306,1073,28,2805.96
enriched_ad_3287,campaign_002,High Rate Credit Card? HELOC It.,Consolidate debt at a lower rate. Apply Now >> stcu Equal Opportunity Lender,>>,,,image,finance,77875,728,21,2415.77
enriched_ad_3288,campaign_011,I Didn't Understand What Love Really Was Until I Met My Children,"Mom, adopted siblings Dave Thomas Foundation for Adoption",,,,image,ecommerce,39863,779,49,624.64
enriched_ad_3289,campaign_035,Dessert Made Easy,Click here for sweet recipes. Inspired taste.,,,,image,food,41953,1107,122,364.61
enriched_ad_3290,campaign_032,Faster Forward,"Northern Trust Asset Servicing brings you stories, insights, and lessons learned from industry-leading professionals.",,,,image,finance,22315,213,10,532.1
enriched_ad_3291,campaign_038,Faster Forward,"from Northern Trust Asset Servicing brings you stories, insights, and lessons learned from leaders and innovators that are transforming their industries.",,,,image,finance,65400,842,35,1553.74
enriched_ad_3292,campaign_040,WORLD'S MOST ACCURATE FORECASTER,The Weather According to 2021 Forecast Watch report Channel https://www.forecastwatch.com/AccuracyOverview2017-2020 Get the app,,,,video,ecommerce,64203,1514,153,1068.04
enriched_ad_3293,campaign_013,Up to $100 off roundtrip flights to Ireland.,"Travel from April 1, 2023 - May 31, 2023 & September 1, 2023 - November 30, 2023. *Terms and conditions apply*",Book Now,,,image,travel,92373,1606,112,1543.1
enriched_ad_3294,campaign_047,We Can't Wait,Aer Lingus Book Now Terms and Conditions Apply,Book Now,,,image,travel,94346,2001,129,1490.47
enriched_ad_3295,campaign_050,Do More With Viator,"Unforgettable experiences await you on every trip. Discover new places, meet amazing people and create lasting memories.",,,,image,travel,91157,1133,88,1058.53
enriched_ad_3296,campaign_049,Do More With Viator,"Unforgettable experiences await you on every trip. Discover new places, meet amazing people and create lasting memories.",,,,image,travel,93334,1248,79,1737.82
enriched_ad_3297,campaign_044,Chill S SOCIAL CBD™,,,,,image,ecommerce,21129,383,26,346.99
enriched_ad_3298,campaign_030,Social CBD™,Need a moment to chill?,,,,image,,53098,886,71,692.34
enriched_ad_3299,campaign_028,Beat The Rush,WORLDNET MICROFINANCE Road Licence Renewal Loan Special Apply Online Wniconnect.com What have an Everybody PPV STOP,,,,image,finance,22117,158,5,451.2
enriched_ad_3300,campaign_030,Solutions,Leaders in Pre-Hospital Medical Equipment. TACMED Solutions.com - Order now and save with our exclusive discount.,Click Here to Shop Now!,,,image,ecommerce,64112,1266,99,993.35
enriched_ad_3301,campaign_042,"EMS *RIG","Wheeled Coach SPONSORED BY: POWERED BY: Fire Apparatus -JEMS & Emergency Equipment. PREMIUM RESOURCE FOR ALL THINGS AMBULANCE JEMS CLICK HERE",Learn More,facebook,,image,ecommerce,98314,1262,82,1046.31
enriched_ad_3302,campaign_005,The Center,"TRISTARS A HUB FOR ART, EDUCATION, & CREATIVITY IN JACKSON HOLE. LEARN MORE ABOUT THE ORGANIZATIONS THAT CALL THE CENTER HOME.",,,,image,education,60380,1055,142,628.14
enriched_ad_3303,campaign_005,Hawk's Nest CHAMPIONSHIP March 16-19,Hang at the Owl's nest. Get your tickets for Hawks' Nest Championship on March 16th through 19th.,Get Your Tickets At Hooters,,,image,entertainment,34703,953,122,231.92
enriched_ad_3304,campaign_029,March Mania - Save Big on Subscriptions!,"Save up to $5 for three months, then pay just $10 per month. Cancel anytime and enjoy an ad-free digital experience.",Subscribe Now,,,image,ecommerce,59118,771,44,898.48
enriched_ad_3305,campaign_030,Johnny Moris Wonders of Wildlife National Museum and Aquarium,Discover an immersive experience at Johnny Moris's WONDER OF WILDLIFE NATIONAL MUSEUM & AQUARIUM. Explore the wonders that nature has to offer in a captivating environment.,,,,image,entertainment,21887,371,49,113.67
enriched_ad_3306,campaign_022,Johnny Moris Wonders of Wildlife National Museum and Aquarium,National Museum and Aquarium featuring an incredible collection that showcases wildlife from around the world.,,,,image,entertainment,84301,2247,307,660.35
enriched_ad_3307,campaign_007,Newton's Jewelers Cooces - Timeless Designs,Discover the elegance of Newton’s Jewelers in Joplin with our collection of timeless designs.,,,,image,ecommerce,94409,1926,182,1197.64
enriched_ad_3308,campaign_049,Find Yourself Here,"Elkins Davis D& founded College in 1904. Spend a day at D&E! Tour our beautiful campus, visit with our faculty, meet students and get to know what an affordable liberal arts college is all about.",,,,image,education,33958,545,50,286.16
enriched_ad_3309,campaign_047,Develop Career-Ready Skills to Excel in Accounting,Pace University offers an Online Master of Accounting program.,Learn More,,,image,education,76615,1023,105,510.58
enriched_ad_3310,campaign_023,ON-THE-GO POWER MUST-HAVE LAPTOPS,Members save up to an additional 10% on select Latitude laptops Dell Technologies recommend Windows 11 Pro for business.,Shop Now,,,image,ecommerce,41393,740,51,697.59
enriched_ad_3311,campaign_036,Séder™ Push Back on Antisemitism with Love and Matzah,"Discover how Séder™, an innovative platform, empowers communities to stand against antisemitism through the power of love and education. Join us in spreading awareness and fostering understanding.",,,,image,education,24169,572,49,189.49
enriched_ad_3312,campaign_005,Select Your Grade,,,,,image,education,43526,940,139,312.28
enriched_ad_3313,campaign_012,In An Accident? Bite Back,"Clark The Shark, with phone number (833) 88 Shard. Clark the Shark is an accident injury attorney.",,,,image,ecommerce,62552,902,56,804.81
enriched_ad_3314,campaign_031,Water Damage Claim? Call Public Adjuster,"- Avner Gat
(818) 917-5256
License: 2E11303",,,,image,ecommerce,94399,1946,168,1021.87
enriched_ad_3315,campaign_040,AUTO FLASH SALE - YOUR AUTO LOAN! Call MSR Today!,,Call a Member Service,,,image,finance,31117,401,17,870.6
enriched_ad_3316,campaign_031,RAISE,"'EM UP
Join our community and elevate your lifestyle with exclusive deals, discounts, and rewards. Discover the ultimate shopping experience tailored to you.",Shop Now,facebook,,image,ecommerce,22553,457,35,233.24
enriched_ad_3317,campaign_048,NOW HIRING Certified Electricians D&K. TUNT ELECTRIC Over 25 Years Serving the South Plains,,,,,image,ecommerce,85325,1024,68,1344.68
enriched_ad_3318,campaign_048,Hallmar Village Senior Living,"Experience the comfort and luxury of Hallmar Village, our premier senior living community. Come fall 2023 to enjoy top-notch amenities designed for seniors' well-being.",Reserve Now,,,image,ecommerce,83425,1697,165,910.31
enriched_ad_3319,campaign_043,JEWEL & JIM PLUMS Heart Center,Building on Our Trusted Heart Program OPENING IN 2023 PLUMB HEART CENTER MERCY CEDAR RAPIDS,,,,image,healthcare,25972,360,23,459.08
enriched_ad_3320,campaign_037,Secure Your Future with Security Bank,"Experience the peace of mind that comes from knowing your money is safe. As an FDIC member, we offer top-notch security and reliability for all our customers.",Learn More About Our Services,,,image,finance,71600,602,18,1392.75
enriched_ad_3321,campaign_050,Avera Near You,,,,,image,healthcare,70944,1114,64,1497.1
enriched_ad_3322,campaign_031,Coming This May! Cheese And Meat,Artisan Food and Beverage Festival,,,,image,food & beverage,27737,402,36,360.39
enriched_ad_3323,campaign_033,KenKen. for your Android,Puzzles That Make You Smarters DOWNLOAD FOR FREE! Get it now KENKEN,,,,image,entertainment,30634,583,74,189.56
enriched_ad_3324,campaign_049,CreditHuman.com/FHC,,,,,image,finance,63595,586,26,1805.38
enriched_ad_3325,campaign_013,Welcome to Jurich Dental,Dation Dentistry - Improving Patients' Lives Through Their Smiles! Visit Now,Call Us Today 210-493-3040 VISIT NOW,,,image,ecommerce,51798,720,52,776.68
enriched_ad_3326,campaign_041,Today's Wordosis,Our Medical Word Game - Play Now,,,,video,entertainment,38863,1283,201,265.61
enriched_ad_3327,campaign_006,Play Today's Wordosis,Our Medical Word Game Play Now,,,,video,entertainment,46396,1177,194,379.77
enriched_ad_3328,campaign_040,Dakota Siding Roofing Decking Windows Doors,Contractors & Homeowners Save Money on Building Supplies LEARN How,,,,image,ecommerce,38641,681,45,401.06
enriched_ad_3329,campaign_021,Play Now! BasketChallenge,,List Wing It,,,video,entertainment,69879,1699,223,426.6
enriched_ad_3330,campaign_040,Basketball Challenge Play Now!,Join the excitement with our latest basketball challenge! Sponsored by Original Wings. Just wing it and show us what you've got.,Play Now,,,video,entertainment,73130,2252,282,505.35
enriched_ad_3331,campaign_004,"THE Huddle Seat WATCH THE HUDDLE LIVE ON KGUN'S FACEBOOK AND TWITTER, TUESDAYS AT 3:00PM",,,facebook,,video,entertainment,31654,1125,177,207.96
enriched_ad_3332,campaign_002,HIT BY A TRUCK? RECENT RESULT:,"$6 MILLION
davislaw.com
NET TO CLIENT:
$3,509,864
JEFF'S HERE WRONGFUL DEATH / COMMERCIAL VEHICLE ACCIDENT PON CORPUS CHRISTI SAN ANTONIO
Ahorney consultation by appointment only",,,,image,legal services,67185,827,41,664.23
enriched_ad_3333,campaign_045,F-WORD! Feminism is My Favorite,,Enter to WIN!,,,image,entertainment,71051,1788,326,539.7
enriched_ad_3334,campaign_033,WE'LL MATCH,YOUR TAX REFUND UP TO $500 TWO LOCATIONS FIND YOUR NEXT VEHICLE!,CLICK HERE,,,image,ecommerce,52147,775,65,936.55
enriched_ad_3335,campaign_016,YOUR TAX REFUND MATCHED BY MOTORS,Find your next vehicle with up to $500 matched by Motors. Discover savings and options at two convenient locations.,CLICK HERE,,,image,ecommerce,46959,788,78,661.76
enriched_ad_3336,campaign_009,LAXING JESSICA MILA,,,,,image,,27080,409,37,476.91
enriched_ad_3337,campaign_014,Making a Difference,"Get involved! Mattresses by BJC Direct, the last floor you'll ever buy.",,,,image,ecommerce,59226,914,67,750.78
enriched_ad_3338,campaign_019,Every $5 you donate buys 1 book for a child in our community.,Proudly sponsored by Rx Centers. One-on-One Brain Training IF YOU GIVE A CHILD A BOOK SCRIPPS HOWARD FUND,DONATE TODAY,,,image,education,84616,1430,134,835.86
enriched_ad_3339,campaign_003,BOOGIE DOWN TO BOOFY'S,FOR SOME GROOVY DEALS! PASEO & GOLF COURSE CUTLER @ 1-40 & SAN MATEO Boofy's Best for Pets,,,,image,ecommerce,48422,575,45,590.69
enriched_ad_3340,campaign_012,Boofy's Best for Pets,WHEN ONLY THE BEST WILL DO! B BOOGIE DOWN TO Boofy’s FOR SOME GROOVY DEALS! PASEO & GOLF COURSE CUTLER @ 1-40 & SAN MATEO Click For Info,,,,image,entertainment,40282,600,74,320.12
enriched_ad_3341,campaign_027,Best Plants,"Industry Week
WINNER Johnson Controls, Inc.
Norman, OK",,,,image,ecommerce,29890,483,24,297.62
enriched_ad_3342,campaign_043,The Fastest VPN,Always Use Protection With The Fastest VPN. VPN for all your devices.,,,,image,ecommerce,48775,829,80,484.23
enriched_ad_3343,campaign_040,Cyber Protection,Acronis Healthcare offers advanced cybersecurity solutions to ensure your business's data and systems are secure.,Learn More,,,image,healthcare,54841,904,54,990.22
enriched_ad_3344,campaign_006,WIN A BASKETBALL CHALLENGE,Join us for an exciting BRACKET GAME and WIN $250 in prizes. Get your GIFT CARD now!,PLAY NOW!,,,video,entertainment,45918,1092,105,225.82
enriched_ad_3345,campaign_036,WIN A BASKETBALL CHALLENGE,Play now and win $250 in our BRACKET GAME. Get your GIFT CARD today!,PLAY NOW!,,,video,entertainment,42182,1397,241,289.41
enriched_ad_3346,campaign_012,BRACKET GAME WIN A $250 GIFT CARD,SPONSORED BY OREGON DUNGENESS CRAB PARR Total Home Building Source SUBARU OF PORTLAND Learn More,Learn More,,,image,"entertainment, food & beverage",85749,1298,133,1375.79
enriched_ad_3347,campaign_008,Steakhouse - CHEF,Sun Valley Spinde HOBEY'S Steakhouse is available for LINE COOKS. Apply Now ►,Apply Now ►,,,image,ecommerce,73630,1510,128,1315.46
enriched_ad_3348,campaign_043,CRUNCHY & CORNY WITHOUT THE CORN,,,,,image,food,60339,1519,172,825.83
enriched_ad_3349,campaign_034,Your Planned Gift Keeps Us On Air,,Click For More Info,,,image,entertainment,33809,568,70,269.11
enriched_ad_3350,campaign_010,The Biggest Gaming News of The Week,"Discover all you need to know about Kotaku Australia with our podcast featuring interviews, reviews, behind-the-scenes stories and more. With David and Ruby.",,,,image,entertainment,74048,1996,291,412.27
enriched_ad_3351,campaign_041,IC Art Summer Camp!,"Join us for an immersive summer experience at our IC Art Camp! Perfect for young artists and aspiring creators. Discover new techniques, collaborate with peers, and showcase your talent in various art forms.",Enroll Now,facebook,,image,education,56156,1208,131,386.92
enriched_ad_3352,campaign_046,Summer Art Camp!,,,,,image,education,94678,2363,275,681.18
enriched_ad_3353,campaign_013,The Spring at Soraya,,Buy Tickets!,,,image,entertainment,58560,1128,138,477.67
enriched_ad_3354,campaign_040,The all-new Kia Niro Hybrid,Kia Niro HEV SX shown with optional features. Some features may vary.,Learn More ,,,image,ecommerce,37164,463,26,368.35
enriched_ad_3355,campaign_009,State Farm,,,,,image,,48331,812,77,533.44
enriched_ad_3356,campaign_030,Campbell Banking on,& Fether Bank The Hoops Presents: Play for Your Chance to Win Great Local & National Prizes! Play Now!,,,,video,entertainment,35301,1188,140,199.22
enriched_ad_3357,campaign_001,SEEING GREEN.,CONTRABAND BAYO U GOLF CLUB AT L'AUBERGE Must be 21 order to enter casino or Barstol Sportsbook Gambling problem? Call 88.522.4700,Learn More,,,image,entertainment,63942,912,162,430.97
enriched_ad_3358,campaign_009,Watch Me. Shriner,Children's™ Portland Learn More,,,,video,entertainment,43859,1144,150,335.22
enriched_ad_3359,campaign_038,Let's Take Your Digital Marketing to the Next Level,Local CMG Solutions offers innovative solutions for enhancing online presence and driving business growth.,Learn More,,,image,ecommerce,28667,484,48,304.4
enriched_ad_3360,campaign_020,Show Them Your Support Operation Gratitude,,,,,image,,38853,554,28,422.86
enriched_ad_3361,campaign_003,Disney Animation Immersive Experience,Brought to you by LighthouseImmersive Studios. Visit now at Lighthouse ArtSpace in San Antonio.,Visit Now,,,image,entertainment,42115,830,119,206.4
enriched_ad_3362,campaign_019,It's Banking... only better!,"Only RBFCU, Federally Insured by the National Credit Union Administration (NCUA).",LEARN MORE,,,image,finance,49794,400,9,999.19
enriched_ad_3363,campaign_029,SmartStart - LaisiA Early Learning Programs,"Discover the benefits of enrolling your child in our early learning programs. Spring applications are now open, and we encourage you to apply as soon as possible.",APPLY NOW,,,image,education,71312,1712,247,574.49
enriched_ad_3364,campaign_037,SUPER FAN REWARDS PROGRAM,"SPEND $1 FOR 1 POINT WATCH FOR DOUBLE POINT WEEKENDS GET POINTS ON YOUR BIRTHDAY REFER FRIENDS TO SHOP AND SIGN UP K-STATE SUPER STORE OFFICIAL RETAIL PARTNER OF K-STATE ATHLETICS 520 McCall Road Manhattan, KS kstatesuperstore.com",,,,video,ecommerce,97467,1440,70,974.85
enriched_ad_3365,campaign_033,Salute the Badge,"WEDNESDAYS at 10PM with Dan Jovic, Galite. The Badg Good Neighbor Chevy Dealerships News.",,,,image,entertainment,48964,1189,176,244.1
enriched_ad_3366,campaign_003,From Wreck to Check As Quickly As Possible!,,,,,image,legal,90594,1697,136,1265.26
enriched_ad_3367,campaign_039,Thank A Nurse,Say Thank You Nominate a nurse who has made a difference. Sponsored by coo MCWILLIAMS KTRE 9,,,,image,healthcare,29275,305,11,599.01
enriched_ad_3368,campaign_008,PREMION Leading the Evolution in Local OTT & CTV Advertising,ONE SOLUTION. EVERY ADVANTAGE.,CTV CENTRAL LEARN MORE,,,image,ecommerce,94682,1917,170,1201.06
enriched_ad_3369,campaign_021,A Village,Join the only urban Jewish cohousing project in America. Currently accepting new families.,,,,image,real_estate,46197,399,7,1343.34
enriched_ad_3370,campaign_040,Your Music Production One-Stop Shop You Best Service,,,,,image,entertainment,99516,1867,244,861.84
enriched_ad_3371,campaign_032,Be an Adoptive Home For Athena AND OTHER CHILDREN IN FOSTER CARE,Learn More About Adoption Susan's Kids SPONSORED BY BRANDON STEVEN MOTORS,,,,image,ecommerce,22518,403,28,276.76
enriched_ad_3372,campaign_025,Be an Adoptive Home,Susan's Kids for Athena Learn More About Adoption Sponsored by Brandon Steven Motors,,,,image,ecommerce,98643,1420,113,1257.45
enriched_ad_3373,campaign_026,CRAFTON - Serving the Quad Cities Since 1952,CRAWFORD company serving the Quad Cities since 1952. Count on us for all of your electrical needs!,,,,image,ecommerce,21014,302,18,355.71
enriched_ad_3374,campaign_022,SMALTH - Jedes TARGET Identifiziert,"KIRSTY, Warehouse Operative",,,,image,ecommerce,42839,744,68,484.72
enriched_ad_3375,campaign_002,"FIND YOUR SPACE, CLAIM YOUR PLACE",Love Your Lineage An all-new podcast by LDSLiving LISTEN NOW,,,,image,entertainment,76849,1792,221,434.65
enriched_ad_3376,campaign_021,Prepare for the Temple,,SHOP NOW,,,image,ecommerce,86558,1459,103,1448.8
enriched_ad_3377,campaign_002,The Green Dragon CBD,Shop now for up to 40% off on our exclusive range of over 600+ THC products. Enjoy the benefits at your favorite spa or wellness center.,Use Code LEAF40 First Order Only,,,image,ecommerce,60571,906,57,999.45
enriched_ad_3378,campaign_019,Get the Very Best for Your Valentine,Shop Now Etsy excess,Shop now,instagram,,image,ecommerce,43472,708,34,765.02
enriched_ad_3379,campaign_012,Decanter Fine Wine Encounter NYC,The world-famous Decanter Fine Wine Encounter returns to NYC.,,,,image,entertainment,55251,828,118,315.27
enriched_ad_3380,campaign_046,Commemorate Tom Brady's Legendary Career with This Hardcover Book,Greatness. Click to Save!,,,,image,entertainment,23983,347,40,205.91
enriched_ad_3381,campaign_019,"S","PUBLISHER FIRST Full Ad Management Insticator CONTACT US",Learn More,facebook,,image,ecommerce,43596,486,36,497.23
enriched_ad_3382,campaign_020,"The New Standard of Luxury in The Caribbean, ST Regis Cap Cana",,,,,image,ecommerce,39120,809,83,676.83
enriched_ad_3383,campaign_031,The New Standard of Luxury in the Caribbean,,,,,image,real_estate,33228,413,8,845.23
enriched_ad_3384,campaign_048,Decanter FINE WINE ENCOUNTER,Decanter is returning to NYC this June. Experience the finest wines in Manhattan.,,,,image,entertainment,52740,1059,133,368.68
enriched_ad_3385,campaign_013,HOME TOWN TRAGEDY,CRIMES THAT CHANGE A COMMUNITY V VERY LOCAL DOWNLOAD FREE,,,,video,entertainment,71606,2381,252,605.7
enriched_ad_3386,campaign_013,"Happy Birthday AmazonKindle! Millions of Items, No Expiration",,Shop Now,,,image,ecommerce,65015,797,48,892.49
enriched_ad_3387,campaign_043,Pita Chips,wwwww OFFICIAL PARTNER surdance Funteste STACY'S PITA CHIPS PRESENTS RISE Stacy's® Pita Chips is a Proud Sponsor of the Sundance Film Festival WATCH NOW,,,,video,"food and beverage retailing, grocery stores; alcoholic beverages retailers",32211,740,68,420.58
enriched_ad_3388,campaign_025,Turn Comments Into Community,"While increasing engagement, Insticator helps you transform your comments into an active community.",Request a Demo,facebook,,video,ecommerce,38592,775,46,638.93
enriched_ad_3389,campaign_001,A Different Kind of Search Engine,"Google's dominance in the market has led many users to seek alternatives. FREESPOKE offers an innovative approach, promising unique features and enhanced user experience.",Discover More About FREESPOKE Today!,facebook,,image,ecommerce,52476,691,34,706.45
enriched_ad_3390,campaign_035,Find Rare Parts,The only eBay store where you will find rare and hard-to-find automotive parts & accessories for your vehicle.,,,,image,automotive,88117,1229,31,1859.9
enriched_ad_3391,campaign_037,Who's My Soulmate?,,Start Test,,,image,entertainment,29463,628,109,170.69
enriched_ad_3392,campaign_050,FREESPOKE,"Same searches, different results.",,,,image,,38780,652,38,422.78
enriched_ad_3393,campaign_023,DELICIOUS HEALTHY RECIPES,,,,,image,food,43797,740,69,655.28
enriched_ad_3394,campaign_021,"Help People Find Answers, Solve Problems & Get Inspired",,Learn More,,,image,education,74246,1514,138,723.04
enriched_ad_3395,campaign_039,"How much you should walk","according to your age Day Reps 1 2 & 888 20 3 4 rest 5 40 6 7 60 8 rest 9 10 11 12 13 14 rest 85 Age 18-24 Day Reps 15 105 16 rest 17 115 18 130 19 140 20 rest 21 150 22 155 23 160 24 rest 25 170 26 185 27 190 28 200",Learn More,facebook,,image,ecommerce,36211,420,35,598.93
enriched_ad_3396,campaign_006,NEW COLORS FROM YETI,Shop for St. Patty's Day SPY,,,,image,ecommerce,36607,466,38,444.31
enriched_ad_3397,campaign_025,BEST BIG & TALL TEES,STARTING AT JUST $13 SPY,,,,image,ecommerce,51536,771,68,523.64
enriched_ad_3398,campaign_048,Kevin Costner: Finding The One,,,,,image,,71336,1353,97,1212.14
enriched_ad_3399,campaign_009,Get Started,Unlock your blog's true revenue potential Monetize Word,,,,image,,98272,1615,78,1479.03
enriched_ad_3400,campaign_005,Decanter FINE WINE ENCOUNTER,NYC SATURDAY JUNE 10 2023 Don't miss out on this incredible wine tasting experience in NYC VOGUE,,,,image,entertainment,99421,2248,330,506.28
enriched_ad_3401,campaign_027,Get the Very Best for Your Valentine,,Shop Now,,,image,ecommerce,87591,1138,113,1072.65
enriched_ad_3402,campaign_008,Who's My Soulmate?,,Start Test,,,image,entertainment,36988,790,123,326.33
enriched_ad_3403,campaign_030,Three Ways You Can Make A Difference,Cookies for Kids Cancer. Let's Get Baking.,,,,image,ecommerce,61974,842,48,900.22
enriched_ad_3404,campaign_020,BoardingArea - All of the Best Frequent Flyer Blogs in One Place,Download on the App Store. Earn more points in your sleep with BoardingArea.,Get it now!,app store,,video,ecommerce,59368,1429,106,983.96
enriched_ad_3405,campaign_021,Personalized Travel News All In One Place,,,,,video,travel,95253,2762,138,1940.9
enriched_ad_3406,campaign_024,Required Reading for Frequent Flyers,BoardingArea - Required Reading for Frequent Flyers. BoardingArea ardingArea Download on the App Store Earn more points in your sleep with the b.... Personalized travel news All in one place GET IT ON Google Play,,,,video,entertainment,98078,2325,374,686.27
enriched_ad_3407,campaign_047,FREE SPOKE,"Same searches, different results. BE",,,,image,,38219,415,36,463.85
enriched_ad_3408,campaign_044,Shape+Health Women's Half,"NYE New York Hours at Central Park, NYC on Sunday, April 30, 2023. Register now!",REGISTER NOW,,,image,ecommerce,57554,1112,69,688.0
enriched_ad_3409,campaign_019,UNDER ARMOUR.,UA OUTLET • 100s OF NEW ITEMS,SHOP NOW,,,image,ecommerce,44214,656,58,621.2
enriched_ad_3410,campaign_022,FOCUS FAMILY FREE DEVOTIONAL,A quiet time tool for busy moms from Focus on the Family. Download now.,Download Now,,,image,ecommerce,29099,451,23,326.96
enriched_ad_3411,campaign_023,The Best of iOS 16 GADGET HACKS,,,,,image,ecommerce,40968,716,43,709.84
enriched_ad_3412,campaign_004,Linenspa - Comfort You Can Afford,"Linenspa has received an impressive number of Amazon.com customer reviews, with over 12,415 positive feedbacks. This mattress topper is like sleeping on a cloud...and gives me nice back support too!",,,,image,ecommerce,90929,1767,152,1104.53
enriched_ad_3413,campaign_008,THE CROWNING ACHIEVEMENT IN COLLEGE ATHLETICS,@LDirectorScup Follow YOUR FAVORITE SCHOOL DURING THE 2022-23 SEASON. THEDIRECTORSCUP.COM,,,,image,"education, sports",77357,1286,132,949.74
enriched_ad_3414,campaign_010,BY MASTERS,"Join us for the exhilarating PAC-12 Women's Gymnastics Championships on March 18th at Maverick Center, Salt Lake City. Experience top-tier athleticism and cheer as your favorite teams compete in this prestigious event.",Buy Tickets Now!,,,image,entertainment,41019,1083,156,286.22
enriched_ad_3415,campaign_041,PRINGLES HOUSE CHEEZ-IT GO FOR FULL COURT CRUNCH,,LEARN MORE,,,image,ecommerce,90472,1214,124,1172.97
enriched_ad_3416,campaign_029,The Rugby Union World Cup is About to Kick Off!,A Blazelift Get your business ahead with our sports audience targeting.,Talk To Us Today,,,image,entertainment,73834,1325,175,356.62
enriched_ad_3417,campaign_025,Follow us on Instagram,,,instagram,,image,entertainment,42697,679,72,358.41
enriched_ad_3418,campaign_044,Cookies for Kids Cancer,Let's Get Baking - Make A Difference With Every Cookie You Bake For Kids Facing Childhood Cancers. Join Our Movement Today!,Join Now,facebook,,image,ecommerce,93771,1479,85,961.07
enriched_ad_3419,campaign_031,I Wonder What People Think About This Issue,Me: I wonder what people think about this issue. 'Googles it Google: Everyone who doesn't agree with us is FREEspoke00 FREEspoke,,,,image,entertainment,32385,737,74,166.47
enriched_ad_3420,campaign_018,Freehand by Tavision - Intelligent Whiteboard,"Finally, a whiteboard as intelligent as your team. Get started with Trina To Do and elevate today's presentation.",,,,image,ecommerce,93590,1705,119,1599.22
enriched_ad_3421,campaign_008,My Free Speech Allows Me To Sing And Say Whatever I Believe,,,,,image,entertainment,38755,652,83,291.68
enriched_ad_3422,campaign_014,Clearance Sale at $6.07,Exclusive offer for new users! Free shipping included.,Shop Now,,,image,ecommerce,32650,560,55,426.72
enriched_ad_3423,campaign_038,Help Hungry Kids,INOKID HUNGRY LEARN HOW YOU CAN CONTRIBUTE TO FEEDING CHILDREN WHO NEED IT THE MOST. Join our mission to make the world hunger-free.,Join Now,facebook,,image,ecommerce,79006,1308,112,1316.42
enriched_ad_3424,campaign_030,Boarding Area,"Required Reading for Frequent Flyers. BoardingArea The best travel blogs in one place Weito provident and advice for frequent pers O All of the best frequent flyer blogs, all in one place Download on the App Store GET IT ON Google Play",,,,video,entertainment,50750,1407,131,262.27
enriched_ad_3425,campaign_020,Join Cybertruck Owners Club,"Become part of an exclusive community dedicated to Tesla's innovative electric vehicle, the Cybertruck. Connect with fellow enthusiasts and share your experiences.",Sign Up Now!,facebook,,image,ecommerce,97239,1880,146,1351.96
enriched_ad_3426,campaign_039,Unlock the Power of Engagement,Request a demo to experience Vuukle's capabilities.,REQUEST A DEMO,,,video,ecommerce,97059,1871,140,1596.07
enriched_ad_3427,campaign_020,BEST BIG & TALL TEES,STARTING AT JUST $13 LE YAL SPY,,,,image,ecommerce,86817,1569,84,964.57
enriched_ad_3428,campaign_017,f facebook.,,Learn More,facebook,,image,ecommerce,99723,1747,103,1330.08
enriched_ad_3429,campaign_017,Follow Locked,Your Team College on Basketball Every Day Podcast View Now,,,,image,entertainment,33381,686,75,181.18
enriched_ad_3430,campaign_033,PROVING OUR METAL,New Smith & Wesson Model M&P 9 M2.0 Metal Pistol - smith-wesson.com | Empowering Americans with quality firearms.,,,,image,ecommerce,70460,1437,116,733.31
enriched_ad_3431,campaign_023,Don't Text Andl,,,,,image,,84618,997,102,1379.38
enriched_ad_3432,campaign_046,Know Your Religious Freedom Rights,"PACIFIC JUSTICE INSTITUTE offers comprehensive guidance on Legal Rights for Sharing Your Faith in the workplace, school and public evangelism. Get your free copy today!",Get My FREE Copy,,,image,education,79682,1604,155,700.23
enriched_ad_3433,campaign_044,Want Instant Savings on Tech You Love?,"Discover exclusive deals, cash back offers and more with Retail Me Not's Deal Finder™.",,,,image,ecommerce,64927,794,73,625.76
enriched_ad_3434,campaign_007,FanCy NC T|E||x||| +7,"Convert plain text to fancy text in Docs, Slides and Forms. Try Now",,,,image,ecommerce,70510,959,71,937.81
enriched_ad_3435,campaign_034,Analog Everywhere,Solutions for your Analog Design Challenges VISIT NOW,,,,image,ecommerce,23779,353,23,351.02
enriched_ad_3436,campaign_045,Three Ways You Can Make A Difference,Cookies for Kids' Cancer Let's Get Baking R,,,,image,ecommerce,52198,927,90,864.66
enriched_ad_3437,campaign_021,Who's My Soulmate?,,Start Test,,,image,entertainment,51270,1358,137,384.98
enriched_ad_3438,campaign_031,Donate to A Greater Good,Cookies for Kids Cancer - Let's Get Baking,,,,image,ecommerce,41263,818,75,419.42
enriched_ad_3439,campaign_010,"Add Local, On-Demand Delivery",With just a few lines of code you can start delivering locally on demand. Perfect for developers looking to streamline their delivery process.,Learn More,,,image,ecommerce,38101,563,34,432.21
enriched_ad_3440,campaign_044,Cookies for Kids Cancer,"Give hope, Get cookies. Let's get baking.",,,,image,ecommerce,84773,1332,127,1219.12
enriched_ad_3441,campaign_027,Who thinks like Google?,Me: I wonder what people think about this issue. *Googles.it* Google: Everyone who doesn't agree with us is... O FREESPOKE - A different kind of search engine.,,,,image,ecommerce,54376,915,86,731.16
enriched_ad_3442,campaign_010,Rewrite Suggestions,Strengthen your relationships every time you write with the right tone. Try Grammarly.,,,,image,education,80553,1548,120,635.06
enriched_ad_3443,campaign_044,Help Protect Ukirainian Families,,Donate Now,,,image,ecommerce,46462,956,49,706.53
enriched_ad_3444,campaign_030,"TACOMAS",TACOMA4G.COM,Learn More,facebook,,image,ecommerce,33330,474,23,322.83
enriched_ad_3445,campaign_048,Foster Adopt Rescue,,,,,image,ecommerce,69736,802,83,998.15
enriched_ad_3446,campaign_048,Discover the Ultimate Camping Experience with RANGER 65,Experience unparalleled comfort and convenience on your camping trips. The RANGER 65 is designed for those who want to enjoy nature without sacrificing luxury.,Shop Now at RangerGG.COM,facebook,,image,ecommerce,87485,1147,71,1354.57
enriched_ad_3447,campaign_016,"Freehand Finally, a whiteboard as intelligent as your team.",by invision Stephanie PROD-164 Plan presentation for Thursday Trina Get started,,,,image,education,57153,974,92,612.43
enriched_ad_3448,campaign_041,"into","it with Sam Sanders Listen on Apple Podcasts",Learn More,facebook,,image,ecommerce,29563,580,51,290.9
enriched_ad_3449,campaign_008,The Opposite of Doomscrolling,,,,,image,entertainment,82312,1822,272,509.5
enriched_ad_3450,campaign_026,DIGITAL TRENDS,"TECH 101:
HOW TO NOT HAVE
INSTANT POT FOMO",,,,image,entertainment,87649,2163,302,769.53
enriched_ad_3451,campaign_047,Roll into a new adventure! Find out if there truly is Honor Among Thieves on March 31!,Visit the Forgotten Realms Wiki,,,,image,entertainment,69406,1691,260,435.82
enriched_ad_3452,campaign_020,MyOutdoor TV,"Discover the ultimate outdoor entertainment experience with MyOutdoor TV. Enjoy streaming your favorite shows, movies and music right from anywhere in nature.",Download Now,app_store,,video,entertainment,93298,1991,229,815.15
enriched_ad_3453,campaign_014,Fine Wine Encounter,Decanter is returning to NYC this June for an exclusive fine wine encounter.,,,,image,entertainment,83881,2250,246,714.63
enriched_ad_3454,campaign_036,Decanter Wine Experiences,Discover the Rhône with Decanter,,,,image,entertainment,59608,1469,172,335.99
enriched_ad_3455,campaign_038,Three Ways You Can Make A Difference,Cookies for Kids' Cancer - Let's Get Baking,,,,image,ecommerce,32539,668,41,407.06
enriched_ad_3456,campaign_031,Turn Comments into Instigator,,Request a Demo,,,video,ecommerce,20190,479,35,337.72
enriched_ad_3457,campaign_026,The New Standard of Luxury in the Caribbean,,,,,image,real_estate,32788,491,11,953.44
enriched_ad_3458,campaign_007,Introducing US News US News Games,Try your favorite games for free.,,,,video,entertainment,92882,3119,492,476.73
enriched_ad_3459,campaign_023,Find the Right Car Insurance,US News ranks companies for you to find the cheapest car insurance in 2022. Get your quote now.,Get Quote,,,image,ecommerce,88158,1165,108,1557.2
enriched_ad_3460,campaign_036,Try your favorite games for free,"US News Games offers an array of popular titles like Family Feud, The Daily Sudoku and Mahjong. Experience the thrill with just one click!",Play Now,,,video,entertainment,62253,1454,153,538.75
enriched_ad_3461,campaign_003,"the","cleaning Meet Our Print Issue! GET IT NOW",Learn More,facebook,,image,ecommerce,51493,959,98,578.13
enriched_ad_3462,campaign_018,GOAL ON YouTube,,Subscribe Now,youtube,,image,entertainment,66044,1512,185,513.13
enriched_ad_3463,campaign_027,GOAL ON YouTube,,Subscribe Now,youtube,,image,entertainment,36225,509,77,190.29
enriched_ad_3464,campaign_046,Blazelift - The Rugby Union World Cup Kickoff!,The Blazelift is gearing up for the upcoming rugby union world cup. Get ready to witness some thrilling matches and unforgettable moments.,TALK TO US TODAY,,,image,entertainment,31666,842,78,189.13
enriched_ad_3465,campaign_045,Stand With Ukraine,Donate to save the lives of millions of children,,,,image,ecommerce,56479,1117,85,555.93
enriched_ad_3466,campaign_017,You Can Help Ukrainians in Need,Even small monetary donations can make a big difference. Donate Today -> ad Council,Donate Today,,,image,ecommerce,54319,1043,108,666.26
enriched_ad_3467,campaign_001,Retail Me Not,Deal Finder™ Want instant savings on the tech you love? Try RetailMeNot Deal Finder™ 0.N 08:35,,,,image,ecommerce,69043,1062,54,981.05
enriched_ad_3468,campaign_014,FREESPOKE,"Same search, different results.",,,,image,,73324,1448,131,1292.26
enriched_ad_3469,campaign_033,Shape + Health Women's Half,"NYTTER NEW YORK ROAD RUNNERS Hol - Sunday, April 30, 2023 Central Park, NYC Register #womenruntheworld",REGISTER,,,image,ecommerce,23069,401,22,326.5
enriched_ad_3470,campaign_021,COMMEMORATE TOM BRADY's CAREER WITH THIS HARDCOVER BOOK,GREATNESS,CLICK TO SAVE!,,,image,entertainment,93438,2161,274,587.23
enriched_ad_3471,campaign_028,"theAdEngine","Powering The Publisher +105% +67% AD AD AD +52%",Learn More,facebook,,image,ecommerce,61760,971,92,823.97
enriched_ad_3472,campaign_048,Get Ahead With Our Sports Audience Targeting,The Rugby Union World Cup is About To Kick Off! Talk to Us Today A Blazelift,,,,image,sports,29675,394,26,500.97
enriched_ad_3473,campaign_013,Your Tone Makes A Difference,"Establish rapport with a personal, approachable writing tone.",Download Grammarly,,,image,education,66768,1544,194,485.23
enriched_ad_3474,campaign_037,NEW COLORS FROM YETI,Shop for St. Patty's Day SPY,,,,image,ecommerce,80535,1598,141,1270.59
enriched_ad_3475,campaign_017,Amazon's Today's Deals,,Shop Now,,,image,ecommerce,22128,404,21,328.91
enriched_ad_3476,campaign_025,Kevin Costner Finds Love Again,"After years of dating, affairs and divorce, Kevin Costner finds love again.",,,,image,entertainment,77771,1667,260,631.79
enriched_ad_3477,campaign_048,Executive Certificate in Product Management,,Register Now,,,image,education,37205,588,84,333.6
enriched_ad_3478,campaign_023,LOCKED ON PAVING THE WAY,PODCAST THAT SHINES A LIGHT ON OUR HOSTS FROM MARGINALIZED COMMUNITIES AND BACKGROUNDS.,,,,image,entertainment,80769,1764,273,403.28
enriched_ad_3479,campaign_049,Let's Take Your Digital Marketing to the Next Level,Local CMG Solutions offers innovative solutions for enhancing online presence and driving business growth.,Learn More,,,image,ecommerce,30206,541,32,373.19
enriched_ad_3480,campaign_043,Zero Right,"Bracket Challenge PRESENTED BY pepsi. ZERO SUGAR FREE SHOT AT $100,000 PEPSI GOT ZERO RIGHT, CAN YOU? CBB ENTER NOW Eligibility restrictions apply. Void where prohibited. See terms at DraftKings.com/pepsizero. NEW IMPROVED TASTE",ENTER NOW,,,image,entertainment,47051,1172,145,294.41
enriched_ad_3481,campaign_006,Target Identified,Kirsty is an experienced Warehouse Operative.,,,,image,ecommerce,85930,1692,87,1392.81
enriched_ad_3482,campaign_050,Icu - Handle You Career With Care,,,,,image,ecommerce,80273,1205,74,1380.02
enriched_ad_3483,campaign_023,MEATEATER,The Hunts Are Tough. The Meat Is Tender.,,,,image,food,40916,1086,97,484.0
enriched_ad_3484,campaign_008,The Leader in Long Range Barrett,A Legacy to Uphold Four Decades of Iconic Firearms.,,,,image,ecommerce,81145,1553,113,1340.67
enriched_ad_3485,campaign_031,SLEEP Gummies - CBD Blueberry,"125mg SLEEP gummies with CBD blueberry. Consumer Survey of Product Innovation 2023. 'Product of the Year, Winner in CBD Category'. Surveyed by Kantar (40,000 people). *Terms & conditions apply.",SAVE NOW,,,image,ecommerce,61389,1080,65,976.85
enriched_ad_3486,campaign_031,PREMIUM BOOKISH,A virtual series featuring conversations with authors. Thinkers and performers.,CLICK TO REGISTER,,,image,entertainment,42773,1141,142,308.72
enriched_ad_3487,campaign_024,Everything Foodie,,Click Here to Register,,,image,food,30080,424,38,402.96
enriched_ad_3488,campaign_010,The Final,,SHOP,,,image,,32925,496,27,463.22
enriched_ad_3489,campaign_038,CHAIN LOCKER,"UNIVERSAL CHAINSAW CHAIN STORAGE, NO MATTER WHERE YOUR JOB SITE IS. Learn More >> www.chainlockerusa.com TM Made in U.S.A.",,,,image,ecommerce,84657,1022,59,979.17
enriched_ad_3490,campaign_027,Eviesays - Calendar Platform,A comprehensive calendar solution designed specifically to meet the needs of modern media companies.,Discover Eviesays Today!,facebook,,image,ecommerce,38020,679,66,589.11
enriched_ad_3491,campaign_019,Not Dead Yet,,,,,video,,76159,1070,61,1338.3
enriched_ad_3492,campaign_001,Tips To Keep You In Style,"If you're over 70, keep yourself stylish with our latest fashion tips.",,,,image,ecommerce,93413,1266,93,1365.41
enriched_ad_3493,campaign_011,PLAYSTATION 5 GIVEAWAY,Join the PLAYSTATION 5 giveaway and stand a chance to win an amazing gaming experience. Be one of the lucky gamers who gets their hands on this latest console.,Enter Giveaway Now!,facebook,,video,entertainment,67129,2325,284,566.33
enriched_ad_3494,campaign_040,Dave Thomas Foundation for Adoption,,,,,image,"non-profit, education & social services",48559,840,61,822.09
enriched_ad_3495,campaign_043,7 Common Diseases You May Encounter,Sick Poultry Chicks: America's Favorite Magazine Dangers In The Coop Keeping Was Do Plus Forcon Subscribe Today!,,,,image,ecommerce,89206,1219,101,1463.93
enriched_ad_3496,campaign_020,Imagine the Possibilities Design Your Yurt in 3D,pacífic Providing Award-Winning yurts Inc Modern Yurts Since 1978 The Original Modern Yurt,,,,image,ecommerce,26473,359,22,331.0
enriched_ad_3497,campaign_007,Discover Barron's Top Financial Advisor,I am unsure about the economic prospects for our family and would like to find someone I can trust with this responsibility. Discovering an advisor who inspires peace of mind is crucial.,Find a top advisor at barrons.com/directory,,,image,finance,81921,583,18,2107.41
enriched_ad_3498,campaign_024,Show Them Your Support Operation Gratitude,,,,,image,,25164,497,37,366.25
enriched_ad_3499,campaign_025,A Different Kind of Search Engine,Google dominates the online search market. FREESPOKE offers an alternative that prioritizes user privacy and unbiased results.,,,,image,ecommerce,89441,1508,148,978.35
enriched_ad_3500,campaign_020,"Add local, on-demand delivery",with a few lines of code Developer Avrimping Learn More Dasher C Angie L Delivering more,,,,image,ecommerce,24380,510,46,436.32
enriched_ad_3501,campaign_016,"Continue","1. Click ""Continue"" 2. Add Extension 3. Start Converting Amazing File Converter",Learn More,facebook,,image,ecommerce,89483,1530,140,1394.92
enriched_ad_3502,campaign_014,Operation Gratitude,"Deploy Troops to Support Global Missions and Causes. Join us in making the world a better place by contributing your time, effort, or resources.",Donate Now!,facebook,,image,ecommerce,33332,595,44,506.39
enriched_ad_3503,campaign_015,Blazelift - The Rugby Union World Cup is About to Kick Off!,Get your business ahead with our sports audience targeting. Talk To Us Today,Talk To Us Today,,,image,entertainment,85881,1228,203,741.2
enriched_ad_3504,campaign_038,Broadcom Mainframe Software,Investment opportunity for your own development with Broadcom's mainframe software.,Learn More Now!,,,image,ecommerce,88919,1453,110,1217.33
enriched_ad_3505,campaign_012,TRIVIA & POLLING,,Request a Demo,,,video,entertainment,83659,2697,288,726.71
enriched_ad_3506,campaign_022,Stand With Ukraine,Donate to save the lives of millions of children,,,,image,ecommerce,79322,1027,50,769.48
enriched_ad_3507,campaign_029,Data-First Modernization with HPE GreenLake,Unlock the full potential of your business by creating value through insights derived from your own data. Experience modernized solutions that are intelligently designed and implemented.,,,,image,ecommerce,46302,846,47,677.73
enriched_ad_3508,campaign_045,"IRCTC Motor - Use iPay, IRCTC'S VERY OWN PAYMENT GATEWAY!","• USE iPay, IRCTC'S VERY OWN PAYMENT GATEWAY! • USE iPay AND MINIMISE CHANCES OF BOOKING FAILURE. • FEATURES OF iPay ARE UNIQUE AND ARE TO BE EXPERIENCED! T&C Apply JIMETE IPay",,,,image,ecommerce,77859,1274,111,1113.84
enriched_ad_3509,campaign_002,Add Local On-Demand Delivery,With just a few lines of code you can start delivering locally. Developer-friendly platform.,Learn More,facebook,,image,ecommerce,98958,1565,133,1637.21
enriched_ad_3510,campaign_009,Clearance Sale,,,,,image,ecommerce,30738,344,17,345.72
enriched_ad_3511,campaign_003,One Line A Day's Deal,,Shop Now,,,image,ecommerce,55594,996,65,778.81
enriched_ad_3512,campaign_050,Decanter - PREMIUM COLLECTOR'S GUIDE,PREMIUM WHISKY The ultimate guide to investing in whisky. Gain in-depth knowledge of the market and get advice from our experts.,,,,image,entertainment,61863,1083,129,298.87
enriched_ad_3513,campaign_040,The Masonite M-Pwr Smart Door is Here,"Experience the convenience of an advanced smart door system with our new Masonite MPWR Smart Door. Featuring LED lighting, customizable settings for open/close functions and more.",View Now,,,video,ecommerce,96083,1663,110,1265.74
enriched_ad_3514,campaign_043,Foster Adopt Rescue,,,,,image,ecommerce,90306,1025,84,1592.21
enriched_ad_3515,campaign_046,@LDirectorScup,ALEARFIELD DIRECTORS' CUP MACA The crowning achievement in college athletics. LEARFIELD FOLLOW YOUR FAVORITE SCHOOL DURING THE 2022-23 SEASON @LDIRECTORSCUP | THEDIRECTORSCUP.COM,,,,image,entertainment,71052,1704,188,468.65
enriched_ad_3516,campaign_007,Custom Window Treatments,"Treatments Designed to fit your space. Buy one, get another at 50% off! Book now for exclusive offers.",Book Now,,,image,ecommerce,79049,1217,107,1367.44
enriched_ad_3517,campaign_038,Custom Window Treatments,Designed to fit your space. Buy 1 Get 1 at 50% OFF! Book now for 3-day delivery.,Book Now,,,image,ecommerce,56850,766,69,749.44
enriched_ad_3518,campaign_044,"Get the content and tools you need, all in one plan > #000 Shutterstock Flex",,,,,image,ecommerce,41578,838,50,555.27
enriched_ad_3519,campaign_017,"A MUST-HAVE NOVELLA FROM The Mega-Bestselling Creator of the Heartstopper Series, Alice Osemann",,,,,image,entertainment,27698,507,64,234.57
enriched_ad_3520,campaign_039,"MORE CAPACITY, NO COMPROMISE.",BO FEDERAL HST SHIELDM LEARN MORE 3 MORE ROUNDS PER MAGAZINE Now with Smith & Wesson EMPOWERING AMERICANS,,,,image,ecommerce,27948,294,26,421.85
enriched_ad_3521,campaign_030,Who's My Soulmate?,,Start Test,,,image,entertainment,97053,1913,356,476.68
enriched_ad_3522,campaign_042,Make the Madness Make Sense,USA TODAY SPORTS Follow the Tournament,,,,image,sports,94162,1735,132,1192.47
enriched_ad_3523,campaign_036,STAR WARS THE MANDALORIAN KISAH STAR WARS YANG 2 KALI BIKIN INTERVIEW JON FAVREAU DAVE FILONI,,KLIK DISINI,,,image,entertainment,76896,2141,394,479.67
enriched_ad_3524,campaign_049,Ford Wedge Muddy Buddies!,"Kids Get Ideas, Events and Fun for Families",,,,image,entertainment,79637,1682,312,519.3
enriched_ad_3525,campaign_044,Hristen SATYA Acanay Universitas Kristen Satya Wacana We Are The Creative Minority Chakor Difere,,,,,image,education,29344,654,65,323.38
enriched_ad_3526,campaign_020,Изпит - LAS VEGAS,<AWAKENING Get tickets for this new once-in-a-lifetime theatrical experience. BUY TICKETS,,,,image,entertainment,21316,325,55,126.69
enriched_ad_3527,campaign_030,PLAY PREDICT & WIN ON CRICKET,,Play Now,,,video,entertainment,24773,749,75,185.47
enriched_ad_3528,campaign_042,Personalized Travel News,All in one place. Download on the App Store GET IT ON Google Play tandings,,,,video,travel,28934,453,23,347.58
enriched_ad_3529,campaign_026,7 Unexpected Things Renters Insurance May Cover,Read more Sponsored by Lemonade,,,,image,ecommerce,69047,805,40,995.98
enriched_ad_3530,campaign_030,Donate to a Greater Good,"Cookies for Kids Cancer, Let's Get Baking",,,,image,ecommerce,46248,763,39,459.64
enriched_ad_3531,campaign_008,FREESPOKE - A Different Kind of Search Engine,Google wants what we want. FREESPOKE is here to change the game.,,,,image,ecommerce,88544,1204,66,1436.41
enriched_ad_3532,campaign_035,Save Lives with DMY,Don't forget to buckle up! Reminding someone can save lives.,Learn More,,,image,healthcare,96549,1877,139,2208.03
enriched_ad_3533,campaign_015,At Nearly 100 Years Young,Discover the remarkable story of ARDs at Almost 101. This living legend has captivated audiences for decades with his wisdom and charm.,Learn More About Ards' Inspiring Journey!,,,image,entertainment,31183,767,81,195.72
enriched_ad_3534,campaign_016,Gas Guru,Cheap Gas Prices Find the cheapest gas prices near you. Download now!,,,,image,ecommerce,33895,602,52,594.04
enriched_ad_3535,campaign_015,BoardingArea,Personalized travel news. All in one place.,,,,video,travel,29887,506,31,342.44
enriched_ad_3536,campaign_010,Support Ukraine with Small Donations,Small monetary donations can make a big difference to Ukrainians in need.,Donate Today,,,image,ecommerce,61020,1071,52,879.25
enriched_ad_3537,campaign_008,"Unlimited Access to Over 30,000 Guitars","Instructor.com offers VIDEO LESSONS, GUITAR TABS AND MORE.",,,,video,education,96647,2756,390,939.4
enriched_ad_3538,campaign_001,We Stand With You,,,,,image,,37780,712,50,646.87
enriched_ad_3539,campaign_020,PC TECH DEALS,WE SCOUR 100s OF SITES TO FIND YOU UP TO 50% OFF THE HOTTEST TECH PRODUCTS GET THE DEALS ku NETFLIX sling 9 PHI,,,,image,ecommerce,60153,781,77,1079.47
enriched_ad_3540,campaign_018,Listen to Your Car,,Learn More,,,image,automotive,80124,1122,24,1319.6
enriched_ad_3541,campaign_014,Shop Now,,Shop Now,,,image,ecommerce,53772,1015,64,695.62
enriched_ad_3542,campaign_044,Moisture SurgeTM 100H,SurgeTM 100H is an auto-replenishing hydrator that uses ALOE VERA BIO-FERMENT TECHNOLOGY. It ensures your skin stays hydrated and healthy with its advanced features.,SHOP NOW,,,image,ecommerce,31019,465,27,535.55
enriched_ad_3543,campaign_050,SCRATCH A NEW BIG RIDE,NISSAN FRONTIER WINS SCRATCH PLAY TODAY! THE NEXT BIG WINNER COULD BE YOU!,,,,video,entertainment,51002,1281,165,341.73
enriched_ad_3544,campaign_044,CPA Life,,,,,image,entertainment,71072,1757,203,508.88
enriched_ad_3545,campaign_023,PREMION ONE SOLUTION. EVERY ADVANTAGE.,Leading the Evolution in Local OTT & CTV Advertising,Learn More,,,image,ecommerce,51658,854,73,889.2
enriched_ad_3546,campaign_035,HOME TOWN TRADEGY,Stream now and download free. Crises that change communities.,,,,video,entertainment,51028,1307,175,407.09
enriched_ad_3547,campaign_010,Online RN to BSN Degrees,Choose the format that fits your life. UW extended.,,,,image,education,30331,744,76,272.14
enriched_ad_3548,campaign_043,Bethpage OF THE BEST CITY,"BETHPAGE FEDERAL CREDIT UNION1
2022
WINNERS HAVE BEEN ANNOUNCED!
VISIT BESTOFNEWYORKCITY.COM TO SEE WINNERS",,,,image,ecommerce,31534,340,18,345.7
enriched_ad_3549,campaign_034,AUDIO EXPO NORTH AMERICA,"THE North American High-End Audio Show HEARING IS BELIEVING! APRIL 14-16, 2023 RENAISSANCE SCHAUMBURG CHICAGO, IL",,,,image,entertainment,66254,1403,269,414.09
enriched_ad_3550,campaign_034,MARKETDIEM,"BY INVESTORS BUSINESS DAILY Get trade ideas for stocks and options delivered to your inbox. SUBSCRIBE NOW MARKETDIEM, m spasian vi kommentaa a gas — Only $20/year! ww Jak",,,,image,ecommerce,35960,411,22,557.87
enriched_ad_3551,campaign_002,Discover The Forest,Make the forest part of your story. DISCOVER the FOREST.org Council.,,,,image,entertainment,69713,1764,332,616.71
enriched_ad_3552,campaign_036,Discover The Forest,Make the forest part of your story. DISCOVER the FOREST.org ad us COUNCIL.,,,,image,entertainment,42798,1121,132,341.49
enriched_ad_3553,campaign_014,WELCOME OFFER,1300%* Sports Bonus PLAY NOW T,,,,video,ecommerce,89954,1750,162,1298.87
enriched_ad_3554,campaign_009,MEATEATER,The Hunts Are Tough. The Meat Is Tender.,,,,image,food,66495,1748,203,728.92
enriched_ad_3555,campaign_015,CMG Local Solutions,Let's take your digital marketing to the next level. LEARN MORE,,,,image,ecommerce,75951,1148,72,1322.44
enriched_ad_3556,campaign_011,CUENTRA,,,,,image,,27766,531,51,431.63
enriched_ad_3557,campaign_004,FREE GUIDES,"The Grit Free guides cover a variety of self-sufficiency topics. Choose one guide, or all of them!",Start downloading today to learn it all! >>,,,image,education,32689,679,71,390.08
enriched_ad_3558,campaign_046,Nominations for the 2023 CSO50 Awards,CSO is an annual awards ceremony recognizing excellence in software engineering and technology innovation.,,,,image,"ecommerce, saas, education, healthcare, finance, entertainment, travel, food, automotive, real estate",50072,609,52,483.1
enriched_ad_3559,campaign_038,PREMIUM PASTA,"Presents EVERYTHING FOODIE MARKET NAIRE What you need to know about places, people and gadgets that are stirring up the So Cal food scene.",CLICK HERE TO REGISTER,,,image,ecommerce,51163,639,65,612.19
enriched_ad_3560,campaign_007,PREMIUM BOOKISH,"A virtual series featuring conversations with authors, thinkers and performers.",Click to Register,,,image,entertainment,78124,1247,239,702.86
enriched_ad_3561,campaign_017,PREMIUM PASTA,"What you need to know about places, people and gadgets that are stirring up the So Cal food scene.",CLICK HERE TO REGISTER,,,image,food,96034,1501,169,1046.15
enriched_ad_3562,campaign_048,Formica Living Impressions Collection,,"Order Now, Get Free Sample!",,,image,ecommerce,92262,1346,136,1496.34
enriched_ad_3563,campaign_037,Best Peninsula VOTE,,Vote Now Thru March 26th,,,image,entertainment,31113,477,83,256.27
enriched_ad_3564,campaign_009,The Foreles - Best Reader’s Choice Award,"Discover the best pens and writing instruments for your needs. Whether you're an avid writer, student or professional, The Foreles offers high-quality products that stand out in every aspect.",Vote Now Thru March 26th,,,image,ecommerce,83111,1287,123,912.06
enriched_ad_3565,campaign_020,purple Do you really need a new mattress?,Short answer: Probably... and here are the reasons why.,LEARN MORE,,,image,ecommerce,75401,1484,113,859.06
enriched_ad_3566,campaign_046,Ready Set Go!,Event ends April 4. Buy at Toyota,Buy at Toyota,,,image,automotive,58116,892,27,1114.19
enriched_ad_3567,campaign_022,PC TECH DEALS,WE SCOUR 100s OF SITES TO FIND YOU UP TO 50% OFF THE HOTTHEST TECH PRODUCTS GET THE DEALS,,,,image,ecommerce,22878,472,34,232.76
enriched_ad_3568,campaign_029,Your Next Great Fishing Story Begins Right Here,LAKE ERIE - FISHERY Get Started Powderhook,,,,image,ecommerce,58706,1220,99,760.21
enriched_ad_3569,campaign_026,DURAMAG - A Firearm is Only as Good as its Magazine,"Discover the best magazines for your firearm. DURAMAG offers high-quality, reliable ammunition that ensures peak performance and safety.",Shop Now at Duramag.com,facebook,,image,ecommerce,35732,375,25,472.1
enriched_ad_3570,campaign_042,TYRANT CNC,,,,,image,ecommerce,92873,1377,71,1333.73
enriched_ad_3571,campaign_023,Focus your heart on Jesus Christ with an Easter by Billy Graham,DEVOTIONAL by Billy Graham Evangelistic Association Always Good News. €2023 BGEA,GET YOUR FREE RESOURCE,,,image,ecommerce,65652,1040,54,1044.32
enriched_ad_3572,campaign_021,The List | HOUSE & GARDEN Alice Palmer,Discover professional designs for your home and garden. Find the perfect style to match your taste.,Shop Now,facebook,,image,ecommerce,20594,374,27,339.06
enriched_ad_3573,campaign_038,Discover the Power of Remote Assistance,"Need help with your business? Why not hire an expert from Gloucester, UK. Our team offers top-notch services to ensure you get professional assistance tailored specifically for your needs.",Hire Now and Get Started Today!,facebook,,image,ecommerce,23320,436,23,403.07
enriched_ad_3574,campaign_022,Raising Up,Diverse Voices in Agriculture - farmland.org American Farmland Trust,,,,image,ecommerce,29221,486,35,289.84
enriched_ad_3575,campaign_013,Raising Up,Diverse Voices in Agriculture - American Farmland Trust,,,,image,ecommerce,37262,705,41,377.05
enriched_ad_3576,campaign_030,Bestselling Our Most Popular Products,-Updated Weekly! AliExpress Shop Now >,Shop Now,,,image,ecommerce,95637,1899,113,1059.1
enriched_ad_3577,campaign_026,Help Us Protect Hawaii County Families' Income!,,,,,image,ecommerce,47907,880,79,738.63
enriched_ad_3578,campaign_018,Innovation in Products & New Packaging!,"INNOVATION:
In the products and
the new packaging!
LEARN MORE",Learn More,,,image,ecommerce,29346,573,58,392.63
enriched_ad_3579,campaign_004,Tipsterrr - Proven Track Record,Discover thousands of top-notch tipsters with an impressive history. Sign up for free and receive daily insider trading insights directly to your inbox.,Sign Up Free,,,image,ecommerce,38083,791,38,610.47
enriched_ad_3580,campaign_043,TRUFUEL CONVENIENCE PERFORMANCE PROTECTION,EMPOWER YOUR EQUIPMENT with our engineered fuel + oil ready to use. Experience the ultimate in convenience performance protection.,,,,image,ecommerce,49006,878,86,798.85
enriched_ad_3581,campaign_009,Protect Your Tickets With Allianz,"Secure peace of mind for every concert, sports event or theater performance by insuring your ticket purchases. Allianz offers comprehensive coverage to protect against loss and damage.",Shop Now on Facebook,facebook,,image,entertainment,75093,2089,386,455.28
enriched_ad_3582,campaign_029,Unlock Your Blog's True Revenue Potential,Get Started to Monetize Your Blog and Maximize Earnings Today!,GET STARTED,,,image,ecommerce,71734,1418,122,1085.62
enriched_ad_3583,campaign_039,Bring On Today with Global Secure Networking,"Learn More about COMCAST, BUSINESS Powering Possibilities.",Learn More,,,image,business,89671,1656,85,1453.08
enriched_ad_3584,campaign_014,Dreamworks Pussin Boots,,Stream Now,instagram,,video,entertainment,38210,695,81,301.77
enriched_ad_3585,campaign_030,Free Recipes,,,,,image,food,67156,1077,93,1006.11
enriched_ad_3586,campaign_017,Choose Your Cards Now,,,,,image,,51514,1050,82,542.86
enriched_ad_3587,campaign_046,5 STAPLES TO GET MORE LEADS FOR YOUR BUSINESS,"A FULLY OPTIMIZED WEBSITE
3 SOCIAL MEDIA ADS
5
6
GOOGLE ADS & LOCAL SERVICE ADS
PROGRAMMATIC ADVERTISEMENTS
AN AUTOMATED CRM SYSTEM
A LOCAL COMPANY TO DO IT FOR YOU
LET US DO THE WORK!
501-625-9845
www.customerswhostick.com",,,,image,ecommerce,49140,779,42,603.74
enriched_ad_3588,campaign_013,5 STAPLES TO GET MORE LEADS,"1
2
3
4 PROGRAMMATIC ADVERTISEMENTS
5 AN AUTOMATED CRM SYSTEM
A FULLY OPTIMIZED WEBSITE
GOOGLE ADS & LOCAL SERVICE ADS
SOCIAL MEDIA ADS LET US DO THE WORK!
501-625-9845
your@email.com",,,,image,ecommerce,60636,838,68,949.25
enriched_ad_3589,campaign_030,AMERICAN RESCUE PLAN ACT,18 Libraries in Chautauqua County are offering free access for your telehealth needs. Click here to find contact information for your closest Telehealth Library.,CLICK HERE TO FIND CONTACT INFORMATION FOR YOUR CLOSEST TELEHEALTH LIBRARY IN CQUA COUNTY,,,image,ecommerce,48635,804,82,606.62
enriched_ad_3590,campaign_014,Great Talent,without blowing your budget MediaJobBoard.com $199 Poynter. E&P America Newspapers,,,,image,ecommerce,31716,643,41,548.85
enriched_ad_3591,campaign_017,Under Armour,Out All Built To Make You Better. Shop Now,Shop Now,,,image,ecommerce,85068,972,51,847.79
enriched_ad_3592,campaign_004,A NEW BIG RIDE,NISSAN FRONTIER WINS! Play Scratch Big Ride Today! The next big winner could be you!,,,,video,entertainment,70623,1552,278,586.12
enriched_ad_3593,campaign_001,Search Rentals in Your Community,RENT 666 Canada’s Top Rental Site Search Now gottarent.com Find a place to rent,,,,image,ecommerce,32912,546,32,415.0
enriched_ad_3594,campaign_002,"ads","well done. cool by consumable.",Learn More,facebook,,image,ecommerce,56161,922,62,703.33
enriched_ad_3595,campaign_025,Long-Life Pet Crematories,"Crematory services for pets. Manufactured by PENNRAM, DIVERSIFIED MANUFACTURING CORPORATION.",,,,image,ecommerce,72570,968,94,805.01
enriched_ad_3596,campaign_015,Make Decisions Not Disasters,Shoulda Seen It Coming PLURALSIGHT WATCH NOW,,,,video,entertainment,99275,2567,294,813.89
enriched_ad_3597,campaign_021,The Kardashians News Special,Watch the latest episode of The Kardashians on Wednesday Night at 8:17 PM. Stream now on Hulu.,Stream Now,hulu,,video,entertainment,85828,2257,358,441.72
enriched_ad_3598,campaign_026,"-DSM-5-TR*-","CLINICAL CASES John W. Barnhill, M.D. ORDER appi.org AMERICAN PSYCHIATRIC ASOCIATION PUBLISHING M",Learn More,facebook,,image,ecommerce,70011,1386,114,1054.11
enriched_ad_3599,campaign_041,SECOND EDITION,"GABBARD'S TEXTBOOK OF PSYCHOTHERAPEUTIC TREATMENTS. Edited by Holly Crisp, MD.",,,,image,education,21379,291,36,240.2
enriched_ad_3600,campaign_043,Creality - Save Up to 20% on Print Fresh Scenery,Get exclusive deals and discounts for your favorite prints. Shop now!,Shop Now,,,image,ecommerce,25255,437,30,451.49
enriched_ad_3601,campaign_040,ELEGCO JUPITER 6K LCD 3D PRINTER,"G Model, G 3. Only $849.99 UP TO 35% OFF ONLY 6 Days left starting from 13th March ELEGOO Jupiter Model by Loot Studios.",,,,image,ecommerce,82775,1169,74,1067.39
enriched_ad_3602,campaign_045,Empower A Kid In Your Community Today,"Discover the joy of mentoring through Big Brother and Sister programs. Learn how to make an impact in your community by empowering kids with guidance, support, and love.",Learn More,,,image,education,56055,965,83,532.04
enriched_ad_3603,campaign_014,Sandy Hook,PROMISE Learn the signs at Sandy HookPromise.org,,,,image,education,58125,1051,140,535.29
enriched_ad_3604,campaign_005,Add Local On-Demand Delivery,"Developers can easily integrate adding local, on-demand delivery into their applications by writing just a few lines of code. This service is designed to streamline the process and make it more efficient for developers.",Learn More,,,image,ecommerce,34932,524,43,605.92
enriched_ad_3605,campaign_034,Cyberark - The Identity Security Company,"Secure the stash of application secrets with CyberArk. Cloud-Native Apps, DevOps Tools, CI/CD Pipelines, RPA Bots.",GET SECURE,,,image,ecommerce,94669,1360,90,1112.43
enriched_ad_3606,campaign_025,Mentor A Kid In Your Community,"Learn How Big Brothers, Big Sisters. OF AMERICA San Diego is here to help you connect with kids in your community and make an impact.",,,,image,education,21448,427,56,171.07
enriched_ad_3607,campaign_037,GYMNASTICS KAPLA PAC-12 WOMEN'S GYMNASTICS CHAMPIONSHIPS,"March 18, 2023 // MAVERICK CENTER. PAC-12.COM/TICKETS.",,,,image,entertainment,26843,388,47,135.37
enriched_ad_3608,campaign_014,"Pac-12 Women's Gymnastics Championships March 18, 2023",Join us at the Maverick Center for an exciting day of competition as Pac-12 women's gymnastics champions take to the floor. Don't miss out on this thrilling event happening from March 17th through March 19th.,Purchase Tickets Now!,facebook,,image,entertainment,64080,1146,129,473.28
enriched_ad_3609,campaign_042,"Streamline, Integrate, Consolidate",Replace your complex toolchains with GitLab and save time. And sanity.,Start free trial,,,video,ecommerce,80476,1430,106,1214.23
enriched_ad_3610,campaign_010,Muthead Season 10,"16 players competing for a $15,000 prize pool WATCH NOW Presented By ARMY NATIONAL GUARD MUTHEAD LEAGUE",,,,video,entertainment,86845,2982,480,595.63
enriched_ad_3611,campaign_004,Sandy Hook,PROMISE Sandy HookPromise.org,,,,image,education,97524,2061,201,794.67
enriched_ad_3612,campaign_027,PC TECH DEALS,We scour hundreds of sites to find you up-to-date tech products at unbeatable prices. Get the deals.,,,,image,ecommerce,25376,436,40,355.12
enriched_ad_3613,campaign_048,Colorado-Avalanche,,Shop Now,,,image,ecommerce,26351,280,18,350.55
enriched_ad_3614,campaign_022,Dave Thomas Foundation for Adoption,,,,,image,"non-profit, education & social services",92790,1452,74,1382.34
enriched_ad_3615,campaign_039,Making Homesteading Accessible to Everyone,Visit Today!,,,,image,ecommerce,95841,1032,99,1482.12
enriched_ad_3616,campaign_023,Making Homesteading Accessible,To everyone. Visit site today!,,,,image,ecommerce,75392,953,63,1029.2
enriched_ad_3617,campaign_043,Become A Goat Expert!,"The Backyard Goats newsletter offers top resources on goat health, feed and housing, goat breeds, and much more. Sign up for free to access all the information you need.",Sign up for free today,,,image,ecommerce,28830,448,27,454.49
enriched_ad_3618,campaign_025,Mitralo - SUPERMARKET BAHAN BARBURAN PERLENGKAPAN RUMAH,"Periode: 1 MARET-2 APRIL 2023
ANNIVERSARY th DISKON TAMBAHAN MULAI DISKON 26* %2,6 JUTA HADIAH LANGSUNG LOGAM MULIA HEATSAFE Water Heater RUA-HS 201 250Watt Harga Mulai Rp 2jt-an",,,,image,ecommerce,95303,1547,75,1251.25
enriched_ad_3619,campaign_039,Flash Report EDISI,"Dra.com offers the latest Flash Reports and detailed insights into property trends, current market conditions. Discover valuable data for informed decisions.",KLIK DI SINI!,,,image,finance,25153,342,13,505.08
enriched_ad_3620,campaign_043,Win a $500 NHL Shop Gift Card!,"Sign up for an exclusive chance to win a $500 gift card from the National Hockey League. Hurry, limited spots available! Sign Up Today.",SIGN UP TODAY,,,image,entertainment,40710,970,87,244.51
enriched_ad_3621,campaign_032,AF Fanatics Experience,,Shop Now,,,image,ecommerce,53325,882,51,633.03
enriched_ad_3622,campaign_028,"Connected Edge, Wisely Done",Choosing seamless connection over needless migration. Learn more.,,,,image,ecommerce,86266,1263,126,1468.77
enriched_ad_3623,campaign_016,Douglas -25% CUBI Tylko Vro Sampoer PA k ORIBE right Sen OSTA Ob byly,,,,,image,,30585,507,28,379.17
enriched_ad_3624,campaign_048,Know How | LEARNING CHANNEL,Learn to Grow a Butterfly Garden. Learn Now.,,,,image,education,28850,611,48,305.34
enriched_ad_3625,campaign_017,Boston Bruins Official Store,Experience the ultimate fan experience with Boston Bruins merchandise at NHLShop.com. Shop Now to get exclusive deals and products.,Shop Now,,,image,ecommerce,93279,1333,130,1325.95
enriched_ad_3626,campaign_011,Gardening Learning,Channel KNOW How learn. grow. garden.,LEARN NOW,,,image,education,50048,1103,159,565.89
enriched_ad_3627,campaign_039,Genesis Smart Home,"Smart home technology that includes Temperature Control, Safety features like Digital Assistant and Motion Sensors with Customized Lighting. Fully installed in your building.",Learn More,,,image,ecommerce,58900,655,61,853.82
enriched_ad_3628,campaign_003,Your Genesis Smart Home,STANDARD INTEGRATED INTELLIGENCE IN YOUR GENESIS HOME ●● GENESIS BUILDERS LEARN MORE,,,,image,ecommerce,28258,544,43,281.08
enriched_ad_3629,campaign_007,Shop Now,,Shop Now,,,image,ecommerce,72055,1469,143,1209.04
enriched_ad_3630,campaign_024,SIGN ME UP FOR YOUR FREE HEALTHY LIVING NEWSLETTER,Receive daily health and wellness tips directly in your inbox. Stay informed with EVERYDAY HEALTH.,Sign Me Up Now!,facebook,,image,ecommerce,24881,280,16,262.68
enriched_ad_3631,campaign_022,CAPITAL ONE SHOPPING,The coupon-finding browser extension PROMO CODES AVAILABLE SEE FREE CODES,,,,image,ecommerce,57642,1128,68,576.88
enriched_ad_3632,campaign_048,Earn a Citable DOI and an Open Access License,SciMeetings is a service from the American Chemical Society that allows researchers to earn a citable Digital Object Identifier (DOI) along with open access licensing for their work.,,,,image,education,73464,1290,95,826.96
enriched_ad_3633,campaign_003,Fashion that fits! Jeans you'll love without sacrificing comfort or price.,"Explore our most popular denim styles in Missy (4-16), Petite (4P-16P), & Plus (14W-24W) Sizes. Discover the perfect fit for your wardrobe with Christopher and Banks' collection of stylish jeans that cater to different body types, ensuring comfort without compromising on style or affordability.",,,,image,ecommerce,92453,1312,82,1597.58
enriched_ad_3634,campaign_038,Raising Jesus Way,Generational Strongholds for Families - Shop Now!,Shop Now,,,image,ecommerce,68679,937,73,1079.15
enriched_ad_3635,campaign_049,Raising Families the Jesus Way May Raise Godly Kids Today to Transform Tomorrow,,Shop Now,,,image,education,92953,1215,169,1114.29
enriched_ad_3636,campaign_050,"An Epic Story Of Love, Loss And The Promise Of Redemption",,Learn More,,,image,entertainment,62734,1667,258,422.79
enriched_ad_3637,campaign_009,The Parent's Battle Plan,Win back your prodigal child with these strategies. Shop 30% off and get free shipping.,Shop Now,,,image,ecommerce,79079,926,84,1019.42
enriched_ad_3638,campaign_003,The Parents' Battle Plan,"A Practical, Tried-and-True Plan to Protect Kids SHOP 30% OFF + FREE SHIPPING",SHOP NOW,,,image,ecommerce,32534,494,45,527.17
enriched_ad_3639,campaign_040,Turn Practice Into Play,Start for free today at giantsteps.app Giant Steps.,,,,video,ecommerce,50458,731,58,662.26
enriched_ad_3640,campaign_019,Padre Angelic Revelations for 2023,"Your exclusive access to Padre's angelic revelations, guaranteed with our special offer. Get your copy now and experience the divine.",Shop Now,facebook,,image,entertainment,29445,543,83,158.47
enriched_ad_3641,campaign_030,Baby Centre Tizz,,,,,image,ecommerce,45128,938,88,577.09
enriched_ad_3642,campaign_002,EXECUTIVE INSIGHTS by Mediacorp,"WEBINAR Building new digital brand experiences with NFTs on March 23rd, Thursday from 10.00 - 11.00am hosted by mediacorp.",,,,video,education,48129,1128,164,311.09
enriched_ad_3643,campaign_042,Prevent Dementia with This Easy Method,Discover how this simple trick can help you fight dementia effectively. Learn more about the benefits and get started today.,Learn More Now!,facebook,,image,healthcare,59247,769,29,1395.48
enriched_ad_3644,campaign_038,Discover Star Trek Universe with Wolf Pack,"Explore the adventures of Discovery, featuring episodes like WOMEN and WHO MOVE MOUNTAINS. Stream now on your favorite platform.",Stream Now,facebook,,video,entertainment,86511,1681,197,524.46
enriched_ad_3645,campaign_025,Women Move Mountains,"Discover the power of women through our collection featuring 'WOMEN', 'Move', and 'WHO'. Explore iconic moments like MOUNTAINS, inspired by classic series such as 1923 STAR TREK: DISCOVERY WOLF PACK. Stream now on Paramount+.",Stream Now,instagram,,video,entertainment,62355,1148,165,459.91
enriched_ad_3646,campaign_023,"DARKER, MORE TWISTED AND EVEN BETTER",COULDER CRIMINAL MINDS EVOLUTION ALL EPISODES NOW STREAMING EXCLUSIVELY ON TRY IT FREE PLUS BONUS GAMES IN THE APP FOR A LIMITED TIME ONLY. GET YOUR COPY TODAY!,TRY IT FREE,,,video,entertainment,55724,1289,224,481.59
enriched_ad_3647,campaign_007,BabyCentre,,,,,image,ecommerce,68123,908,80,951.16
enriched_ad_3648,campaign_043,What To Expect,"We're giving away a $1,500 Amazon gift card! ENTER NOW",,,,image,ecommerce,88496,1597,144,1069.35
enriched_ad_3649,campaign_016,Protect your Tickets with Ticket Insurance,"Get peace of mind knowing that Allianz is here to protect you. With our comprehensive insurance coverage, you'll have the assurance needed for every event.",Shop Now,facebook,,image,ecommerce,81310,1075,83,1284.29
enriched_ad_3650,campaign_047,Your Health Matters,Got a question? Our experts offer answers in Health Essentials News Sign Up,,,,image,healthcare,75742,1087,47,1478.43
enriched_ad_3651,campaign_012,"From Hello to Help, 211 Is Here",,,,,image,,70858,1062,77,1172.85
enriched_ad_3652,campaign_037,Worker's Appreciation Fund,Fund to show appreciation for workers at United Way.,,,,image,ecommerce,62437,1078,73,918.93
enriched_ad_3653,campaign_025,Empower A Kid In Your Community Today,"Discover how Big Brothers, Big Sisters of America can make an impact in your community. Learn More About Our Programs and Get Started!",Learn How,,,image,education,97962,1567,143,822.18
enriched_ad_3654,campaign_011,ALL ABOUT CIRCUITS,"Need a Battery Refresher? 9V MOU Circuits AC, DC, Analog, Digital and Much More! R₁ 600 Video Tutorials Learn More",Learn More,,,video,ecommerce,54828,1367,92,592.81
enriched_ad_3655,campaign_035,CONTROL AUTOMATION DAY,Join us on March 14th for our FREE Virtual Conference. Discover the latest in Industrial IoT with industry experts.,Register Now,,,image,ecommerce,72523,844,56,752.64
enriched_ad_3656,campaign_033,Don't just know. Be in the know.,STAY IN THE KNOW ► Powered by Global Spec Electronics 360,,,,image,electronics,89401,1866,191,1440.57
enriched_ad_3657,campaign_008,Defining the Smart Manufacturing Journey,Roundtable Webinar Series Sponsored by RA Rockwell Automation Watch On Demand REGISTER NOW,Register Now,facebook,,video,ecommerce,85762,2107,200,1470.24
enriched_ad_3658,campaign_037,Specification Guides,"Detailed, unbiased explanations of a wide range of industrial products and services.",Plan your next project!,,,image,ecommerce,69449,1401,122,1105.39
enriched_ad_3659,campaign_024,Stay In The Know,GlobalSpec Electronics 360 offers the latest insights and updates in electronics.,,,,image,ecommerce,73041,1204,101,864.31
enriched_ad_3660,campaign_032,Specification Guides,"Detailed, unbiased explanations of a wide range of industrial products and services.",Plan your next project!,,,image,ecommerce,59372,661,50,586.58
enriched_ad_3661,campaign_023,Covalent Get Aggregated Web3 Data in a Block,Explore unified APIs for seamless integration with your projects.,Try the Covalent Unified API,,,image,ecommerce,73977,848,74,805.44
enriched_ad_3662,campaign_009,Realistic Military Figures,Discover high-quality military figures that bring your collection to life. Perfect for enthusiasts who appreciate detailed craftsmanship.,Order Now,,,image,ecommerce,48543,936,77,768.82
enriched_ad_3663,campaign_017,Discover HO Model Trains,"Explore our extensive collection of HO locomotives, trolley cars and freight cars. Whether you're looking for classic models like Bowser or Cal Scal, detailed parts kits such as HO Detail Parts, complete HO Trolley Cars sets, comprehensive N Scale Freight Car options - we've got it all.",Shop Now,facebook,,image,ecommerce,43691,567,43,758.63
enriched_ad_3664,campaign_036,Germaniamous Perlantation of some states of Ame FREEDOM Matters At The George W. Bush Presidential C,MARCH 2 DECEMBER 31 plan your BUSHCENTER.ORG visit,,,,image,entertainment,34907,864,105,199.53
enriched_ad_3665,campaign_050,ODC/DANCE PRESENTS Dance Downtown,"March 29 - April 2, 2023 Blue Shield of California Theater at YBCA odc TICKETS ON SALE NOW Tickets starting at $25! odc.dance/downtown",Tickets on Sale Now,,,image,entertainment,28952,568,70,201.22
enriched_ad_3666,campaign_009,ODC/DANCE PRESENTS Dance Downtown,"March 29 - April 2, 2023 TICKETS ON SALE NOW",,,,image,entertainment,34129,831,110,209.5
enriched_ad_3667,campaign_023,OPEN HOUSE FRIDAY MARCH 24,"9:15 A.M. -1:15 P.M.
STATE UNIVERSITY OF NEW YORK
EFFERSON
There's more here
REGISTER TO ATTEND",,,,image,education,76056,1739,220,904.23
enriched_ad_3668,campaign_007,Devils,,Shop Now,,,image,ecommerce,54642,736,72,689.03
enriched_ad_3669,campaign_038,MoCA DUO,,,,,image,ecommerce,38011,456,44,657.87
enriched_ad_3670,campaign_005,FixMyToys,,,,,image,entertainment,84742,1359,125,687.23
enriched_ad_3671,campaign_039,Check Your Symptoms,We have answers.,,,,image,healthcare,59397,785,48,1412.55
enriched_ad_3672,campaign_021,Define Your Vehicle's True Identity,,,,,image,automotive,41244,528,10,615.63
enriched_ad_3673,campaign_002,Your Tone Makes A Difference,"Establish rapport with a personal, approachable writing tone.",Download Grammarly,,,image,education,32599,448,63,312.09
enriched_ad_3674,campaign_001,Trending Podcasts,Discover the latest healthcare podcasts on Medscape. Stay updated with cutting-edge medical knowledge and insights.,Listen Now,,,image,healthcare,26941,362,13,608.16
enriched_ad_3675,campaign_002,DIGITAL TRENDS,,Learn More,,,image,ecommerce,45095,671,62,665.2
enriched_ad_3676,campaign_022,Check Out Today’s Action,,Go Now,,,image,ecommerce,82774,1454,122,1088.64
enriched_ad_3677,campaign_025,"CONTROL","AUTOMATION DAY 2023 INDUSTRIAL IOT TUESDAY MARCH 14TH, 2023 SPONSORED BY: M MOUSER ELECTRONICS d ***** wwwwww REGISTER NOW",Learn More,facebook,,image,ecommerce,90078,1677,156,1584.74
enriched_ad_3678,campaign_007,Mobiles,"Prices, Reviews, Latest News. Compare Smartphones and Gadgets.",,,,image,ecommerce,24395,391,19,385.45
enriched_ad_3679,campaign_011,Daily Pakistan,MOBILES Prices Reviews ● Latest News O Compare Smartphones and Gadgets mobiles.dailypakistan.com.pk SET 10:08. 08k,,,,image,ecommerce,95615,1591,152,1275.74
enriched_ad_3680,campaign_049,Increase Followers,Efficiently socialdog Only Twitter Login to Start,,,,image,ecommerce,57338,821,50,779.95
enriched_ad_3681,campaign_046,ISTDC Incredible India - THE GOLDEN CHARIOT PENCHAN,Journeys available from 2 Nights/3 Days to 6 Nights/7 Days of Ante Sandaler. Complimentary Flight Ticket.,"Book Now and Avail Hotel Stay, Pick-up Transfer Extens Marc with 10% discount on published tariff P/T&C Apply",,,image,travel,97170,2024,129,1503.8
enriched_ad_3682,campaign_048,Enhance Your Career with Graduate Program in Equine Industry,University of Louisville College of Business offers an EQUINE INDUSTRY PROGRAM. Enroll now for the BUSINESS CERTIFICATE and GRADUATE -15 WEEK course.,APPLY TODAY!,,,image,education,79795,1697,199,937.7
enriched_ad_3683,campaign_036,DIGITAL TRENDS,"TECH 101:
HOW TO NOT HAVE
INSTANT POT FOMO",,,,image,entertainment,48260,1177,159,418.69
enriched_ad_3684,campaign_001,DIGITAL TRENDS THE BEST WIRELESS HEADPHONES,,Learn More,,,image,ecommerce,21157,393,19,348.22
enriched_ad_3685,campaign_007,"#1 Talent Agency","For Today's Digital Stars VIRAL NATION",Learn More,facebook,,image,ecommerce,59847,733,60,1002.23
enriched_ad_3686,campaign_020,Upgrade to the Ad-Free FlightAware App,,Upgrade Now,,,image,ecommerce,70583,1358,116,952.01
enriched_ad_3687,campaign_003,New Webinar Hub,Our expertise at a glance. Find inspiring webinars and helpful trainings on our brand-new hub.,,,,video,"education, healthcare, finance, entertainment, travel, food, automotive, real_estate",43768,1172,119,624.98
enriched_ad_3688,campaign_047,Your Tone Makes a Difference,"Establish rapport with a personal, approachable writing tone. Download Grammarly for premium assistance.",Download Grammarly,,,image,ecommerce,40603,632,51,487.47
enriched_ad_3689,campaign_008,Start Converting,Add Extension to Amazing File Converter and continue your conversion process seamlessly.,Click 'Continue',,,image,ecommerce,74456,1349,105,1017.52
enriched_ad_3690,campaign_008,Putting the Win in Winter,Get heating supplies fast this season! SupplyHouse.com is your trusted source for all winter essentials.,,,,image,ecommerce,26247,460,33,314.14
enriched_ad_3691,campaign_037,NEW HYDRAULIC SEPARATOR,"A smarter solution for system efficiency. Webstone, a brand of NIBCO®.",,,,image,ecommerce,25446,321,22,327.0
enriched_ad_3692,campaign_003,Putting the Win in Winter,"SupplyHouse.com offers Plumbing, Heating & HVAC Supplies. Get your heating supplies quickly and efficiently this season! With over 200,000 products from more than 450 brands available for fast shipping.",,,,image,ecommerce,55136,660,59,789.46
enriched_ad_3693,campaign_018,Troubleshoot Remotely with Beckett,"Program, Troubleshoot and Monitor. Remotely.",Learn More >,,,image,ecommerce,59597,762,55,816.03
enriched_ad_3694,campaign_001,Get a return rate that's great for your business!,"Campaign Period: 5 January 2023 until 30 June 2023 Terms and conditions apply. A PIDM member Protected by PIDM up to RM250,000 for each depositor.",CLICK HERE,,,image,finance,51592,702,26,1685.99
enriched_ad_3695,campaign_024,Decanter Wine Experiences,Discover the Rhône with Decanter. Experience unique wine journeys and explore new flavors.,,,,image,ecommerce,74886,1192,63,1032.64
enriched_ad_3696,campaign_047,SoundAvo WS66i Whole-Home Audio System,,,,,image,entertainment,81439,1987,320,648.66
enriched_ad_3697,campaign_047,THE RSERIES IS HERE,You asked and we delivered. The R-Series is ready for you to experience.,,,,image,ecommerce,61441,1014,50,1020.02
enriched_ad_3698,campaign_007,We Stand With You,,,,,image,,72843,1469,119,819.61
enriched_ad_3699,campaign_019,Paradigm Founder Series When Art Embraces Science,"SERIES WHEN ART EMBRACES SCIENCE, anything is possible. FIND MY DEALER.",FIND MY DEALER,,,image,entertainment,96305,2265,269,495.38
enriched_ad_3700,campaign_028,My Outdoor TV,"Start your free trial with MyOutdoorTV available on App Store, Google Play, Roku, Amazon Fire TV, and Xbox.",Shop Now,facebook,,video,ecommerce,24634,544,35,378.31
enriched_ad_3701,campaign_018,Ready for the Next Game KIOXIA EXCERA,"Discover cutting-edge storage solutions with our latest offerings. From EXCRIA to EXCERIA PLUS, and G2 SSDs by KIKIA.",Learn More,,,image,ecommerce,98690,2048,206,1693.93
enriched_ad_3702,campaign_048,Discover KBS TGI™ Tour Graphite Iron,Experience the first graphite iron designed to play like steel. Available in taper tip for precision and durability.,Shop Now at KBSGOLFSHAFTS.COM,,,video,ecommerce,61457,1608,160,611.08
enriched_ad_3703,campaign_011,Decanter - PREMIUM WHISKY,Discover the finest selection of premium whiskies with our exclusive Decanter guide. Elevate your collection and indulge in exceptional taste experiences.,READ NOW,,,image,ecommerce,48502,881,69,712.91
enriched_ad_3704,campaign_040,Mara Drone - ON SALE,,,,,image,ecommerce,79180,1594,108,966.79
enriched_ad_3705,campaign_010,Watch the Highlights,"Appearances by Derwin James, Kyle Hamilton and more. Watch Now!",Watch Now,,,video,entertainment,68339,1589,299,407.48
enriched_ad_3706,campaign_039,Add Local On-Demand Delivery,With just a few lines of code you can start delivering locally. Developer-friendly platform.,Learn More,,,image,ecommerce,78132,1439,70,932.92
enriched_ad_3707,campaign_010,Do Something Just Sit There Flatten The Curve Statione,,,,,image,,78055,1128,83,1276.73
enriched_ad_3708,campaign_010,ARKAMIO ADVANCEMENT,Enjoy over 100 exciting games with LUMENO Arkadium.,,,,image,entertainment,37475,954,150,207.61
enriched_ad_3709,campaign_040,Introducing Well-Being,From The Washington Post. Subtract the noise. Add the experts.,,,,image,entertainment,30380,593,95,219.06
enriched_ad_3710,campaign_023,Three Outperforming Portfolios,Follow our Premium MarketScreener for Real-time Portfolio Performance.,,,,image,ecommerce,35087,678,43,459.66
enriched_ad_3711,campaign_033,TOWN CHEESE IT,"PRINGLES HOUSE GO FOR FULL COURT CRUNCH LEARN MORE Ⓒ.TM, Ⓒ2022 Kellogg NA Co. FROSTED FLAKES ⒸTM, Ⓒ2022 Pringles LLO",LEARN MORE,,,image,ecommerce,44023,512,26,523.68
enriched_ad_3712,campaign_045,Your Tone Makes a Difference,"Establish rapport with a personal, approachable writing tone.",,,,image,education,43543,786,62,333.13
enriched_ad_3713,campaign_014,Check Out Today’s Action,,Go Now,,,image,ecommerce,63760,812,83,1054.69
enriched_ad_3714,campaign_003,Lowstone Cotosen - Up to 50% OFF,,Shop Now >>,,,image,ecommerce,70605,1121,79,1202.19
enriched_ad_3715,campaign_018,WebHoo - Simplify Your Delivery Process,"app.post('/webhoo
(req, res) {
switch(req.body)
case 'DASHER_DROP':
console.log(req.body.dropoff_);
break;
case 'DELIVERY_CA': Add local, on-demand delivery with a few lines of code.
Developer Learn More Delivering more",Learn More,,,image,ecommerce,55035,1039,85,818.95
enriched_ad_3716,campaign_029,"WildGets - COUGH LESS, ENJOY MORE",,Shop Now,,,image,ecommerce,25844,478,25,267.12
enriched_ad_3717,campaign_028,The Finest American-Made Guitars,,Learn More,,,image,ecommerce,96944,1583,133,1403.68
enriched_ad_3718,campaign_044,US News - Introducing U.S. News Games,Try your favorite games for free.,,,,video,entertainment,62535,1681,284,486.82
enriched_ad_3719,campaign_002,GRAB TOP TITLES FOR FREE!,(UP TO $100) JUST PAY SHIPPING & HANDLING,Shop Now →,,,image,entertainment,78149,1613,159,591.17
enriched_ad_3720,campaign_039,Friskies 3 pack,Party Mix YUMS Commen Beggin Treat your lucky pet. Get their faves with Curbside Pickup.,Shop Now,,,image,ecommerce,60808,1269,129,636.08
enriched_ad_3721,campaign_012,REACH YOUR POTENTIAL,,FIND YOUR NEXT JOB,,,image,ecommerce,90121,1541,148,1604.37
enriched_ad_3722,campaign_013,MoneyControl Pro,,Subscribe Now,,,image,finance,62840,717,29,1195.57
enriched_ad_3723,campaign_029,"Read Nick and Charlie, A Must-Have Novella from the Mega-Bestselling Creator of The Heartstopper Ser",,,,,image,entertainment,90816,2090,357,451.07
enriched_ad_3724,campaign_030,We Stand Together,,,,,image,,60145,920,54,703.89
enriched_ad_3725,campaign_047,#Alone Together,,,,,image,,45488,672,65,679.66
enriched_ad_3726,campaign_009,Bandista Cocktails,Discover the perfect cocktail at Bandista Cocktail Laboratory. Reserve your favorite drink today and experience unparalleled taste.,Reserve Now,facebook,,image,ecommerce,35003,602,45,405.41
enriched_ad_3727,campaign_033,AF Fanatics Experience,,Shop Now,,,image,ecommerce,80831,927,94,782.54
enriched_ad_3728,campaign_006,WE KNOW IT'S MESSED UP. WE'RE WORKING ON IT,,,,,image,,23109,424,39,381.09
enriched_ad_3729,campaign_043,Today's Deals,,,,,image,ecommerce,61782,870,51,944.69
enriched_ad_3730,campaign_046,LA Kings,NHLShop.com - AF Fanatics Experience,Shop Now,,,image,ecommerce,31676,393,35,404.78
enriched_ad_3731,campaign_039,"NEIGHBORHOOD TO NATION","ADVERTISE WITH US CLICK FOR MORE INFO >",Learn More,facebook,,image,ecommerce,35654,648,32,430.65
enriched_ad_3732,campaign_050,NEIGHBORHOOD TO NATION,,CLICK FOR MORE INFO >,,,image,,34490,625,31,504.76
enriched_ad_3733,campaign_019,KUOW - Radio for a Curious Public,"Support KUOW, the NPR affiliate that serves Alaska with thoughtful and engaging programming. Your donations help us continue to bring you high-quality content.",Donate Now,facebook,,image,entertainment,56141,1398,200,352.9
enriched_ad_3734,campaign_044,KUOW - NPR Radio,"KUOW is dedicated to serving the interests of our listeners and providing them with news, music, culture, arts & entertainment. We are committed to being an engaged public radio station.",Donate,,,image,entertainment,87928,1497,276,787.05
enriched_ad_3735,campaign_008,KUOW - NPR Network,Radio for a Curious Public. Donate to support our mission.,Donate,,,image,entertainment,20189,421,38,177.5
enriched_ad_3736,campaign_041,Millions of Kids Are Growing Up Without a Mentor. Become a Big Today.,"Learn how to be a big brother or sister in America with our program designed for kids aged 8-17, helping them grow up without missing out on guidance and support from their own families.",Become A Big Brother/Sister,,,image,education,69516,1399,120,813.96
enriched_ad_3737,campaign_002,Little Things,Joy comes easy with Little Things in your mailbox!,Sign Me Up,,,image,entertainment,40844,815,83,331.23
enriched_ad_3738,campaign_031,All of the Best Frequent Flyer Blogs,"BoardingArea - All of the best frequent flyer blogs, all in one place. BardingArea IN Download on the App Store GET IT ON Google Play",,,,video,entertainment,73268,2405,232,519.83
enriched_ad_3739,campaign_041,"Lexi Damato - Pure Productions, LLC",An Idaho based Wedding & Event Videographer that serves the Pacific Northwest and beyond. www.pureproductionsmedia.com Ⓒ (YouTube),,,,video,ecommerce,28936,686,39,486.24
enriched_ad_3740,campaign_045,Questwise Anti-Fatigue Nutritional Eye Patch,"100% Natural. Your eyes deserve a spa-treatment. Relieve eye fatigue, relieve dry eyes, and relieve blurry eyesight.",,,,image,healthcare,63157,739,37,1064.05
enriched_ad_3741,campaign_036,Show Them Your Support Operation Gratitude,,,,,image,,88831,1830,178,1120.6
enriched_ad_3742,campaign_003,BRAVO,"Experience the ultimate in cool, stylish clothing for men and women. Our collection features trendy designs that are perfect for every occasion.",Shop Now!,facebook,,image,ecommerce,70153,1232,109,1108.24
enriched_ad_3743,campaign_010,y tickets to India,Serving indians globally! USA To India Cheap Flights New Year Deals Save Big On Flight Tickets To India Call 1-585-948-0222 (Unpublished Deals) Book Now,Book Now,,,image,ecommerce,87637,1769,134,1515.53
enriched_ad_3744,campaign_028,Love ends and Universal School Meals,Help feed Vermont kids. Learn how to keep the investment going.,,,,image,ecommerce,70291,744,58,675.32
enriched_ad_3745,campaign_021,Seven Days House Party,Free Workshop for First-Time Home Buyers ONLINE: March 22 - Register >>,,,,image,ecommerce,94594,1365,71,1666.48
enriched_ad_3746,campaign_014,PISALIN SOLOPOF,"Asmaraloka - SOLOPOS FASHION Outlet at Griya Solopos Jl Adi Sucipto, Solo. Contact us via phone number 0811-2766-330.",,,,image,ecommerce,63661,1021,57,1131.45
enriched_ad_3747,campaign_007,One Admit On Go - Bollywood Celebrity Filmy Quizzes,Play Filmy Quizzes with Bollywood Celebrities. Play Now!,Play Now,,,video,entertainment,84565,2420,442,511.7
enriched_ad_3748,campaign_041,Unihost - Server for Video Hosting & Streaming,,,,,video,ecommerce,29340,607,34,449.39
enriched_ad_3749,campaign_042,"30-DAYS MUSCLE MEAL PLAN","GAIN PLAN WORKOUT PLAN - mand VIN",Learn More,facebook,,image,ecommerce,43009,713,72,655.2
enriched_ad_3750,campaign_021,Roll into a new adventure! Find out if there truly is Honor Among Thieves on March 31!,Visit the Forgotten Realms Wiki,,,,image,entertainment,77959,1128,109,657.49
enriched_ad_3751,campaign_030,A Great Beer,,,,,image,,89045,1543,112,1064.0
enriched_ad_3752,campaign_014,Sonics at Quart,"Discover the latest online gaming experiences with Sonics, now available exclusively through our new platform. Enjoy seamless gameplay and top-notch graphics that will keep you hooked for hours.",Play Now!,facebook,,image,entertainment,90495,1993,214,524.72
enriched_ad_3753,campaign_049,How Smart Are You?,,,,,image,education,71501,1550,156,542.02
enriched_ad_3754,campaign_023,Play Filmy Quizzes With Bollywood Celebrities,,PLAY NOW,,,video,entertainment,50631,1638,290,244.04
enriched_ad_3755,campaign_029,AGATHA CHRISTIE'S MURDER ON GENEODE ENDEANDE EXPRESS,"Rep Repertory Theatre, St Louis - Adapted for the stage by Ken Ludwig. Directed by Hana S. Sharif.",BUY TICKETS,,,image,entertainment,75596,1719,218,650.14
enriched_ad_3756,campaign_048,Innovative On Land. Exceptional At Sea.,,,,,image,travel,95653,1820,89,1454.09
enriched_ad_3757,campaign_033,THE BEST WAY TO LEARN SONS!,LESSONS INCLUDE GUITAR TAB BACKING TRACK VIDEO INSTRUCTION PLUS TEMPO CONTROL MINUS GUITAR MINUS BAND LOOPING CLICK TRACK Guitar INSTRUCTOR.COM,,,,video,education,34307,879,77,350.81
enriched_ad_3758,campaign_040,WMP ANNUAL ESSAY CONTEST,"NPS Foundation/U.S. Naval Institute
Sponsored by the Naval Postgraduate School
DEADLINE: 31 MARCH 2023
MORE DETAILS HERE",,,,image,education,22929,557,51,174.54
enriched_ad_3759,campaign_024,Enter the Naval Institute's Enlisted Prize Essay Contest,"ESSAY CONTEST Sponsored by USAA Deadline: March 31, 2023 More Details Here ED DIE 419",,,,image,education,71389,1242,115,836.33
enriched_ad_3760,campaign_030,"WATCH","CHICAGO TONIGHT online app facebook podcast",Learn More,facebook,,video,ecommerce,25640,637,35,381.12
enriched_ad_3761,campaign_050,FLOCK to the ROCK Find your fun in LaSalle County!,www.flock To The Rock.com Heritage Corridor Seitinatish,,,,image,entertainment,47056,737,133,334.97
enriched_ad_3762,campaign_007,Clearance Sale - $6.07,,Shop Now,,,image,ecommerce,75876,1287,62,785.14
enriched_ad_3763,campaign_031,Policy Bazaar Investment Plan,"An investment plan for NRIs to invest up to $90,000 per month and get returns of INR 10 crores.",,,,image,ecommerce,91817,1142,83,1382.35
enriched_ad_3764,campaign_028,The Best of iOS 16,,,,,image,ecommerce,34907,413,32,348.0
enriched_ad_3765,campaign_042,Date Night in Los Angeles,,,,,image,entertainment,64104,1781,313,465.33
enriched_ad_3766,campaign_018,Where to Have a Date Night in LA,,READ MORE ON EATER >> total orizon,,,image,entertainment,55980,928,134,501.29
enriched_ad_3767,campaign_020,HAMILTON THIS WINTER,,Book Your Tickets Now,,,image,entertainment,45642,666,125,332.59
enriched_ad_3768,campaign_039,In Loving Memory Honor Them With Graveside Flowers,"Graveside Flowers • Beautiful, high-quality silk floral arrangements • Hand delivered to your loved one's grave Photo confirmation of delivery included.",LEARN MORE,,,image,ecommerce,83563,1333,78,1498.26
enriched_ad_3769,campaign_037,IN LOVING MEMORY HONOR THEM WITH Graveside Flowers,"Graveside Flowers • Beautiful, high-quality silk-blend floral arrangements • Hand delivered to your loved one's grave Photo confirmation of delivery included.",LEARN MORE,,,image,ecommerce,36260,724,52,566.58
enriched_ad_3770,campaign_030,Please Consider A Donation In Memory Of Your Loved One,,Donate Now,,,image,ecommerce,37050,730,58,634.75
enriched_ad_3771,campaign_037,Save up to 35% on Hotels,"Discover the perfect accommodation for every occasion with momondo. Our platform offers an extensive range of hotels, ensuring you find your dream hotel at competitive prices.",Search now,facebook,,image,travel,58970,756,35,974.76
enriched_ad_3772,campaign_004,Aging Edge,A RESOURCE FOR OLDER ADULTS,,,,image,healthcare,98189,1236,58,1646.98
enriched_ad_3773,campaign_006,AF Fanatics Experience,,Shop Now,,,image,ecommerce,32657,347,25,513.35
enriched_ad_3774,campaign_021,Show Them Your Support Operation Gratitude,,,,,image,,56431,948,53,631.22
enriched_ad_3775,campaign_025,AF Fanatics Experience,,Shop Now,,,image,ecommerce,79166,1611,166,1098.16
enriched_ad_3776,campaign_031,Don't Reveal,Online Dating Activity Search - Start with Privacy in Mind. Discover the best ways to search for dating activities online while maintaining your privacy.,Start Private Searches Now!,facebook,,image,entertainment,54061,1340,225,295.02
enriched_ad_3777,campaign_007,Live SPE Tech Talk on Advanced Materials Technology,Explore the latest advancements in hydrogen storage and transportation systems. Join us for an insightful presentation.,Watch Now,facebook,,video,"education, healthcare, finance, entertainment, travel, food, automotive, real estate",85405,2031,113,1516.44
enriched_ad_3778,campaign_025,Playbill - The Lion King,"Come see how the world could be in Ha Destown, Lor Cap Frozen. Playbills for Hansen and Jam Tatia.",,,,video,entertainment,86940,1751,222,766.15
enriched_ad_3779,campaign_006,AF Fanatics Experience,,Shop Now,,,image,ecommerce,69324,1313,83,1243.73
enriched_ad_3780,campaign_022,GREAT THINGS HAPPEN WHEN WE LIVE UNITED.,,Donate or Volunteer,,,image,non-profit/charity,53288,563,32,857.5
enriched_ad_3781,campaign_028,1010110 ONE BRING ON TODAY with Global Secure Networking,Learn More COMCAST BUSINESS Powering Possibilities,,,,image,business,90966,1691,81,1225.37
enriched_ad_3782,campaign_041,Chemistry World,Discover the latest advances in experimental techniques from your desk.,,,,image,education,33990,680,90,400.86
enriched_ad_3783,campaign_009,SPORTS+ Get Award-Winning Journalism,"Get award-winning journalism, photos and videos. Same great content, all ad-free.",Download the App,,,video,entertainment,60710,1218,220,543.61
enriched_ad_3784,campaign_034,Discover DETex,"CAMP is your ultimate destination for high-quality outdoor gear. Whether you're an adventurer, camper or simply looking to enhance your lifestyle with the best equipment available.",Shop Now,facebook,,image,ecommerce,93445,1825,122,1347.83
enriched_ad_3785,campaign_029,LIVE WEBINAR Cyber Security Solutions 2019 Sep,NEWS msi SUMMER HOSTGATOR. SUPPORTS intel (intel inside CHIPSET.287 NIGHTBLADE THE HOLSTER OF GAMING SUPREMACY inside CORE,,,,video,ecommerce,98967,2159,179,1174.77
enriched_ad_3786,campaign_001,New York Rangers Shop Now,,Shop Now,,,image,ecommerce,70837,1108,92,761.35
enriched_ad_3787,campaign_031,Book Club,The Book Club for Early Readers - Join Now and Save with Code 'READ50'!,JOIN NOW,,,image,education,77388,1226,102,881.73
enriched_ad_3788,campaign_008,"AtheAdEngine","Powering The Publisher $",Learn More,facebook,,image,ecommerce,41524,595,61,566.18
enriched_ad_3789,campaign_049,Angi - The Easy Way to Tackle Any Home Project,"Discover Angi, your go-to resource for managing any type of home improvement or repair. Whether you're dealing with plumbing issues, electrical work, painting tasks, or general maintenance needs, our network connects you directly with qualified professionals in no time.",Find Pros Now,facebook,,image,ecommerce,49269,813,63,501.32
enriched_ad_3790,campaign_046,AF Fanatics Experience,,Shop Now,,,image,ecommerce,74341,1282,93,985.58
enriched_ad_3791,campaign_049,DO YOU NEED TO GROW YOUR INSTAGRAM PROFILE?,,START HERE,,,image,entertainment,30490,829,151,234.36
enriched_ad_3792,campaign_011,GreenLake by HPE,"Needling your cloud to be private, public, or even on-premises. Discover the power of Hybrid Cloud with GreenLake.",,,,image,ecommerce,93926,1186,98,1071.59
enriched_ad_3793,campaign_027,Shop Now $6.07,,Shop Now,,,image,ecommerce,67668,1356,78,718.77
enriched_ad_3794,campaign_016,Launchpad - Level Up with Free Salesforce DevOps Certification,Get certified in Salesforce DevOps and elevate your career. Sign up now to start learning.,SIGN UP,,,image,education,48077,1150,168,482.82
enriched_ad_3795,campaign_037,ZAHIR KELVIN ONG ABDULLAH MUHAMMED AHMAD HAMDAN ANITA AZARIA TAGAYA,Woo | Money Matters | MONEY Insights That Matter Every Saturday at 5.00 PM Live stream in Han tonton Duration: 1'3,,,,video,"entertainment, education",45693,1163,89,806.1
enriched_ad_3796,campaign_047,Are you Smarter Than A Slatester?,Take the SLATE Test to test your knowledge of this week’s biggest news. NEWS QUIZ LET’S GET STARTED,,,,image,entertainment,45867,1115,186,308.19
enriched_ad_3797,campaign_026,Increase your app dev efficiency,Release Increase your app dev efficiency with Release Learn more,,,,image,ecommerce,33366,444,27,390.71
enriched_ad_3798,campaign_047,Eliminate study stress,be exam ready with Chegg Study Use Chegg Study Chegg,,,,image,education,31072,406,37,199.16
enriched_ad_3799,campaign_001,1994-2004 Ford Mustang Double Adjustable Caster Camber Plates,"Double Adjustable Caster Camber Plates for $204.18, Easy adjustment for Street and Race applications Full Lifetime Warranty up to 20,000 miles.",,,,image,automotive,84970,865,18,1982.98
enriched_ad_3800,campaign_045,AF Fanatics Experience,,Shop Now,,,image,ecommerce,39125,491,26,693.28
enriched_ad_3801,campaign_018,Hollywood Golden Age Stars You Wouldn't Recognize Today,,,,,image,entertainment,93658,1636,314,705.67
enriched_ad_3802,campaign_039,Latest Beauty & Style Tips,"Get beauty tips, fashion advice, the latest in beauty products directly sent right into your mailbox. Sign up now to receive exclusive content.",Sign Up Now!,,,image,ecommerce,64159,955,89,995.81
enriched_ad_3803,campaign_013,LETTERS FROM SING SING,"A podcast series that delves into the stories of inmates at New York's infamous prison, Sing Sing. Each episode explores different aspects and experiences within this historic institution.",,,,image,entertainment,82927,1514,275,558.58
enriched_ad_3804,campaign_025,NEBULA MARRIAGE VS BREAKUP,Start Test to explore the differences between marriage and breakup.,,,,image,entertainment,80951,1756,296,694.06
enriched_ad_3805,campaign_008,NEBULA MARRIAGE VS BREAKUP,,Start Test,,,image,entertainment,32930,504,85,168.23
enriched_ad_3806,campaign_006,The Most Iconic Music Moments of All-Time,,,,,image,entertainment,68135,1490,184,536.17
enriched_ad_3807,campaign_035,NEW SPECIAL COLLECTOR'S EDITION | ON SALE 5 DEC 2022,Rolling Stone The Most Iconic Music Moments of All Time AU/NZ The Most ICONIC MUSIC MOMENTS OF ALL TIME Subscribe,,,,image,entertainment,58618,964,120,340.1
enriched_ad_3808,campaign_036,Rolling Stone ON SALE 5 DEC 2022,Roll's Stone THE MOST ICONIC MUSIC MOMENTS OF ALL TIME SPECIAL COLLECTOR'S EDITION AUNZ SEC Ee,,,,image,entertainment,23657,516,74,164.36
enriched_ad_3809,campaign_021,TMZ TOGETHER IN A NEW RAP VIBE,"DOWNLOAD TMZ to get the BIKINI, BOOTY AND BOO in new rap video. DOWN LOW! GET IT ON Google Play.",Download TMZ,google play,,video,entertainment,70623,1436,205,353.4
enriched_ad_3810,campaign_021,The Joke's On Us!,TMZ ON TV,,,,image,entertainment,48574,875,103,368.7
enriched_ad_3811,campaign_041,World Report - U.S. News Ranked Cheapest Car Insurance Companies of 2022,Find the Right Insurance For You Get Quote,,,,image,ecommerce,61418,790,59,988.49
enriched_ad_3812,campaign_026,"SIMMONS-ROCKWELL","HALLSTEAD, PA Ford 570-879-5000",Learn More,facebook,,image,ecommerce,91973,1620,97,1474.15
enriched_ad_3813,campaign_008,Ditt - Don't Miss MileSplit50,See our rankings and get inspired by the best mile splitters.,,,,image,entertainment,41816,985,108,304.74
enriched_ad_3814,campaign_026,2 Easy Steps,"1. click ""Download Now""
2. Add Interesting Facts for Chrome
DOWNLOAD NOW
Interesting Facts",Click 'Download Now',,,image,ecommerce,98310,1496,120,1389.55
enriched_ad_3815,campaign_022,USHA RESOURCES,"TSX.V: USHA OTCQB: USHAF FSE: JOO Uniquely Positioned in Nevada, The Lithium Capital of the United States Find Out More",,,,image,ecommerce,27436,433,27,272.89
enriched_ad_3816,campaign_005,TRIDENT FFUNDING,Specialists in Marine Finance Based on 227 Reviews,APPLY NOW,,,image,ecommerce,66927,1233,79,703.48
enriched_ad_3817,campaign_030,Our Most Popular Products,-Updated Weekly! AliExpress OH Shop Now > ,Shop Now,,,image,ecommerce,23317,314,15,225.88
enriched_ad_3818,campaign_046,RE CHER FOR MOUSE MAGI,"HERE FUN RECHERE FOR MOUSE MAGI RE F Theme Park News, History & More DD HE FOR RIDES HERE FOR (IDES HERE FOR RIDES HHERE FO",,,,image,entertainment,80827,2243,227,595.13
enriched_ad_3819,campaign_042,Re for Magic Her Pides Here,,,,,image,entertainment,46422,1059,204,288.71
enriched_ad_3820,campaign_016,Experience the Ultimate in Outdoor Living Space,INTO SEQUOIA,CLICK FOR INFO,,,image,ecommerce,42982,792,42,460.48
enriched_ad_3821,campaign_009,MA wuf's longest table,Going on now! WUSF's Longest Table 2023 - Member Presale!,,,,image,entertainment,44168,919,101,272.31
enriched_ad_3822,campaign_048,Birds in the Ceiling,John Moreland - Available Now | Old Omens,,,,image,entertainment,88370,1961,326,511.07
enriched_ad_3823,campaign_030,Birds in the Ceiling,,,,,image,entertainment,86540,2142,334,417.86
enriched_ad_3824,campaign_031,Summer Reading,at your library m SUMMER READING PROGRAM ILA.org/DoDSummer Reading,,,,image,education,54948,948,80,368.91
enriched_ad_3825,campaign_020,WEBEEBLY A CAREER AT BROWARD CENTER GOES BEYOND THE STAGE GLAUREBBERO,Stretters Broward Center For The Performing Arts | STEMCELL Big-BWANA Rossfile OCCorpiOing|08505600000,,,,image,entertainment,32620,709,136,230.12
enriched_ad_3826,campaign_009,SUPER MOTO CROSS WORLD CHAMPIONSHIP,Peacock STREAM every race live SIGN UP now,Sign Up Now,,,video,entertainment,46109,1494,247,390.19
enriched_ad_3827,campaign_050,Placer.ai - Drive Grocery Retail Performance,Experience the future of mobile location analytics for your grocery business. Placer.ai offers comprehensive solutions to enhance performance and efficiency.,Try It Free,,,image,ecommerce,93888,1941,147,1548.59
enriched_ad_3828,campaign_018,BARCELONA CREW ACADEMY PENT & TRA YACHTS,Advanced service Module - Silver Service Book Now Available on ACADMY BY EPHEMERIS Є. Tele **************,Book Now,,,image,ecommerce,56639,1096,100,815.41
enriched_ad_3829,campaign_030,Refit and Repair,Since 1956 Lusben* DISCOVER MORE >,,,,image,ecommerce,67430,857,73,1146.13
enriched_ad_3830,campaign_009,Refit and Repair,Since 1956 Lusben DISCOVER MORE >,,,,image,ecommerce,76472,1286,127,1218.66
enriched_ad_3831,campaign_050,Experience the Monaco Grand Prix on Board Coral Ocean,"All-Inclusive Packages from €5,000",,,,image,entertainment,65310,1468,135,422.76
enriched_ad_3832,campaign_049,The State of Yachting 2023,Market Downloadable Content for Enthusiasts and Professionals in the Yacht Industry.,,,,image,entertainment,71733,1265,126,593.49
enriched_ad_3833,campaign_012,The State of Yachting 2023,,Download now,,,image,entertainment,69617,1609,192,616.24
enriched_ad_3834,campaign_033,The State of Yachting 2023,,Download now,,,image,entertainment,21185,296,35,109.91
enriched_ad_3835,campaign_045,Work With Kids,Earn Your Degree For Free! Learn More,,,,image,education,54635,1319,139,449.16
enriched_ad_3836,campaign_008,95% Satisfaction,Discover the ultimate SL MKIII Centripiece with groundbreaking innovation. Elevate your experience to unprecedented levels.,Shop Now,facebook,,image,ecommerce,86908,938,48,1445.22
enriched_ad_3837,campaign_048,Best in Customer Service,,,,,image,,39626,532,35,657.04
enriched_ad_3838,campaign_005,Small Business Insurance - Locally Sourced,Get your small business insured with State Farm. Contact Wanda Lucero at 211 Kit Carson Road for personalized service.,Contact Me ►,,,image,ecommerce,55356,663,61,534.01
enriched_ad_3839,campaign_020,JEC Forum Italy,"Join us for Business Meetings and Conferences in Bologna Fiera, ITALY from June 6th to July 7th, 2023.",,,,image,business_meetings_conferences,47066,558,33,743.54
enriched_ad_3840,campaign_039,Unlock The Equity,In Your Home GreenState CREDIT UNION,,,,image,finance,36504,388,9,1095.41
enriched_ad_3841,campaign_017,EXPERIENCE THE FUTURE OF COMMERCE,,,,,image,ecommerce,74000,938,85,995.31
enriched_ad_3842,campaign_017,5 STAPLES TO GET MORE LEADS,"A FULLY OPTIMIZED WEBSITE
GOOGLE ADS & LOCAL SERVICE ADS
SOCIAL MEDIA ADS
PROGRAMMATIC ADVERTISEMENTS
AN AUTOMATED CRM SYSTEM",LET US DO THE WORK!,,,image,ecommerce,47892,999,94,655.48
enriched_ad_3843,campaign_005,"AR N","* TEXASBAR.COM/ MERCHANDISE",Learn More,facebook,,image,ecommerce,70896,940,49,1158.16
enriched_ad_3844,campaign_044,Visit Mississipp,"Mississippi is a Paddler's Paradise. Discover Mississippi's top destinations for kayaking, canoeing, and tubing.",LEARN MORE,,,image,entertainment,47701,1256,159,410.39
enriched_ad_3845,campaign_018,Visit Mississippi,Mississippi is a Paddler's Paradise. Learn More,,,,image,travel,97682,1907,171,1729.66
enriched_ad_3846,campaign_003,Visit Mississipp,"Mississippi is a paddler's paradise. Discover Mississippi's top destinations for kayaking, canoeing, and tubing.",Learn More,,,image,entertainment,90682,2494,288,484.96
enriched_ad_3847,campaign_030,Wilbourn & McCabe Full Service Plumbing,PLUMBING CO in Wichita Falls. Senior and Military Discounts available.,,,,image,ecommerce,76388,1204,85,894.2
enriched_ad_3848,campaign_048,Wilbourn & McCabe - Full-Service Plumbing in Wichita Falls,"Full Water, Sewer and Gas Service. Senior and Military Discounts available.",,,,image,ecommerce,38214,540,41,576.33
enriched_ad_3849,campaign_035,Customize & Personalize,Discover more with VITUS AUDIO's bespoke service.,,,,image,ecommerce,96042,1107,100,1632.53
enriched_ad_3850,campaign_007,Your Healthcare Team! alcona health center,alcona health center - Your Partner in Health and Wellness Care for your entire family • Medical • Behavioral Health • Dental For more info click here,,,,image,healthcare,56580,791,42,1176.19
enriched_ad_3851,campaign_050,You Deserve It,,Click here to order now,,,image,ecommerce,53722,895,72,569.13
enriched_ad_3852,campaign_021,Watch TED Talks with Troy Lemaille-Stovall,Learn from industry thought leaders across the region. Watch now!,WATCH NOW TO LEARN FROM INDUSTRY THOUGHT LEADERS ACROSS THE REGION,,,video,education,45280,787,61,308.38
enriched_ad_3853,campaign_032,#brave ENJO TEMU mixhers A All Trails DISCOVER THE ESSENTIAL APPS OF 2023,,,,,image,ecommerce,77815,869,71,1179.63
enriched_ad_3854,campaign_007,HRT Hudson River Trading,Build the future of trading.,Learn More,,,image,ecommerce,83449,1459,111,1199.9
enriched_ad_3855,campaign_002,Discover the Essential Apps of 2023,"Mindlytebrave presents A AllTrails, Flamme and The Couples App as must-have apps for your year.",,,,image,ecommerce,30991,523,45,404.06
enriched_ad_3856,campaign_026,Best sunsets in town,"-ESTO. -2013-
sociablecider.com",,,,image,ecommerce,80558,1198,120,1304.92
enriched_ad_3857,campaign_046,"Less recoil, more control.",,Learn More,,,image,ecommerce,75357,1406,119,979.5
enriched_ad_3858,campaign_042,IXU Math Practice,"Practice problems for Kindergarten through 8th Grade, including X² Algebra and Geometry. Try free!",Try Free,,,image,education,75080,1022,104,720.56
enriched_ad_3859,campaign_002,ROYAL CURAÇAO,WHERE AMAZING COMES TOGETHER BOOK NOW,,,,image,,67386,818,41,782.88
enriched_ad_3860,campaign_033,Helm - $50 Off Your First Pair,,,,,image,ecommerce,36222,527,47,357.77
enriched_ad_3861,campaign_008,FREE 7-DAY TRIAL,"WATCH ★ OVID.tv M ONLY on OVID Tilda Swinton THREE FILMS WITH John Berger ""An art critic for the people."" - THE PARIS REVIEW",,,,video,entertainment,61552,1723,273,376.86
enriched_ad_3862,campaign_028,Singular Journeys for Progressives,,Learn More,,,image,travel,48623,566,44,563.09
enriched_ad_3863,campaign_011,News Minute,Support and become a member to help sustain quality journalism.,Become a Member,,,image,ecommerce,87061,927,64,1216.23
enriched_ad_3864,campaign_006,News Minute Like Our Journalism? Support Us. Become a Member,,Become a Member,,,image,entertainment,21184,528,78,134.7
enriched_ad_3865,campaign_013,AWS Data Insights Day,"Unlock value and unleash insights in uncertain times with Amazon Redshift. Join our virtual event on Wednesday, May 24 from 9:00 AM - 3:00 PM PT to learn more about harnessing the power of data analytics.",Register now,,,image,education,25684,433,32,297.76
enriched_ad_3866,campaign_008,FREE SEMINAR Every Step of the Way,"Guiding you and your loved one through life's transitions. Voelz, Reed & Mount, LLC VIVERA knowledge experience solutions COLUMBUS Thursday, May 11th at Vivera Senior Living 1917 State Street Columbus, IN from 5:30-7:00",,,,image,education,57517,1066,123,368.56
enriched_ad_3867,campaign_002,Saving Lives,"Lower Bucks Hospital, Roxborough Memorial Hospital, Suburban Community Hospital - Members of Prime Healthcare | Pennsylvania Region. Saving lives takes time.",,,,image,healthcare,52065,692,34,814.19
enriched_ad_3868,campaign_041,The Star,UNCLUTTER YOUR NEWS FEED The Star T&Cs apply.,,,,image,entertainment,92399,1794,232,533.48
enriched_ad_3869,campaign_030,The Star,LESS IS MORE INTERACTIVE AND 000000 Wy 00000000 - T&Cs apply.,,,,image,,81151,1080,62,866.23
enriched_ad_3870,campaign_047,ShareFile,Effortlessly manage your clients' files with ShareFile - perfect for accountants.,,,,image,ecommerce,51764,1010,101,687.88
enriched_ad_3871,campaign_038,AICPA & CIMA,Your learning experience just got better.,,,,image,education,42735,569,73,445.91
enriched_ad_3872,campaign_020,Ride the Interest Rate Wave,CD rates like these won't last forever. Open an account with City Credit Union.,Open an Account,,,image,finance,65218,577,28,1566.85
enriched_ad_3873,campaign_040,Save Thousands on Insurance Premiums,Don't get burned by paying too much. We've saved members thousands on their insurance premiums.,,,,image,finance,54847,699,19,1657.6
enriched_ad_3874,campaign_032,Secure File Sharing Made Easy,"Work the way you want. Use any device to securely access your files, share data and create time-saving workflows.",Try Free for 30 Days,,,image,ecommerce,54781,983,67,528.81
enriched_ad_3875,campaign_048,READ THE WEEK WHEREVER YOU ARE IN THE WORLD,,,,,image,,54565,1053,52,597.11
enriched_ad_3876,campaign_027,CUSTOMER CELEBRATING 25 YEARS,"CAESARS FORUM, LAS VEGAS JUNE 19-22, 2023 MARK KING CEO, TACOBELL LEARN MORE",JOIN CCW,,,image,entertainment,74266,1166,168,520.11
enriched_ad_3877,campaign_037,Cine Gear Entertainment Digital,"June 1 - April, 2023 Exhibits at The Studios PARAMOUNT Los Angel",,,,image,entertainment,22058,493,68,193.95
enriched_ad_3878,campaign_016,This Old House,MAKERS CHANNEL Watch It First on The Roku Channel Stream Free,,,,video,entertainment,98559,2733,437,688.5
enriched_ad_3879,campaign_049,This Old House Insider,Start Free Trial Stream Ever Made Commercial-Free,,,,video,entertainment,42495,1277,227,333.48
enriched_ad_3880,campaign_033,Messy History of American Food,terms apply. discovery+,,,,video,food,59567,1157,111,583.63
enriched_ad_3881,campaign_039,POTTS BROTHERS AUCTION AT WAYMOND WATTS ESTATE,"AUCTION SATURDAY MAY 20th, 2023 at 10 AM EST for Waymond, Tom & Margaret Watts Estate including Verna Watts Bible and Janie. Sale #1 includes a property of 45 Acres Tracts or Whole Open & Wooded located on 13270 Alabama Hwy in Ringgold, Ga., Catoosa County.",,,,image,real_estate,64868,950,15,1782.83
enriched_ad_3882,campaign_046,POTTS BROTHERS AUCTION AT WAYMOND WATTS ESTATE,"AUCTION SATURDAY MAY 20th, 2023 at 10 AM EST
Waymond, Tom & Margaret Watts Estate
Verna Watts Bible and Janie Watts Spataro Co-Executrix
SALE #1
45 Acres, Tracts or Whole Open & Wooded
13270 Alabama Hwy
Ringgold, Ga. - Catoosa County",,,,image,real_estate,84873,772,11,1807.97
enriched_ad_3883,campaign_031,Retall price includes 2-year30 000km service plan,DO R2 499⁰ YOU SPRESSO S.PRESSO 10 GMT BOOK A TEST DRIVE *Ts and Cs apply INCLUDES 5 SUZUKI,,,,image,ecommerce,94893,1551,116,1513.41
enriched_ad_3884,campaign_025,Limited Time Offer,Get with us for an exclusive deal on MCB. See the details and terms of this offer at our official site.,Visit Website Now!,facebook,,image,ecommerce,23013,281,27,270.74
enriched_ad_3885,campaign_006,Zoom Star of May 2023 Asees Kaur Best Of Her Songs All This Month Tune In Now,,Tune In Now,,,image,entertainment,20661,297,29,174.44
enriched_ad_3886,campaign_040,TIMES OBSERVER,Your trusted news for Warren County. Subscribe Today.,,,,image,ecommerce,22375,401,34,215.51
enriched_ad_3887,campaign_012,Nagasaki is vibrant after hours. Discover the best nocturnal activities and lively eateries for unfo,,,,,image,travel,94606,1992,98,1587.73
enriched_ad_3888,campaign_003,Yes You May,SALES EVENT Monroe SUPERSTORE It's the season. Dodge/Kop 2023 Chrysler D Pacifica Touring Leased Only $298/mo.,SHOP NOW,,,image,ecommerce,89194,1287,101,973.36
enriched_ad_3889,campaign_033,Take Pride in Where You Travel,PROVINCETOWN EXPLORE NOW PTOWNTOURISM.COM,,,,image,travel,85509,1339,99,1018.55
enriched_ad_3890,campaign_029,Take Pride in Where You Travel,PROVINCETOWN EXPLORE NOW PTOWNTOURISM.COM,,,,image,travel,27975,329,26,469.16
enriched_ad_3891,campaign_002,Tents without Fire Retardants,"Discover TENTS WITHOUT FIRE retardants, ensuring safer and healthier outdoor experiences. Say goodbye to harmful chemicals like PFOA.",Shop Now,facebook,,image,ecommerce,56527,937,83,690.72
enriched_ad_3892,campaign_021,Strong & Beautiful Tents,Tents without Fire Retardants or PFOAs THENTLAB W MAGA,,,,image,ecommerce,47365,770,44,540.2
enriched_ad_3893,campaign_044,UnCruise Adventures,Discover the thrill of extended land and sea tours in Southeast Alaska. Explore Denali National Park and Preserve as well as Talkeetna.,Reserve Early,,,image,travel,45236,600,33,767.47
enriched_ad_3894,campaign_049,AGONHOME TRAVEL ADVISOR APPRECIATION GUIDE,,,,,image,travel,85804,1492,105,1392.09
enriched_ad_3895,campaign_020,LIMITED TIME OFFER,"Save your clients up to $9,500 + 50% Solo Savings on Antarctica 2023 until June 30. See details for exclusive deals.",SEE DETAILS,,,image,entertainment,65847,1796,178,546.81
enriched_ad_3896,campaign_050,Spring Into Adventure! Payments for 90 days!,"PRICE EXCLUDES TAX, TITLE AND $225 DOC FEE, 1.9% APR For 36 Months For Well Qualified Buyer's Thru GM Financial. Excludes Previous Offers, Photos For Illustration Purposes Only. See Dealer For Details.",,,,image,ecommerce,65582,722,48,673.77
enriched_ad_3897,campaign_039,Coating Solutions Built On Success,"Discover PPG DelfleetⓇ, the ultimate coating solution designed to meet your needs. Our innovative products are crafted with precision and excellence in mind.",Learn More About PPG DelfleetⓇ Today!,facebook,,image,ecommerce,90456,1291,62,872.8
enriched_ad_3898,campaign_011,DeliveryCon™ Fleet Uptime and Efficiency,"Register early to save $100! OCTOBER 16-18, 2023 LAS VEGAS Register Now!",REGISTER NOW!,,,image,ecommerce,42648,534,50,505.21
enriched_ad_3899,campaign_029,Bring Food To Your Family's Table,"Discover the convenience of having delicious meals delivered straight to your doorstep. Enjoy fresh, high-quality ingredients and delightful recipes that cater specifically for families.",Shop Now,facebook,,image,food,91840,1941,220,1276.86
enriched_ad_3900,campaign_029,SONIC THE HEDGEHOG BRING ON THE RINGS,Z790 PG SONIC MOTHERBOARD Intel CORE intel. CHIPSET 2390 AS ROCK OSEGA,,,,image,ecommerce,47944,599,61,584.14
enriched_ad_3901,campaign_022,FINAL DAYS!!!,"TRAVEL DEALS END WEDNESDAY, MAY 31ST MORE INFO",,,,image,travel,20027,258,15,379.75
enriched_ad_3902,campaign_035,Continental The Future in Motion,Discover the New Continental Premium Contact. D,,,,image,ecommerce,64251,902,50,1106.4
enriched_ad_3903,campaign_004,Free Trial of Enterprise-Caliber IT Service Desk Software,"Experience the power and efficiency of ManageEngine's Service Desk Plus, designed for enterprise-level operations. Try it now!",Try Service Desk Plus! Get started today.,facebook,,image,ecommerce,54155,961,66,838.79
enriched_ad_3904,campaign_009,UMC Video Updates,,Watch Now,,,video,entertainment,80006,2306,242,455.54
enriched_ad_3905,campaign_017,SAFER SANCTUARIES,Nurturing Trust within Faith Communities UPPER ROOM BOOKS,,,,image,ecommerce,87836,1098,85,1118.0
enriched_ad_3906,campaign_001,Annual Checklist for Home Services,"Towing, ✔iplom, and sump pump services are essential to maintain your home in top condition.",*SWICK HOME SERVICES EST. 1977* Quick! CALL NOW!,,,image,home_services,20525,329,29,277.02
enriched_ad_3907,campaign_035,Sunfest - Country Music Festival,"Join us for an unforgettable experience at Sunfest, the ultimate country music festival. Set in Laketown Ranch from August 3-6.",,,,image,entertainment,51525,1120,132,375.65
enriched_ad_3908,campaign_028,Get the Latest US Open News,Delivered directly to your inbox. BECOME A US OPEN INSIDER.,,,,image,entertainment,39252,744,115,192.3
enriched_ad_3909,campaign_026,Celebrate 100 Years of Tennis with USTA,"Join in the celebration as we honor our rich history and achievements over decades. Discover exclusive offers, events, and opportunities tailored for tennis enthusiasts.",JOIN IN,,,image,entertainment,96112,2553,283,727.18
enriched_ad_3910,campaign_035,ENVERUS Interconnection,Discover the seamless integration of ENVERUS with Queue and Outlook. Access comprehensive reports to streamline your workflow.,Learn More,facebook,,image,ecommerce,38103,554,45,434.46
enriched_ad_3911,campaign_025,Hit by an 18-wheeler? Company truck?,,Call Osiris!,,,image,ecommerce,41942,501,37,552.73
enriched_ad_3912,campaign_005,MOTILAL OSWAL MIDCAP FUND 10 Lakhs,"Invested on 24th Feb 2014. Now Worth Over *49 lakhs as of March 31, 2023.",Invest Now,,,image,ecommerce,47118,956,57,604.61
enriched_ad_3913,campaign_019,Family Owned Solutions,We are proud to be part of the family-owned business that offers solutions with less red tape. Visit www.factory.motarparts.com for more details.,,,,image,ecommerce,54480,630,45,939.87
enriched_ad_3914,campaign_021,Lightinthebox,,Shop Now >,,,image,ecommerce,21051,397,34,378.58
enriched_ad_3915,campaign_013,Qualitest,Score more quality points with expert software testing.,,,,image,ecommerce,22168,264,23,310.27
enriched_ad_3916,campaign_014,AVAILABLE NOW,,,,,image,entertainment,70074,1483,136,403.06
enriched_ad_3917,campaign_030,Hop on Board Greenville's Only Brewery Tour!,,Learn More,,,image,entertainment,59763,1055,201,435.81
enriched_ad_3918,campaign_025,Rock Sho Shof Confidence Changes Everything SM All Top,,,,,image,ecommerce,86847,1187,58,1389.21
enriched_ad_3919,campaign_003,Air Forl Popping Corks,With Haiden Dean from Metal The Pro Ranks Makes the Man,,,,image,entertainment,49390,885,136,394.37
enriched_ad_3920,campaign_001,Memorial Day Sales Event,"Buy one and get the second item at 40% off. Get all Windows & Doors for $150 OFF plus your entire project with minimum order of 4 units until May 31, 2023. See design consultant for details.",Click now to save,,,image,ecommerce,69472,995,64,831.58
enriched_ad_3921,campaign_037,Visit Us at One of Our Locations!,"Ford
AT ONE OF OUR LOCATIONS!
& If The Sunbelt Tag Isn't On Your Car Or Truck,
You Paid Too Much! See Our Inventory",,,,image,automotive,99206,1038,29,1979.07
enriched_ad_3922,campaign_045,Discover Albany Med,"Explore the comprehensive services offered by Albany Medical Center, including state-of-the-art facilities and top-notch healthcare professionals.",Learn More,,,image,healthcare,35574,586,32,680.14
enriched_ad_3923,campaign_043,WITH YOU FOR EVERYTHING,ALBANY MED A HEALTH SYSTEM Learn More,,,,image,healthcare,80364,1541,94,1244.1
enriched_ad_3924,campaign_033,Anniversary Celebration at Two EE's Winery,"Join us for Wine Tastings by Two EE's Winery and Sundae's by DeBrands Fine Chocolates on our Anniversary Open House tomorrow, May 20th Noon - 4pm. Experience the best wines and chocolates in a festive atmosphere.",Mark your calendars,,,image,entertainment,59608,873,155,520.34
enriched_ad_3925,campaign_009,Anniversary Sundaes at DeBrands Fine Chocolates,"Celebrate our anniversary with delicious chocolates from Sundae's by DeBrands Fine Chocolates, located in the heart of downtown.",Shop Now!,,,image,ecommerce,58259,1123,64,737.94
enriched_ad_3926,campaign_031,ICING ON THE RING,Located In The L.A. Jewelry District VISIT OUR SHOWROOM,,,,image,ecommerce,49272,748,65,570.52
enriched_ad_3927,campaign_005,"Watch Time",PISTS,Learn More,facebook,,video,ecommerce,98624,2616,148,1078.28
enriched_ad_3928,campaign_013,Created for Eternity Citizen Better Starts Now,"WE ARE CITIZENS, WE'RE SUPER TITANIUM. MEHR ERFAHREN.",,,,image,entertainment,32691,457,62,165.25
enriched_ad_3929,campaign_050,Created for Eternity Super Titanium Citizen Mehr Erfahren,,,,,image,ecommerce,32629,480,38,427.97
enriched_ad_3930,campaign_036,Live in Sevierville,ON THE Living Road SPONSORED BY TED RUSSELL KNOXVILLE Ford LIVE IN SEVIERVILLE FRIDAY 3:00PM LINCOLN abc ON YOUR SIDE WATE-TV,,,,image,entertainment,39528,970,155,315.05
enriched_ad_3931,campaign_006,Live in Shelbyville on Wate-Ville TV,,,,,image,entertainment,79349,2216,341,386.33
enriched_ad_3932,campaign_032,Meet Kentucky's Growing Teacher Demand,With an online degree in Elementary Education.,Learn More >,,,image,education,29926,673,101,234.28
enriched_ad_3933,campaign_035,King Tireco,Change Them. They're Tired.,,,,image,,42862,898,72,530.08
enriched_ad_3934,campaign_019,"New & Used Computers Network (607) 729 Save up Toon City, NY",40% OFF your current phone bill! With our Hosted PBX & VoIP Business Phone Systems The COMPUTER MAN Learn More,,,,image,ecommerce,86646,1433,96,946.43
enriched_ad_3935,campaign_032,Gear Up and Get Outside,Bike | Hike Run Camp Ski Explore Montpelier VT onionriver.com,,,,image,entertainment,96005,2402,434,848.81
enriched_ad_3936,campaign_023,Magnolia Bank - FDIC,Discover the ease of community banking with a Mobile Checking account and mobile deposit. Experience the Magnolia Way.,,,,image,finance,24818,222,5,604.39
enriched_ad_3937,campaign_036,Get Grammarly,It's free to become the best English writer you can!,,,,image,education,55806,1315,157,668.3
enriched_ad_3938,campaign_030,Men's Warehouse,"Hundreds of fits, designer styles, and colors in one place. Explore Now.",Explore Now,,,image,ecommerce,30022,416,42,365.85
enriched_ad_3939,campaign_038,EasyTax Credits,"Time is running out to claim up to $26,000 per employee.",Learn More,,,image,ecommerce,36058,663,61,406.37
enriched_ad_3940,campaign_036,On-site Hard Drive Destruction,"A Columbia Industries Company offers on-site hard drive destruction services. Don't just toss them away, destroy them! Now available!",,,,image,ecommerce,96665,1842,182,1450.54
enriched_ad_3941,campaign_034,Unity House,Empowering Lives. Securing Futures.,Join the Unity House Team!,,,image,ecommerce,99827,1539,89,1246.33
enriched_ad_3942,campaign_008,High-speed rail now to South Florida ON SALE,,Book Now,,,image,travel,80964,1082,53,1083.45
enriched_ad_3943,campaign_008,See what United Healthcare Can Do,,Learn More,,,image,healthcare,83432,933,37,2244.64
enriched_ad_3944,campaign_002,"BUYING","SASKATCHEWAN'S GRAIN Market Place Commodities d fff",Learn More,facebook,,image,ecommerce,78905,1314,101,1341.09
enriched_ad_3945,campaign_012,Is Your Air Conditioner Ready?,,,,,image,ecommerce,25607,509,50,298.11
enriched_ad_3946,campaign_014,"SE","C SHARP ELECTRIC 270-559-9620",Learn More,facebook,,image,ecommerce,57270,953,95,606.97
enriched_ad_3947,campaign_009,Foundations for the Carolinas,Help local students pursue their dreams. FOUNDATION FOR THE CAROLINAS fftc.org/scholarships,,,,image,education,21565,345,51,187.36
enriched_ad_3948,campaign_044,Mental Health and Addiction Recovery Services,"The Serenity Center offers mental health support and addiction recovery services. Contact us at 330-965-9999 in Austintown, North Lima, Warren.",,,,image,healthcare,50470,662,50,946.98
enriched_ad_3949,campaign_040,Start Here for the Future of Health,,,,,image,healthcare,32226,414,19,573.27
enriched_ad_3950,campaign_021,Start Here for Health,"Here at Hartford, we are dedicated to advancing healthcare and ensuring you have access to top-quality services.",Learn More About Our Services,,,image,healthcare,27138,488,35,537.24
enriched_ad_3951,campaign_041,The Be Unstoppable Store,Get 15% off* Ups The UP'S STORE,,,,image,ecommerce,20383,331,28,263.99
enriched_ad_3952,campaign_005,Mimecast - The Only Copilot M365 Really Needs,An extra layer of security to keep your email safe. FREE TRIAL,,,,image,ecommerce,23008,429,36,286.17
enriched_ad_3953,campaign_028,CARRIE HOPE FILICHER An Open Book UK Concert Tour,May-June 2023 concert dates announced for Carrie Hope Ferrer's 'An Open Book' tour.,,,,image,entertainment,88967,2249,252,460.06
enriched_ad_3954,campaign_048,I Have A Choice,You have a right to choose where you get your home health products. Don't be pressured.,Click Here To Find Out More,,,image,ecommerce,82627,900,70,794.32
enriched_ad_3955,campaign_001,Nichols Electric and Plumbing,Handyman services available at Nichols. Contact us for reliable solutions.,Click Here,,,image,ecommerce,43985,502,41,751.98
enriched_ad_3956,campaign_009,Spring Cleaning Sale,"House of Oak & Sofas at Duke's Plaza, South Main Street in Harrisonburg. Visit houseofoak.com for details.",,,,image,ecommerce,58064,714,68,607.63
enriched_ad_3957,campaign_036,Find Better Campgrounds,Get exclusive access to better reviews.,,,,image,travel,46390,724,57,909.22
enriched_ad_3958,campaign_021,Make RV Trip Planning Easy,Try it now with our user-friendly platform. Experience the ultimate adventure in your own customized space.,TRY IT NOW,facebook,,image,entertainment,21728,306,43,150.89
enriched_ad_3959,campaign_047,FREE PRESS GOLF GUIDE 2023,,,,,image,entertainment,39500,656,99,226.49
enriched_ad_3960,campaign_009,The Future of Innovation in Your Inbox,Indiana Economic Development Corp invites you to subscribe and stay informed about the latest economic initiatives.,CLICK TO SUBSCRIBE,,,image,ecommerce,72269,1077,110,966.04
enriched_ad_3961,campaign_034,Credit Union Basics,"Credit unions are unique financial institutions where members collectively own and manage the organization. Unlike traditional banks, credit union membership is based on shared characteristics such as employment or community ties.",Learn More,,,image,education,35667,730,78,242.96
enriched_ad_3962,campaign_026,First Tooth Photo Contest,Submit your child's first tooth photo! Sponsored by Greenville Kids' Dental.,,,,image,entertainment,90340,1566,180,727.84
enriched_ad_3963,campaign_042,The Hawk Firm - Experienced Personal Injury Attorneys,,,,,image,"legal services, personal injury attorneys",91444,969,77,928.66
enriched_ad_3964,campaign_033,The Hawk Firm - Experienced Personal Injury Lawyers,"At The Hawk Firm, we are dedicated to providing you with the best legal representation. Our experienced personal injury attorneys have successfully handled numerous cases and can help guide your family through this difficult time.",Contact Us Today for a Free Consultation!,,,image,ecommerce,73070,1520,157,705.05
enriched_ad_3965,campaign_015,MEMORIAL DAY SALE,"Cp SAVE OVER $1600 4 PIECE PACKAGE $2899 PLUS TAX good things, for life. 6 GE APPLIANCES BUY NOW CHICKASAW & LUCEDALE CE CHAVIS FURNITURE & APPLIANCE",,,,image,ecommerce,91340,1479,97,1159.15
enriched_ad_3966,campaign_019,DAY SAVE OVER $1600 SALE 4 PIECE PACKAGE $2899,,BUY NOW,,,image,ecommerce,28576,594,43,340.59
enriched_ad_3967,campaign_016,First Alert - Team Beast Unleashed!,,,,,image,entertainment,32664,813,95,273.24
enriched_ad_3968,campaign_015,Busy Bee,"Plumbing, Heating & Air Conditioning TM Service with 'Service is Our Guarantee'",,,,image,ecommerce,61288,1037,99,936.09
enriched_ad_3969,campaign_012,Busy Bee,"Plumbing. Heating & Air Conditioning Residential & Commercial Service is Our Guarantee, Call us at 615-775-7833 Visit www.busybeehvac.com for more details.",,,,image,ecommerce,98962,1228,61,1586.93
enriched_ad_3970,campaign_003,Here For You,,,,,image,,31270,395,25,449.66
enriched_ad_3971,campaign_036,VLRN Science Featuring Ira Flatow,"Miami South Florida FRIDAY #CEPHALOPODWEEK University of Alabama Rosenstiel School of Marine and Atmospheric Sciences Friday, June 23 at 7pm",,,,image,education,97021,1686,261,1156.98
enriched_ad_3972,campaign_020,Memorial Day Savings Event,SAVE UP TO 20% OFF on Memorial Day! Visit our store for details.,Shop Now!,,,image,ecommerce,64019,1343,114,769.52
enriched_ad_3973,campaign_019,Help Victims Rebuild Their Lives,We offer comprehensive support and resources to assist victims in putting their lives back together again.,Learn More,,,image,ecommerce,82130,1703,165,969.22
enriched_ad_3974,campaign_012,Respected Since 1901,"Southern Bank has been upholding the traditions and integrity of southern culture since its inception in 1901. As an FDIC-insured institution, Southern Bank continues to serve communities with unwavering commitment.",,,,image,finance,70678,988,46,1300.39
enriched_ad_3975,campaign_006,WNEM - 5 Better Deals Featuring Sheridan Arms LLC,"Click Here
Half Off
Gold Membership For Your $800 Value Now Just $400 Best Deal Ever!",CLICK HERE,,,image,ecommerce,75964,1497,103,1221.74
enriched_ad_3976,campaign_019,More Perfect Season 4,How did The Supreme Court get so supreme? Get the podcast from WNYC Studios.,Get The Podcast,,,image,entertainment,35416,677,104,264.13
enriched_ad_3977,campaign_021,FIND YOUR MATCH,DC Edgebanding Grommets Brackets Distributing www.dc-dist.com,,,,image,ecommerce,25100,502,28,371.41
enriched_ad_3978,campaign_002,Built for This Awfs Fair,"July 25-28, 2023 LAS Vegas Continent Las Vegas, Nevada www.awtstair.org Register Now",Register Now,,,image,ecommerce,48640,797,61,807.0
enriched_ad_3979,campaign_024,Premium Subscription @ WordPlays.com,"Streamlined access, increased privacy, historical data, more content, faster. Ad-free experience.",Subscribe,,,video,ecommerce,22844,617,53,264.09
enriched_ad_3980,campaign_025,Learn POKER Education,From your first hand to your first win! Sign up for poker education that works for everyone.,Sign Up,,,image,education,27078,359,34,283.06
enriched_ad_3981,campaign_023,Cutimed® Sorbion® Border,Superabsorbent Exudate Management New Silicone Adhesive Border for Atraumatic Removal 171,,,,image,ecommerce,71743,1410,88,884.4
enriched_ad_3982,campaign_030,Discover the Power of pH Pure Hypochlorous Acid,"Learn more about vashe wound solution, an innovative approach to healing.",Shop Now,facebook,,image,ecommerce,57811,800,69,937.91
enriched_ad_3983,campaign_009,Simplifying Stoma Management,"There's No Mystique to Fix the Leak May 25th at 1PM ETI 1700 UTC Catherine T. Milne, APRN, MSN, ANP/ACNS-BC, CWOCN-AP Sponsored by convatec REGISTER TODAY!",REGISTER TODAY,,,image,healthcare,31720,543,31,647.76
enriched_ad_3984,campaign_017,GET WOWHEAD PREMIUM,Premium for $2 per month. Enjoy unlimited access to all premium features and receive A MONTH of exclusive content.,Subscribe Now!,,,image,ecommerce,51371,972,59,683.63
enriched_ad_3985,campaign_015,The Very Best for Kids,Children's HOSPITAL & MEDICAL CENTER Learn More,,,,image,healthcare,69427,1229,79,1586.78
enriched_ad_3986,campaign_013,LOVE YOUR PATIO,"- LEADERS
- FLORIDA LIVING
-MING
-GRAND
- OPENING
-WEST PALM
-FLORIDA LIVING
-SOUS",,,,image,real_estate,41017,330,5,795.55
enriched_ad_3987,campaign_028,Preakness Day,"SAT MAY 20, 11:30 AM. THE MEADOWS RACING GAMBLING PROBLEM? Call (800) 848-1880.",Learn More,,,image,entertainment,81401,2095,304,648.14
enriched_ad_3988,campaign_001,MADE IN NEW YORK: THE NY PHIL STORY,"A podcast about a city, its people and their orchestra.",LISTEN HERE,,,image,entertainment,29044,453,66,188.44
enriched_ad_3989,campaign_020,Think Fast,"If you are experiencing sudden confusion or trouble speaking and understanding language, it could be an emergency. Don't hesitate to call for help immediately.",Call Emergency Services Now,,,image,healthcare,77922,1038,60,1812.39
enriched_ad_3990,campaign_010,UNDER THE CINESPEARK STARS23' @ 'THE BOWL' AT CLARK PARK,SAM PILLARD & BEN SHAPIRE'S MAX ROACH: THE DRUM ALSO WALTZES - 9PM - 5/26 IN PARTNERSHIP WITH WRTI & ARS NOVA WORKSHOP - PHILLY'S PREMIERE SHOWING - FREE TO THE PUBLIC: CINESPEAK.ORG/ATTEND,,,,image,entertainment,28359,762,144,137.51
enriched_ad_3991,campaign_017,Stay informed during the storm.,Learn more about Alabama Power,,,,image,ecommerce,48188,665,32,780.56
enriched_ad_3992,campaign_035,"Allerg The Allergy, Asthma & Sinus Center",...where allergies meet relief THU CENTER SINUS NO MORE COUGH SNEEZE OR ITCHY EYES!,,,,image,healthcare,41853,733,37,611.34
enriched_ad_3993,campaign_025,SUMMER IS HERE! CONTROL YOUR ASTHMA FOR YOUR BEST LIFE,"THIS SEASON! ALLERGY, ASTHMA & SINUS CENTER ... where allergies meet relief O DO",,,,image,healthcare,66708,882,63,1085.99
enriched_ad_3994,campaign_014,FUNERAL HOMES & CREMATION SERVICES INC,"Our Family Caring for Yours
Cambria, Huntingdon and Blair Counties exclusive Veterans Funeral Care Provider!
Veterans Funerals - Andersonfamilyfuneral.com",,,,image,ecommerce,27775,510,24,495.21
enriched_ad_3995,campaign_042,Our Family Caring,"For Yours
Cambria, Huntingdon and Blair Counties exclusive Veterans Funeral Care Provider!
Veterans Funerals™ And Andersonfamilyfuneral.com
Heath-Anderson FUNERAL HOME & CREMATION SERVICES INC.",,,,image,ecommerce,69416,1111,73,738.9
enriched_ad_3996,campaign_031,West Muram All Lottery High Hand,"LOTTERY HIGH HAND PRIZES $40 TO $5,000! FROM FIND A RETAILER Please play responsibly. TEAD Real ✓$100 LOMMED!",,,,video,entertainment,78660,2529,286,591.29
enriched_ad_3997,campaign_007,Haymond Law - Firm for Injured Motorcyclists,,,,,image,"legal services, personal injury law",37841,465,25,633.94
enriched_ad_3998,campaign_029,Haymond Law - Firm for Injured Motorcyclists,Specializing in legal representation and support for individuals who have suffered injuries while riding motorcycles. Our experienced attorneys are dedicated to helping you navigate the complexities of your case.,Contact Us Today,,,image,"legal services, personal injury",87577,924,48,1094.08
enriched_ad_3999,campaign_042,Monster Truck May Event,"SPRING NATIONALS MONSTER TRUCK event happening from MAY 19-21 at JESUP, GA on JAYCEE FAIRGROUNDS. I TICKETS ON SALE NOW!",I TICKETS ON SALE NOW!,,,image,entertainment,35865,799,117,177.52
enriched_ad_4000,campaign_033,"WHEN YOU'RE INJURED, YOU DESERVE MORE.","MORE LAWYERS, MORE OFFICES AND MORE THAN $15 BILLION DOLLARS RECOVERED MORGAN & MORGAN FORTHEPEOPLE.COM FRIESLAND PROFEUTSCHOTGUANTESMARBEIDE",,,,image,ecommerce,49143,837,81,724.47
