text,dimensions
"AGF
AMAZING GRACE FELLOWSHIP
1061 EASTLAND DRIVE NORTH
TWIN FALLS IDAHO
Service times: Sundays at 8:30 and 10:30 AM
Go to agf.org for more information.","(300, 250)"
"NO
ZOLUCKY
- UP TO -
50%
shop now","(728, 90)"
"Academy
SPORTS+OUTDOORS
PRESENTS
::HANG
WITH
TERRELL
OWENS
AND FRIENDS!
COWBOYS AT
CHIEFS
SUN 11/21
4:25PM EST
FREE
TIX","(160, 600)"
"TIME TO
OREGON'S
MT.HOOD
TERRITORY
SPRUCE
THINGS UP
LEARN MORE","(728, 90)"
"FARMERS
INSURANCE
Jeremy Belcourt
CONSTRUCTION COSTS | Ensure you're prepared.
ARE RISING, IS YOUR
Review Your Coverage
HOME COVERED
ADEQUATELY?
406-543-6177","(728, 90)"
"Why robotic surgery?
Less pain | Less scarring | Faster recovery
CHRISTUS
Health.
Southwestern Louisiana
YOchsner
Health System","(728, 90)"
"AccuWeather
Find Your Forecast
When You Need It,
Where You Need It.
VISIT ACCUWEATHER","(300, 250)"
"AccuWeather
VISIT ACCUWEATHER
Find Your Forecast When You
Need It, Where You Need It.","(728, 90)"
"Be a Weather Insider and
get details on trending
forecasts & events.
LISTEN NOW
AccuWeather
Available on Smart Speakers and Podcast Platforms.","(300, 250)"
"KIDS WANT CANDY.
THE TOBACCO INDUSTRY
WANTS CUSTOMERS.
Learn the tobacco
industry's latest tricks
and how to fight back.
Learn More >
HHSA
Spored by the County of San Diego Health
LIVE WELL and Human Services Agency","(300, 250)"
"Pella 20%
OFF
Qualifying
Windows & Doors
BLACK
FRIDAY
SPECIAL OFFER
Excludes vinyl products. Offer
is good for product only and
does not include installation.
Offer ends November 30th!
LEARN MORE","(300, 250)"
"It's Diabetes Awareness Month!
Have Diabetes?
Not Sure?
Paths to Health
Tools for Healthier Living
NMDOH
NEW MEXID DEPARTMENT OF HEALTH","(728, 90)"
"It's Diabetes Awareness Month!
Have Diabetes?
Not Sure?
Paths to Health
Tools for Healthier Living
NMDOH
NEW MEXICO DEPARTMENT OF HEALTH","(300, 250)"
"WALSER
AUTO
CAMPUS
Wichita
WE'LL BUY YOUR CAR.
IT'S THAT SIMPLE.
Learn More","(728, 90)"
"WALSER AUTO CAMPUS
Wichita
WE'LL BUY YOUR CAR.
IT'S THAT SIMPLE.
Learn More","(300, 250)"
"MORE WAYS TO
PLAY PRAIRIE
CASINO & RESORT","(728, 90)"
"MORE WAYS TO
PLAY PRAIRIE
BAND
CASINO & RESORT.","(300, 250)"
"2022
IDAHO
SHAKESPEARE
FESTIVAL
2022 Season Tickets On-Sale Now!
Give the Gift of Great Theater in the
Great Outdoors!
BUY ONLINE","(300, 250)"
"Your Hometown Healers
DOCTOR OWNED & OPERATED
The
Women's Clinic
of Northern Colorado
Schedule an
appointment
today!","(300, 250)"
Texas MBA,"(300, 250)"
Introducing,"(300, 250)"
"NEWSCARTUCSON
Holiday SIGN UP
GIVEAWAY
TO
Stetson Painting
RESIDENTIAL COMMERCIAL
FLEET FEET
TUCSON
McGuire's Jewelers
FINE JEWELRY SINCE 1947
SUN LIGHTING","(728, 90)"
"00
0
100
O
""The LinnStrumentalists""
Watch the video
DESIGN","(728, 90)"
"FREE INSPECTIONS
& ESTIMATES!
Since 1937
D
/ROOFING
903-465-7677
WWW.LANKFORDROOFING.COM","(728, 90)"
"Shepherd's
Heart
TOYS FROM
THE HEART 21
DONATE HERE","(728, 90)"
"TOYS FROM
THE HEART
2021
DONATE HERE
Shepherd's
Heart
0","(300, 250)"
"HMI Fireplace Shop
1744 N Deffer Dr
Nixa, MO 65714","(728, 90)"
"Meridian
BUILD Locally IMPACT Globally
November 17-18, 2021
Stellar
Register now","(728, 90)"
"G grammarly
Get Grammarly It's Free
Be best English writer you can be!
the best","(728, 90)"
"horizon
a PerkinElmer company
Easier, faster CRISPR-Cas9 gene editing with the Edit-R™
All-in-One
Lentiviral sgRNA vector
Learn more","(728, 90)"
"FRONT
RUNNER
ROOF RACKS ACCESSORIES ADVENTURE GEAR
LICE CATER
OUTFIT YOUR VEHICLE","(300, 600)"
"iP
SI LA PLACA DE TU
CARRO TERMINA EN
8.9
NOVIEMBRE
ES TU MES PARA MATRICULAR
TU CARRO
0240000
00","(300, 250)"
"SI LA PLACA DE TU
CARRO TERMINA EN
809
NOVIEMBRE
ES TU MES PARA MATRICULAR
TU CARRO
iP
n
INDUSO DE LA PROD","(728, 90)"
"Lo eLegacy
THE
LARS
LARSON
SHOW
Lars recommends eLegacy Law
Full service estate planning from the comfort of your own
home with flat rate pricing - No Surprises!
LARS SPECIAL RATE","(728, 90)"
"FINESTRE DA TETTO
AVVOLGI
DI LUCE
I TUOI SPAZI
Pour
FAKRO","(300, 250)"
"SW
Middleten
Valle
MA
Thank you for voting MVB as one of the
Tri-States Best!
Middletown
Valley Bank.
A Community Heritage Financial, Inc. Company
Member
FDIC
1.844.533.9211
www.mvbbank.com","(300, 250)"
"Joseph
THE PODCAST
A guided journey to coming to know the prophet.
Brought to you by LDSLiving Learn More","(728, 90)"
"SHINE
Leave The Toilet
Cleaning To The Robots
SHINE","(970, 250)"
"Leaf Guard
Get it. And forget it.
LEARN MORE
At LeafGuard®, we are dedicated to ensuring your
home is protected year round, which is why we offer
a no-clog guarantee. If your LeafGuard® gutter ever
clogs, we will come out to clean at no cost to you.","(728, 90)"
"OUR BEST
OFFERS OF
THE SEASON!
NOW THROUGH DECEMBER 10, 2021
300 Mbps Internet
$36.⁹9⁹
miapelka nced spands ray வு
GETA $100
VISA GIFT CARD
RCN
INTERNET-TV-PANE","(300, 250)"
"Fender
PLAYER PLUS
NASHVILLE
TELECASTER®
IN AGED CANDY APPLE RED
proce
33333
SHOP NOW","(300, 600)"
"D.I.Y. PLUMBING
NOT WORKING OUT?
WE CLEAN
YOUR LINE
for $149
license # M6397
S
H₂O
Maestro Plumbing
A Fayette Heating & Air Company
THE OFFICIAL PLUMBING COMPANY OF UK ATHLETICS
K","(300, 250)"
"June
UP TO 50% OFF SHOP NOW","(300, 250)"
"cvent
Great events have no boundaries when
in-person and virtual become one
REQUEST A DEMO
N
11
Crent","(728, 90)"
"CERTIFIED by
CONNECT HEALTH
COLORADO
IT'S FOR EVERYONE!
1.
ENROLL
NOW
GET
Health Insurance
Have Questions?
We Can Help.
BoulderCountyHealthCoverage.org
BOULDER COUNTY
HOUSING
& HUMAN oder
County
SERVICES","(300, 600)"
"LONGMONT
150
1871 - 2021
Celebrate 150 years of history
in this new exhibit at the
Longmont Museum.
LONGMONT
AUG. 7, 2021 -
MUSEUM JAN. 9, 2022","(300, 250)"
"SRS STERLING
RESTAURANT SUPPLY
A FORTESSA TABLEWARE SOLUTIONS™ COMPANY
Located in One Loudoun | (866) 612-1777
BETTER THAN
BLACK
FRIDAY
SALE
Nov. 18-20
10am-7:30pm
open to the public","(728, 90)"
"i
TOP NOTCH
Computers & Repairs. Commercial Technology Services
Expert Computer Repairs
& Network Services
Data & Disaster Recovery
Services
• Business & Medical IT
Consulting
• Residential Computer Help
• Cybersecurity Solutions
Local to NoVA
>>> CONTACT US < < <","(300, 250)"
"a
BANK of
CLARKE COUNTY
Help
TOGETHER
Visit our website to learn.
moke and donate at
www.bankofclarke.bank
FDIC
#GIVEWITHBOCC","(300, 600)"
"PURPOSEFUL LIVING
Independent Living Assisted Living Inspiritás - Memory Care
8
ASHLEIGH
at Lansdowne™
Call (703) 345-6912 for a tour.","(300, 250)"
"TOP NOTCH
Computers & Repairs. Commercial Technology Services
>>> CONTACT US < < <
• Expert Computer Repairs
& Network Services
• Data & Disaster Recovery Services
• Business & Medical IT Consulting
• Residential Computer
Help
Cybersecurity Solutions
Local to NoVA","(728, 90)"
"Practina
Al-Powered Social Media
Marketing For Dentists
Create Your Free Account","(728, 90)"
"Rake
in the
Fall Deals
at
Herbein's
GARDEN CENTER
CLICK HERE
4301 Chestnut Street | Emmaus
610-965-9585
Hours:
Monday-Saturday 8am-5pm
Sunday 9am-5pm","(300, 600)"
"Historic Turkey Trot
5K Run/Walk & Fun Walk - Nov. 27
REGISTER
TODAY
Historic Bethlehem
MUSEUMS & SITES","(728, 90)"
"Historic Turkey Trot
5K Run/Walk & Fun Walk
SATURDAY, NOVEMBER 27
REGISTER
TODAY
#Historic Bethlehem
MUSEUMS & SITES","(320, 50)"
"""The Hot Dog King""
OCCO'S V SKICE
Celebrating 99 Years!
Quality You Can Trust Since 1923
Click here for full menu, hours & special offers","(320, 50)"
"GO HIKING
LULE
Waymaker
RAGHT IN THE DARKNESS
ISSN
Rodeo
LILICL TH","(160, 600)"
"Me. Lasting Weight Loss
Download on the
App Store
GET IT ON
Google Play","(970, 90)"
"J.me
Black
FRIDAY SALE
UP TO
70% OFF
SHOP NOW","(300, 250)"
"Make
Macomb Schools
your home
For more information about Macomb Schools, go to www.misd.net","(300, 250)"
"1 merica's
WHOLESALE OUTLET LLC
Your go-to store for the
Greatest
Values
Browse our weekly features","(300, 600)"
"FOOD4LESS
SHOP TODAY!
Natural Foods | Organic Selections
Supplements
2230 Biddle Rd, Medford | Open 24/7","(300, 250)"
"FOOD 4 LESS
SHOP TODAY!
2230 Biddle Rd, Medford | Open 24/7
Natural Foods
Organic Selections
Supplements","(728, 90)"
"HOLLYWOOD
BODY JEWELRY
TI-6AL4V-ELI ASTM F-136 Grade 23
IMPLANT GRADE
TITANIUM
BODY JEWELRY
at the most competitive prices
SHOP NOW","(300, 600)"
"COUPON CODES AVAILABLE
GET CODES
Capital One Shopping
The Coupon-Finding
Browser Extension
I
I","(970, 90)"
"Place Your Bets ON THE NEXT
SLAM DUNK
42
MAXIMBET
TAKE YOUR SHOT","(728, 90)"
"Go Beyond the Bet with
EXCLUSIVE &
UNRIVALED
EXPERIENCES
MAXIMBET
PLAY WITH ME","(300, 250)"
"Touchdown with the
NEW WAY
TO BET
MAXIMBET
PLAY NOW","(300, 600)"
"Grow stronger
together
Join now
Seedsman","(728, 90)"
"Seedsman
Grow
stronger
together
Join now","(300, 250)"
"MEDIA
WEBINARS
Complete Lung Cancer
Care in Queens
WEDNESDAY NOVEMBER 17 AT 5 PM
NewYork-Presbyterian
Queens
CLICK HERE TO REGISTER
Sign up now. Space is limited.","(300, 250)"
"GO Miami
Discover now","(300, 250)"
"DadeAutoDesk
CAR SALE
NOVEMBER 8th - 19th
Trades Accepted - Free Home Delivery""
RATES AS LOW AS
0.99%
Up-to 36 Months
Get Pre-Approved Online!
dcfcu.org/carsale
305-471-5080
DADE COUNTY FEDERAL","(728, 90)"
"MARVEL
INSIDER
Ⓒ2020 MARVEL
REWARDS
COULD BE YOURS!
Watch & read for points & rewards.
JOIN NOW
Terms & conditions apply.","(970, 250)"
"Mic
FIND US ON INSTAGRAM
@MIC","(970, 250)"
"SHOP LOCAL GIVE LOCAL
WITH XUMCU
LEARN MORE!
Insured by NCUA","(300, 250)"
"MICHIGAN
RADIO
connects you to ....","(300, 250)"
"Need enriched samples?
Find out more
applied
biosystems
by Thermo Fisher Scientific","(728, 90)"
"Innovative Materials
Healthier Living
Brentwood Home
SHOP NOW
CLIMATE
NEUTRAL
CERTIFIED","(728, 90)"
"MEDJOBNETWORK.com
Physician Career Center Job Board
Search 1000's of
Physician Jobs
Click Here","(728, 90)"
"Local experts connecting
customers to YOUR business.
COMMUNITY NEW
DIGITAL
65","(300, 250)"
"When art meets
science, the creative
possibilities are
endless
LEARN MORE
KitchenAid","(300, 250)"
"Buy for your characters
Tier 3 Set!
BUY NOW
REINWINBOOST.COM
★★★★★","(970, 250)"
"heebs
Fresh Market
Food Raiser!
Donate and we will
purchase the same food
and MORE at our cost!
LEARN MORE ►
CAN
THE
GRIZ
FOOD DRIVE","(728, 90)"
"$140 Prize
Value!
ENTER
for a chance to win the
Bread Baking
Giveaway
MOUS
KAPHYSI
BREAD
+ MORE PRIZES! ENTER NOW","(300, 250)"
"ULTIMATE
RIDE
*Restrictions apply. see website for full promotion details
SPECIAL OFFERS AVAILABLE ON
KTM 200 DUKE MOTORCYCLES*
KIM","(728, 90)"
"PLAY
The World's Best Courses
MORE
Than 100 Interactive Experiences
GOLF
All Year Round
FULL SWING
OFFICALLY
UCENSED
GOLF
WATCH THE VIDEO
OFFICIAL
ALATOR","(300, 600)"
"While you're here...
We're a non-profit sustained by donations of about $25.
If everyone reading right now gave $7, our fundraising
would be done in under an hour.
DONATE TODAY →
VISA
AMERKAN
EXPRESS
PayPal","(728, 90)"
"While you're here...
DONATE TODAY →
VISA
NOSSO","(320, 50)"
Know before you go.,"(728, 90)"
Know before you go.,"(320, 50)"
"TRUSTONE
FINANCIAL
We inspire our members to achieve
lifelong financial well-being.
CHECKING // AUTO // MORTGAGE
Insured by NCUA. Equal Housing Opportunity.","(300, 250)"
"UNLOCKING
THE POTENTIAL
in all of us
LEARN MORE
Abbott","(300, 250)"
"BUILT BY NEW YORK NY 7
75
GET TICKETS AT KNICKS.COM
PRESENTED BY
CHASE O","(970, 90)"
"El Dorado Hills Chamber of Commerce presents ...
A Trip For An Adventure to
VIETNAM
March 1 - 10, 2022
10 Days R/T Air, Meals, Tours
Hanoi
Ha Long Bay
Hoi An
HCM City
USD $2,399
Click Here","(300, 250)"
"NARCITY
MEDIA | CAMPAIGN MANAGER
Sign Up","(300, 600)"
"NARCITY CAMPAIGN MANAGER
Start local
advertising here.
Book Now
Breakdown","(300, 250)"
"We need
you!
mumsnet
Insight","(300, 250)"
"CIERRA TOWING For all your towing needs, Call Cierra Towing & Crushing
& CRUSHING LLC
24 Hour Wrecker Service
806-381-2561
We're there when you need us the most!
AMARILLO CANYON","(728, 90)"
"CIERRA TOWING
& CRUSHING LLC
For all your towing needs,
Call Cierra Towing & Crushing.
24 Hour Wrecker Service
We're there when you need us the most!
AMARILLO CANYON
806-381-2561","(300, 250)"
"Coulter Gardens
& Nursery
Light up your
Holiday season
CLICK HERE","(728, 90)"
"Fowhand
Furniture
CHAIRS","(728, 90)"
"Fowhand
Furniture
We have it all
COASTAL
LIVING","(300, 250)"
"18 JUNIOR
Weathercaster
Tell us why your child should be Blaise
our Junior Weathercaster.
CLICK HERE
Alexander
MANSFIELD DEALERSHIPS","(728, 90)"
"JUNIOR
Weathercaster
Tell us why your child should be our Junior
Weathercaster and win them a tour of our studio
and the opportunity to film a Junior Weathercaster
segment for WETM 18 News at 5:30!
CLICK HERE
ww.www.tres.com Alexander 18 SPR
STORM
TEAM","(300, 250)"
"aws
NASCAR
OFFICIAL PARTNER
Every race. Every moment.
Powered by AWS.
SEE HOW","(728, 90)"
"RACE!
ION
ANASCAR
CUP SERIES
WARI
MOST
POPUNAR
DRIVER
TOCKIARI
11
PRESENTED BY
HINTERS","(300, 250)"
"Awards & recognition programs SIGN UP
Modern
Healthcare","(728, 90)"
"Awards & recognition
programs highlight
the accomplishments
of industry leaders.
SIGN UP
Modern
Healthcare","(300, 600)"
"Awards &
recognition
programs highlight
the accomplishments
of industry leaders.
SIGN UP
Modern
Healthcare","(300, 250)"
"Want to help bring the news
gray to your community?
we're hiring.
BROWSE CURRENT
JOB OPENINGS >
We are a COVID
Safe Workplace.","(728, 90)"
"North Star
MOHICAN CASINO RESORT
NOVEMBER'S
AUTUMNOBILE
GIVEAWAYS
$380,000
WIN YOUR
SHARE OF
OVER
IN PRIZES
WHERE THE
STARS ALIGN
CLICK TO PLAY","(728, 90)"
"Y
M
IN THE
WINGS
Watch Sunday 9AM
4 NEW YORK
BICHARD
SHUPAUGE
ISICA","(300, 250)"
"Advance Your Career
Master in Liberal Arts
Offered online and on campus
UNIVERSITY OF
ST. THOMAS
Learn More
Sadels","(300, 250)"
"LEGO
VIP WEEKEND
IS COMING
11/20-11/21
Learn more >
VIP
D
VIP
VIP
VIP
W
VIP
DIA
TIP","(336, 280)"
"Rates are Rising...
It's a Great Time to Refinance!
2.990 3.032%
INTEREST
RATE
30-YEAR FIXED RATE RESIDENTIAL MORTGAGE
Loans up to $2 Million, No Paints!*
*Learn More
INSTITUTION FOR SAVINGS
BUILDING STRONGER COMMUNITIES TOORTHER SINCE 1820,
Member FDIC Member DIFNMLSID #410","(300, 250)"
"HEROES
WERE MADE
| Sage
Order your copy of this coffee table style book!
Call 814.532.5003
Or visit www.HeroesWereMade.com
TAX &
SHIPPING","(728, 90)"
"JUST A PINCH
Recipes
What's
For
Dinner?
GET RECIPES","(300, 250)"
"Family dinner,
delivered.
Try delivery or
curbside pickup.
Shop now.
*
P
instacart
Prices vary from in-store. Fees, tips & taxes
may apply. Subject to terms & availability.","(300, 250)"
"ESLA
Superlithium:
The Future of Lithium.
Learn More","(300, 250)"
"Ready for business.
Set for banking.
InvestorsBank
Member FDIC
Learn More
Eli Manning","(970, 250)"
"di
Shop Before &
After Collection!
REPLEN
REPLEN
REPLEN
FREE
Picture - Perfect Kit
with Purchase $75+ from
B&A Collection
SHOP NOW
REPLENIX!
REPLEN
Backen","(300, 600)"
"VIEW WEEKLY AD
ONLINE
SEE
United
supermarkets DEALS","(300, 250)"
"AARP
New Hampshire
Get the family
caregiving
support you
need, when
you need it.
LEARN MORE","(300, 250)"
"lom
Easier
access
to care.
Anytime,
anywhere.
Learn More
Horizon.
Horizon Blue Cross Blue Shield of New Jersey is an independent
licensee of the Blue Cross Blue Shield Association.","(300, 250)"
"Operating Engineers Local 825
Building roads & bridges
1 IL
to keep us moving
UNION
NOTENIEN
LABO
OP
LENIONS BULIS
825
OWNIA
BETTER
BUILDING
BEGINS HERE","(300, 250)"
"Support Statewide
Journalism.
Be a sponsor.
On-air, online,
live events.
NJ Spotlight News","(300, 250)"
"8.6
V
Cloud Marketing
Analytics
dummies
DELIVER ON
THE PROMISE
OF ANALYTICS
GET THE GUIDE
snowflake","(970, 90)"
"STATE
YOUR
LOUISIANA
in
TREASURER
MONEY
CLAIM
JOHN
17
SCHRODER
LOUISIANA
NEWSPAPERS
CONNECTING YOU
TO YOUR MONEY!
SEARCH YOUR NAME
LOUISIANA UNCLAIMED PROPERTY","(300, 250)"
J&B Firearm Sales,"(300, 250)"
"AR15DISCOUNTS.COM
On Sale Now!
OUTSTANDING DEALS
CRAZY FAST SHIPPING
Shop Now!
A
AERO
PRECISION
besser so
지","(300, 250)"
"Scribble Hub
Read thousands of novels for free!
A","(728, 90)"
"WORLD'S BEST
CAT LITTER
GO NATURALLY SAFE.
SWITCH TODAY","(728, 90)"
"Thank You For Your Service!
Ask us about our special discounts for Vets!
• Assisted Living Secure Memory Care Respite Care
The Willows At
Meadow Branch
Click To Schedule A Visit
&","(300, 250)"
"Centier
BANK
Free Checking
with eStatements.
FDIC
Centler
Centler
4328 0000 0000 0000
ACKER
VISA
All the benefits:
Nationwide ATMs
Online & Mobile Banking
Person-To-Person Payments
>> LEARN MORE","(300, 250)"
"Support & Advice for Caregivers.
GET STARTED
Ad
-AARP","(300, 250)"
"Est.
1997
NEXT ADVENTURE
O
NEXT ADVENTURE
is proud to be
Oregon's alternative outdoor store!
• We're your one-stop-shop for camping gear + more!
• We have rentals + tuning + used gear, too!
• Shop our four locations or next adventure.net","(300, 250)"
"India
Innovation
b
Hero
Awards
2021
India Innovation Hero Awards 2021
Congratulations to
Winners of 2021
SUSE","(300, 250)"
"Unwrap the Joy
of Oprah's
Favorite Things
Shop on Amazon
OPRAITS FAVORITE THINGS
2021","(300, 250)"
"AMAZON ORIGINAL STORIES
ΚΕΚΕ
PALMER
WITH JASMINE GUILLORY
Southern
Belle Insults
Prime members read and listen for free
KEKE
KEKE
PALMER PALMER
KEKE
PALMER
SALSA
4Chelicas Keri on
Werk Week
KEKE
My Dear
Friend Janet of Lady Mi
PALMER PALMER
Sophie
Dreams Big","(970, 90)"
"SHAPEWAYS
Custom Pricing
on 3D Printing
Get a Quote","(728, 90)"
"O
MARKETING
SOLUTIONS
We know a few things
about getting attention.
Email marketing is one.
See What Else We Can Do","(300, 250)"
"REE
ww
MEDIA SNAR
www.
GET ACCESS
atal
OSINT FOR
SECURITY
POI
Step-by-step processes
for performing OSINT
investigations","(300, 600)"
"LEBEDA
MATTRESS FACTORY
Ouality Bedding Since 1945
WINTER WARMUP MATTRESS SALE
PillowPlush Start at Only $599
For a
QUEEN SET
with Cooling Gel and Memory Foam
Plus FREE Local Delivery and a FREE Bed Frame with sets $599 or more*
Click Here!","(728, 90)"
"WINTER WARM UP
Save $200-$700 on a variety of mattress sets
& Adjustable Beds with Power Bases
PillowPlush Queen Sets
with Cooling Gel
& Memory Foam
$599
LEBEDA
Now Only
MATTRESS FACTORY with FREE Local Delivery and a FREE Bed Frame
MATTRESS SALE","(300, 250)"
"Powerful speeds up to 1 GIG
Xtream Internet starting at
$19.⁹⁹*
/mo for
1 year
FREE installation
when you order online.
Get started
*New customers
XTREAM Plus taxes, fees, modem
rental and activation.
Mediacom","(300, 250)"
"XTREAM
Mediacom
Powerful Xtream Internet starting at
speeds
up to 1 GIG
/mo for 1 year
FREE installation
when you order online.
*New customers only. Plus taxes, fees,
modem rental and activation.
Get started
XYKAM","(728, 90)"
"DDMV7
NEW COBALT / FDE FINISH
C
DEFENSE
SHOP NOW
3 Months Interest Free Financing*
*Not all offers are 3 months interest free. Subject to credit approvall.","(300, 600)"
"BÆRSkin
TACTICAL HOODIE
Wildy Comfortable.
All-Season Protection.
GET 60% OFF","(300, 250)"
"MASTER
COOLER
MASTER
Make It Yours.
Ol
MASTERAIR
STEALTH SERIES
COLD DARK FORCE","(160, 600)"
"msi
CLUTCH GM41
LIGHTWEIGHT WIRELESS
LIGHT WEIGHT, HEAVY HITTER","(728, 90)"
"PRO FOOTBALL
CHALLENGE
2021
SIGN UP TODAY FOR A
CHANCE TO
WIN A 55"" TV!
CLICK TO ENTER
SPONSORED BY
m
OZARK TRADING","(728, 90)"
"PRO FOOTBALL
CHALLENGE
2021
SIGN UP TODAY FOR A
CHANCE TO
WIN A 55"" TV!
CLICK TO ENTER
SPONSORED BY
OZARK TRADING","(300, 250)"
"G
PACKERS WEEKLY GIVEAWAY
HH
PRESENTED BY
Associated Bank
ENTER NOW","(728, 90)"
"ELITE CARE
FOR EVERY BODY
LEARN MORE
beliin health Titletown Sports Medicine
& Orthopedics","(728, 90)"
"cvent
Events are a business-critical opportunity
It's time your marketing acted like it
Learn More","(728, 90)"
"Where small leads the by-line project.
become big stories.
learn more
okp.","(728, 90)"
"Patient Care
the
PRACTICE
Biologics
for the Treatment of
Inflammatory
Bowel Disease
Register Today","(300, 250)"
"Insights and analysis on
the technology that is
reshaping health care
Check out the all-new feature series,
Collaborative Care: Technology's Evolving
Role in Cardiometabolic Health
Learn More
ENDOCRINOLOGY
NETWORK
Practical
Cardiology™","(300, 250)"
"Insights and analysis on the technology
that is reshaping health care
Check out the all-new feature series,
Collaborative Care: Technology's Evolving
Role in Cardiometabolic Health
Learn More
Practical
NETWORK Cardiology™
ENDOCRINOLOGY","(728, 90)"
"GET INSIDE THE GAME
REDEEM POINTS FOR EXCLUSIVE
VIP EXPERIENCES, TICKETS,
GIFTCARDS AND MORE!
ANAGEM
3200 12:39 58
VISA
APPLY NOW","(728, 90)"
"O
GLOBALIZATION
PARTNERS
ADD INTERNATIONAL
HEADCOUNT WITHOUT THE
INTERNATIONAL HEADACHE.
SUCCEED FASTER","(728, 90)"
"+DIGITAL TRENDS
Best fitness trackers
Read more","(970, 250)"
"MAST
Celebrating
70 years
of dedication
to caring
for our
community.
70
CARING FOR CLALLAM COUNTY SINCE 1951
OLYMPIC
MEDICAL CENTER
olympicmedical.org/70years","(970, 250)"
"ALL-NEW
MC2sc
MICRO-COMPACT
WITH SLIM, DOUBLE-STACK
11- &14-ROUND MAGAZINES
MOSSBERG","(300, 600)"
"Virtual Helen Dean King Award Ceremony
Immune Responses
to SARS-CoV-2
November 18, 2021 | 5-6 PM EDT
CLICK TO REGISTER
Akiko Iwasaki, Ph.D.
The Wistar Institute.
WOMEN &
SCIENCE
PROGRAM
WISTAR.ORG","(970, 250)"
"Akiko
Iwasaki, Ph.D.
The Wistar Institute
WOMEN &
SCIENCE
PROGRAM
Virtual Helen Dean King
Award Ceremony
Immune Responses
to SARS-CoV-2
November 18, 2021 | 5-6 PM EDT
CLICK TO REGISTER","(300, 600)"
"Leica
LEICA SL2
It's your choice.
Order Now
LEICA","(300, 250)"
"C
MIDAS CIVIL SOFTWARE
Advanced bridge design, analysis and modeling
Click here to learn more","(728, 90)"
"Exclusively on fubo
STREAM LIVE
WITHOUT CABLE
C
ROAD TO
QATAR
fubo
ARGENTINA VS. BRAZIL | NOV. 16 6:30PM ET
LEARN MORE","(728, 90)"
"ī
I
I
PROMO CODES
AVAILABLE
SEE CODES
Capital One Shopping
The Coupon-Finding
Browser Extension
I
I
I","(970, 250)"
"+
DIGITAL
TRENDS
Best fitness trackers
Read more","(728, 90)"
"NeatInvoices™
One simple tool for
every invoice & every
payment
VOID
PAID
Sign up now, it's
free....really!
neat®","(300, 600)"
"Snowflake Special Edition
Cloud Marketing
Analytics
dummies
DELIVER ON
THE PROMISE
OF ANALYTICS
snowflake
GET THE GUIDE","(728, 90)"
"GET THE APP
EVERY ROOM.
EVERY GAME.
PokerAtlas
Upcoming Tournaments
S
Camas
Fantallyed
Recent TableTalk
Doyle BAMA
Find the best
games in town...
wherever you go.
GET IT ON
Google play
Download on the
App Store
PokerAtlas","(160, 600)"
"+DIGITAL TRENDS
Best fitness
trackers
Read more","(300, 600)"
"Getac RUGGED COMPUTING
Windows 10 SOLUTIONS FOR POLICE
LEARN MORE
K","(728, 90)"
"Manage and safeguard evidence
Make your investigations more efficient with smart evidence management.
Learn more
Genetec","(728, 90)"
"THE PERFECT GIFT FOR THE
HOLIDAY SEASON
Commemorative
U.S. Mint Coins
T
PREZ
BER
National Law
Enforcement
MEMORIAL AND MUSEUM
RESPECT. HONOR. REMEMBER.
POLECANE
BUY NOW >","(300, 250)"
"Enter To
FILL
THE WIN The Fill
The Go-Bag
Contest
GO-BAG
A Chance To Walk Away With This Exciting Go-Bag
Equipment Package Worth Nearly $3,400!
POLICE
ENTER NOW!","(300, 250)"
"DINO RUN
CONTINUE
1-
3
MyGameCenter","(336, 280)"
"i kid you not
Share Hilarious Videos of Your Kids, and
They Could Be Featured in Our New Series!
SUBMIT NOW","(300, 250)"
"TENDER LOVING EMPIRE
UPLIFTING GIFTS
FROM 700* LOCAL &
INDEPENDENT MAKERS!
Shop Small. Create Change.
Live Wholehearted.
SHOP NOW","(300, 250)"
"Ted's
Real
moments
DESERVE A
Real
camera
SHOP NOW","(300, 250)"
"It takes courageous
collaboration to govern
a divided country.
Thank you, Senator Lindsey Graham for
supporting the bipartisan infrastructure bill.
READ MORE
PAID FOR BY BIPARTISIAN POLICY CENTER
1225 Eye St NW Suite 1000 Washington DC 20005
Bipartisan Policy Center","(728, 90)"
"It takes courageous
collaboration to
govern a divided
country.
Thank you, Senator Lindsey Graham
for supporting the bipartisan
infrastructure bill.
READ MORE
Bipartisan Policy Center
PAID FOR BY BIPARTISIAN POLICY CENTER
1225 Eye St NW Suite 1000 Washington DC 20005","(300, 250)"
"What's in the Building?
To follow our transformation
CLICK HERE
Lamons,","(970, 250)"
"Shop With The String Experts
STRINGS
BY MAIL
STRINGS
Elixir Strings® coating
technology extends tone life
longer than any other brand's
- coated or uncoated - strings.
(Elixir Strings player survey)
Goo
GOOOOOOO","(300, 600)"
"Guitar
$100 OFF
Center EPIPHONE ES-335
Shop Now","(728, 90)"
"CARA-CARMO
ERRARICRITO
Great
Wines
for gifting
& gathering.
SHOP NOW
FERRARI-CARANO","(300, 250)"
"Free Download
GET IT ON
Google play
PokerAtlas
w
Download on the
App Store
PokerAtlas
Find the best game in town... wherever you go","(300, 250)"
"PGA
Old St
FULL SWING
PLAY MORE GOLF
Exclusive Simulator of
GOLF
WATCH THE VIDEO","(728, 90)"
"P
LEARN PYTHON
Get started with Python
one step at a time.","(300, 250)"
"Clarity from Complexity
Insurance | Reinsurance | Capital Partners
Aspen
See how we work >","(728, 90)"
"C
TableTalk™
Ask. Share. Discuss.
Join The Action
9
PokerAtlas","(300, 250)"
"SPONSORED CONTENT
How Zoom has transformed to become
a comprehensive communications platform
for businesses
Read Now
Presented by zoom","(300, 250)"
"RYOBI
ONE+HP
High Performance Advanced Technology
BRUSHLESS
FOL
EGA
Learn More","(728, 90)"
"RYOBI
ONE+HP
BRUSHLESS
1/2IN. HAMMER
DRILL
Learn More
10
da
RYOBI
YOR
ON","(300, 250)"
"DIGITAL psychologies
offer STAND
UP FOR
YOU!
A
ON&
All you need to create a life you love
Receive 13 issues for just $30","(728, 90)"
"SINNE
ZOLUCKY
- UP TO -
50%
shop now","(728, 90)"
"NEW!
Oracare+
THE SECRET
YOUR SMILE.
12H
DENTAL
PROTECTION
mam
wracare
Oracare+ TOTAL
AGSPIRA
T","(160, 600)"
"20GB PLUS FREE 4GB
N5000 YOUTUBE AT NIGHT
valid for 30days
airtel
THE SMARTPHONE NETWORK","(728, 90)"
"Regence
YOUR LOCAL
PARTNER
IN HEALTH
SINCE 1917
Building on our
past to shape
the future
Learn more","(300, 600)"
"The
Franchise
Show
Interested in Owning
Your Own Franchise?
OPEN
NOVEMBER 20 & 21
NORTH CAROLINA
STATE FAIRGROUNDS
GET FREE TICKETS!
Your CBD Store
Celebree
SCHOOL
7-ELEVEN
franchisease.
Ultra
POOL CANE SQUAD
SOBOL
M
Mindoman
Press
auxOMEDICAL
ellianos
coffee
Honest Abe
Rooting","(300, 600)"
"Interested in Owning Your Own Franchise?
NOVEMBER 20 & 21
The
Franchise
Show
NORTH CAROLINA
STATE FAIRGROUNDS
OPEN
VauxOMEDICAL ROSATT'S
GET FREE
TICKETS!
Celebree
SCHOOL","(300, 250)"
"Quinyx
The most complete & powerful
workforce management platform
on the market.
Click to
Download
Gartner Guide for
WFM Applications
2021
Gartner.
Market Guide for Workforce Manager
Applications","(300, 250)"
"SANTX
FRANCISCO
New Year,
new places
PRIZE PACKAGE INCLUDES:
• 2 nights at Westin San Francisco
• 2 tickets to Dear San Francisco
$200 Crab House dining certificate
ENTER TO WIN","(300, 600)"
"YAMAHA
Revs Your Heart
2021
YZ450F
TUNE IN
TO VICTORY.
LEARN MORE","(728, 90)"
"Free Resume
Template
Free Resume
Samples
Resume-Now
Free Resume
Formatting
Free Resume
Builder","(970, 250)"
"heat
fu
LIVE RADIO
YOU CONTROL
11
SKIP SONGS ON LIVE RADIO, ONLY ON
globalPLAYER
RADIO PLAYLISTS PODCASTS","(300, 250)"
"GLOBAL %
by Mirae Asset
Beyond Ordinary ETFsⓇ
EXPLORE","(728, 90)"
"HS-645MG
TESTED,
TRIED &
TRUE.
HITEC
Your Trusted Servo
Headquarters.","(300, 600)"
"gm FINANCIAL
Dealer Dividends
CURS
77134
INTERN
THE ALL-NEW
PLATINUM+
Higher tier. More support.
SEE FOR YOURSELF","(728, 90)"
"ValleyHealth
Healthier, together.
Offering Care
Throughout Your Life
FIND PRIMARY CARE","(336, 280)"
"Just
$5 to
Sign Up
register Today!
TC TRIMDOWN
E
ribuabike fotky
Fora Healthier Community
Now Virtual!
Get your teams
of 2 & 4","(970, 90)"
"Just
$5 to
register
Sign Up Today!
Now Virtual!
Get your teams of 2 & 4
MACELESS
wowwww.
BILD
TC TRIMDOWN
REORD EAGLE
ky
For a Healthier Community","(728, 90)"
"Would Rather Say
I DID IT
Than I Didn't Try
Now
Virtual!
Get your teams of 2 & 4
Click Here
To Register
Now!
Just
$5 to
register
RECORD EAGLE
TC TRIMDOWN
Jerseas
For a Healthier Community","(300, 250)"
"LILICL TH 2021 BLACK FRIDAY
I MAY BE A
MECHANIC
X
BUT I CAN'T FIX
STUPID
FROM
$3.99
We the People
IT DOESN'T NEED
TO BE REWRITTEN.
IT NEEDS TO BE
REREAD","(300, 250)"
"LILIENTHAL BERLIN
THE HUXLEY
Leather Edition
LENTIAL BERLIN
SHOP NOW","(300, 600)"
"RENEWABLE ENERGY
DOESN'T STOP AT WIND
AND SOLAR. GET TO
KNOW RENEWABLE
NATURAL GAS
LEARN MORE
Clean.
Affordable.
Natural Gas.
SOUTHWEST GAS","(300, 600)"
"RENEWABLE ENERGY
DOESN'T STOP AT WIND
AND SOLAR. GET TO
KNOW RENEWABLE
NATURAL GAS
LEARN MORE
Clean.
Affordable.
Natural Gas.
SOUTHWEST GAS","(300, 250)"
"PROLENSA
(bromfenac ophthalmic
solution) 0.07%","(300, 250)"
"Practical, Deep-Dive Case Studies From A Wide Range Of North
American Operators On Cost Effective, IOT & Edge Enabled
Onshore Wellsite
Automation 2022
Save 15% With Code
RIGZONE15
JANUARY 25-27, 2022
LIVE IN HOUSTON & ONLINE
American Business Conferences","(300, 250)"
"Practical, Deep-Dive Case Studies From A Wide Range Of North American Operators On Cost Effective, IOT & Edge Enabled
JANUARY 25-27
Onshore Wellsite Automation 2022 LIVE IN HOUSTON
Making New Technology, Data & Process Work Together To Extract Full Value From Automation
& ONLINE","(728, 90)"
"Control
Your
Lights!
D-Link 3-for-1 Smart Plugs","(300, 250)"
"Disney
ENCANTO
© DISNEY
FAMILIA
LO ES
TODO
BOXLUNCH
SHOP NOW","(728, 90)"
"AC INFINITY
Smarter Controls
Smarter Grows
93
CHATY
90⁰","(728, 90)"
"COLOR & DEFINE YOUR CURLS
As I AM. WITH AS I AM CURL COLOR
SHOP NOW","(728, 90)"
"RUGBY
XPLORER
LIVE rugby.
LIVE radio.
LIVE news.
DOWNLOAD THE APP
GET IT ON
Google Play
Download on the
App Store","(728, 90)"
"L'Almanach 2022 est disponible !
HES-SERE Rustica PRATIQUE
450
The
almanach 9,90€
2022
seulement
Jardiner
avec
Na Lung
& MAWI
D","(300, 250)"
"Guaranteed Lowest Price
USA Visitors
Medical
Insurance
INSUBUYⓇ","(728, 90)"
"THE BASICS OF
INTELEX CONDUCTING AN
INCIDENT INVESTIGATION
REGISTER NOW
FREE WEBINAR
Thursday, Nov. 18, 1 pm (ET)
safeopedia","(728, 90)"
"INTECE
The Basics
of Conducting
an Incident
Investigation
FREE WEBINAR REGISTER NOW
Thursday, November 18
1 pm (ET)
Ⓒsafeopedia","(300, 250)"
"CHANGING LIVES THROUGH BETTER HEARING
Eldorado
AUDIOLOGY & HEARING CENTER
Kelly Heyman, Au.D. FAAA, Doctor of Audiology
We'll Beat Any Price in town, guaranteed!
CALL 505-466-7526
For An Appointment
5 Caliente Rd. #5 | Santa Fe, NM 87508
www.eldoaudiology.com","(300, 250)"
"invest529
Give a Gift,
Get a
Reward!
Learn More","(300, 600)"
"Invest Give a Gift,
529 Get a Reward!
Learn More","(728, 90)"
"Dying Liver?
4 Signs Your Liver Can't Stand
Your Lifestyle Any Longer
(#2 Is Scary!)
>","(300, 250)"
"Hurley
Write, 25
CELEBRATING
Part
Improve Your Team's Writing
Remote & On-site
Development Training
SIGN UP NOW >","(728, 90)"
"CLOUDSE 2021
REIMAGINE YOUR CLOUD
Hosted by
TREND
MICRO
100+
tailored sessions.","(300, 600)"
"PREACH YOUR BEST
CHRISTMAS SERMON
0
Holz
Night UGLY
Christmas
SWEATER
GOD
with Us
BEST
Christmas
EVER
u
MORE AVAILABLE AT:
Sermon Central","(300, 600)"
"CHOOSE YOUR
CHRISTMAS SERMON SERIES
0
Holy
Might UGLY
Christmas
SWEATER
GOD
with Us
BEST
Christmas
EVER
MORE AVAILABLE AT:
Sermon Central","(300, 600)"
"DOLAN
LAW
FREE CONSULTATION CLICK FOR DETAILS
DOLANLAWFIRM.COM","(728, 90)"
"BE THE CHANGE
LJMINE
SAN FRANCISCO
ORO EN PAY FIERRO
R
OFTER
POLEE
JOIN OUR TEAM
TEXT ""JoinSFPD"" to (415) 704-3688
SFPDCAREERS.COM","(300, 600)"
"WE BELIEVE THE ONLY THING
YOU SHOULD SEARCH FOR
GLOW IS YOUR NEXT ADVENTURE.
RHINO
SHOP
NOW","(970, 250)"
"* GUN SHACK.COM
SAVAGE BARRELS, BOLT HANDLES, BOLT HEADS, AND MORE...","(728, 90)"
"GUN SHACK.COM
SAVAGE BARRELS, BOLT HANDLES,
BOLT HEADS, AND MORE...","(300, 250)"
"Christine DeHart
www.
In Person &
Virtual Tours
Available
SALMON
REAL ESTATE
13
CONTACT US TODAY!","(300, 250)"
"8
SAVE
$29 CHIRAN
TONKOR FREE LIMITED
RAMEN
SHIPPING
TIME ONLY
Take-Home Ramen Kit
5-Kit Bundle
SHOP NOW
*Images are for reference only.","(300, 250)"
"Kinesiology,
M.S.
Six concentrations of study. Optimal mix of
scientific knowledge and hands-on application.
ECU","(728, 90)"
"chewy
FLASH
DEALS
Snag today's
deal on the
perfect gift.
Ollie
howy.com
wher lovers shop
Shop Now","(160, 600)"
"J.Me
BLACK FRIDAY
SALE
UP TO
70%
OFF
SHOP NOW","(160, 600)"
"LISTRAK
One
Platform
Get Started","(300, 250)"
"EISA: Best
AWARD: Product
2021-2022
FLOORSTANDING LOUDSPEAKERS
Monitor Audio Silver 500 7G
S12","(336, 280)"
"NeatInvoices™
One simple tool for every invoice & every payment
O
O PAID
3
Sign up now, it's free....really!
neat®","(970, 90)"
"Subscribe
Today!
Receive 4 Issues for $20
mailed right to your home!
spirit of change
Menzil","(728, 90)"
"Spirit of Change Insider Deal!
THE SUMMER ISSUE!
VegNews
THE 20
VegNews
best
2020
VEGGIE
AWARDS
CA
APM
vegan
Subscriptions
to VegNews
JUST $18
The world's #1
plant-based magazine","(300, 250)"
"The 22 Lunar Calendar
Dedicated to the goddess in Her many quizes
CLICK HERE TO ORDER NOW","(300, 250)"
"We ain't waiting on Santa
We buyin' we own this Christmas
Get up to $300,000 easy
Apply online at www.gbtibank.com
or at your nearest branch,
Terms and conditions apply
Follow us @
Ⓒ624-4284
GBTI","(728, 90)"
"STAKE
Earn staking rewards + DeFi yields
6M $pSTAKE rewards for early LPS
Learn More","(728, 90)"
"Hawaii
Experience
HAWAII
BOOK NOW & SAVE!","(300, 250)"
"Old Main
FRAME SHOP
GALLERY
FOOTBALL SPECIAL SAVE $40 OFF FRAMING
Prev
PENN STATE ART CUSTOM FRAMING RESIDENTIAL ART MORE!","(728, 90)"
"EARN CASH FOR CLOTHES.
LEARN
MORE
UPTOWN
CHEAPSKATE","(728, 90)"
"ENJOY OUR
BLACK
FRIDAY
CYBER SALE
SAVE UP TO
40%
BOOK NOW
CQ
CLUB
QUARTERS
HOTELS","(728, 90)"
"Huntington
THIS IS HOW WE REINVENT BANKING
See How
Member FDIC","(728, 90)"
"EarMen
EarMen
Sorrow
barMen
1
TR-Amp
Do
Enjoy music without limits!","(336, 280)"
"A NEW AGE
DELL OF INTELLIGENCE
Technologies
NEW LATITUDE FAMILY
Learn more >
Intel® Evo™
platform
intel
evo
CORE PRO
17","(728, 90)"
"June
UP TO 50% OFF
SHOP NOW","(300, 250)"
"THE SPIRIT OF COCKTAILS & CULTURE
LIKE US ON
FACEBOOK","(970, 90)"
"THE SPIRIT OF COCKTAILS & CULTURE
supercall
FOLLOW US O
@SUPERCALL","(970, 90)"
"S
SUPERVIEW
SUPERCARS
NEVER MISS
ANOTHER LAP
STREAM QUALIFYING
& RACES LIVE IN HD
NICO
Red Bull
Holden
mtas supe
SUBSCRIBE NOW >
*Only available to residents outside of Australia and New Zealand.
D
de
per","(300, 250)"
"Nothing
patagonia escapes a
Black Hole®
E
patagonia
Explore","(728, 90)"
"SWIMOUTLET
Free Shipping on $49+
Shop Now","(728, 90)"
"CATHLAB
FORUM
VISIT PAGE →→","(728, 90)"
"TEK HDMI 2.1
HDMI
LATRA
CERTIFIED
CABLE
RE
DO
GROK
NOW
AVAILABLE
IN 1.8
METRES
ARC VAR
HDR
DYNAMIC HOR
8K 4K
60HZ 120HZ
EXCLUSIVE TO JBHI-FI","(300, 250)"
"TCL20R5G
""TCL brings 5G to even more
customers.....
Stephen Fenech, techguide.com.au
L","(300, 250)"
"The cloud hub:
From cloud
chaos to clarity
Learn more
Infosys
IN PARTNERSHIP WITH cobalt","(300, 250)"
"MIT
Technology
Review
EmTech
Digital
Join us
March 29-30, 2022
Register now","(300, 250)"
"tennis tennis
tennis tenn
tennis tenny
Fennis
ennis
nis
DOWNLOAD THE NEW TENNIS.COM APP
Download on the
App Store
GET IT ON
Google Play
ten
ten
ten","(970, 90)"
"(((Siriusxm)))
LISTEN
FREE
EVENT
-NOW THRU DEC 6
BIOA
LISTEN NOW
BEATLES
Justin Bieber
pandora
Now
Kelsea Ballerini
on
Shighway","(300, 250)"
"LAW PAY
GET STARTED
NO MONTHLY FEE 'TIL 2023
OFFER ENDS
NOV 30
STATE
IN
BAR OF
LETE
BENEFIT
PROVIDES","(728, 90)"
"detproperty
Looking for your dream home
in the UK?","(300, 250)"
"ZOLUCKY
Soft.clouds
FREE
SHIPPING
SHOP NOW","(300, 600)"
"HOW
TO
UNDERSTAND
THE
LIMITS OF
PRESIDENTIAL
POWER
CONTESTED
GROUND
DANIEL A FARBER
A timely
investigation
that makes sense
of the heated
debates about
the limits on
presidential
power.
UNIVERSITY
of CALIFORNIA
PRESS
0:","(300, 250)"
"All the money skills you need
to be a functional adult
READ MORE
the balance","(728, 90)"
"MEMBERSHIP CAMPAIGN
100% Local,
100% Essential
Join Now
EVERY DOLLAR MATCHED
THE CITY","(970, 250)"
"mil
Allt
MEDIA SONAR
He
4**
GET ACCESS
OSINT FOR SECURITY POI
Step-by-step processes for
performing OSINT investigations","(300, 250)"
"FEVER DREAMS
Twisted tales of the new American right.
New podcast episodes every Wednesday.
LISTEN NOW
DAILY BEAST","(728, 90)"
"ASKING
FOR HELP
CAN BE HARD.
BUT, YOU'RE
NOT ALONE.
• ADDICTION
RECOVERY
• COUNSELING
• THERAPY FOR
ALL AGES
WE ACCEPT
MEDICAID
Aurora Mental Health Center
Live Life to the Fullest
GET HELP TODAY","(728, 90)"
"THE DAILY SHOW
WITH TREVOR NOAH *
THE LATE SHOW
* WITH STEPHEN COLBERT
(
THE LATE LATE SHOW
WITH JAMES CORDEN
Paramount +
TRY IT FREE","(728, 90)"
"pick
of the
litter
Find your perfect match >","(970, 90)"
"OCBC Bank
Enjoy a flat fee of RM5 when you transfer
business funds in SGD with OCBC Flash
MYR
SGD","(728, 90)"
"CLOVER II
2-STOREY LINK HOMES
22' x 70' 2,586 sq.ft.
641","(320, 50)"
"LO
GAMUDA LAND
Take Your
Lens Best Shot
Photography Contest","(728, 90)"
"JUN
ATTRACT MORE BUSINESS
ADVERTISE HERE
ISTARI","(970, 90)"
"СВРА
BOND PRICING AGENCY MALAYSIA
The market reference point for
Malaysian Bond and Sukuk data
since 2005","(300, 250)"
"BOOSTER
360° Ultimate Home Booster!
GAMUDA LAND","(320, 50)"
"DDMV7
NEW COBALT / FDE FINISH
DA
DANIEL
EFENSE
werdens
3 Months Interest Free Financing*
*Not all offers are 3 months interest free. Subject to credit approval.","(300, 250)"
"Label from
anywhere
Design labels anytime, on any device
FACTORY.COM
BARCODE
18
ZEBRA
Get started >","(728, 90)"
"Suburban Medical Group
Affiliated with Suburban Community Hospital
WELCOME
Mohamad
Taha, M.D.
Interventional Cardiologist
CALL (610) 290-4270
LEARN MORE
www.suburbanhosp.org
Suburban
Medical Group
Cardiology
Department","(300, 250)"
"Suburban Medical Group
Affiliated with Suburban Community Hospital
WELCOME
Mohamad
Taha, M.D.
Interventional Cardiologist
Suburban Medical Group
Cardiology Department
CALL (610) 290-4270
LEARN MORE
www.suburbanhosp.org","(728, 90)"
"Trial a breakthrough
learning programme for
your child ... and pay
nothing for 14 days!
TheSchoolun.com","(300, 250)"
"ENJOY OUR
BLACK
FRIDAY
CYBER SALE
SAVE UP TO 40%
BOOK NOW
CQ
CLUB
QUARTERS
HOTELS","(300, 600)"
"I Love Wasting
Time On
Lackluster Leads.
Said No One Ever.
Learn More
demandscience
intelligence","(160, 600)"
"HOGAN
Ultimate
Guide to
Personality
Tests
Learn More","(300, 600)"
"PRACTICE Ignition
Stop chasing
your clients
for payments
> Find out more
28","(300, 250)"
"s
FREE TAX STAMPS FROM
SILENCERSHOP FOR YOUR
SOCOM RC2 762","(970, 250)"
"FREE TAX STAMP
silencershop.com","(300, 250)"
ALL I WANT FOR,"(300, 600)"
"Ghilise
Follow us
on Instagram","(970, 90)"
"LAMPS PLUS
Let
yourself
shine.
SHOP NOW","(300, 250)"
"ESS
WORLD SER
11)
AMERICAN EXPRESS
EXPERIENCES
b
CAN YOU HEAR THAT?
LIVE MUSIC
IS CALLING.
American Express Cardmembers,
get tickets now!
CAN E
A
LEARN MORE","(300, 600)"
"044)
$1
JustFashion Now
UP TO
45% OFF
SHOP NOW","(728, 90)"
"THE INN BETWEEN
of Longmont, Inc.
HOUSING
SUPPORT
STABILITY
Give the Gift of Home
Colorado Gives Day
Tuesday, December 7th
HOME
SAFETY COMFORT DIGNITY
RESPITE HEALTH LOVE
Schedule a donation
TODAY!
COGIVES.ORG/THEINNBETWEEN","(300, 600)"
"JustFashion Now
SO WHEN IS THIS
""OLD ENOUGH TO
KNOW BETTER
SUPPOSED TO KICK IN
THAT'S WHAT100
I GRILL
I DRINK
AND KNOW
THINGS
UP TO 50% OFF
SHOP NOW","(300, 600)"
"Online Master's in Nutrition and Dietetics
Earn up to 9 credits with prior learning experiences
Learn More
BALL STATE
ONLINE","(728, 90)"
"EXPAND YOUR
PRACTICE
WITH ACCESS
TO 1,000+ DIAGNOSTIC
LABS AND PHYSICIAN
CO-SIGNERS
LEARN MORE →
@wellevate
by emerson ecologics","(160, 600)"
"Pendulum
Emerging
Research Links
Gut Microbiome
Alterations
with Metabolic
Syndrome
LEARN MORE
Clucose
Control
Purd","(160, 600)"
"Pendulum
ADVERTORIAL
Emerging Research Links
Gut Microbiome Alterations
with Metabolic Syndrome
LEARN MORE","(300, 250)"
"TRAILER PARK
TRICKSTER
DAVID R. SLAYTON
The new
fantasy novel
from
David R. Slayton
Read Now
10","(300, 250)"
"LILICL TH
BLACK FRIDAY
SALE
UP 70% OFF
AFTER GOD
MADE ME HE SAID
TA DA
SHOP NOW","(160, 600)"
"LILICL TH
I
In my mind
am still 29,
but my back is 54,
my knee is 63,
and my right hip
turns 76 next week!
I'M THE
Youngest
Sister
RULES DON'T
APPLY TO ME
2021 BLACK FRIDAY
FROM $3.99","(160, 600)"
"I'M NOT A
PERSON YOU
SHOULD PUT ON
SPEAKER PHONE
IT'S BEGINNING
TO LOOK A
LOT LIKE
I NEED A DRINK
LILICL TH","(160, 600)"
"LUXURY, FOR ADULTS ONLY.
FALL BACK
INTO
TRAVEL
SAVE
UP TO
$40%
+
US$1,500
RESORT CREDIT
TRS
TURQUESA
HOTEL
LEARN MORE","(300, 250)"
"TRAVEL
PULSE
The Smart Way
to Plan a Family
Vacation is with a
Travel Advisor
LEARN MORE","(300, 250)"
"TRS
TURQUESA
HOTEL
FALL BACK
INTO
TRAVEL
$40%
SAVE
UP TO
$1500
RESORT CREDIT
LEARN MORE","(160, 600)"
"YOUR CONNECTION
TO THE WORLD
Don't fight the drive to Pittsburgh,
fly United out of your hometown airport.
Book today at flyjst.com
JOHNSTOWN
airport
ÚNI
UNITED
Flights operated by Skywest Airlines
f","(300, 250)"
"MEMORIAL
WINDBER &
SOMERSET
HIGHWAY
CHEVROLET
SHOP OUR INVENTORY","(300, 250)"
"YOUR CONNECTION
TO THE WORLD
Don't fight the drive to Pittsburgh,
fly United out of your hometown airport.
Book today at flyjst.com
JOHNSTOWN
airport
UNITED
Flights operated by Skywest Airlines
f","(728, 90)"
"Excellence in
Breast Care
Now Offering Mammograms
on Saturdays in Troy
ST PETER'S HEALTH
PARTNERS
Breast Care
A Member of Trinity Health
Click for more information","(300, 600)"
"We are
thankful
you
for
ARROW
Financial Corporation
Our Family of Companies
Glens Falls National
Bank and Trust Company
SARATOGA
BANK & TRUST COMPANY
NATIONAL
UPSTATE
AGENCY
INSURANCE
Learn more","(300, 600)"
"Having someone to count on makes all the difference.
Get the strength and support you need.
OCDKGlobal.
Let's talk","(970, 90)"
"¡COMIENZA TU MES GRATIS
DE CLUB PREMIUM!","(300, 250)"
"THERMO COOL
THERMAL SOLUTIONS EXPERT
Learn More Now >>
WHERE
50-
-06
EXER","(300, 600)"
"EDSFF E1.S for Edge Server
Density and Flexibility.
> Learn More
KIOXIA
KICXIA Center XD","(300, 250)"
"QUANDO VIENI DAL NULLA DEVI LOTTARE PER TUTTO
ZLATAN
RAHIMOV
9
CINEMA
FESTA
DEL CINEMA
DI ROMA
DALL'11 NOVEMBRE AL CINEMA","(300, 250)"
"Munic
STILL
HANDMADE
BY CHRIS.
D-35
000000
Martin & Co
EST.","(160, 600)"
"An Easy Way to Make
Family Time a Priority from
Advent through Epiphany
ME
AgaCh
121
and
HP 25
expl
The ide
Learn More
Families Celebrate
2013023
Art&Cristas","(300, 250)"
"Urol
CHIN
NEUR
BLAD
Urolo Urol
PRE
14
FAST
CAN
ww
UROLOGYHEALTH
extra
Helping You
Through Change
www
da b
Wor","(300, 250)"
"HIT BY A TRUCK?
444-4444
DAVIS LAW FIRM
davw.com HARLINGEN MCALLEN BROWNSVILLE SAN ANTONIO
JEFF'S HERE
WRONGFUL DEATH/COMMERCIAL VEHICLE ACCIDENT
RECENT
RESULT $6 MILLION
NT $3,509,864
TO
CLIENT:
U
arey onsultation by appointment only","(728, 90)"
"HIT BY A TRUCK?
JEFF'S
HERE
U
consultation by appointment only
WRONGFUL DEATH / COMMERCIAL VEHICLE ACCIDENT
DAVIS RECENT $6 MILLION
RESULT:
LAW FIRM
$3,509,864
HARLINGEN
MCALLEN
BROWNSVILLE
SAN ANTONIO
444-4444
TO
NEN:
CLIENT:","(300, 250)"
"Corwin
$1,000 INSTANT SAVINGS
when you buy now or preorder your new 2022
CHRYSLER
M
DODGE
Jeep
BLACK
FRIDAY
SALES EVENT","(728, 90)"
"Vegas INSIDER
Watch & Win
LIVE DAILY INSIDER
WITH KEVIN ROGERS
WATCH LIVE
12PM ET Monday - Friday
CHANCE TO WIN PRIZES
FREE PICKS","(728, 90)"
"BOSE
The world's most effective
noise cancelling.
BOSE QUIETCOMFORT EARBUDS
SHOP NOW","(728, 90)"
"NOVEMBER DEAL
Club Level
Standard
Rooms
from
BOOK
NOW!
Suites
119
$
from
RAMADA
PLAZA RESORT & SUITES
International Drive - Orlando","(300, 250)"
"DAN'S COMP
YOUR SOURCE
FOR ALL THINGS BMX
SHOP NOW","(728, 90)"
"mongoose
LEGION L500
PAT
CA SEY
SHOP NOW","(728, 90)"
"UNIQUE.
LOCAL. BOOK.
VALLEY MEMORIES
WHEN DISASTER STRIKES IN THE UPPER VALLEY
Very News
VALLEY MEMORIES
WOOLWORTH'S
Get this hardcover book
while supplies last!
CLICK HERE TO BUY
PRESENTED BY
VZN
VALLEY NEWS
BUILDING SUPPLY, INC.","(300, 600)"
"& WORLD BEFORT
INVESTED
10
244,00
10 55.00
Sign Up For the Invested Newsletter
Delivered Daily by U.S. News Editors
Invested provides investors with advice, rankings
and stock market news.
Sign Up","(728, 90)"
"The
Brief
from
WABE
Listen Now
Wherever you get your podcasts","(300, 250)"
"Listen Now
The Brief
fron WA BE
Wherever you get
your podcasts","(320, 50)"
"DOWNTON ABBEY
THE EXHIBITION
NOW OPEN IN ATLANTA
AT PERIMETER POINTE
BUY TICKETS","(728, 90)"
"Living
WEINES
WEDNESDAY
TUNE IN
WED. - 3PM
SPONSORED BY
Gi
for
Kids","(728, 90)"
"WELLNES
WEDNESDAY
RATINGSUT
TUNE IN
WED.-3PM
SPONSORED BY
Si
The Kids","(300, 250)"
"WAVES Adopt an Angel
this Holiday
NEWS
SPONSORED BY
angel tree Campbellsville
DOING THE MOST GOOD
Louisville Education Center","(728, 90)"
"WESTHERR
NEW YORK
SUBARU","(300, 250)"
"SCOTT
CLARK
TOYOTA
S
2021 Highlander
Hybrid
LEARN MORE","(728, 90)"
"It's beginning to look a lot like
Christmas Magic
FRIDAY, DEC. 3
DOWNTOWNFLORENCE","(728, 90)"
"HERE COMES
Santa Claus
Friday, December 3
News 13
Coverage You Can Count On
DOWNTOWN
Christmas Magic
DOWNTOWNFLORENCE","(300, 250)"
"OUR COUNT DOWN MAKE YOUR BEST DEAL ON ANY RETAIL ORDERED
$1
TO 4,000 IS ON! NEW or PREOWNED SNOW
TIRES
Lamolile Valle
CAR, LIGHT TRUCK OR SUV AND WE'LL INCLUDE
4 BRAND NEW SNOW TIRES INSTALLED FOR JUST $1!
GET THIS
DEAL TODAY!","(728, 90)"
"Register for Spring at DACC
$600 OFF Full-Time Tuition
www.daccedu/explorespring22
Danville
Area
Community
College","(728, 90)"
"Find Your Future
at DACC!
Register for Spring!
Save $600 OFF
Full-Time Tuition!
www.daccedu/explorespring22
Danville Area
Community College
W
DALC","(300, 250)"
"The Good Feet Store
LEARN MORE","(300, 250)"
"Free Removal
Old Furniture
Haul Off
LINDERMAN'S
FURNITURE
Free
Delivery
Free
Mattress
Disposal
80 North Three Notch Road
Ringgold, GA
lindermansfurniture.com","(300, 250)"
"THANKFUL
FOR THEM?
REMIND THEM TO
BUCKLE UP.
BUCKLE UP
TENNESSEE
EVERY TRIP EVERY TIME","(300, 250)"
"THANKFUL
FOR THEM?
REMIND THEM TO
BUCKLE UP.
TENNESSEE HIGHWAY SAFETY OFFICE","(300, 250)"
"Better hearing
means...
you may not agree with the call
but at least you'll hear it.
Hearing
Wellness Center
Call today to start
your 2 week demo!
Let us help you
Hear Well ™
Click here
to learnmore.","(728, 90)"
"LEAD
SUSTAINABLE CHANGE
100% ONLINE
M.S. SUSTAINABLE MANAGEMENT
UNIVERSITY of WISCONSIN
GROW HERE >
GREEN BAY","(728, 90)"
"Celebration of
Life Center
CHIPPEWA VALLEY
CREMATION SERVICES
Assure Yourself Peace of Mind.
Begin Your Pre-planning Today.","(728, 90)"
"TOM'S SOUTH CORNING COLLISION
Where they meet their customers by accident
CALL: (607) 962 3050","(320, 50)"
"TOM'S SOUTH CORNING
COLLISION
Where they meet their
customers by accident
CALL: (607) 962 3050","(300, 250)"
"LET'S TALK WEATHER
WITH JOE VERES
AND WENY
NEWS
Sponsored By:
CM
ATTENTION EDUCATORS!
WANT TO LEARN MORE?
CLICK HERE FOR DETAILS!
CAMERON
Manufacturing
& Design","(728, 90)"
"foodbank
of the Southern Tier","(728, 90)"
"Home Equity
Line of Credit
Use the funds for
Renovations
Large Purchases
Expenses
& more!
LENDER
Member DIF
Member FDIC
Learn More
Monson Savings
Your Bank Forever","(300, 250)"
"930.
WFMD Get our official mobile app!","(728, 90)"
"BE
PART
OF
000
00000
00000
0000
LANCA C
COMMUNITY
Rodgers & HIGH
Associates FOUNDATION
YEARS!
THE EXTRA
ORDINARY
IVE
NOVEMBER 19
EXTRAGIVE.ORG
00","(300, 250)"
"ANNUAL
CUP
BIG
TURKEY
Y TROT
IRONWOOD
GOLF COURSE
2021
CLICK FOR DETAILS
SATURDAY
NOV.
20
SHOTGUN START
10A.M.","(300, 250)"
"Museum Member
Appreciation Weekend!
Thurs., November 18 through Mon., November 22
CDM
$20 OFF
Memberships
20% OFF
Museum Store
children's
discovery
museum
Childrens Discovery Museum.net","(300, 250)"
"KOREAN FOOD
FEEL AT HOME WITH THE
TASTE OF KOREA
LEARN MORE
Korea Agro-Fisheries & Food
Trade Corporation
MART","(728, 90)"
"ANNUAL
22ND
WA
WHATSONSTAGE
AWARDS
YOU DECIDE THE SHORTLIST
NOMINATE NOW","(300, 250)"
"WA
YOU DECIDE THE SHORTLIST
NOMINATE TODAY","(728, 90)"
"ON SALE NOW
BRIGHTON & HOVE
Premier WEST HAM
League
UNITED
Wed 1 Dec 7.30pm
LONDON
ALBION
way
SCO
BUY
NOW","(970, 250)"
"MISTHAM
v BRIGHTON
Wednesday 1 Dec 7.30pm
BUY
NOW","(320, 50)"
"Support Your
FORECAST
ON X BACKCOUNTRY
Support Your Forecast","(300, 250)"
"G3
Stop wasting energy.
G3 UNIVERSITY
ALPINIST
E","(300, 250)"
"WINK AT 3
THE PLACE TO BE
AT THREE","(970, 90)"
"Health Care
Heroes Awards
NOMINATION DEADLINE: November 19th
REGISTER HERE","(300, 250)"
"MERCURY
GO BOLDLY.
Connect
Your Boat
MERCURY VESSELVIEW MOBILE
LEARN MORE","(300, 250)"
"Q
- Out
Sa
MERCURY VESSELVIEW MOBILE
Connect Your Boat
LEARN MORE
MERCURY
GO BOLDLY","(728, 90)"
"WIRED2fishTV
All your favorite fishing shows
streaming 24/7
watch on PLEX
download on Roku","(728, 90)"
"INDY
Home FOR TH
Style HOLIDAYS
$300
SPONSORED BY:
SHOPPING
SPREE or
Bailey & Wood
MORTGAGE LENDER
Mortgage or Rent
PAID IN 2022
ENTER TO WIN","(728, 90)"
"Stale
Style
Home FOR THE
HOLIDAYS
$300 SPREE
or
SHOPPING
Mortgage or Rent
PAID IN 2022
SPONSORED BY:
ENTER TO WIN
Bailey & Wood
MORTGAGE LENDER","(300, 250)"
"FLORIDA
Lottery
So
SO MUCH
GIFT
GOLD
RUSH
VAND
NOW WITH
BONUS PLAY
LEARN MORE","(728, 90)"
"4
AxioFitness
15% off
any Training Package
for November
AxioFitness.com
330-718-8009","(728, 90)"
"k
AxioFitness
15% off
any Training Package
for November
AxioFitness.com
330-718-8009","(300, 250)"
"HINDS COUNTY
SHERIFF
RUNOFF DEBATE
PART 1 - 6:30PM ON WJTV
PART 2 - 7:00PM ON WJTV.COM
THURSDAY | NOVEMBER 18
MODERATED BY BYRON BROWN
Marshand Crisler & Tyree Jones
d2
NEWS","(728, 90)"
"TREVECCA
NAZARENE UNIVERSITY
HEROES TRAIN HERE.
Prepare to succeed
through service
with a master's in
public administration!","(728, 90)"
"Kosair Charities Pie Auction on November 21
Brunch and bottomless & mimosas
Buy Tickets
Presented by: Benefiting:
MISTER
""P""
EXPR
INC.
KOSAIR
CHARITIES","(728, 90)"
"Letters to Santa
Beau Rivage
ALPHA
CARE
Pediatric Dental dying Hearts
UNCA
RESORT & CASINO. BILOXI
Champion
CLINT
ENTER NOW
Cypress Lous
(462)
€139","(728, 90)"
"Keep your car,
move your loan
and save!
Cinfed will beat your
rate by up to
APR*
10
FIND OUT MORE
CINFED
CREDIT UNION","(300, 250)"
"Hunger
To
Hope
GIVE
NOW
cen ral union
MISSION","(160, 600)"
"$25 Buys 1 Bag of Food
Hunger To Hope","(300, 250)"
"A THANKSGIVING DAY
TRADITION CONTINUES!
TURKEY BOWL
weis
Prof
<*>
Charles A. Klein & Sons, Inc. BROOKS FINANCIAL GROUP
TURKEY BOWL 101","(728, 90)"
"Sofia's path to HaPiness starts
with a health plan that puts her
well-being first.
Harvard Pilgrim
Health Care
a Point32Health company
ENROLL TODAY","(728, 90)"
"Christmas
Wishlist
4 Bedrooms
3 Bathrooms
Hardwood Floors
Bonus Room
Walk-In Shower
Call Off Road Realty","(300, 600)"
"Off Road
Count your blessings
CALL US","(728, 90)"
"localsolutions
POWERED BY COX MEDIA GROUP
Digital Marketing Solved.
GET A FREE
ONLINE
PRESENCE
REPORT NOW! >>","(728, 90)"
"Auto Loans
>>Low Rates
>>Local Decisions
Done Right! >> Easy Online Process
NCUA
А
ADVENTURE
CREDIT UNION
Learn More>>>","(728, 90)"
"Your Trusted
Financial Guide
A
ADVENTURE
CREDIT UNION
NCUA","(300, 250)"
"⑤.
SAMES
KREMLIN
FSTART GUN RANGE
AIRSPRAY MANUAL GUNS
Suction | Gravity | Pressure
NEW","(970, 90)"
"Take a Tour of the
THERMWOOD
Cut Center","(300, 250)"
"Woodworking
Network
Podcast
LISTEN NOW","(300, 250)"
"DRAWER
CONNECTION, INC
""Get Connected With Quality""
WE ARE A VETERAN OWNED COMPANY
QUALITY DOVETAIL & DOWEL DRAWERS
24/7 ONLINE ORDERING
DRAWERCONNECTION.COM 1877.917.4887","(300, 250)"
"Leo Castaly
Website: www.castaly-cncmachine.com
E-mail: info@castalymachine.com
Woodworking | CNC Equipment
Perfect line of Quality Woodworking
Machines with a small investment!
We have solutions to fulfill all your needs!","(300, 600)"
"West Virginia's First Waffle and Soda Bar!
The Swaffle Shack 419 VIRGINIA STREET WEST
CHARLESTON","(728, 90)"
"West Virginia's First Waffle and Soda Bar!
The S'waffle Shack
419 VIRGINIA STREET WEST
CHARLESTON
304-754-2090","(300, 250)"
"St. Kitts
follow your heart
Awake
your sense of
WANDER
LET'S GO","(728, 90)"
"wil
LIGHT OF LIFE
RESCUE MISSION
WHERE HOPE AND HEALING MEET
Thanksgiving
Meals
For Families
In Need
Cares
64 LUMBER CLEARVIEW DLC
Gateway
Health","(300, 250)"
"Midwest
OMPLETE
ONSTRUCTIONuc
Happy
Thanksgiving
This year and every year we are very thankful
for our customers, suppliers, and employees.","(300, 250)"
"CHATTANOOGA
DENTAL CARE
BEATION AND CENTRAL DINTRE
NEW PATIENT SPECIAL
Schedule and
receive FREE
whitening for life
with regular visits!
SCHEDULE NOW!
Maser","(300, 250)"
"CHATTANOOGA
DENTAL CARE
SITION AND CENTRAL ENTRY
SAY GOODBYE TO
DENTAL ANXIETY WITH
YOUR SEDATION
DENTISTRY EXPERTS
SCHEDULE TODAY","(728, 90)"
"TRUIST HH
Z LIGHTS NOV-DEC
WE HAVE TONS OF LIGHTS
SELECT TICKETS AT MEMPHISZOO.ORG","(728, 90)"
"WE HAVE TONS
OF-
LIGHTS
TRUIST H
ZO LIGHTS
NOV-DEC SELECT NIGHT'S
TICKETS AT MEMPHISZOO.ORG","(300, 250)"
"BLACK FRIDAY SHOWER SALE
PA
ALL WALK-IN SHOWERS
FREE INSTALLATION
LEARN MORE
WEST SHORE
HOME","(300, 250)"
"more answers
to your COVID-19
vaccine questions
Hartford
HealthCare","(300, 250)"
"Personalized primary care
'Bon Secours
VISIT BONSECOURS.COM/PRIMARYCARE","(728, 90)"
"MATHENY
Join Us in Remembering
Everyone Deployed.
Pick up your Wear
Red bracelet today.","(728, 90)"
"MARED2 fish
All your favorite fishing shows streaming 24/7
watch on PLEX download on Roku","(300, 250)"
"Have a Heart,
Fill a Cart!
ELM CITY Give to a Family in Need!
MARKET
$10 $20 $50","(728, 90)"
"Let us help you.
Holiday
Catering.
ELM CITY
MARKET","(300, 250)"
"Bigy
SACKHUNGER:
Help our food banks...
donate today","(728, 90)"
"pick up
a copy of
Digia
the BIG Y
MAGAZINE
Bigy
IN STORES
TODAY!","(728, 90)"
"Callaway
Resort & Gardens
Fantasy in Lights J
FEATURING
ALL-NEW CALLAWAY CHRISTMAS VILLAGE.
NOV. 19 - JAN. 3","(728, 90)"
"AllSouth
URGENT CARE
E-Visits Now Available","(300, 250)"
"For when a little water damage
feels like a monsoon.
Alfa Insurance ALEA
BASED
FIND AN AGENT","(728, 90)"
"Raleigh
General
Hospital
Ri
The only Level III Trauma
Center in the Region
Click Here","(728, 90)"
"The only Level III Trauma
Center in the Region
Raleigh
Ri General
Hospital
Click Here","(300, 250)"
"TIMELESS
GIFTS
SHOP NOW
The
AZERAC
HOUSE","(300, 250)"
"Christwood
Retirement Community
on the Northshore
Enjoy what
matters
to you
LEBRATING
$25
YEARS
CHROOD","(300, 250)"
"OPERATION
UNITE
Providing Southern and Eastern Kentucky with:
Youth Drug Prevention & Education
Initiatives, Treatment Vouchers & Helpline
LEARN MORE
866-678-6483
Operation UNITE.org","(728, 90)"
"OPERATION
UNITE
Providing Southern and
Eastern Kentucky with:
Youth Drug
Prevention
& Education
Initiatives,
Treatment
Vouchers
& Helpline
▸ LEARN MORE
866-678-6483 Operation UNITE.org","(300, 600)"
"Small but mighty.
The world's smallest HSM secures
modern infrastructures
Download the white paper >
yubico","(300, 250)"
"FROM THE
PRODUCERS
OF SHTISEL
AND FAUDA
ASYLUM
CITY
NOW
STREAMING
ONLY ON
CHAIFLICKS","(160, 600)"
"Inquire about our Life Care Contract or Upcoming Events. tul
Village
The.
An Island Gem. A Retirement Treasure.
Island Living
Reinvented
Call 1-941-275-2598 or visit www.VillageOnTheIsle.com/details","(728, 90)"
"localsolutions
POWERED BY COX MEDIA GROUP
Strategic. Trusted. Solutions.
LEARN MORE >>","(300, 250)"
"240,000+ ARE
FEELING BETTER
AFTER A NIGHT OUT!
The Plug
SHOP NOW","(728, 90)"
"WebMD Symptom Checker
Good for
what ails
you.
Check Your Symptoms","(300, 250)"
"omaze
WIN A $150,000
MERCEDES-AMG GTⓇ
STEALTH EDITION
Enter now
PE
COMAN
3","(970, 250)"
"FIVE
HOLIDAY IN DUBAI
PAY 3 STAY 4
EXTEND THE FUN-
PAY 6 STAY 8
Book Now","(728, 90)"
"NEW ISSUE
Rolling Stone
On Sale Now
Subscribe
FEATURING
Baker Boy:
A Yolnju
State of
Mind","(970, 250)"
"FREE Subscription Gift*
Rolling Stone
Subscribe
today.
Dime
JSkullcandy
""While stocks last
free
wireless
earbuds
WORTH
$69.95","(300, 250)"
"FREE GIFT
free* Dime
wireless earbuds
WORTH
$69.95
Skullcandy
Subscribe
*While stocks last","(300, 600)"
Leather Design 11.11 Banggood,"(300, 600)"
"I'm Baking
COOKIES
For A CURE
So can you!
cookies
for kids' cancer
Haldora, 11
Cancer Survivor","(300, 250)"
"COUPONS
AVAILABLE
Save Now
Coupert","(300, 250)"
"Amortgage.net
Today's Refinance Rate
1.997%
APR 15
YR FIXED
TERM
NO REGISTRATION, NO LOGIN REQUIRED
Calculate Payment
-Terma & conditions apply. NMLS #1912050 (nmisconsumeraccess.org).","(728, 90)"
"Follow us on
TWITTER
for Philippine news and info
Sopa
INQUIRER.NET","(300, 250)"
"WORKSHOP
OS IMPACTOS DA PANDEMIA
NAS RELAÇÕES DE TRABALHO
18
nov 15h30
10h
às
EVENTO
GRATUITO
SAIBA MAIS","(728, 90)"
"msi
VO
newegg
83
F75 Thin
2021
HOLIDAY
SALES
(intel)
CORE i7
> BUY NOW
Powered by 10th Gen.
Intel® Core™ i7 processor","(970, 250)"
"Click on to see your
lucky number
for the day
m
8
ħ","(728, 90)"
"FESTIVE SEASON SALE
UP TO 80% OFF
WTH
ChicMe SHOP NOW >","(300, 600)"
"June
UP TO
50%
OFF
SHOP NOW
1","(160, 600)"
"Charles Daly
The Shooting Sports Specialist™
Model 601
Mossy Oak Bottomland
VERSATILE & AFFORDABLE
Semi-Auto Shotguns
VIEW ALL MODELS","(300, 250)"
"[NEWSNATION]
MORNING in
AMERICA
WEEKDAY
MORNINGS
7a/6C","(728, 90)"
"Find the Best Hotel For
Your Next Adventure
us.News
Search Now","(300, 250)"
"msi
2021
HOLIDAY
SALES
BUY NOW >
intel.
CORE
17
Powered by 11th Gen.
Intel® Core™ i7 processors","(160, 600)"
"OSI
the
Saf","(336, 280)"
"Perfect
Gifts
FOR THE
HOLIDAYS
NHLSHOP.COM
A Fanatics Experience
}}]
SHOP NOW","(300, 250)"
"Easy to use:
XRAY Take notes, screenshots
and record videos
Free Exploratory Testing App
TRY NOW","(970, 90)"
"A
L
WINDSOR'S
LOCAL
BREAKING
NEWS
ⒸTV
DOWNLOAD THE APP NEWS","(300, 250)"
"COUPON
CODES
AVAILABLE
GET CODES
Capital One Shopping
The Coupon-Finding
Browser Extension","(160, 600)"
"LILICL TH
thillin With My
GNOMIES","(300, 600)"
"Wheel of Time Wiki
Explore the world of the
Amazon Original on Fandom.
LEARN MORE
Presented By
prime video","(970, 250)"
"C
Wheel of Time Wiki
Explore the world of the
Amazon Original on Fandom.
LEARN MORE
Presented By
prime video","(300, 600)"
"A
Lakeland
Symphony
Orchestra
ARTS
AXIS
FLORIDA","(300, 250)"
"Stories
of Strength
Watch and take action.
Bay Care
in our","(300, 250)"
"WUSFS FOOD PODCAST
the
zest
podcast
Sponsored by
Seitenbacher
Season 4 Now Streaming","(300, 250)"
"Helios
Education Foundation
Partnerships
That Drive
Equity
MENT
MORE INFORMATION","(300, 250)"
"Become a
wusf
Corporate Sponsor
Contact us today
wusf","(300, 250)"
"THE FASTEST & SMARTEST WAY
TO SHOP FOR YOUR NEXT VEHICLE
BEAVER TOYOTA
BEAVER
Direct
GET STARTED","(300, 250)"
"DONATE
TODAY
HELP ST. VINCENT DE PAUL FEED
OUR COMMUNITY THIS THANKSGIVING
TURKEY
TUESDAY
THE SOCIETY OF
ST. VINCENT DE PAUL
FEER CLOTHEHOUSE NEW
RedBird","(300, 250)"
"TODAY
IN AZ
12NEWSL
weekday
mornings
4:30-7A","(300, 250)"
"It's a great
time to sell
FIND AN AGENT TODAY
REIN
.com","(300, 250)"
"FINAL FANTASY.VII
THE FIRST SOLDIER
Pre-register Now
ⒸSQUARE ENIX Powered by ATEAM","(300, 250)"
"MD MCLARTY DANIEL
A FAMILY OF DEALERSHIPS
Jeep GMC @CK
BEST SELECTION IN
NORTHWEST ARKANSAS
8","(300, 250)"
"MD
MCLARTY DANIEL
A FAMILY OF DEALERSHIPS
DODGE Jeep RAM FIRE
GMC BUICK
Crois
vorm
Ford
BEST SELECTION
IN NORTHWEST
ARKANSAS","(300, 600)"
"PREMION
ONE SOLUTION. EVERY ADVANTAGE.
Leading the
Evolution in Local
OTT & CTV Advertising
125+ BRANDED NETWORKS. CTV CENTRIC
NO OPEN EXCHANGES
LEARN MORE ▸","(300, 250)"
"axiom
Spiking legal needs?
Easily access our network of highly
credentialed lawyers.
SEARCH OUR NETWORK →→","(300, 250)"
"MALCO
wwwwwwww
Give the Gift of Entertainment
THE PERFECT GIFTS FOR MAKING MEMORIES!
MALCO
THEATRE
MALCO
FREE
Gourmet
POPCORNORM
MOVIE
click to purchase
urmet
VIE","(728, 90)"
"Carrier
Timberline Turn to the experts
HEATING & AIR CONDITIONING
Don't get caught
in the COLD
this holiday season.
Schedule a tune-up and duct cleaning
INA"" RO
CONTACT US
TimberlineHVAC.com
Timberline
530-221-2222","(300, 600)"
"SOHNREY
PAMED FOODS
Local Holiday Gift Baskets
from Sohnrey Farms!
ON SALE NOW!
SHOP NOW","(728, 90)"
"R-1234yf
Get Real. Get YF. Automotive
Refrigerant
Opteon YF
LEARN MORE","(320, 50)"
"Home care
providers are
helping seniors
remain safely
in their home.
Get In-Home Care","(300, 250)"
"2022
MARCH 10-12
NEW ORLEANS
THE FUTURE IS
IN YOUR HANDS","(300, 250)"
"N PIVOT BIO
Growing healthier crops
with microbial nitrogen
and zero climate impact
LEARN HOW","(300, 250)"
A modern-day farm policy,"(728, 90)"
"Learn more →
Driving readiness
and modernization
BAE SYSTEMS","(970, 250)"
"00
Conversations, made better: Level
up your site's comments section
INSTICATOR
Chad Chairs
The absolute best Christmas
at our doorsteps
Des Chilla
PROMOTER
Learn More","(728, 90)"
"Think.
Experience.
Invent.
In person
HE
Study in
Israel
ENGAGE IN EXCELLENCE","(728, 90)"
"Want to help bring the news
to your community?
we're
gray hiring.
BROWSE CURRENT JOB OPENINGS >
We are a COVID Safe Workplace.","(300, 250)"
"ROSELINLIN
211
UP TO
80% off
SHOP NOW","(300, 600)"
"allkpop
NO FUN
BTS
THE
HOTTEST
KPOP
MERCH
FACK
AAST
2005
CLICK
THERE","(300, 250)"
"COUPON CODES
AVAILABLE
GET CODES
Coupert","(300, 250)"
"Ease foot pain
with every step
Get 70% off
en.gethypersoft.com","(300, 250)"
"Walmart and Allrecipes are
making mealtime easy.
Walmart
LEARN MORE","(300, 250)"
"ebay
And All
the Top
Deals
<
70% off
Samsung 11.6"" LED
16GB
Chromebook...
$249.99
$72.95
Discover
Deals
ΔΙ","(160, 600)"
"SAVE
THE GIRLS
15
9889
798
280
145
166
HERO
WARS
PLAY","(970, 250)"
"THE
UMBRA TOUR
USA
2021
GRAYSCALE
PRESENTS:","(320, 50)"
"WINI
PLACE
SHOWD
HOLD ALL TICKETS!
Multi
parimutuel
ALWAYS A BEST BET
Old Smokeng
CLICK TO SHOP
M","(970, 90)"
"WORK
PLACES
2022
anmetre
Attract 'perfect-fit' talent.
Be a Top Workplace. Nominate your company
Ⓡ
DEADLINE
NOV
19
TO
AE","(728, 90)"
"Fabuloso
Concentrated Fabric Softener
2 VOLTE
marble
Fabuloso
CONCENTRAD
4.0
11","(336, 280)"
"Home Helpers®
Making Life Easier
Giving Care the Way
You Want to be Cared For.","(728, 90)"
"THE
LORDRINGS
NLPMU. Nie j
988
second
what
2029
9989
SHOP NOW
BOXLUNCH","(336, 280)"
"LLAMAIIIIAAADD
LOS ANGELES INSTITUTE OF ARCHITECTURE AND DESIGN
Architecture Transfer Program
Architecture Graduate (M.Arch) Prep
Interior Design Transfer Program","(728, 90)"
"+IQAir
First in Air Quality
Fan air
purifier
Cool down with
pure, clean air
TWICE
VIP
AWARDA
2019
Learn More","(300, 600)"
"Gigi
/jee-jee/-noun.
1. like a grandmother,
but so much cooler
what up.
GRINCHES
I'M ONLY
TALKING TO
MY DOG
TODAY
LILICL TH","(160, 600)"
"What makes a masterpiece? Find out with
Bank of America's Masterpiece Moment.
Discover more >","(970, 90)"
"Over
50,000
Devices Sold
SHINE
Hey Alexa, Clean The Toilet
SHINE","(970, 250)"
"Wire.RealEstate
D
7
Curbio Forges
Brokerage Partnership
with CityLight Homes ic
curbio
Read More
Advertising Driven Press Release Distribution
www.icrowdnewswire.com","(300, 250)"
"-SALE-
-80%
TELE
ROSELINLIN","(160, 600)"
"Post stuff for sale on Sellwild
EMPIRE
STRIKES BACK
VAR
HARS
Millions of daily visitors see it!","(300, 250)"
"TOP 10
CARS >
RED 2015","(300, 250)"
"Kidde
Make home
safety a holiday
tradition.
SHOP KIDDE >>
ALLE
X
ON","(300, 600)"
"FRAM
Trusted since 1934","(728, 90)"
"Ultra-quiet, hands-free pump
elvie stride.
Take pumping
in your stride","(728, 90)"
"MILK
KONTRO
LEARN MORE >>
NEW STANDARDIZED PRICING
FOR SELECT SIMULATOR MODELS: 172, ARCHER,
SEMINOLE, DA40/42
& MORE TO COME
FRASCA","(300, 250)"
"A
M
1135
ALE FOR
Find the safest
and most efficient
certified solutions
for your aircraft
We'll help you find all the upgrades
and solutions your aircraft needs.
LEARN MORE
Bendix King","(300, 250)"
"WINGS FOR HUMANITY RAFFLE W4H
GRAND
PRIZE
PIPER
COLT
N53027
Only 3,000 tickets will be sold!
$50 for 1 ticket / $135 for 3 tickets
Go to wings4humanity.org or call 1-888-477-8945
SUPPORTING GLOBAL HUMANITARIAN EFFORTS","(300, 250)"
"AVIATION SURVIVAL GEAR KIT Covering the basics of Shelter Fire
LIGHTSPEED
LEARN MORE
- Water
- First Aid
• Rescue","(728, 90)"
"DMind
& the Prince
學習始於日常
語文、情商同成長
....
SING
L IM
&ME!
11","(728, 90)"
"OVERBEACH
SHOE
RETRO STYLE,
MODERN COMBATANT
CLICK FOR DETAILS
CHIE
VERMACY
VIKTOS","(300, 600)"
"OFFICIAL SMOOTHIE OF THE
BALTIMORE RAVENS
MN
RAVENS
INTE
tropical CAFE
ORDER NOW","(728, 90)"
"nako.
Tungsten Weights
No chip 200% Sensitivity
an
10-Piece $3.49","(300, 250)"
"BECKER'S
HEALTHCARE
LOOKING FOR PROCESS
IMPROVEMENT WEBINARS?
Click here to see what's coming
up next from Becker's.
88","(300, 250)"
"Diamond V
I'LL TELL YOU WHAT.
▸ NaturSafe","(728, 90)"
"cryoport
Your Trusted
Breeding Stock
Shipping Solution
LEARN MORE","(300, 250)"
"cryoport
YOUR TRUSTED
BREEDING STOCK
SHIPPING SOLUTION","(728, 90)"
"Diamond V
I'LL TELL
YOU WHAT.
BUT ARE
YOU WILLING
TO LISTEN?
Tell Me More ▸ NaturSafe","(300, 250)"
"OVERLAKE MEDICAL CENTER
& CLINICS
Stay on top of your health.
GET YOUR MAMMOGRAM.","(970, 250)"
"Fuji Arts
Japanese Woodblock Prints
✓ Over 2,500 prints - refreshed daily
✓ Excellent worldwide service
SHOP NOW >","(300, 250)"
"J.Me
UP TO
50% OFF
SHOP NOW","(300, 600)"
"EAGLE
Benson's DON'T FORGET YOUR PETS
THIS HOLIDAY SEASON!
of the
Berkshires
2021","(728, 90)"
"Search 25 million
fully explained
homework
questions
Try Chegg Study
Chegg","(300, 250)"
"PROMO CODES
AVAILABLE
SEE CODES
Capital One Shopping
The Coupon-Finding
Bnovnar Extensio","(300, 600)"
"Integrated Radiator/Shroud/Fan
All-in-One System
4"" Slim-Fit Radiators Direct Fit, Universal & LS Conversion.
PROFORM
SHOP NOW","(728, 90)"
YOUR DOUGH WILL SAVE A BRO,"(728, 90)"
"Q
COMPLIANCEQUEST
Quality Safety Complianc
Stuck with your legacy EQMS?
Meet the Modern, Flexible
Salesforce-powered solution
Learn More","(300, 250)"
"READY TO USE PITCH DECKS
FREE
ITEMS
POWERPOINT KEYNOTE
GOOGLE
SLIDES
sanct
CREATIVE
AND
MORE
envatoelements
START NOW","(728, 90)"
"Free Courses on
Christian Belief & Practice
Browse our courses >
BLBI
00
BOOM","(300, 250)"
"YOUR PARTNER FOR
PRE-OWNED AIRCRAFT
www.herreos.eu
ow
HERREOS
AVIATION
BUY AND FLY WITH CONFIDENCE
LEARN MORE","(970, 250)"
"Innovators
Try Compute@Edge at scale, for free.
""Workers""
fastly
Start building
Compute@Edge","(728, 90)"
"Real Doctors. Real Answers.
Every Wednesday at Noon Click for latest stories
B
BOISE STATE
PUBLIC RADIO","(728, 90)"
"NY PODCAST
PÅ BOLD.DK
Lyt til Mandagsbold her
SPONSORERET AF
MobilePay
adidas
bold.dk","(160, 600)"
"Light in thebox.com
Men's Tees
Christmas Look
90% OFF
Limited Offer","(970, 250)"
Raunited,"(300, 250)"
"CARMPIONS
BOXING
IBO
UNDISPUTED AND IBO WORLD
HEAVYWEIGHT CHAMPION
OLEKSANDR USYK","(728, 90)"
"OFFICIAL
TEAM GEAR
TAKERS
23
Fanatics
SHOP NOW >","(728, 90)"
"BEFA CHAMPIONS LEAGUE
CBS SPORTST NEL
A CBS SPORTS | PGA TOUR
Paramount+
TRY IT FREE","(728, 90)"
"CREATE YOUR OWN GAMES WITH
CRAYTA
CLICK
TO FIND OUT MORE","(970, 250)"
"Signature style
from Timberland
FAMOUS
footwear
SHOP NOW","(300, 600)"
"CONSTANTINE
:::9
NOW
STREAM FOR FREE","(970, 250)"
"DEMENTIA
EDUCATION
Webinar
Why Can't We
All Get Along?
Wednesday, November 17, 2021
3p.m. to 4 p.m.
RSVP: 860-678-7500 or
AvonArdenCourts@promedica.org
ARDEN COURTS
PROMEDICA MEMORY CARE
arden-courts.org
2","(728, 90)"
"BAKERY
ON MAPLE
105 Maple St., Bristol. 860-261-7464
For A List Of Our Daily Menu
Items & Custom Cake Flavors Go To
Facebook@bakeryonmaple
Monday, Thursday-Sunday-7am-3pm
Fire, EMS &
10% OFF Bristol Hospital Employees","(300, 250)"
"NEXT-GEN
ONLINE
DRONE
EDUCATION
A.D
Aquiline Drones
Flight To The Future.com","(160, 600)"
"Our Staff
is committed to
going the
extra mile
to make your time
spent with us
a five-star
experience.
The Pines
at Bristol
Center for Health & Rehabilitation
860-589-1682
61 BELLEVUE AVENUE
BRISTOL","(160, 600)"
"SPEED, SIMPLIFY, EXTEND
with Nudura Insulated Concrete Forms
Nudura
LEARN MORE ▸","(728, 90)"
"ARC'TERYX
LAP
REWILD
YOUR GEAR.
REDEEM
THE CREDIT.
TRADE IN USED GEAR","(970, 250)"
"The PHLY Difference
Hear what our agents are
saying about their
experience with
The PHLY Difference.
www
PHILADELPHIA
INSURANCE COMPANIES
A Member of the Tokio Marine Group","(300, 250)"
"SENTARA
Time for your
MAMMOGRAM?
Early detection saves lives.
Appointments available now.
SCHEDULE NOW
You're
safe
at Sentara","(160, 600)"
"B Betty Blocks
Named a Leader in
The Forrester Wave:
Low-Code Development Platforms
For Business Developers, Q4 2021
Get the report
B","(336, 280)"
"Huntington, West Virginia
The Great Outdoors
(re)defined.
H
TOWN
VISIT H-TOWN >","(728, 90)"
"Burnout
Balance
Supporting you as we build
the future of Assurance.
KPMG
APPLY NOW","(728, 90)"
"Coupon
Codes
Available
Join Now
(it's free!)
Capital One Shopping
The Coupon-Finding
Browser Extension","(160, 600)"
"Solvista
HEALTH
Your support is priceless.
GIVE ONLINE
Solvista Health is one of the largest non-profit
organizations in our four county region and has
served our local communities for nearly 60 years
LEARN MORE","(970, 90)"
"cookies
for kids cancer
your
HOBBY is
their HOPE
LEARN WHY","(300, 250)"
"envato elements
Unlimited Stock Video Footage
People
Food
Nature
Lifestyle
Start now
Business
And More","(336, 280)"
"HELP SHARE THE
GOSPEL OF JESUS CHRIST
THROUGHOUT THE WORLD
DONATE NOW
CBN","(300, 250)"
"B
Window
""Simply the Best for Less""
C
THE VERY BEST REPLACEMENT
WINDOWS, DOORS, & HOME SIDING
IN BIRMINGHAM!
REQUEST FREE ESTIMATE","(728, 90)"
"indow
orld
THE VERY BEST REPLACEMENT
WINDOWS, DOORS, & HOME
SIDING IN BIRMINGHAM!
REQUEST FREE ESTIMATE","(300, 250)"
"AEE---
A new chapter in
Norfolk Southern's
legacy begins in Atlanta.
ENS
NORFOLK SOUTHERN
Watch Now","(728, 90)"
"REBECUE
A new chapter in
Norfolk Southern's
legacy begins in Atlanta.
Watch Now
WS
NORFOLK SOUTHERN","(300, 250)"
"Original
THE CHALLENGE
ALL STARS
NEW SEASON NOW STREAMING
EXCLUSIVELY ON
TRY IT FREE
+","(300, 250)"
"RUPAUL'S
DRAG RACE
JERSEY SHORE
THE CHALLENGE *
MV
HITS STREAMING ON
Paramount+
TRY IT FREE","(300, 250)"
"thillin With My
GNOMIES
LILICL TH","(160, 600)"
W 3.CSS Templates,"(336, 280)"
"PS
Pompeii Surgical
TOP BARIATRIC SURGEON:
DR QUINONES
➡PIONEER OF BARIATRIC
SURGERY
→PERFORMED 10.000+
SURGERIES
WEIGHT LOSS
SURGERY
FROM $4500
GET APPROVED TODAY","(300, 250)"
"THE
SALVATION
ARMY
$25/month helps keep families going
HOPE MARCHES ON
SAPeoria.org","(728, 90)"
"HOPE MARCHES ON
HELP FAMILIES
KEEP GOING
THE
SALVATION
ARMY
THE
SANTREN
ARMY
$25 /month helps keep
families going
- WHEN YOU GIVE
HOPE MARCHES ON","(300, 250)"
"HULK
AMAZING
FANTASY
Fantastic
Four
SLA
SLA
St
Sell Comics For 1% Commissions!
SLA www.MySlabs.com SLAB
STAB","(728, 90)"
"Shared Clean. Local. Sustainable.
Solar
MGOe.
gear convenity energy compan
Power your home with
local solar energy from
Madison Gas and Electric.","(300, 250)"
"HHH
1916
RUSTON
CO..INC.
PAVING
PUT YOUR TRUST IN RUSTON
Commercial & Industial
Paving Experts For Over
75 Years
READ MORE >>","(300, 600)"
"RINTALIS
Don't Miss This
Holiday Sale
...Books, Tallits,
Jewelry, and More!
SHOP NOW
CURT LANDRY
MINISTRIES","(728, 90)"
"God's
Grace is
THORN Sufficient
THE FLESH
R.T. KENDALL
CLICK HERE","(300, 250)"
"Hungry?
Thirsty?
It's Time
for More
GOD of God
FOREWORD BY RICKY SKAGGS
R.T. KENDALL
MORE
of
SEE THE BENEFACTOR, NOT JUST THE BOT
CLICK HERE","(300, 250)"
"minna
technologies
Who tops the list in mobile banking?
Learn more
New Benchmark!
The 2021 US Mobile
Banking Benchmark
card
Intuitive solutions for consumers
odds up for banks
For
***
2.6
SPAC
Aspe San
*****
3.4
3.3
**Se
1.9
3.8
4
23:3","(970, 250)"
"Hydrate and
care for your
sensitive skin
GV
QV
QV
face
3
QV
face
day cream y cream
Me
740
SHOP NOW
Always read the label, use only as directed. Douglas Pharmaceuticals Ltd, Auckland","(300, 250)"
"Named
Reactions
in Organic Synthesis
Named reactions: fundamental to organic synthesis
ACROS
ORGANICS
Alfa Aesar
Learn more
Thermo Fisher
SCIENTIFIC","(728, 90)"
"C
ROYAL SOCIETY
OF CHEMISTRY
RSC Prizes 2022:
nominations are now open!","(300, 250)"
"Unbelievably
Sensitive,
Remarkably
Reliable
Agilent 6495C
LC/TQ system
Find out more
Agilent Trusted Answers
I","(300, 250)"
"R.T. KENDALL
IN
PURSUIT
OF HIS WISDOM
HOW TO
GET GOD'S
OPINION
ON ANT
MATTER
In All
You Do,
Seek
Wisdom
CLICK HERE","(300, 250)"
"Race-Series
High-Compression Starters
22
PROFORM
nation
T
e
SHOP NOW","(300, 600)"
"New!
TK 5-Speed
SILVER SPORT
SST
TREMEC
Transmissions
Learn More!","(300, 250)"
"BE THERE FOR
THE BIGGEST
SEASON EVER
The Official Marketplace
of the Bears
ticketmaster
Buy Tickets","(300, 250)"
"BE THERE FOR THE
BIGGEST SEASON EVER
The Official Marketplace of the Bears
t
INFL
Buy Tickets","(728, 90)"
"Ⓒ
PREMIER
RENTALS
BOOK ONLINE
NOW FOR 2022!
WELCOME YOUR TOP EMPLOYEES BACK TO
THE OFFICE WITH A TRIP TO WRIGLEY FIELD
LEARN MORE","(728, 90)"
"Ⓒ
PREMIER
RENTALS
BOOK ONLINE
NOW FOR 2022!
WELCOME YOUR TOP EMPLOYEES BACK TO
THE OFFICE WITH A TRIP TO WRIGLEY FIELD
LEARN MORE","(300, 250)"
"Republic Bank Moving forward. Together.
Learn more","(320, 50)"
"Republic Bank
Moving forward.
Together.
Learn more
www.
FDIC","(300, 250)"
"Republic Bank | Local. Accessible. Responsive.
Learn more
Folc","(728, 90)"
"SO WHEN IS THIS
""OLD ENOUGH TO
KNOW BETTER
SUPPOSED TO KICK IN
I MAY BE A
MECHANIC
X
BUT I CAN'T FIX
STUPID
LILICL TH","(300, 250)"
"BIDS BID ON GAME WORN ITEMS
CLICK HERE","(728, 90)"
"Addressing the world's biggest challenges
demands unconventional wisdom.
RICE","(970, 250)"
"FREE Prayer Guide for Anxiety
crosswalk you
Hope for the Heart
► GET MY FREE GUIDE","(728, 90)"
"Blackmagicdesign
NEW
Pocket Cinema
Camera 6K Pro!
Learn More →","(300, 250)"
"Why do people
get hacked?
Watch now
Cegress
Dr Jessica Barker
Cygenta","(970, 250)"
"Coupon
Codes
Available
GET CODES
Capital One Shopping
The Coupon-Finding
Browser Extension","(160, 600)"
"RN
Free Resume
Template
Free Resume
Samples
Free Resume
Formatting
Free Resume
Builder","(300, 600)"
"amazon
kindleunlimited
Unlimited Reading. Unlimited Listening.
Any Device.
TRY YOUR FIRST MONTH FREE
Privacy","(300, 250)"
"PERFORMANCE
1-Click Checkout.
Fast. Easy, Safe.
Fast Checkout","(300, 250)"
"2021 Promo
Codes Available
See Codes
Capital Shopping
The Coupon-Finding
Browser Extension","(728, 90)"
"IT BEGINS
IN CINEMAS NOVEMBER 10 WATCH TRAILER","(970, 250)"
"November is Lung Cancer
Awareness Month
LEARN MORE
MOFFITT
CANCER CENTER","(300, 250)"
"EXACT
MOTORSPORTS
CONTACT
John & Sandy Hsu
for details
ALL YOUR
TUNE-UP NEEDS
408.416.0061
Services
30k 1 60k 190k","(728, 90)"
"ebay Projects in the works?
motors
Get every part and accessory your ride needs.
Take a look →","(728, 90)"
"SOUT
ANNIVERSARY
GROUP BUY
UP TO 25X1
GET UP TO 25 PRODUCTS
FOR THE PRICE OF 1!
SHOP NOW
REVAT","(300, 250)"
"The Bonding of Parents and Coaches
sportsengine It's more than just wins, losses, and playing time.
It's about building relationships.
Learn How","(728, 90)"
"ADVANTAGE
HOME
CONTRACTING
The Leader in Home Repairs & Projects
CURRENT SPECIALS
ARE YOU CONSIDERING
ADDING AN ADDITION,
A GARAGE OR A SUN ROOM
TO YOUR HOME?","(300, 600)"
"RAPID7
Yes, it's almost
2022. No, we're not
sure how.
Make 2022 your year
for cybersecurity.
SEE THE WEBINAR SERIES","(300, 600)"
"wrike
Do the best work
of your life.
Try Wrike","(728, 90)"
"Try your luck at winning a
Tesla Model S with 1 LSP","(728, 90)"
"COIN WORLD
MARKETPLACE
PLENTY OF
PEACE
HUNDREDS TO
CHOOSE FROM
& EXPLORE
SHOP NOW
IN GODAVE
61
TRYST","(300, 250)"
"U
NO PURCHASE NECESSARY. Indiana residents only. Must be 18 years or older. Promotion Ends 12/19/21. COURTESY OF
WIN A VIP TRIP | COLTS AT JACKSONVILLE
TO AN AWAY GAME
JANUARY 9, 2022 CLICK TO ENTER AND FOR OFFICIAL RULES
Huntington","(728, 90)"
"THANK YOU
FOR VOTING US
▪ Best Hospital
▪ Best Urgent Care
• Best Family Medical Provider -
Kate Smith, CRNP,
Meritus Primary Care
Menitus
Medical Center","(300, 250)"
"TaskUs™
Create a Safe Online
Space with Us
CA
Learn More →→","(728, 90)"
"Capital One Shopping
The Coupon-Finding
Browser Extension
Coupon Codes Available
GET CODES","(728, 90)"
"FREE
OFFER!
Community
Chickens
Join the Community
with our FREE weekly
newsletter packed
with DIY tutorials, cool
coops, and giveaways
for lucky readers.
START HERE >>","(300, 250)"
"Black
FRIDAY SALE
70% OFF
*Free Shipping
on Everything!
SHOP NOW
6px
June","(728, 90)"
"CAS SLINGERS POWERED BY CAT ENGINES
MORE MATERIAL. MORE POWER. MORE EFFICIENT.
MOVE IT >>
E
CAT","(728, 90)"
"Built For
Demanding
Loads
4
Haul up to 1,000 lbs.
per Load with the E-750
Electric Wheelbarrow™
PowerPusher
If It Rolls...We Can Move It.""
Request a Demo","(728, 90)"
"TWINDEMIC:
POTENTIAL RAMIFICATIONS OF
COVID-19 AND FLU CONVERGENCE
Contagion
by The
Download
it now
Contagion
Infectious Diseases Today
contagionlive.com","(728, 90)"
"CARID
Ⓡ
Define your Vehicle's True Identity
VOSSEN","(160, 600)"
"TWINDEMIC:
POTENTIAL RAMIFICATIONS
OF COVID-19 AND FLU
CONVERGENCE
Download it now
Contagion
Infectious Diseases Today
contagionlive.com
Contagion
Infectious Diseases Today
TWINDEMIC:
POTENBAL RAMIRICATIONS OF
COMID-19 AND RU CONVERGENCE","(300, 250)"
"Breaking infectious disease news and expert
insights delivered straight to your inbox
Subscribe to Contagion's eNewsletter
SUBSCRIBE TODAY>
Contog
Cont
Contagion
Infectious Diseases Today
contagionlive.com","(728, 90)"
"100 OFF $500
CHRISTOPHER WILLIAM
JEWELERS
SHOP NOW","(728, 90)"
"JANG
ne
$50%
OFF
SHOP NOW
Ca","(970, 250)"
"The ADPⓇ
Accountant
Revenue
Share Program
Learn More","(300, 250)"
"WHAT'S YOUR NEXT MOVE?
Create your own headlines with Companies on the Move
CRAIN'S DETROIT BUSINESS","(728, 90)"
"GET A
HEALTHIER
OUTLOOK ON
CHILDHOOD
Listen to
CARING FOR KIDS
on WJR 760 AM
LISTEN NOW
Brought to you by
Children's
Foundation
MADE
CARING
FOR
KIDS","(300, 250)"
"WHAT'S YOUR
NEXT MOVE?
Create your own headlines with
Companies on the Move
CRAIN'S
DETROIT BUSINESS","(300, 250)"
"GET A HEALTHIER
OUTLOOK ON
Listen to
Caring for Kids
CHILDHOOD on WJR 760 AM to Children's
you by Foundation
LISTEN NOW
CARING
KIDS","(728, 90)"
"CRASH
refa
Lenovo
n NetApp
INNO
ON
Ha
NICATI
► YouTube
49
ww","(300, 600)"
"JANG
Black
FRIDAY SALE
$70%
OFF
*Free Shipping on Everything!
SHOP NOW
8","(160, 600)"
"THECHANNELCO.
NEXGEN+
/CONFERENCE
Get NexGen+ 2021
Presentations On Demand
Available Any Time
ACCESS NOW
#NGC21","(336, 280)"
"Meridian
BUILD Locally
IMPACT Globally
November 17-18, 2021
Register now
Stellar
ma","(300, 250)"
"SMART
OPTIONS
STRATEGIES
DECK HOMES
TradeWins
Free Book:
Options Expert Shows Seniors The Best Options
Strategies For Income.
Claim Yours
Today:","(728, 90)"
"(3
CURUSO
Skilling
Featured Red
>CA
1.38479
Join. Trade. Grow.
Trade 800+ forex and CFD instruments
with competitive pricing.
Start Trading
*66% of retail investor accounts
lose money when trading CFDs
with this provider.","(728, 90)"
"trint
Speech to Text to Magic
Collaborate
on video
transcripts
with remote
teams
GET STARTED","(300, 600)"
"WEEKDAYS 9A & 8 P
LISTEN/STREAM
where
we live
CONNECTICUT in CONTEXT
with Lucy
Nalpathanchil","(300, 250)"
"BACK IN-PERSON & ONLINE
CONNECTICUT'S PREMIER BUSINESS TO BUSINESS EXPO
Big Connect
Presented by: COMCAST BUSINESS
NOV. 17 & 18 CLICK TO REGISTER
LZOZ
FINDING YOUR
GROOV
IN A NEW E.R.A.
Emerge Reboot Adapt
GREATER
NEW HAVEN
CHAMBER
We take care of business","(300, 250)"
"APPLY
TODAY
GET
REAL-WORLD
READY
APPLY NOW
GUILFORD
COLLEGE","(160, 600)"
"Change the world.
Start today.
Be a catalyst for
change with a
master's degree
in Conflict
Analysis and
Resolution.
GET STARTED
Jimmy and Rosalynn
Ma
CARTER SCHOOL
for Peace and Conflict Resolution
GEORGE MASON UNIVERSITY","(300, 600)"
"ONEWHEEL
INTRODUCING
PINT X
Higher performance,
longer range, same
fun size.
Shop Now
NEW","(336, 280)"
"envato elements
TOP FONTS
FOR EVERY PROJECT
SCRIPOR
SANS SERIF
DECORATIVE
LETTERING
TYPEFACE
OMINTAGEON CREANCSunt
START NOW","(300, 600)"
"Best Roadfood at
Home Meal Ideas
SHOP MEAL PLAN
GOLD
PEAK
P","(300, 250)"
"Old car got you feeling
defeated?","(728, 90)"
"Garden
Party
A virtual event series
offering gardening tips,
tricks and insights.
SOUTHERN
CALIFORNIA
NEWS GROUP
CLICK HERE TO REGISTER","(728, 90)"
"KVH> Caring for our community.
Hospital
Your Home for Health","(728, 90)"
"REALTYMOGUL'
A NEW ALTERNATIVE
OUTSIDE STOCK
MARKET VOLATILITY
ACCESS NOW
$600 MILLION+
INVESTED INTO INSTITUTIONAL-QUALITY
REAL ESTATE THROUGH THE PLATFORM
SINCE 2012","(300, 600)"
"LOCAL
0000⁰
Thanksgiving Turkeys
Since 1948!
19
MAN,
00020
Antibiotic Free
Free Range
Non-GMO
FANDES
CLICK HERE TO ORDER!","(300, 250)"
"VETERANS
Thank You
RIDE TO ALL VETERANS FOR YOUR SERVICE
FREE
YAVAPAI REGIONAL TRANSIT
YRT is certified as an Arizona Tax Credit.
VISIT US
ONLINE","(728, 90)"
"gale
You can't trust a 10 year old..","(300, 250)"
"WILL IT
BE YOU?
CONDUCT CUTTING-EDGE
RESEARCH","(728, 90)"
"Black Friday
up to 40%
sign up to
access","(300, 600)"
"Looking for staff?
Boost your visibility with a
Dezeen Jobs company profile
de
zeenjobs","(300, 250)"
"TH
#ADM2021
EP
UP
Tips on managing your
diabetes to thrive
Learn More
American
Diabetes
Association.
A
Connected for Life
Podporter
♥CVS
Health","(728, 90)"
"Some things
are inevitable.
Diabetes doesn't
have to be.
diabetes.org/risktest
American
Diabetes
Association.
A
Connected for","(300, 250)"
"Your future
is her future.
diabetes.org/risktest
American
Diabetes
Association.
Connected for Life
A
1000","(300, 250)"
"Some things
are inevitable.
Diabetes doesn't
have to be.
diabetes.org/risktest
American
Diabetes
Association.
Connected for Life
A","(300, 250)"
"Diabetes
Research
DRI Institute
FOUNDATION
LET'S END DIABETES
TOGETHER
Learn More
lea
NEW Y","(300, 250)"
"J.ME
Black
FRIDAY SALE
70% OFF
SHOP NOW","(970, 250)"
"Stay ahead of the curve
Better decisions for tomorrow start with
better data today. Find essential intelligence >
S&P Global
Market Intelligence","(300, 250)"
"Tomorrow is just
a dream away.
WALT Disney World.
Get Details
Disney","(728, 90)"
"P&G
THE GREAT
GROCERY
THANKSGIVING
GIVEAWAY!
ENTER DAILY for your chance
to win a $100 gift card!","(300, 600)"
"@mailgun
SENT ✓
97.4%
Get more emails
delivered with Mailgun
Get Started Free","(728, 90)"
"D Dividend.com
Leading Water
Utility Firm With
Nearly 10 Years
of Dividend
D
Increases
Reaffirmed
Position on
Best Dividend
Stocks List
LEARN MORE ▸","(300, 600)"
"ROSELINLIN
UP TO
80% off
SHOP NOW","(300, 600)"
Handle your career with care.,"(728, 90)"
"Zroborock
Intelligent. Effective.
Automatic.","(300, 250)"
Etsy 20%+ Off Holiday Finds,"(728, 90)"
"YOUR OASIS
South of Metro
WOODSVILLE RLC
RESIDENCES
CREST
Merville, Parañaque","(728, 90)"
"Sabella
START YOUR
FOREVER
HOME
CALLISTA
(Latin) ""Most beatiful""
LOT AREA
FLOOR AREA
100SQM
81 SQM
@MyCitiHomesOfficial
MyCitiHomes
www.mycitihomes.com.ph","(300, 250)"
"S SENTARAⓇ
Have you had your
MAMMOGRAM?
We're commited to safe in-person
mammography care.
Appointments available now
SCHEDULE NOW
October is
Breast
Cancer
Awareness
Month","(300, 600)"
"KNOWvember
Comprehensive
biomarker testing
can help inform
treatment
decisions for
lung cancer.
NO ONE
MISSED
LUNGEVITY
FindThat Live
More
Information","(300, 250)"
"J.ME
Black
FRIDAY SALE
$70% OFF
SHOP NOW","(300, 600)"
"NHS
Test and Trace
Protect your loved ones.
Get the app.
NHS COVID-19 APP
DOWNLOAD NOW
App Store
GET FON
Google Play","(300, 250)"
"LOOKING TO BOOST
YOUR HOLIDAY PROMOTIONS?
Get a free landing page with a digital marketing
campaign starting at $500 a month
Our team of experts handle everything
BayArea
News Group
Get started
Digital Marketing
Web Design","(970, 250)"
"5-star doctors
really do exist.
Find Yours Today
healthgrades.","(728, 90)"
"EMC HOOP
230.8.
7-2297.
24. 16.
6032
POWER & ENERGY LOGGER
MODEL PEL 103
Monitor Your
Power & Energy
Usage and Costs
from Anywhere
in the World!
NEC 220.87 compliant
www.aemc.com
AEMC®
INSTRUMENTS
CHAUVIN ARNOUX GROUP","(300, 250)"
"donna hay
WORK WITH US
click for more information","(300, 250)"
"THE ART OF LIVING
Choose Peace Over Panic
JUST LOG ON","(728, 90)"
"efinancialcareers
Build your career
If you're managing clients, who's managing your career?","(970, 90)"
"If you're
managing clients,
who's managing
your career?
efinancialcareers
Build your career","(300, 600)"
"MASTER
ELECTRONICS
We Stock
so you don't
have to
ORDER NOW
9059","(336, 280)"
"Aptible
Go From Zero to
HIPAA-compliant Docker
Deployment in Minutes
localhost
T
$ aptible deploy\
--app healthco-api-nodejs \
--docker-image healthco/nodejs-api","(300, 250)"
"How to Market Your
Electronics Products without
Spending a Fortune?
HERE ARE SOME GREAT IDEAS...
Read electronics for you
EXPRESS for FREE!
electronics For You
EXPRESS
Growth Mantras for
Tech Startups
Stamp
A","(300, 250)"
"SALTEADOS
PACK $7.59
SOLO POR
TIEMPO LIMITADO
SUBWAY
TRIPLETA
S","(970, 250)"
"HOTEL
XCARET
ARTE
ALL-FUN INCLUSIVE
TM","(728, 90)"
"JOBS FROM
HOME
WORK FROM
HOME
ONLINE
JOBS
SALES
JOBS
MyJobsCorner","(728, 90)"
"engineerse
Tips & tricks
on leading technologies in
design and engineering
Discover Today","(300, 250)"
"EPIC GLOBAL
SALE EVENT!
BLACK
FRIDAY
THRU
bo
CYBER
MONDAY
30%
OFF
Take
Advantage
of ISA's
Biggest Sale
of the Year!
Save on
Training Courses,
Print Books,
and Virtual
Event Content!
Learn More
ISA","(160, 600)"
"Buy. Sell. Trade. Create.
Canon
FOS
Change gear the
easy way.
Buy used kit
mpb.com","(300, 250)"
"Buy. Sell. Trade.
Create.
FURFILM
Change gear the
easy way.
mpb.com
Buy used kit","(728, 90)"
"EXPERIENCE
China Before Communism
神韻晚會 2021-2022
SHEN YUN
TICKETS ON
SALE NOW
BUY TICKETS ►","(970, 250)"
"HEMMIN
EXPERIENCE
China Before Communism
神韻晚會 2021-2022
SHEN YUN
BUY TICKETS ▸","(728, 90)"
"Change the world. Be a catalyst for change
Start today.
with a master's degree
in Conflict Analysis and
Resolution.
Jimmy and Rosalynn
GET
Ma
CARTER SCHOOL STARTED
for Peace and Conflict Resolution
GEORGE MASON UNIVERSITY","(728, 90)"
"PHYSICAL
THERAPY
ASHLEY KUZMA
IT'S YOUR CHOICE
WHERE YOU GO FOR
PHYSICAL THERAPY
KUZMA
PHYSICAL THERAPY and
SPORTS MEDICINE","(728, 90)"
"N
msi
THEE
ch tele
Buy Novatech Reign Sentry Fire MKII Powered by MSI PC, Get MSI Battlepack and $100 worth Steam Code
DON'T FORGET TO REDEEM YOUR
$100 STEAM CODE
REIGN
BY NOVATECH
STEAM","(728, 90)"
"CARmax
DECEMBER 11
TACKY LIGHT RUN
RVA'S TACKIEST
TRADITION IS BACK!
BEAT THE 11/18
PRICE HIKE","(300, 250)"
"You had me at
""40% off movie
tickets"".
Enjoy up to 40% off movie tickets
when you join Telstra Plus.
Find out more >
Eligibility criteria apply.
T+","(300, 250)"
"Gainsight PX
How are you measuring
the success of YOUR
Product and R&D teams?
Get the Guide →
SERVICES
lii
EVENTS
NE
PROJECT
VIDEOS
00
OO
SLIDESHO
A
EXTERNAL
WEBSITE","(970, 250)"
"COLDWELL BANKER
LA COSTA
RELOCATE TO
PARADISE!
With over 2000 properties
to choose from, why not let
Coldwell Banker La Costa
in Puerto Vallarta help find
the right one for you?
Puerto Vallarta is calling,
it's about time you pick up.
CONTACT US TODAY! +52 (322) 228 9261
www.cblacosta.com","(300, 250)"
"SERVER
MONKEY
Quality Availability+ Support
SHOP NOW
Enterprise IT Made Simple
SERVERS, STORAGE AND NETWORKING","(728, 90)"
"FRONT
RUNNER
OUTFIT YOUR
VEHICLE","(728, 90)"
"Don't forget to
exercise your mind.
Take a quiz. Become an expert.
Challenge your friend.
TUR
Take a quiz >>
Infoplease","(300, 250)"
"TeacherVision
FREE WORKSHEETS
& LESSON PLANS
Kindergarten >
Elementary
Middle school →
High school","(728, 90)"
"RIPPLING.COM
ONBOARD
NEW HIRES
IN 90
SECONDS","(300, 250)"
"SECRET
LAB
WWW.SECRETLAB.CO
afar
ENGINEERED TO KEEP
YOU INCREDIBLY
COMFORTABLE FOR
LONG HOURS OF
WORK & PLAY
LEARN MORE","(300, 600)"
"CHRYSTAL EVANS HURST
PRISCILLA SHIRER TONY EVANS
JOURNEY
WITHJESUS
ONLY IN THEATERS
NOVEMBER 15, 16 & 17.
RESERVE YOUR
TICKETS TODAY!","(970, 90)"
"VINTAGE
V
SECURITY
▸
12:55 PM
FRONT DOOR
UNLOCKED
UNLOCK ALL
LOCK ALL
Request a Complimentary
In-Home Consultation now!","(300, 250)"
"Need a coupon code?
Get It Here
PI
Coupert","(970, 90)"
"SERVING Serving Those Who Serve
TO SERVE Federal Benefits Education
THOSE
WHO
Open Season
is here!
Complimentary FEHB
trainings
CLICK HERE!","(300, 250)"
"blissy
Qusey
blissy
blissy
This Pillowcase is Quickly
Becoming The Must-Have
Gift of 2021
People are going nuts for it!
It's called the Blissy Silk Pillowcase.","(970, 250)"
"PRIVATE NETWORK SOLUTIONS
Customized private network solutions
for enterprises & operators
Private network solutions >
SAMSUNG","(970, 250)"
"Cloud native
5G compliant
mediation solution
SS8","(300, 250)"
"Wave
2022
EARLY BIRD PRICING Aprill 18-22, 2022 | Austin, TX
ENDS DECEMBER 17
eso
SAVE NOW
M","(320, 50)"
"Wave EARLY BIRD PRICING
2022 ENDS DECEMBER 17
April 18-22, 2022 | Austin, TX
SAVE NOW
eso","(728, 90)"
"EREE
30-Day Trial
eDispatches
Never Miss A Call
App Phone Call • Text • CAD
Download on the
App Store
GET IT ON
Google Play","(300, 250)"
"AS SEEN IN
DREW
MAGAZINE
Make 'em a dinner
THEY CAN'T REFUSE
RAGUS
Old World Style
TRADITIONAL
EXXEGHER
Cook
LIKE A
MOTHER
SHOP NOW","(300, 600)"
"DEFENSE
Original
ww
DEFENSE
SOAP
Defend what you have built.","(728, 90)"
"carta
See how Carta solves
cap tables.
Watch Now
00
18","(970, 250)"
"THE ORIGINAL
FALL FLAVOR
Perfect for Baking!
Werther's
Original
Chewy Caramels
PERFECT FOR BA
PEOP
S
So
eru
PERFECT FOR BA
Werther's
Original
Soft Caramels
PEC
SHOP NOW","(300, 250)"
"DINO RUN
CONTINUE
24
MyGameCenter","(300, 250)"
"OWN A PIECE OF
MODERN HISTORY
Shop Now
ENITED
THE ANUS
KINE
STATION NE","(728, 90)"
"HOTEL
XCARET
ARTE
ALL-FUN INCLUSIVE™
ACCESS TO GRUPO
XCARET PARKS
RIVIERA MAYA
ADULTS ONLY
DISCOVER MORE","(300, 600)"
"LERNER&ROWEⓇ
INJURY ATTORNEYS
ALWAYS AVAILABLE 24/7
Kevin Rosema Arizona parter Some work may be performed by or releed to
CL","(300, 250)"
"BEHAVIORAL HEALTH. MEDICAL. SUBSTANCE USE.
CLICK FOR CARE
1203
Health
SOLUTIONS","(728, 90)"
"HUNGER
& HOME
LESSNESS
AWARENESS
WEEK
CLICK FOR
SUPPORT
NOV. 13-21, 2021
Every person deserves food
on their plate and a roof over
their head.
www.health.solutions
M
Health
-SOLUTIONS","(300, 250)"
"est. 1991
Alabama Furniture
""There's no Sale, like reSale""","(728, 90)"
"$12
TUESDAY
ANY LARGE PIZZA
Papa Murphy's ORDER NOW","(300, 250)"
"OUTL
NO FEE GUARANTEE!
NO FEES UNLESS YOU WIN","(300, 250)"
"SMART
Make a
SMART
Career Move
SMART
Hiring Event
Wednesday, Nov. 17
10 AM - 2 PM
Thursday, Nov. 18
9 AM - 1 PM
Oakland Terminal
Click for Details >>","(300, 250)"
"Make a
SMARI Hiring Event
SMART Wednesday, Nov. 17 | 10 AM - 2 PM
Career Move
Thursday, Nov. 18 | 9 AM - 1 PM
Oakland Terminal
Click for
Details >>","(728, 90)"
"HOLIDAY EXPO
& Toy Drive
SATURDAY SUNDAY
NOVEMBER 27TH NOVEMBER 28TH
NAVY PIER","(300, 250)"
"www.wow
Immersive
van
G GH
Exhibit Dallas
ON SALE NOW
DallasVanGogh.com","(300, 250)"
"So
MUCH
GIFT
NOW WITH
BONUS PLAY
fotte
Man
LOMOUT
04
GOLD
RUSH
UNITED
50.000
LEARN MORE
S
LONDON
$1,000000
Playe","(300, 250)"
"Big SACK
HUNGER
$5
Help our
food banks...
donate today","(300, 250)"
"You MUST be 21 to buy
tobacco and e-cigarettes.
NOT 21
MATTERS
Have your ID ready.
LEARN MORE AT
CTTOBACCOTRAINING.COM
CONNECTICU
WHAT YOU
DO
dmhas Wheeler se
ID","(300, 250)"
"ASHRINE CIRCUS
ST. PAUL OSMAN
Enter the Code PIZZA
for $5 off per ticket!
BUY NOW
November 18 - 21
State Fair Coliseum
PAPA MURPHY'S
Proceeds are for the benefit of Osman Shriners Activities.
Payments are not deductible as a charitable contribution.","(300, 250)"
"Enter the Code PIZZA
SHRINE CIRCUS
CIRCUS for $5 off per ticket!
ST. PAUL OSMAN
BUY NOW
Nov 18 - 21 at the State Fair Coliseum
Proceeds are for the benefit of Osman Shriners Activities.
Payments are not deductible as a charitable contribution.
PAPA MURPHY'S","(728, 90)"
"LIVE UNITED
United
Way
UNITED IN RECOVERY
1 IN 3 LOCAL FAMILIES IS STRUGGLING
Donate Today!
Every $1 you donate yields $3.21 in local community impact.","(728, 90)"
"LIVE UNITED
United
Way
UNITED IN RECOVERY
1 IN 3 LOCAL FAMILIES IS STRUGGLING
Donate Now!
Every $1 you donate yields $3.21
in local community impact.","(300, 250)"
"PharmD with real-world
EXPERIENCE.
BATERIE
EN
STRE
LEARN MORE
HIGH POINT UNIVERSITY","(336, 280)"
"C
A TMS Built By the Customer, For the Customer
Request a demo to access the industry-leading TMS.
LEARN MORE
cabotage","(728, 90)"
"D
Manage supply
chain disruptions
Learn more
THOMSON
REUTERS","(728, 90)"
"nVision Global.
Configurable TMS
software that meets
your exact needs
Learn More
www.nvisionglobal.com","(336, 280)"
"FREIGHTWAVES
INSURANCE & CLAIMS
MANAGEMENT
SPONSORED BY
RELIANCE
PARTNERS
READ ARTICLES","(336, 280)"
"Bob's
Red Mall
GLUTEN FREE
RECIPES","(300, 600)"
"GENERATION
Download as the
App Store
TRICK ROX TREAT
NEW PLAYERS GIFT CODE: ROX1031
GET IT ON
Google Play
QRAGNAROK X: NEXT GENERATION","(728, 90)"
"Five Nights
at
Freddy's
ONLINE
CONTINUE
MyGameCenter","(728, 90)"
"Signifyd
Commerce Insights:
Improving Conversion
Rates
Learn which marketing tactics
convert shoppers into buyers.
GET THE INSIGHTS","(300, 600)"
"THE RETURN OF AN ICON
DUCK
HEAD
SHOP NOW","(300, 600)"
"Now Comfort
Looks Good
FIND YOUR FIT","(970, 250)"
"residual
plasmid DNA
Accelerate gene therapy and
vaccine development
Find out more
applied
biosystems
by Thermo Fisher Scientific","(728, 90)"
"Say Hello
To Honey
beeRX
And goodbye
to fine lines
SHOP NOW","(300, 250)"
"Inspire your
students with
computer
science
Get started
Code with Google","(160, 600)"
"C
INTERSTATE
CONNECTING
COMPONENTS
A Division of HEILIND MIL-AERO
800.422.3911
Mil-Aero Connector
& Sensor Solutions
www.connecticc.com
STE
G
AUTHORIZED DISTRIBUTOR
Learn More","(300, 250)"
"NordicTrack
****¡FIT
BLACK FRIDAY STARTS EARLY
$1,599
$1,899
SHOP 1750 TREAD
NordicTrack","(300, 250)"
"TAILOR-MADE SCOTTISH GOLF TOURS
KARD BF
BROWNLTD
THE GOLF TOUR COMPANY
CLICK HERE TO VISIT
OUR WEBSITE!
STAY IN TOUCH AND
FOLLOW US
fo","(970, 250)"
"C
INTERSTATE
CONNECTING
COMPONENTS
A Division of HEILIND MIL-AERO
800.422.3911
www.connecticc.com
Mil-Aero Connector & Sensor Solutions
STE
AUTHORIZED DISTRIBUTOR
Learn More","(728, 90)"
"FOUNDERS
roundemcu.com-1-808-MG-16M
LOWER YOUR AUTO LOAN RATE BY 1%'
Apply Now
AND NO PAYMENT FOR 90 DAYS²
Federally Insured by NCUA. Membership qualification required.","(300, 250)"
"Inspire your
students with
computer science
Get started
Code with Google
O","(300, 250)"
"TIMBERLAND
HILFIGER
SHOP NOW","(728, 90)"
Looking for a job in Logistics?,"(728, 90)"
"ANALEKTA
NEW
JEWISH
MUSIC
NOUVELLE
MOSISUE JOIE
ANKERTA
DOHO","(728, 90)"
"FOR WHEN CURIOSITY
GETS THE CAT.
SHOP NOW Great Pet
Great Pet
Great Clean.
ALDECATMEAL
CLEANSING WIS
PER CATS & BOS
W
P
60
win
.","(300, 600)"
"Geco
OPTICS
UP TO
65%
OFF!
GECO
GECO
OPTICS
CLEARANCE
OFFER!
Whilst stocks last!
On selected lines only.
www.ruag.co.uk","(300, 600)"
"UP TO
65%
OFF!
Geco
OPTICS
Whilst stocks last!
On selected lines only.","(300, 250)"
"FAB
DEFENSE.
KEEP IT REAL.
FABDEFENSE.CO.UK
ELAJARA","(300, 600)"
"2018 Special Issues
OUT NOW!
STARTING OUT 20
What Grgun
130
NG ALL
GUNS
50
CLICK HERE >
GUIDE","(300, 250)"
"W
NOW available in the UK
WEATHERBY through RAYTRADE
MEATEATER RIFLE by Weatherby
CLICK HERE
TO FIND OUT
MORE ABOUT
WEATHERBY","(970, 90)"
"W
WEATHERBY through RAYTRADE
MEATEATER RIFLE
by Weatherby
NOW available in the UK
CLICK HERE
TO FIND OUT
MORE ABOUT
WEATHERBY","(728, 90)"
"MEATEATER
RIFLE
by Weatherby
WEATHERBY NOW available in the UK through RAYTRADE
CLICK HERE
TO FIND
OUT MORE
ABOUT
WEATHERBY","(320, 50)"
"norma SHOOTING.COM
BLACK
FRIDAY
SUPER SALE
SAVE BIG ON
PREMIUM
AMMUNITION
ALL MONTH LONG!
SHOP NOW ▸","(300, 250)"
"G.SKILL
TRIDENT Z5
RGB
Unleash Extreme DDR5
Performance
intel
CORE
CoPrace
SERVICE
AMEL
AALL
GALL
TRIDENT Z5
RGB","(300, 600)"
"Digital Open Day
International Graduate and
Post-Graduate Programs
November 21st
Book my place >>
THE HEBREW
UNIVERSITY
OF JERUSALEM","(970, 250)"
"FROM THE PRODUCERS OF
SHTISEL AND FAUDA
CITY
ASYLUM.
NOW STREAMING
EXCLUSIVELY ON
CHAIFLICKS","(300, 600)"
"Latest coverage from GPB,
now on Apple News.
S
Find it on
Apple News","(728, 90)"
"Latest coverage from GPB,
now on Apple News.
Find it on
Apple News","(320, 50)"
"REPUBLIC
CR-
C
NO.1 MOTHERBOARD GRAND
2.0
ASUS Z590 SERIES
POWER TO THE CORE
Al Overclocking - Al Cooling - Al Networking Two-Way Al Noise Cancelation
WIFIGE","(300, 250)"
"Own
Future
your
MCC
Mohave Community College
CLICK HERE
MCC","(300, 250)"
"HORIZON
FDIC
YOUR LOCAL COMMUNITY BANK
We are in this together
HCB
Horizon Community Bank 928-854-3000 CONTACT US
NMLS #566129
Horizon has it!
www.horizoncommunitybank.com
Follow us on:
Ⓒin.","(728, 90)"
"Welcome to...
TODAY'S NEWS-HERALD
HAVASUNEWS
Serving Lake Havasu City and the Lower Colorado River","(728, 90)"
"OLD LAHAINA LUAU
TRADITIONAL HULA & FEAST
Most Authentic
Lu'au Experience
BOOK NOW","(300, 250)"
"HD
H
ISSA
Mele
morning
edition here
▸
HO
NO RADIO?
NO PROBLEM.
Get the HPR mobile app.","(300, 250)"
"HEALTHCARE FINANCE
Want Healthcare Finance delivered to your inbox?
Subscribe to Our Newsletters","(728, 90)"
"The
POWER
to change how you
live with diabetes.
Smart devices sold separately. Dexcom and Dexcom G6 are
registered trademarks of Dexcom Inc. in the United States and/or
other countries. © 2020 Dexcom Canada Co LBL020136 Rev001
Learn More Dexcom G6","(300, 250)"
"Probiotics in a
brownie instead
of a pill!
BelliWelli","(300, 250)"
"SAVE ONLINE WITH
COUPON CODES
SEE CODES
Capital One Shopping
The Coupon-Finding
Browser Extension","(970, 250)"
"#1
DOCTOR RECOMMENDED
form of turmeric curcumint
Qunol®
TURMERIC
available at
amazon
BUY NOW
Dun
+ Dr. Travis Stork M.D.","(300, 250)"
"LUNG CANCER is the leading
cause of cancer death
in the U.S. Know the risks
and symptoms.
loo
www
ERICT
STORY FROM
MERCK
READ MORE","(300, 600)"
"FOR ALL YOU DO,
WE SALUTE
THOSE WHO SERVE.
All Veterans receive 1 free oil change
anytime in the month of November
CHECK OUT OUR EXPRESS ONLINE SERVICE
WWW.FORDOFUNIONTOWN.COM
of On top of the hill across from Applebees
UNIONTOWN
1 Superior Way Uniontown, PA
Ford","(728, 90)"
"Wilson Tire & Wheel
1095 E. Greene St., Waynesburg, PA
All Types of Tires
•Wheel Alignments. Custom Wheels. Truck Accessories
• Lift Kits. Level Kits All Suspension Work. Inspections
FAST QUALITY SERVICE!
WILSON
Tire & Wheel","(300, 250)"
"Access your
favorite websites
from anywhere
Access Now
O
PUREVPN
F1
4x
F2
APP
OPE
()
F3
MOK
A
F4
SETUP
3
DDY
KA
A
bp","(300, 600)"
"Ochrome OS
Next-generation
cloud-based
management.
Unlock a free trial of Chrome
Enterprise Upgrade for 30 days.
Start free trial
7","(300, 600)"
"PHILIPS
Get inside the music. Everywhere.
Philips Fidelio L3
See more","(728, 90)"
"BACK IN
BLACK
MELCO
100
HAND
CRAFTED
IN JAPAN
BY AUDIO
MASTERS
see the range
MELCO","(300, 250)"
"B
EFASILE
CHADE
B
0
BRYSTON
THE NEW
BR-20
Pair with Bryston's
power amplifiers
for real music
00ccccccco coco
BESTEL
F
@
PMC
DISTRIBUTION UK","(300, 250)"
"n
MARTIN LOGAN'
Truth in Sound
Majestic electrostatics &
much, much more
PMC
DISTRIBUTION UK","(300, 250)"
"Bowers & Wilkins
Trade up to
800 Series
Diamond
Find out more","(300, 250)"
THE SEARCH IS OVER,"(728, 90)"
"PHILIPS
UKS
reddot winner 2020
Hi-Fi
Choice
RECOMMENDED
Get inside
the music.
Everywhere.
Philips Fidelio L3
See more","(300, 250)"
"rose
The Impression of Sound
with Eyes and Ears","(300, 250)"
"NC STATE
Jenkins Master of Management
Risk and Analytics
STOP TOMORROW'S
THREATS TODAY.
Get the skills to turn risk into
strategic advantage.
APPLY TODAY →→
|| 1
DELAY
DELAYED DUE
TO COVID-19
DELAYED
DELAYED
DELAYED
图
11.
DELA","(300, 250)"
"Opteon XL41 (R-454B)
The Clear Future of HVAC Refrigerants.
LEARN MORE >","(728, 90)"
"RAISING OUR
Holliwood VOICES
PRESENTED BY
Walmart","(728, 90)"
"Awarded Best Subwoofers by
SVS Top Audio Reviewers Worldwide
EISA: Best
AWARD Produc
COMPACTO
315
EISA: Best
AWARD Product
SVS
EXPERIENCE SVS >>>","(300, 250)"
Searching for a new job?,"(728, 90)"
"Leading Orthopedic Care to
KEEP THE TEXANS
MOVING
SEE HOW
HOUSTON
Methodist
ORTHOPEDICS &
SPORTS MEDICINE
OFFICIAL HEALTH CARE PROVIDER","(728, 90)"
"This Year, Don't Just
Get Ready.
Get Holiday Ready
With Ford F-150.
LEARN MORE
GET HOLIDAY READY
Ford","(728, 90)"
"SARTORIUS
Unlocking Alzheimer's
Mysteries: Deciphering
the pathways
to Neurodegeneration
Unlocking Alzheimer's mysteries:
Deciphering the pathways
to neurodegeneration
SARTORIUS
Science www","(300, 250)"
"GREASE
BEAST HEAVY DUTY
oil, grease
& grime
SCRUB PADS
EATS
STAYS FRESH
NO
foul bacterial
ODOR
BETWEEN USES
greasebeastscrubpads.com USA MADE","(300, 250)"
"GREASE
BEAST HEAVY DUTY
SCRUB PADS
EATS
oil, grease
& grime
USA MADE
greasebeastscrubpads.com","(728, 90)"
"HEIFER
INTERNATIONAL
THE END OF
HUNGER AND
POVERTY","(300, 250)"
"blis
X66119
lissy
I-linsY
sy
blis
This Pillowcase is Quickly Becoming
The Must-Have Gift of 2021
LEARN MORE","(300, 250)"
"MANSCAPED
THE LAWN MOWER®4.0
Our Newest SkinSafe® Trimmer
Shop Now","(728, 90)"
"alapeño's
Bar & Grill
THANK YOU TO OUR STAFF AND
THE COMMUNITY FOR VOTING US
BEST MEXICAN RESTAURANT!
Family owned
and operated,
proudly serving
the community
for 15 years!
VISIT US","(300, 250)"
"mere
SNAKE RIVER OFF ROADERS CLUB
2021 Toy and Supply Drive For
The Ronald McDonald Family Room
@ EIRMC
-Serving Families From All Over East Idaho-
CLICK TO LEARN MORE
reto
page
CA
AMHC","(300, 250)"
"Maloney
Maloney Novotnv...
CELEBRATING YEARS","(320, 50)"
"Olx AUTOS
JUJURLY, JUAL MOBIL
DI KAMI UANG
CEPAT LAKUNYA
[GAK SECEPAT MOBIL TERBANG SIH)
Olx AUTOS
#JujurlyAman | olxautos.co.id","(300, 600)"
"Baca berita, main quiz, live stream
& nonton film gratis dalam satu aplikasi
IDN
DOWNLOAD
IDN APP
Download on the
App Store
ANDROID APP ON
Google play","(728, 90)"
"foreverspin
MADE IN CANADA","(336, 280)"
"a true musical experience.
O
SUMMER
absolute sounds
International Distributors & Consultants of Specialised Hi-End Audio & Video Systema","(300, 250)"
"amazon Shop. Connect. Enjoy.
Shop now.
Privacy","(728, 90)"
"DESIGNED SPECIFICALLY FOR
SELF-DEFENSE.
NEW AMERIGLOⓇ
HAVEN™ RED DOT SIGHT
A
AMERIGLO
A
SEE THE HAVEN™","(300, 250)"
"Commerce Insights: Improving Conversion
Rates
Learn which marketing tactics convert shoppers into buyers.
GET THE INSIGHTS
Signifyd","(970, 250)"
"153
apartment.
store:
(724) 463-8080
#GETAROOM","(300, 250)"
"Pre-order di Apple Flagship Store
Bank Cashback 1 Juta*
Promo Bundle s/d 1.1 Juta*
*iPhone 13 Pro","(300, 250)"
"Full Time Jobs Part
Time
Part Time Jobs Warehouse Jobs
Jobs
Hourly Jobs
Jobs2Careers","(728, 90)"
"Snowflake Special Edition
The Data
Cloud
dummies
THE DATA CLOUD
FOR DUMMIES
Mobilize your data to best serve your
customers and business
snowflake
START NOW","(728, 90)"
"TaskUs™
We protect what
matters most
Learn More →","(300, 250)"
"fan favorite!
HAWAIIAN $10.c
LG
ORDER NOW
PAPA MURPHY'S
TAKE 'N' BAKE PIZZA","(300, 250)"
"Get traction.
And 5x points!
Up to 5x points at tire
stores, auto repair
shops, and online
at Amazon, Walmart,
Target, and other
qualified sites
and stores >>
stcu","(300, 600)"
"2021 PLL
CHAMPIONSHIP
RECAP
LACTOSE OUT NOW LACROSSE
TO
THE
FUTURE
PECSE","(300, 250)"
PLL CHAMPIONSHIP RECAP OUT NOW,"(970, 90)"
"Thankful for 45 years!
ANY SERVICE REPAIR
$45 OFF
Celebrating
45 years
in Business
APPLETON CAMPBELL
PLUMBING • HEATING AIR CONDITIONING ELECTRICAL
(703) 454-8072
appletoncampbell.com","(300, 600)"
"UP
TO
ZOLUCKY 50% OFF
Soft.clouds
BLACK FRIDAY","(300, 250)"
"Your Omron OMRON.
products ship
the same day
Digi-Key
ELECTRONICS
LEARN MORE","(300, 250)"
"SIXTIES
ORIGINAL
SAREA FORLD
WILT IN THE
FORTIES
RESTORED
b
BUILT IN THE
FORTIES
Original
UNRESTORED
SOME PARTS STILL IN
WORKING ORDER
LILICL TH","(300, 250)"
"CROWDSTRIKE
NEVER SETTLE
Get a cloud-native platform
built to stop breaches
ENDPOINT PROTECTION
BUYERS GUIDE
²
Download Guide","(970, 250)"
"Interval World
Mastercard® Credit Card
interval
MALLITRIm
3234 1234 3234 32341
30/23
KIM CUSTOMER
Learn More","(728, 90)"
"KiwiCo
Put a subscription
under the tree.
Shop now →","(970, 90)"
"THE
WORLD
NEEDS
MORE
CYCLONE
SPIRIT.
IOWA STATE
UNIVERSITY
FOUNDATION
SUPPORT
IOWA
STATE","(300, 250)"
"H
she
100%
Bios
College of Education D
Belin-Blank Center
IOWA
M-5
lowa's home for gifted and
twice-exceptional K-12
students
00983
100889/
ID
88800
STEP INSIDE →
OTO
DOOOOO
B","(300, 250)"
"Ireland
Press the
Green Button
and visit the
island of Ireland
Plan your trip >","(160, 600)"
"Your Hebrew Birthday
Reveals The Biblical
Character You Embody
FIND OUT YOUR HEBREW BIRTHDAY HERE
ISRAEL365","(300, 250)"
"Active Collab
Make every
hour count!
000
Try it Free","(728, 90)"
"What's in
your wallet?
Coupons and
rewards.
GET CODES
Capital One Shopping
The Coupon-Finding
Browser Extension","(160, 600)"
"OBSERVER
Study
Centre
ONLINE
is giving you
MORE!
Gain access
to over
10
FREE CSEC
& CAPE
lessons
Available
this & every
Tuesday
@f
@jamaicaobserver","(160, 600)"
"ebay
motors
Get the
parts your
Jeep needs
Take a look →
M","(300, 250)"
"EMS *RIG
SPONSORED BY:Horton
POWERED BY:
Fire Apparatus -JEMS
& Emergency Equipment.
PREMIUM
RESOURCE
FOR ALL
THINGS
AMBULANCE
JEMS CLICK HERE","(300, 250)"
"FIRST REPUBLIC
""For our First Republic team,
serving nonprofits is more
than just a job. It's a personal
commitment. >>
Dancers' Workshop
Babs Case, Artistic Director
Client Since 2019
Member FDIC
Learn more","(300, 600)"
"Be Wildlly
Jaspired!
NATIONAL MUSEUM OF WILDLIFE ART
Open Daily 9AM-5PM","(300, 250)"
"ABC
Supply Co. inc.
DO MORE ON THE GO WITH
myABCsupply
LEARN MORE","(728, 90)"
"Staying healthy. Staying active.
We have it all right here.
IN YOUR PRIME LEARN MORE
LIVING YOUR BEST LIFE","(970, 250)"
"DELL
Technologies
Windows
BLACK FRIDAY
SNEAK PEEK
POWERFUL TECH.
PERFECT TIMING.
SELECT EARLY OFFERS
Latitude 9520
Del Technologies recommends Windows 11 Pro for business.
MEMBERS SAVE
OVER 45% OFF
Shop Now","(300, 250)"
"Roofers Tested 17 Gutter Guards
(Here's What They Discovered)
Learn more","(300, 250)"
"ONLY
1%
Since inception in 2012, only 1% of submitted property opportunities have even been accepted to the Platform.
REALTYMOGUL""
INSTITUTIONAL-QUALITY COMMERCIAL
REAL ESTATE AT YOUR FINGERTIPS
ACCESS NOW","(728, 90)"
"Education.com
Free Games
& Worksheets
PRESCHOOL
KINDERGARTEN
1ST GRADE
2ND GRADE
3RD GRADE
4TH GRADE
5TH GRADE
6TH GRADE
7TH GRADE
8TH GRADE","(160, 600)"
"ROCHESTER
MOTOR CARS
It's a Car,
Not a Lifetime Commitment
.30 Day Exchange
Guarantee
7 Day Money Back
Guarantee
SHOP PRE-OWNED","(300, 250)"
"STETSON UNIVERSITY
School of Business Administration
MASTER OF
ACCOUNTANCY
100% ONLINE!
No GMAT/GRE Required
APPLY BY
DECEMBER 1st
LEARN MORE","(160, 600)"
"MINTAG
DIENSTAG
Iwan
Bade
Ba
The sp
MITTWOCH
Thamanimelis
Mi
TRAININGSPLAN
JE NACH ZIEL
g
Tige
fals
DONNERSTAG
wp-
Beddige
FREITAG
B
Ta
Man
OTTERMODE
KEN
KON
E
201
E
LOF
Sa
TRAININGSPLAN JE NACH ZIEL
ATHLET
TRAININGSPLAN JE NACH ZIEL
HELD
TRAININGSPLAN JE NACH ZIEL
SPORTLER
e","(300, 250)"
"G
KANSAS JAYHAWK COMMUNITY COLLEGE CONFERENCE
CHAMPIONSHIP GAME | SUNDAY 1PM
GARDEN CITY -vs- HUTCHINSON","(728, 90)"
"KANSAS JAYHAWK COMMUNITY COLLEGE CONFERENCE
CHAMPIONSHIP
GAME SUNDAY
G
1PM | RIVERFRONT STADIUM
WINDSURGE.com","(300, 250)"
"CHRISTUS.
ST. FRANCES CABRINI
Hospital
LIVE RADAR","(728, 90)"
"WE'RE
HIRING!
• MANUFACTURING
• FAST PACED
GROWTH OPPORTUNITIES
• SAFE & CLEAN
MASTERBRAND
CABINETS, INC.
APPLY TODAY","(300, 600)"
"20 pc. Chicken McNuggets
& Basket of Fries
MOrder ahead on the app
Ⓡ","(300, 250)"
"CANTWELL
MATTRESS CO.
Voted #1 Mattress Store
in San Antonio","(300, 250)"
"BIG IDEAS THAT BENEFIT OUR WORLD
EXPLORE MORE
TCU","(728, 90)"
"HAPPY STATE BANK PRESENTS
THE
RED-NOSED REINDEERⓇ
sponsored by
FRANK KENT
NOVEMBER 20 thru
DECEMBER 23, 2021","(300, 250)"
"AMERICA'S
indow EXTERIOR
orld REMODELER™
Window
FREE QUOTE","(728, 90)"
"THE CHEVY FAMILY OF SUVS,
READY FOR WHAT'S NEXT.
CHEVROLET
NORTHWEST
Chevy Dealers
Learn More","(300, 250)"
"BEWARE OF
NEW UTILITY SCAMS!
IF YOU'RE ASKED FOR
PERSONAL INFO VIA
TEXT OR EMAIL
Learn More
Hawaiian
Electric","(728, 90)"
"BEWARE OF
NEW UTILITY SCAMS!
IF YOU'RE
ASKED TO PAY
WITH PRE-PAID
DEBIT OR
GIFT CARDS
Learn More
Hawaiian
Electric","(300, 250)"
"BEWARE OF
NEW UTILITY SCAMS!
IF YOU'RE
THREATENED
WITH
IMMEDIATE
DISCONNECTION
Learn More
OFF
Hawaiian
Electric","(300, 600)"
"Territorial
Savings Bank
Serving wall For 100 Year
Ready to purchase a
home or refinance?
APPLY ONLINE NOW
BEST
BEST SHALL BE
IN
ID
MOIC","(728, 90)"
"INNOVATIVE
LASERS
OF HOUSTON
YOU'LL SEE
AN EXCITING
DIFFERENCE
WITHIN 1 DAY!
COMPLETELY PAIN FREE
AND EASY ON
YOUR LIFESTYLE.
281-888-3094
SCHEDULE YOUR APPOINTMENT >>","(300, 250)"
"INNVATIVE
LASERS
OF HOUSTON
YOU'LL SEE AN EXCITING
DIFFERENCE WITHIN 1 DAY!
COMPLETELY PAIN FREE
AND EASY ON YOUR LIFESTYLE.
281-888-3094
SCHEDULE YOUR APPOINTMENT >>","(728, 90)"
"HIT BY A TRUCK?
JEFF'S
HERE
MO
U
Allarmy inrauliction by appointment only
WRONGFUL DEATH / COMMERCIAL VEHICLE ACCIDENT
RECENT
DAVIS RESULT $6 MILLION
$3,509,864
CLIENT:
NEED
TO
444-4444
LAW FIRM
CORPUS CHRISTI
SAN ANTONIO","(300, 250)"
"Stay
Up Late.
Your Future Will Thank You.
YOUR >>> Saturdays on
>>>MOVE NBC after SNL
WITH ANDY STANLEY","(300, 250)"
"www
Sama Kanker
Health plans
for your way
of living.
ENROLL
washington
healthplanfinder STARTING NOV.1","(300, 250)"
"Subscribe to
""KITPLANES
KITPLANES
Cygnet
Affor
KITPLANE KITPLANE
SuperSTOL
SONEX
HITELAN
Mi","(728, 90)"
"DYNAVIBE
HOW OFTEN
SHOULD YOU
BALANCE
YOUR PROP?
LEARN MORE >","(300, 250)"
"x
Journal of Accountancy
Podcasts
Tune in!
X","(728, 90)"
"THE DREAM IS REAL!
GET YOUR JET
Sub sonex
THE PERSONAL JET REALITY CHECK
Fly With BasicMed!
GET STARTED FOR:
$44,000!
SUBSONEX QUICKBUILD AIRFRAME KIT
YOUR BUCKET LIST
REALITY CHECK!
KIT + ENGINE: $103,000
BUILD & FLY FOR: $113,828 ALL-IN!
sonex
aircraft LLC
www.SonexAircraft.com/subsonex","(300, 600)"
"Char
AL HA
SHOW ALOHA LAND'S
2ND ANNUAL
LAND
a Winter Wonderland
BUY TICKETS NOW","(300, 250)"
"OurCrowd
Become An Angel Investor
Invest in pre-vetted startups & exclusive venture funds.
Join Free
JUMP
Acquired By
Uber
BEYOND MEAT
(BYND)
Nasdaq
Lemonade
IPO (LMND)
NYSE","(970, 90)"
"Thank you, health care workers.
Every day, you make a difference.
St Luke's","(728, 90)"
"TAKE A TURKEY
TO WORK DAY!
FRIDAY, NOVEMBER 19TH
CLICK HERE TO DONATE!
DONATIONS BENEFIT
CARE AND SHARE FOOD BANK
SPONSORED BY
SECURITY
SERVICE
FEDERAL CREDIT UNION","(728, 90)"
"Michelob ULTRA
ENJOY EVERY
DOWN
SUPERICE
LIGHT BEER
83KLBJ
ULTRA TEXAS JOIN US
34
for the 2021 season
WATCH PARTIES 2021
KINALIM","(728, 90)"
"The East Texas PLAN YOURS! >>
WEEKEND","(728, 90)"
"QJ
LEARN MORE
IN-PERSON | ONLINE | AEROSPACE & DEFENSE
MBA in OKC","(728, 90)"
"McCOWNGORDON
CONSTRUCTION
IT'S NOT THE
CRANES.
IT'S THE
BRAINS.
MCCOWN
GORDON","(300, 250)"
"Built for the next
generation of gaming.
Ⓒ Intel Corporation.
CORE
CO
intel
19
CORE
CORE
intel.
Cnewegg
intel
intel
intel
CORE CORE CORE
17","(728, 90)"
"CONTINUE
3 Easy Steps:
1)
2) Download on our website!
3) Get Quick Search Tool
Click 'Continue'
Quick Search Tool","(728, 90)"
"CREATIVE TOOLS
FOR MUSIC MAKERS.
START WRITING
TOONTRACK","(728, 90)"
"TINTING
APTINTING
Protect your castle.
One window at a time.
GET A QUOTE","(728, 90)"
"Digital Platform For
Commerce Connectivity SAP
Alumio iPaaS
Anlumio
Woo S
G","(728, 90)"
"vis
PROMO CODES
AVAILABLE
---
SEE CODES
Capital Shopping
The Coupon-Finding
Browser Extension
I
I
I
I
I
I
I
I
I
I
I","(300, 250)"
"Used by 40%
of Forbes 100
companies
JOIN THE CLUB
framery
SERIOUS ABOUT HAPPINESS","(300, 600)"
"Visit
LUBBOCK
TEXAS WINE
STARTS
IN THE
HIGH PLAINS","(300, 600)"
"smith honig
Moroccan + Glam
Who says you can't?
SHOP THE COLLECTION >","(970, 250)"
"William
Draw
Your Cards
Money
Luck
Love
Know your future
william-angel.com","(300, 600)"
"Cloud Error:
HadOops!
Address the elephant in the room.
Try the No-Limits Cloud Database
SingleStore","(300, 250)"
"Buying a home? Check out
M&T's mortgage options.
→ Equal Housing Lender. Ⓒ2021 M&T Bank. Member FDIC NMLS #381076
Learn more
M&T Bank","(728, 90)"
"TaskUs™
We protect what
matters most
Learn More →→","(728, 90)"
"Create Your Online Store
Organic
Skin Care
Get Started
n
WIX","(300, 250)"
"PREDATOR
HELIOS SERIES
The speed you need
LEARN MORE
Intel® Core™
Processors
intel.
Intel
intel.
CORE CORE CORE
15
17","(728, 90)"
"shutterstock
GET
10
FREE
IMAGES
Start your
Free Trial today
Get started","(160, 600)"
"TOP FONTS FOR EVERY PROJECT
SCRIPTD
SERIF ABANS SERIER ACHTER
165
DECORATIVE
VINTAGEON
CONTAINE
AND MORE!
UN TAML
envato elements
START NOW","(970, 90)"
"IN MY
SHADOW
Download on the
App Store","(300, 250)"
"PREDATOR
TRITON SERIES
Dominating hardware
LEARN MORE
Intel® Core™
Processors
intel.
intel
intel.
CORE CORE CORE
15
17","(728, 90)"
"axiom Spiking legal needs?
SEARCH OUR NETWORK →","(728, 90)"
"LEARN GUITAR
THE MOST ACCURATE TABS
AND BEST SONG LEARNING
SYSTEM ON THE WEB
START TODAY!
Guitar
INSTRUCTOR.COM","(300, 250)"
"Lightstep® Incident Response
Automate key
processes and
save time.
Get 6 months free
Sign Up
P1: ALERTO01-08
Server is not responding
D
P","(300, 250)"
"RIGHT PLACE
RIGHT TIME
9:41
Today's Hundstam
68 45%
Download on the
App Store
Saturday, Nov
www.
*****>
4533
HUNTWISE
GET IT ON
Google Play","(300, 600)"
"20 DINNER IDEAS FOR WHEN YOU
DON'T KNOW WHAT TO MAKE
feel like your weekly menu is stuck in a rut?","(300, 250)"
"22 Better Than-
Store-Bought
Recipes","(300, 250)"
"bl
EXPERIENCE THE
101 X-TREME SYSTEM","(728, 90)"
"DDMV7
NEW COBALT / FDE FINISH
*Not all offers are 3 months interest free. Subject to credit approval.
wwwwwwwwwwwww
HUSK
==
Galle
DEFENSE
FINANCING OPTIONS
3 Months Interest Free Financing*","(970, 250)"
"Practice French
Practice Spanish
Practice German
Practice Portuguese
Practice Italian
+Babbel","(970, 250)"
"VERSATILITY
THAT
WORKS
REQUEST DEMO >
CECIL'S
Tractors & Truck Repair","(160, 600)"
"Reserve your one-hour
complimentary tour!
A. Smith Bowman
DISTILLERY
Book Your Visit!","(728, 90)"
"BBC
TRAVEL
Chicago's African
American Heritage
Water Trail
Discover More
In Association with
coop","(300, 600)"
"RIGHT
PLACE
RIGHT
TIME
HUNTWISE
terme
Saturday, Now
wwww.
14
45%","(300, 250)"
"SPICE UP YOUR LIFE
ESSENTIAL
SPICE
一
SHOP NOW","(970, 90)"
"June
UP TO
50%
OFF
SHOP NOW","(160, 600)"
"ONEWHEEL
INTRODUCING PINT X
Higher performance, longer range, same fun size.
Shop Now","(970, 90)"
"Stay ahead of the curve
Competitive Intelligence Tools >
S&P Global
Market Intelligence","(728, 90)"
"BLACK
FRIDAY
20% OFF
ALL DEVICES!
68
tell health
SYS
DIA
PUL
98-95
bioland
5.8
WHILL
8-22 10:08
telll health.com
SHOP NOW >>","(970, 250)"
"""I HAVE MUCH MORE TO TELL YOU,...”
""...THE SPIRIT OF TRUTH WILL GUIDE YOU
TO ""ALL TRUTH"" John 16:12,13
BOOK OF HEAVEN
""...THY WILL BE DONE ON EARTH
AS IN HEAVEN."" Matthew 6:10","(300, 250)"
"ALL RISE
*YOUNG SHELDON
* BLUE BLOODS
OCBS
HITS STREAMING ON
Paramount+
TRY IT FREE","(728, 90)"
"SENTARAⓇ
You derserve
THE BEST
You're
safe
at Sentara
We're commited to safe
in-person mammography
care. Appointments
available now.
SCHEDULE NOW","(970, 250)"
"Black Friday Gifts
Choose either an AAS Sound Bank, LEVELS,
The Orb, PUNISH Lite, PolyComp or Autoformer
PLUGIN
BOUTIQUE
FREE
POGI
One free with any purchase","(728, 90)"
"Look for this
sign Rt. 31
Donegal to
Mt. Pleasant
WELCOME
22nd Annual
Christmas In
The Mountains
Dec.
3-5
10 a.m. - 6 p.m.
Find out about
Special Sales, Big
Prizes and more
Click Here!
Christmas shop in the beautiful Laurel Highlands!
Ad funded by the Westmoreland County Tourism Grant","(300, 250)"
"SHINE
Time To Ditch
The Toilet Brush
SHINE","(970, 250)"
"Lightstep Ⓡ
Incident
Response
●P1: ALERT001 - DB
Server is not responding.
un Reboot script
Sign Up
Reign team
Edalet
Push to desktop
Automate key
processes
and save time.
Get 6 months free","(160, 600)"
"1st Grade
3rd Grade
5th Grade
7th Grade
Real learning can
be really fun
2nd Grade
4th Grade
6th Grade
8th Grade
Adapted
Mind","(300, 250)"
"100,000+
impressions served of clients serviced
100+
1,000+
market locations
1
customized solution
COMMUNITY NEWS
DIGITAL","(300, 250)"
"UT Physicians
A Part of UTHealth
LIVE YOUR
BEST LIFE!
SCHEDULE YOUR
WELL-WOMAN
EXAM
MAKE AN
APPOINTMENT","(300, 600)"
"ONEWHEEL
THE NEW
ONEWHEEL
PINT X
Higher performance,
longer range, same
fun size.
Shop Now","(300, 600)"
"ACTIONIQ
The #1 CDP in Customer Satisfaction
Deliver real-time customer experiences that drive results.
Request Demo
Source: Advertisor Perceptions
Co
0","(970, 250)"
"14 Potato
Salad Recipes
for Your Next
Cookout","(300, 250)"
"WIX eCommerce
Start Selling
Online Today
Create Your Store","(336, 280)"
"Coupon Codes
Available
GET CODES
Capital Shopping
The Coupon-Finding
Browser Extension","(300, 250)"
"msi
2021
HOLIDAY
SALES
intel.
CORE
17
BUY NOW
Powered by 11th Gen. Intel® Core™ i7 processors","(336, 280)"
"STYLDOD
Virtual Home
Staging
STARTING AT
$16
TRY IT FOR FREE","(160, 600)"
"Free Resume
Template
Free Resume
Samples
Free Resume
Formatting
Free Resume
Builder
RN","(970, 250)"
"Tashkent 21
WORLD SAMBO CHAMPIONSHIPS
WORLD SAMBO CHAMPIONSHIPS
12-14 NOVEMBER
ROSNEFT
GENERAL PARTNER
SAMBO FEDERATION","(970, 90)"
"Sale Ends Soon!
Now Including
The Best Grow Light
of 2021!
Up To
30% OFF
All Complete Systems","(728, 90)"
":talkdesk®
Explore the most innovative
cloud contact center.","(728, 90)"
"BEERMKR.
$60 OFF
with code
MYBEER
BEERMKR
get yours now at beermkr.com","(300, 600)"
"BEST
80
MINECRAFT
UFREEGAMES","(160, 600)"
"msi
> BUY NOW
intel
CORE i7
2021
HOLIDAY
SALES
newegg
4F75 Thin
Powered by 10th Gen.
Intel® Core™ i7 processor","(300, 250)"
You can't trust a 10 year old..,"(300, 250)"
"Simple platform for complex apps.
API-driven bare metal cloud servers.
*3rd Gen Intel® Xeon® Scalable CPU
•Intel® SGX
• Intel® Optane™ Persistent Memory
Starting at $0.96/h!
DEPLOY IN MINUTES
intel.
XEON
PLATINUM
phoenixNAP
SLOBAL IT SERVICES","(728, 90)"
"THE YEAR IN PRODUCTS
THE 2021 MAN
SPY","(300, 250)"
"G
Get Grammarly
It's Free
Want complements on your
writing?
compliments","(300, 250)"
"all33
SAVE A TOTAL
OF $500
PROMO CODE:
""MOVE100""","(336, 280)"
"Oriton Audio
with Clarity comes Appreciation
PUC 40
Oriton.co.uk
Tel: 07927 030 988","(300, 250)"
"THE
SEARCH
IS OVER","(300, 250)"
"J.ME
Black
FRIDAY SALE
$70% OFF
SHOP NOW","(970, 250)"
"Dying Liver?
Fatty Liver
Healthy Liver
4 Signs Your Liver Can't Stand
Your Lifestyle Any Longer
(#2 Is Scary!)
>","(300, 250)"
"ACTIONIQ
HO
The #1 CDP in Customer Satisfaction
Deliver real-time customer experiences that drive results.
Request Demo
Source: Advertisor Perceptions","(728, 90)"
"res
OFF ROADERS ON THE ROAD!
FOR THE RONALD MCDONALD FAMILY ROOM
CLICK TO LEARN MORE
SHAKE
RIVER
CLUB
BENEFITING
RMHC","(728, 90)"
"AUTO LOANS...IT'S WHAT WE DO!
EASTMAN AUTO LOANS
CREDIT
UNION®
ECU BESIDE YOU
ECU.ORG/AUTO
800.999.2328
GREAT RATES & LOW PAYMENTS
NO PAYMENTS FOR 90 DAYS
EXCEPTIONAL SERVICE
It's What We Do!
EXPAND","(970, 250)"
"SELECTIVE
BE UNIQUELY INSURED
Small
Business
Happens Fast
Start Now →","(300, 250)"
"Tad ² p
SELLE
YOU CAN'T BEAT THE HOUSE!
ALAP
BUT YOU CAN
BEAT THIS GUY!
WinVIEW
WATCH.PREDICT. WIN.","(300, 250)"
"Manufacturers! Take
charge with consistent
production insights.
ERP SOFTWARE
FOR THE PLASTIC &
METAL FABRICATION
INDUSTRY
mie TRAK
TRAKE
mie TRAK
START NOW","(728, 90)"
"mie TRAK
Manufacturers! Take
charge with consistent
production insights.
ERP SOFTWARE
FOR THE PLASTIC &
METAL FABRICATION
INDUSTRY
mie TRAK™
nie TRAK
START NOW","(300, 600)"
"HAWALILI
UP TO 50% OFF
SHOP NOW","(160, 600)"
"Academy
SPORTS+OUTDOORS
PRESENTS
WITH
HANG
TERRELL
OWENS
AND FRIENDS!
JOIN OUR VIRTUAL WATCH PARTY
COWBOYST CHIEFS
SUN 11/21 4:25PM EST
FREE
TIX","(336, 280)"
"FREE KFC
SUNDAY NIGHT
SHOWDOWN
KFC
$180,000 IN TOTAL PRIZES
Weeks 1-18. Football
PLAY FREE
Eligibility restrictions apply. See DraftKings.com for details.","(300, 250)"
"Young
Alfred
Home insurance from $35/mo
Get Quotes","(728, 90)"
"Charles Daly
The Shooting Sports Specialist™™
Model 601 Versatile & Affordable Semi-Auto Shotguns
VIEW ALL MODELS","(970, 250)"
"SECURE SENSITIVE
DATA
ENCRYPTED STORAGE SOLUTIONS
Kingston
14SOOM
Kop
GRE
GROWERY
10 1 0
Learn more
#Kingstonls With You
Kingston","(728, 90)"
"SHIN MEGAMI TENSEL
AVAILABLE NOW
ATLUS","(728, 90)"
"Here when you need
us most.
Horizon.
Learn More","(728, 90)"
"WATCH
NJ Spotlight News
with Briana Vannozzi
Weekdays at 6:00, 7:30 & 11:00 PM
NJ PBS
WHERE TO WATCH Ⓒ","(300, 250)"
"2013
ZOLUCKY
- UP TO -
50%
shop now","(728, 90)"
"There's an Outside
Side inside each of us.
DECORATIVE ACCENTS
Barrette THE OUTSIDE COMPANY
OUTDOOR LIVING
X","(300, 250)"
"JustFashion Now
UP TO
45% OFF
SHOP NOW","(970, 250)"
"NeatInvoices™
One simple tool for every invoice & every payment
O PAID
Sign up now, it's
free....really!
neat®","(728, 90)"
"DIGITAL TRENDS
Best fitness
trackers
Read more","(300, 250)"
"TAKE CARE WITH
WHOLE BODY
Wellness
THERAFLU
MAIL.COPION
abreva
THERATU
FLONASE
Robitussin
Emergenc
IMMUNE
NASE
Available at Publix SAVE NOW
Advil
Elderberry
IMMUNE
gsk
945
WINC
CHA
Advil
EXCEDRIN
Use products as directed.","(300, 250)"
"JANG
BLACK FRIDAY SALE
UP TO
70%
OFF
SHOP NOW
jingus.com","(300, 250)"
"NeatInvoices™
One simple tool for
every invoice & every
payment
Sign up now, it's
free....really!
VOID
PAID
neat","(300, 250)"
"Amortgage.net
Today's
Refinance
Rate
1.997%
15-YEAR FIXED TERM
NO REGISTRATION, NO LOGIN
NO SSN REQUIRED.
Calculate Payment
*Terms & conditions apply.
NMLS# 1912050 (nmlsconsumeraccess.org).
1894","(300, 600)"
"COMPLETE
SHIELDING
SOLUTIONS
S
Custom
Portable
High Attenuation
SELECT™
FABRICATORS","(300, 600)"
"50-STATE
pants COMPLIANT
Derringer
banks
RAM
PANT
Danki
ADD UP TO 57 HP TO
YOUR RAM ECODIESEL
LEARN MORE","(970, 250)"
"JUST A PINCH
Recipes
What's
For
Dessert?
GET RECIPES","(300, 250)"
"One Platform
LISTRAK
Get Started","(728, 90)"
"JustFashion Now
UP TO
45% OFF
SHOP NOW","(728, 90)"
"CELCOM
Let yourself shine.
LAMPS PLUS
SHOP NOW","(728, 90)"
"$20,000
BLAST
STA
This Crypto
Conglomerate IPO Is
Taking Esports by Storm!
(OTC: APETF CSE: ALPA)
LEARN MORE >>","(970, 250)"
"Collaborate
with remote teams!
Speech to Text to Magic
on video transcripts
trint
GET STARTED","(728, 90)"
"IS
HIGH TOP
SNEAKERS
KHAKI
BLACK
Newchic","(300, 600)"
"Make Every
Event Count
#1 meeting and
events platform
powering unique
company event
experiences, anywhere.
Request a Demo
je to i ja e
166
glisser
Dupellentesque non esse
NATICINAT
44
3,766
59%","(300, 250)"
"Fed Stimulus
Pays Off Your
Mortgage If You
Have No Missed
Payments","(300, 600)"
"LEDIN
Free Shipping
UP TO
60% OFF
Shop Now","(300, 600)"
"Please come
and meet me
in advance.
CLOSERS
Adorable Bakery Girl
LUCY
PLATIN
PRE-CREATE NOW","(300, 250)"
"SQUARESPACE
Brand your entire
online business
with a few clicks.
BUILD YOUR ONLINE BRAND","(728, 90)"
"TAKE CARE WITH
WHOLE BODY
Wellness
abreva
FLONASE
LONASE
Rebussi
Advil
FO
THERAFLU
THERARD
WATE
bebery
Available at Publix
SAVE NOW
gsk
Use products as directed.","(728, 90)"
"dostane
THE
ORDERINGS
BOXLUNCH
SHOP NOW
NLP Middle-earth t","(728, 90)"
"Lucid
Collaboration is
better when it's visual
Explore now","(728, 90)"
"TREES. SEEDS FEEDS
EST.1984
GOLDEN GATE
NURSERY
The Nursery of Gardeners & Farmers
Local Family-Owned
& Operated
239.455.7233","(300, 250)"
"FOR A LIMITED TIME
New Websites for Community
Banks at NO CHARGE
BANKSITEⓇ
SERVICESO Simple Solutions. Unimaginable Results.
LEARN MORE
banksiteservices.com
Member ABA & ICBA","(970, 250)"
"ARM YOURSELF
FOR ADVENTURE.
GET YOUR VAX BEFORE YOU GO
VACCINES.GOV","(970, 250)"
"Sotheby's
Important Design
23 NOVEMBER
LEARN MORE","(300, 600)"
"insidetrack:
RE-ENROLLMENT
COACHING:
Bringing stop-outs
back to graduate
GET STARTED >","(300, 250)"
"LEDIN
EXTRA
15%
CODE: NEW15
SHOP NOW","(970, 250)"
"snowflake
DELIVER
ON THE PROMISE
ANALYTICS
OF
GET THE GUIDE
LEARNING MADE EASY
Snowflake Special Edition
Cloud Marketing
Analytics
dummies
What is cloud
marketing analytics?
How does siloed data block
360° customer views?
How to easily unify and
analyze all data","(300, 600)"
"2022
Decanter
WORLD WINE AWARDS
THE WORLD'S LARGEST
WINE COMPETITION,
UNRIVALLED GLOBAL REACH.
ENTER NOW","(300, 250)"
"NordicTrack
COMMERCY (750
FROM¡FIT>
NordicTrack
BLACK FRIDAY STARTS EARLY
$1,599 $1,899
SHOP 1750 TREAD","(300, 600)"
"Have you had your
MAMMOGRAM?
Early detection
saves lives.
SCHEDULE NOW
You're
safe
at Sentara","(728, 90)"
"LIVER IN DANGER?
↑↑↑
12
Dying Liver???
4 Warning Signs of Dying Liver
(#2 Is Scary!)","(300, 250)"
"cvent
EBOOK
The Ultimate Collection: Event
Marketing and Management
for Dummies
GET THE BUNDLE
W","(728, 90)"
"MORE THAN JUST A HEADLESS
COMMERCE PLATFORM
III.
The Complete Solution You
Need to Confidently Deliver
Business Results Fast.
elasticpath","(300, 250)"
"JustFashion Now
WEAR YOUR BEAUTY
Find Your Favorite Look
Multiple Sizes and Colors
SHOP NOW","(728, 90)"
"Upload Your Audio/Video File.
Get a Transcript In 1 HOUR.
transcribe
Transcribe Now","(728, 90)"
"NeatBooks™
Accounting software that
speaks your language
Start my
15-day trial
J
GOO.
neat","(300, 250)"
"Amortgage.net
Today's Refinance Rate
1.997%
APR | 15-YEAR FIXED TERM
NO REGISTRATION, NO LOGIN NO SSN REQUIRED.
Calculate Payment
*Terms & conditions apply.
NMLS #1912050 (nmisconsumeraccess.org).
J894","(300, 250)"
"Want instant savings
on the tech you love?
Retail Me Not
Deal Finder™
EXCLUSIVE OFFERS,
CASH BACK & MORE
08:36
000","(300, 250)"
"Andy's
Favorite Brands","(728, 90)"
"Andy's
Favorite
Brands
Learn More
Click Here To Learn More...","(300, 250)"
"LILICL TH
Gigi
jee-jee/-noun.
1. like a grandmother,
but so much cooler
see also:""best friend"",""extraordinary
5THINGS
YOU SHO
MY HUSBAND","(300, 250)"
"wwwwww
GROUP BUY
25
ANNIVERSARY UP TO 25X1
GET UP TO 25 PRODUCTS
FOR THE PRICE OF 1!
SHOP NOW","(728, 90)"
"A mortgage.net
Today's Refinance Rate
1.997 %**
APR
15-YEAR FIXED TERM
Calculate Payment
*Terms & conditions apply.
NMLS# 1912050 (nmisconsumeraccess.org).
J894","(300, 250)"
"AUSTIN TRAIL LIGHTS
OF
POWERED BY H-E-B
EXPERIENCE
THE MAGIC
SCHEDULE YOUR VISIT","(300, 250)"
"Get
Screened
""I didn't get screened because I was
afraid of it.""
Terry, Colon Cancer Survivor
American
Cancer
Society
LEARN MORE","(300, 250)"
"Tis the season, Austin.
Explore roasts, toasts,
& holiday cheer.
tock
Explore Now","(300, 250)"
"PROMOTED SERIES
THE
neighborhood guide. ▶
PRESENTED BY
Kuper Sotheby's
INTERNATIONAL REALTY
Thaule
88
81E
EXPLORE AUSTIN NEIGHBORHOODS","(300, 250)"
"Newchic
Mens Fashion
Show Now>","(300, 250)"
"the
spruce
Design Your
Dream Yard
GET STARTED","(300, 250)"
"YOU'RE
INVITED
TO BECOME
A MEMBER
jed
Beekeeping
HIVE MINDS
SIGN UP TODAY!
PU","(300, 250)"
"Learn How to Care
for Your New Chicks
Flock Starter
Guide
The Journey from Chiudete Layers
Backyard
Poultry
Nutrena
From brooder
and coop setup
to which breeds
are best for you!
We also explore
feeding, heating,
and common
ailments.
It's FREE! >>","(300, 250)"
"Subscribe to Backyard Poultry
Backyard
America's
Poultry Favorite
Poultry
Magazine
HOMESTEAD
POULTRY RACKE
FOR
THE DANGERSC
HALAM
NG AWAY AT
CHANGE
SABINANTS
TO PRE
P
HOMESTEAD
Subscribe
Today!","(300, 250)"
"insidetrack:
Improve Enrollment,
Retention and Completion GET STARTED >
THROUGH COACHING","(728, 90)"
"rigina
Ready Rice
JASMINE
GR
Add to Cart","(728, 90)"
"Want to Start a Business?
Connect to
Your Future with
JA Connect!
Learn More
EY
Junior
Achievement","(300, 250)"
"SimpliSafe
HOME SECURITY
Save Big On
Home Security This
Holiday Season
away
shop now","(300, 600)"
JustFashionNow FREE SHIPPING,"(300, 600)"
"Make sure you can trust your Mac.
Notarized by Apple
Get CleanMyMac X
MacPaw Inc.","(728, 90)"
"ARRIA
INTELLIGENT
NARRATIVES
EXPERIENCE NOW for Digital Finance | Watch on demand","(728, 90)"
"porkbun
FREE
.app or .dev
DOMAIN NAME
a
find yours","(728, 90)"
"Unlimited Royalty Free Audio
Corporate
Music
Free Files
Sound
Effects
Logos &
Indents
Cinematic
Music
And more
envatoelements
Start now","(728, 90)"
"Open
Weekly
Tuesday - Saturday
8am to 5pm
green valley
bookfair
SHOP NOW","(320, 50)"
"Perfect
Gifts
FOR THE
HOLIDAYS
3
NHLSHOP.COM
AF Fanatics Experience
G
SHOP NOW","(300, 250)"
"000
FREE
.app or .dev Q
DOMAIN NAME
porkbun
A
find yours >","(300, 250)"
"MARVEL
CHAMPIONS
Ⓒ2021 MARVEL THE CARD GAME
BE A CHAMPION!
ORDER NOW","(970, 90)"
"New in Proclaim
Easy Live Stream &
Multi-Screen Setup
Live Video
Slides
You are worthy of it all
You are worthy of it all
hard stogn","(300, 250)"
Lightinthebox.com,"(300, 250)"
"cruisecritic CRYSTAL
ANNOUNCEMENT:
Free Charter Air & Hotels on
Antarctica Cruises
Savings up to $9,000 per suite with
Crystal Expedition Cruises
Learn More","(300, 250)"
"Westland
PURCHASE YOUR
NEW COVER TODAY!
""World's Best Fitting Covers
SHOP NOW","(160, 600)"
"Pilates Practice Pilates Online, Anytime
Anytime
START 15-DAY TRIAL","(728, 90)"
"PANTHEON
AGILE
Are You a
Digital Marketer?
Learn How Agile Can Help You
Learn More","(300, 250)"
"Perfect
Gifts
FOR THE
HOLIDAYS
NHLSHOP.COM
AT Fanatics Experience
(=)
>>
7
€00
SHOP NOW","(300, 250)"
"Banggood
65% OFF
Genuine Leather
SE","(300, 250)"
"Dying Liver?
Most People Notice THIS Too Late.
4 Warning Signs (#2 Is Scary!) >","(300, 250)"
"Perfect
Gifts
FOR THE
HOLIDAYS
JU
NHLSHOP.COM
A Fanatics Experience
SHOP NOW","(300, 250)"
"Perfect
Gifts
FOR THE
HOLIDAYS
NHLSHOP.COM
AF Fanatics Experience
C
epitels
WASHINGTON
SHOP NOW","(300, 250)"
"fanbyte
The best gaming content,
delivered daily.","(300, 250)"
"FOR THE LOVE OF CATS.
GO NATURALLY SAFE.
SWITCH
TODAY
LOVE
WORLD'S BEST","(300, 250)"
"LOVE
WAR
BETRAYAL
THE TRUE STORY
OF POCAHONTAS.
GET YOUR DVD
& 4K STREAMING
Pocahontas","(300, 250)"
"For Illustrative Purposes Only
City
1-Step Jowl-Lifting Technique
(Try Tonight)","(300, 250)"
"COTOSEN
SHOP NOW >>
BUY 3 GET 4TH
40% OFF","(336, 280)"
"MSI CREATOR
ACADEMY
ONLINE WORKSHOP
with Rio Purba &
Christiawan Lie
Sabtu, 20 November 2021
14.00 - 16.30 WIB
JOIN NOW!","(300, 250)"
"TSM
Official PC & Monitor
of TSM FTX
F
SD
The World's first 16' QHD
Gaming laptop
GEAR UP NOW
LEGION 7
With Intel® Core™ i9
Lenovo","(728, 90)"
"GRUBHUB
GH
Save on
restaurants
you love
with Perks.
Check out
Grubhub Perks for
special deals!
Get delivery now","(160, 600)"
"NOV. 16-21, 2021
Belk Theater
Dr. Seuss'
How The
GRINCH
STOLE
CHRISTMAS!
THE MUSICAL
GET TICKETS","(300, 250)"
"NOVANT
N:HEALTH
ILLUMINATED
IMAGINATION
75TH ANNIVERSARY THANKSGIVING PARADE
WE'RE LIGHTING UP THE NIGHT SKY
UPTOWN CHARLOTTE | WEDNESDAY, NOV 24 | STEPS OFF AT 6PM
TUN
HUN","(300, 250)"
"DateMyAge
Cloe, 42
Find a match
for everyone
CHAT NOW","(300, 600)"
"LEDIN
UP
TO 60%
ΤΟ
SHOP NOW >","(336, 280)"
"LEDIN
UP
TO
%
OFF
SHOP NOW","(300, 250)"
"AND
//FAIRSTEAD
REDEFINING AFFORDABLE HOUSING
25,000
residents
www.
www
I
90+
communities
18
states
LEARN MORE","(728, 90)"
"soothe
Better flexibility,
better pay
Apply Now","(300, 600)"
"Experience the freedom
of cloud-first Chrome OS.
Designed for secure, flexible
hybrid and remote workplaces.
Ochrome OS
Learn more","(970, 250)"
"CHOOSE YOUR CHRISTMAS
SERMON SERIES
Holy
Night D
UGLY
Christmas
SWEATER
MORE AVAILABLE AT:
Sermon Central","(300, 250)"
"Free
Resume
Templates
Free
Resume
Samples
Free
Resume
Formatting
my Perfect resume","(970, 250)"
"MORE
THAN A
MORTGAGE
LENDSOLID
More Than A Mortgage
Going Beyond
Just Lending","(300, 600)"
"Osonatype
Federal software applications
are under attack.
GET READY >","(728, 90)"
"The Future of Defi
has a Waitlist.
Click Here to Join.
U","(300, 250)"
"Put Digital
Assets to Work
GLOBAL X
by Mirae Asset
Blockchain ETF
BKCH
PROSPECTUS. > SEI INVESTMENTS DISTRIBUTION CO.","(970, 250)"
"The Tech That
Syncs with You
Shop Now →
ebay","(728, 90)"
"Bens
Original
Ready Rice
JASMINE
Add to Cart","(728, 90)"
"Create
Instant
Mockups
Bots
T-Shirts
Devices Packaging Stationary
Books
And More
Placeitbydenvato
Create Now","(728, 90)"
"Essential TMT Insights
Exclusive Tech, Media & Telecom insights
delivered to your inbox each month.
S&P Global
Market Intelligence","(300, 250)"
"ROYALS
Keeping the Crown
Grcing
Curiosity
STRI
WATCH NOW","(728, 90)"
"WOOD BURNING
STOVES
STAY WARM
THIS WINTER
High quality wood
burning stoves at
an affordable price
FREE
SHIPPING
SHOP NOW rockfordchimneysupply.com","(300, 250)"
"Instant
Logo Maker
Gaming Logos
SPACE
Clothing
Brands
Sports Teams
ARETIL
Animated
Logos
YouTuber
Logos
GOTO
And More
Place it by @envato
Create Now","(160, 600)"
"AIR COMPRESSION BOOTS
NEW
AIR RELAX
AIR RELAX
Th","(300, 250)"
"EXANA
JustFashion Now UP TO 45% OFF
SHOP NOW","(300, 250)"
"Don't just know.
Be in the know.
STAY IN THE KNOW ►
Powered by GlobalSpec
Electronics 360","(300, 250)"
"LILICL TH
5 THINGS
YOU SHOULD KNOW ABOUT
MY HUSBAND
1. He Is A Freaking Awesome Husband
2. He loves me to the moon and back
3. He's also a GRUMPY MAN
4. He has anger issues and a serious
dislike for stupid people
5. Mess with me and he'll make your
death look like an accident","(336, 280)"
"There were 62.9B
cyberattacks in
2021.
ARE YOU READY?
CBTnu ets
Try Free","(300, 250)"
"One
Platform
LISTRAK
Get Started","(970, 250)"
"FACTORING
eagle MADE SIMPLE","(728, 90)"
"Ai for Defi
Learn How.","(728, 90)"
"ge:edge
Insure H
Ad Secure
LIVE WEBINAR
Cyber Secu
BIG
NEW
2 U
00
SUMMER
HOSTGATOR.COM
1-866-96-HOSTGATOR
DITCH THE ADS
GO PREMIUM
TRN
UPGRADE NOW","(728, 90)"
"BLACK
UEEN
Naan
BLACK BLACK
ZOLUCKY UP TO 50% OFF Shop Now","(300, 250)"
"Cloud-power your business and
enable remote work with Chrome OS.
chrome OS
Learn more","(728, 90)"
"What if there
was a better
alternative to
your social
media needs?
Agorapulse constantly ranks higher
by users on popular review sites.
Find out how →
G
Leader
Enterprise
SUMMER
2021
agorapulse","(300, 600)"
"wa
GPS
Vehicle Tracker
These Brilliant Vehicle Trackers
Are Taking The US By Storm!
Expert Market","(300, 250)"
"MARVEL
CHAMPIONS
THE CARD GAME
BE A CHAMPION!
ORDER NOW
Ⓒ2021 MARVEL","(300, 600)"
"THE LUXE LIFE.
THE
Preston
and NW Hwy.","(728, 90)"
"THE
LUXE
LIFE.
THE
Plaza
Preston and
WW Hwy.","(300, 250)"
"Shop Bigger!
AVTODO
a
GUCCI
LARGEST
OUTLET CENTER SAMARCOs
IN UNITED STATES
TourSanMarcos.com","(300, 250)"
"THE LUXE LIFE.
THE
Royal
Preston and NW Hwy.","(300, 600)"
"Watch on demand:
INTELLIGENT
NARRATIVES
for Digital Finance
EXPERIENCE NOW
00
ARRIA","(300, 600)"
"2012
34
19
wala
WHY YES
ACTUALLY
I CAN DRIVE
A STICK
NOVL
ZOLUCKY
- UP TO-
50%
shop now","(728, 90)"
"Orth & Feet
#1
Recommended
Shoes by Podiatrists
Shop Now
UP TO
25%
OFF","(970, 90)"
"DateMyAge
Alex, 46
Find a match
for everyone
CHAT NOW","(728, 90)"
"PAY OFF YOUR HOME
FASTER BY SWITCHING
TO A 15-YEAR FIXED
15-Year Fixed Term 30-Year Fixed Term
2.01% 2.42%
No SSN Required
Calculate Payment
NO SSN REQUIRED MORTGAGE.NET Ⓒ
*Terms & conditions apply. NMLS #1912050 (nmisconsumeraccess.org)","(300, 250)"
"VA
OVHcloud
Deals
Save $50 on our most popular
storage server
Includes Unlimited Traffic Limited Time Offer
Choose Yours Now","(728, 90)"
"Rated Higher and
Yogabed $250 Less than others","(728, 90)"
"vis
PROMO CODES
AVAILABLE
SEE CODES
Cape Shopping
The Find
·‒‒‒‒ –
I
I
I
I
I
I
I
I
I
I
I","(300, 250)"
"It's time to
find your calling.
Get training at M.AD.
SEE MY OPTIONS","(300, 250)"
"HOT TOPIC
WIZARDING
WORLD
Harry Potter
SHOP NOW","(300, 600)"
"Soft.clouds
ZOLUCKY
UP TO 50% OFF","(300, 600)"
"Safe Electric
Material
Handling
Request a Demo
Move up to
8,000 Lbs./4 Tons
nU+STAR
Power Tug™
PowerPusher
If It Rolls...We Can Move It.™","(300, 250)"
"RELIEF
FACTOR
RELIEF
FACTOR
Q
3 Week
Quickstart
ONLY
$19.95
supports relief of aches & pains
100% botanical & fish oil
created by physicians
relieffactor.com
800.500.8384","(300, 250)"
"chrome OS
Experience
the freedom
of cloud-first
Chrome OS.
Designed for secure, flexible
hybrid and remote workplaces.
Learn more
6","(300, 600)"
"Dying Liver???
*DO NOT* Ignore These Early
Warning Signs (#2 Is Scary!)","(300, 250)"
"OPEN
OPEN TRAIL
ATV & UTV ACCESSORIES
LEARN MORE
OE & HD AXLES
opentrailusa.com
OPEN TRAIL AXLE
OPENTRAL AXLE","(300, 250)"
"timeless
styles
LE
MIDWAY
COLLECTIO","(728, 90)"
"One business management
system that works with everything
you already have.
Acumatica
The Cloud ERP
See it in Action","(728, 90)"
"LifeStance
HEALTH
There is no one face to depression,
anxiety or any mental health struggle.
Learn More","(728, 90)"
"Highlands
Cove Realty
AT OLD EDWARDS CLUB
Get the Inside Scoop on
Luxury NC Real Estate
We Can Help","(728, 90)"
"Individually handcrafted
engagement rings
Pampillonia
CREATORS OF FINE JEWELRY
Bethesda Row
Bethesda, MD","(728, 90)"
"REUTERS EVENTS""
Energy Transition
Europe
Online I Interactive I On Demand 22-23 November 2021
Unite with European energy
leaders to inspire action,
set benchmarks, and
deliver net zero
#ETEurope","(728, 90)"
"Orth®Feet
UP TO 25% OFF
SHOP NOW
★★★★★
""LIFESAVERS!
I can walk PAIN-FREE
for the first time
in years""
-Donna Paine","(970, 250)"
"Unlock the built-in business
capabilities of Chrome OS.
chrome OS
Contact sales","(728, 90)"
"EHS
hero
YOUR ALL-IN-ONE
EHS SOLUTION
Test Drive","(728, 90)"
"eCademy Course
Become a Master In Continuous Security Validation
With Cymulate eCademy Free Course
LEARN MORE
Como Secr
Cymulate
www
Cymulate","(970, 90)"
"DINO
RUN
CONTINUE
G
MyGameCenter","(160, 600)"
"glisser
Make Every Event Count
#1 meeting and events platform powering
unique company event experiences, anywhere.
Download Now","(728, 90)"
"Start
1. Click on ""Start""
2. Activate your account
3. Access your content
Games - Ebooks.
Music - Movies
Find it on all-in-1 digitalcontent","(970, 90)"
"High Attenuation Portable
RF/EMI Shielded Enclosures
Light-weight, custom, faraday cages for any application
Learn More
S
SELECT
FABRICATORS
EMC Testing • Secure Communications Vehicle Testing • Wireless Device Testing","(300, 250)"
"Attention: Dying Liver?
4 Signs Your Liver Can't Stand
Your Lifestyle Any Longer
(#2 Is Scary!)
>","(300, 250)"
"8888PERSPIRE
SAUNA STUDIO
000
000
000
HOT+NEW.
franchise opportunity","(300, 600)"
"ArchiveSocial
Better Social Media Archiving for
Records Compliance
Try ArchiveSocial","(728, 90)"
"Switzerland
knows the deal
Compare health
insurance now and save","(300, 600)"
"EINPRESSWIRE
Send 2 free press releases
Click here","(970, 250)"
"NEW
daily rides
between
VIRGINIA & WASHINGTON
book now at ourbus.com","(728, 90)"
"UNIVERSITY OF
LOUISVILLE.
COLLEGE OF BUSINESS
EQUINE INDUSTRY PROGRAM
LOVE THE
RACING
LIFESTYLE?
Enhance your career
with UofL's graduate
Horse Racing Industry
Business Certificate.
APPLY TODAY!
Business.Louisville.edu/OnlineEquine","(160, 600)"
"Elite price
for everyone
Finance the Hunter WA685-CM
HawkEye Elite wheel alignment
system for a special low rate.
Offers valid
through Nov. 19 $27.96
per day
hunter.com/expo
HUNTER
EXPO 2021|||
wwwblow
HUNTER","(300, 250)"
"M COTOSEN
UP TO 50% OFF","(300, 600)"
"allbirds
Tread Brighter. Tread Lighter.
SHOP NOW","(970, 250)"
"TODAY'S
REFINANCE
RATE
15-Year Fixed Term
2.01%
No SSN Required
30-Year Fixed Term
2.42%*
Calculate
Payment
MORTGAGE.NET
*Terms & conditions apply.
NMLS #1912050 (nmisconsumeraccess.org)
1834","(160, 600)"
"Amortgage.net
Today's Refinance Rate
1.997%
15-YEAR FIXED TERM
Calculate Payment
*Terms & conditions apply.
NMLS #1912050 (nmisconsumeraccess.org).
J894","(300, 250)"
"MARVEL
CHAMPIONS
THE CARD GAME
BE A CHAMPION!
ORDER NOW
Ⓒ2021 MARVEL
F","(300, 250)"
"MILAMODE UP TO 45% OFF
Shop Now","(300, 250)"
"FITRATED
Best Home Gym
Equipment of 2021","(320, 50)"
"I never
finish
anythi
DO WHAT I WANT
WHEN I WANT
WHERE I WANT
ALL DADS
ARE CREATED EQUAL
* BUT ONLY *
THE FINEST RAISE
REDHEADS
LILICL TH","(300, 250)"
"L
CALVERT'S
-WALK-
Apartments
Schedule A Tour","(300, 250)"
"2
Say Goodbye To Your
Mortgage If You Have
No Missed Payments","(300, 250)"
"Perfect
Gifts
3
FOR THE
HOLIDAYS
NHLSHOP.COM
AF Fanatics Experience
HI
C
SHOP NOW","(300, 250)"
"Perfect
Gifts
FOR THE
HOLIDAYS
NHLSHOP.COM
AF Fanatics Experience
P
SHOP NOW","(300, 250)"
"LILICL TH
SOMETIMES
Feel Old
BUT THEN I REALIZE
MY
SISTER IS
OLDER
Sisters
Loose
on the
sistere trip 200
THERE'S NOTHING
I CAN'T DO
EXCEPT REACH
THE TOP SHELF
I CAN'T DO THAT","(300, 250)"
"Put the #1 SBA lender in DC
to work for your business.
Learn more
M&T Bank
Understanding what's important","(300, 250)"
"FIFTH ANNIVERSARY
OPENING NIGHT CELEBRATION
FIVE YEARS
WINDY CITY BULLS
PRESENTED BY BMO
11/17/21 $5 TICKETS
7PM
And everything else $5 or less
BULLS
5
BM","(970, 250)"
"FIVE YEARS
(WTORNUT CITY DSLLS)
POMOⒸ
FIFTH ANNIVERSARY
OPENING NIGHT CELEBRATION
CA
BULLS
5
11/17/21
7PM
$5 TICKETS
And everything else $5 or less","(300, 250)"
"LIMITED EDITION WAIFU CUPS
ONLY AVAILABLE AT GAMERSUPPS.COM
GAMER SUPPS","(728, 90)"
"FASHION
Newchic","(300, 600)"
"NAVIEN
NCB-H Series
High Capacity, High Performance
Condensing
Combi-boilers
Heating up to 150,000 BTU/H
DHW up to 210,000 BTU/H
Learn More","(300, 250)"
"KNIGHT
ALWAYS
LEADING THE
CHARGE
LEARN MORE
Lochinvar","(300, 250)"
"CALEFR
DIRTMAG® PRO
Dirt Separator
with Dual Magnets
CALEFFI
Hydronic Solutions","(300, 250)"
"R2
450+ Brands
200,000+ Products
Get heating supplies fast this season!
SupplyHouse.com","(300, 250)"
"Step up to Taco
High-Efficiency ECM
Circulators!
007
0015 3
Laco
Comfort Solutions","(300, 250)"
"67.5""
←20"">
COMMERCIAL
GRADE ""SMART""
TANKLESS WATER
HEATERS
Intellihot
Up to 3 Million BTU's
Multiple heat engines with individual
controls - Less Equipment Needed
Low Gas Pressure - No Problem
Easy to Install, and Maintain
• loT Remote Monitoring","(300, 250)"
"Improves Burner
Performance.
Easily.
It removes air from the system,
delivering foam-free fuel to
the nozzle providing a cleaner,
maximized combustion.
LEARN MORE
Beckett
OIL DE-AERATOR
Tigerloop ULTRA
FO
SPXFLOW
PA
CH","(300, 250)"
"PATENTS
PENDING
NEW MAGNETIC
BOILER FILTER XL
Webstone
a brand of NIBCOⓇ","(728, 90)"
"Download here
ComputerWeekly.com
UK/I 2021 Salary
Survey Results","(728, 90)"
"Introducing...
OFFICER
THE LEADER IN PRODUCTS, TECHNOLOGY AND INNOVATION
Subscribe today!
et Option
raster...
for with new purchases p. 30/ Introducing the latest vehicles p. 22
The only law enforcement
resource you'll ever need. OFFICER","(970, 90)"
"EXOTIC.
RARE.
YOURS.
Janefnds","(300, 250)"
"ADVANTAGE
HOME
CONTRACTING
The Leader in Home Repairs & Projects
DESIGN & BUILD PROMO
Free Basic Drawings ($3k Value)
Free Kitchen & Bath Design ($750 Value)","(728, 90)"
"SORRY
WE MADE THE RESERVE SERIES SOUND SO AMAZING
YOU'RE GOING TO HAVE TO BUY NEW SPEAKERS.
Reserve
Series
polk
EXPECT GREAT SOUND","(728, 90)"
"YOU WERE ONCE SONICALLY LOST.
NOW YOU'VE BEEN FOUND.
(C
PERLISTEN","(300, 250)"
"JBL
Discover the JBL 4309 Studio
Monitor Bookshelf Loudspeakers","(300, 250)"
"Manage, plan & organise
your team projects with
✓monday.com
Start free trial
Team projects","(300, 250)"
"smartsheet Plan. Track. Automate.
Learn how","(728, 90)"
"PAVILION™
Pavilion Tankless.com
Hot Water and Heating Products for ALL Your Comfort Needs!
B
Pail.com
A PB Heat, LLC
brand","(728, 90)"
"aut
International Fellowship
of Christians and Jews
STAND FOR
ISRAEL
*FEE
FREE
FLAG PIN!
REQUEST TODAY
****
****
FFFF
FETE
****
2014
FREE
EFFE","(160, 600)"
"Everyone Had A Crush On Her
In The '90s. This Is Her Now.
Mandy Moore Turns 37.
This Is Her Now.","(300, 600)"
"Dead Men Tales
HeatingHelp.com","(300, 250)"
"The 30-Second Bunnies are
re-enacting TV shows!
angryalion.com
Only at PRIMETIMER","(300, 250)"
"Find A Contractor
HeatingHelp.com
Click
Here","(300, 250)"
"Penn's Pre-Health Programs
Prepare for health professional school success with Penn
Fall 2022 early decision application deadline: February 15
Penn
Pre-Health Programs
APPLY NOW >>","(728, 90)"
"Pre-Med?
Shadow And Study
Abroad With Us
During Breaks
Connect
atlantis","(728, 90)"
"AN
THOR LT SERIES
ULTRA LIGHT
THERMAL RIFLE SCOPE
L
***
SAVE UP TO
$500","(728, 90)"
"+CROSSBREED
HOLSTERS
BKE
INTRODUCING THE ALL NEW
HYBRID ST2
>SHOP NOW","(300, 600)"
"Practice
French
Practice
German
Practice
Italian
Practice
Spanish
Practice
Portuguese
+Babbel","(160, 600)"
"Introducing...
OFFICER
THE LEADER IN PRODUCTS, TECHNOLOGY AND INNOVATION
The only law
enforcement resource
you'll ever need.
Subscribe today!
Feet Cyli
OFFICER
LEADER IN PRODUCTS, TECHNOLOGY AND INNOV
Technology Upgrade
for Patrol
Know your needs for mode","(300, 250)"
"OFFICER com
COMMAND STAFF BRIEFING
The monthly eNewsletter
delivering the latest in law
enforcement operations.
SUBSCRIBE TODAY!","(300, 250)"
"envatoelements
Best Motion
Graphics Templates
Backgrounds Elements
Overlays
Transitions
Miscellaneous
Interface
Effects
Openers
And more
Start now","(300, 600)"
"Is Gen Z deconstructing or
reconstructing religion?
Springtide™
RESEARCH INSTITUTE
DOWNLOAD THE
FREE REPORT
2021
The State of Religion & Young People
NAVIGATING
UNCERTAINTY","(970, 250)"
"Is Gen Z
deconstructing
or reconstructing
religion?
The State of Religion & Young People
NAVIGATING
UNCERTAINTY
Springtide
DOWNLOAD THE
FREE REPORT
Springtide
RESEARCH INSTITUTE","(300, 600)"
"GULP
TOPTOON*
OKAY,
I'LL TEACH YOU...
DO YOU WANT TO...
LEARN HOW TO
DO IT?","(300, 250)"
"CleanMyMac X
Ihr Mac. So gut wie neu.
Gratis testen","(728, 90)"
"THE WORLD'S MOST
GAME RECOGNIZE
GAME LEAGUE
auron
HE
THE
WORLD'S
NOST
LEARN MORE","(728, 90)"
"Cymulate
eCademy Free Course
Building an Effective Continuous
Security Validation Strategy
For Your Organization
LEARN MORE","(300, 250)"
"Are your cholesterol
numbers creeping up?
You may be eligible for an important cholesterol-lowering study.
See if you qualify>
AstraZeneca","(728, 90)"
"Websites
Need Lots
of Content
Everyday.
We Need
Writers.
Apply","(160, 600)"
"grand
Gheft
auto
SanAndonis
BATTLEGROUNDS
MINECRAF
Games Shopper","(970, 90)"
"PRA
AC INFINITY
For A Smarter
Grow at Home
AC INFINITY
85","(300, 250)"
"acorns
How much you need
to start investing","(300, 250)"
"Average Acores Customers
Total Round-Up
acorns
Your spare change can really
add up in just 4 months.
Start Now
$28.58
$57.91
audijenci te nak including bons of principal Round is me
$92.29
$118.60
DONO
arts are inanand in an Acara, por coming of de","(300, 250)"
"eCademy Course
Become a Master In Continuous Security Validation
With Cymulate eCademy Free Course
LEARN MORE
Cand Security
ValidFr
Cymulate
Cymulate","(728, 90)"
"Life
Up to $500,000 in simplified issue term life insurance.
100% no medical exam.
visit havensimple.com","(728, 90)"
"Donate@Home
WE COME
TO YOU!
SUNEOAST
BLOOD CENTERS
DONATE BLOOD
1-866-97-BLOOD","(300, 250)"
"ULTIMATE
UMA MEDICAL
ACADEMY
י
63,000 CAREER-READY
GRADUATES AT NO
RECRUITING COST","(300, 250)"
"NURX.
AGE BETTER WITH
TRETINOIN
GOLD STANDARD
ANTI-AGING
INGREDIENT
Learn More","(970, 250)"
"Rosetta Stone
Start Your Free Trial Today
CHINESE
SPANISH
FRENCH
ITALIAN
GERMAN
ARABIC
HINDI
KOREAN","(300, 250)"
"NURX. AGE BETTER
WITH TRETINOIN
GOLD STANDARD
ANTI-AGING
INGREDIENT
Learn More","(300, 250)"
"City
BEAUTY
How To
Tighten Skin
Around Jaw
(Do THIS
Before Bed)","(300, 250)"
"TIME THE MARCH
A GROUNDBREAKING
VIRTUAL REALITY EXHIBIT
AMERICAN FAMILY
INSURANCE","(728, 90)"
"TIME
WALK IN THEIR
FOOTSTEPS
THE MARCH
A GROUNDBREAKING VR EXHIBIT
AMERICAN FAMILY","(300, 250)"
"CHECK OUT TODAY'S ACTION AT
SIDEARMSTATS.COM
Go Now
◆SIDEARMSPORTS","(300, 250)"
"Pilates Anytime
Practice
Pilates
Online,
Anytime
START 15-DAY TRIAL","(160, 600)"
"V
CHECK OUT TODAY'S ACTION AT
SIDEARMSTATS.COM
SIDEARMSPORTS
Go Now","(728, 90)"
JustFashion Now FREE SHIPPING,"(300, 600)"
"Cloud-power your business
and enable remote work
with Chrome OS.
chrome OS
Learn more
वि","(300, 250)"
"$20,000
BLAST
ST
This Crypto
Conglomerate
IPO Is Taking
Esports by Storm!
(OTC: APETF CSE: ALPA)
LEARN MORE >>","(300, 600)"
"MOUNTAIN VALLEY
HOME COMFORT
Ame
$74 OFF
OF YOUR HVAC
MAINTENANCE
OR SERVICE CALL!
MITSUBISHI
ELECTRIC
MAKE YOURSELF COMFORTABLE
LEARN MORE","(336, 280)"
"NOOM
Changing the
way you eat
starts with
psychology.
TAKE THE QUIZ","(300, 600)"
"HERO
WARS
HOW TO LOOT?
TRY","(970, 90)"
"J.Me
Black
FRIDAY SALE
UP TO
70% OFF
*Free Shipping on Everything!
SHOP NOW","(336, 280)"
"UFC
FIGHT FOR GOLD,
FIGHT FOR GLORY
Drink responsibly.
Modelo Especial and Modelo Negra Bers
Imported by Crown Imports, Chicago, IL
Modelo
Modelo Modelo","(728, 90)"
"Amerikan
Heart
Association
GIVING
TUESDAY","(300, 250)"
"Where bounty
meets beauty.
R
RICE VILLAGE","(300, 250)"
"WIX
Create Your
Own Website
Start Now","(300, 250)"
"Sierra Pacific
Your lender for life,
wherever life takes you!
888-888-1172
START HERE
11
-MORTGAGE-
LENDER
NMLS#
294990","(300, 250)"
"JustFashionNow
ECC
(LC
00₂
FREE SHIPPING","(160, 600)"
"ΑΡΕΧ
SETTLEMENT GROUP
Pay Your
Medical Bills
Sell Life Insurance
Policy for Cash","(336, 280)"
"FREE COUPON
SEE CODES
Capital One Shopping
The Coupon-Finding
Browser Extension","(970, 90)"
"FORVENT
Fick!!
FINSK FICK!!
CONTINUE
MyGameCenter","(728, 90)"
"Add a Coupon Code to Your Cart
Best Extension for Online Deals
Get Coupons
CoupertⓇ","(970, 250)"
"SOCIAL SECURITY
123-45-6789
THIS NUMBER HAS BEEN ESTAD FOR
JOHN O PUBLIC
IMENT OF
USA
SIGNATURE
Claim $4,900 Benefit
All seniors over 65 are due a large benefit
this month (but only if they claim it).
Outer Money
Learn More >>","(300, 250)"
"Menico Brand Shoes
Focus On Handmade And Comfy
Shop Now
Banggood","(300, 250)"
"Follow @MailOnline on
Twitter for breaking news
and top stories from
around the globe","(970, 250)"
"Join our
Diverse Workforce
ti HEXA
HEXAWARE
KNOW MORE >","(728, 90)"
"auvik
Easy Network Monitoring
and Management
Try it for yourself.
TRY THE SANDBOX","(300, 250)"
"elleandvireja. Follow
Creamy Callaloo
Alfredo
DOLINO Walim
Co TRY IT NOW!
Elle&Vire","(300, 250)"
"cooltone
by coolsculpting
LEARN MORE","(160, 600)"
"CELEBRATION 25 YEARS
UK JEWISH FILM
FESTIVAL
4-13 HIVENBER 2821
50+FILMS FOR £45 BOOK NOW
4-18
NOV
Jewish","(970, 90)"
"GoldenCheck
You want to check up on your parents.
But they're in Florida and you're not.
Golden Check are here when
you can't be.
click here to access promo code","(300, 600)"
"Golden Check
You want to check up on your parents.
But they're in Florida and you're not.
Golden Check are here when
you can't be.
click here to access promo code","(300, 250)"
"Looting, Loss,
and Recovery
A Virtual
Symposium
Video Premieres: Dec 6
Live Panel: Dec 9
Free with RSVP
LEARN MORE
Jewish Museum","(300, 250)"
"You want to check up on your parents. But they're in Florida and you're not.
Golden Check is there when you can't be.
click here to access promo code
2
Golden Check","(970, 90)"
"Today's Best Deals Are Here
The Inventory team is rounding up discounts on hot items you don't want to miss.
Click here to browse!","(970, 250)"
"Wellness for your
clients and you
ww
Apply Now","(728, 90)"
"Meta Quest 2
x Resident
Evil 4
Watch As Avan Jogia Takes On RE4 For The First Time
WATCH HERE
Presented By
Meta Quest","(970, 250)"
"Cymulate
eCademy Free
Course
Building an Effective Continuous
Security Validation Strategy
For Your Organization
LEARN MORE","(300, 600)"
"KELLE
BLUE BOOK
OFFICIAL
YOUTDR
Kelley Blue Book's
5 GREAT DEALS
DA
see our picks","(728, 90)"
"Shopping Top-10 Cars?
Price One Now!
Get started
$20,745
$20,692
Invoice
Fair Purchase Price
$20,465
KELLE
BLUE BOOK
OFFICIAL GUIBE","(300, 250)"
"SMART
REPORTING
Intelligent Narratives for Finance
GET THE FACT SHEET
ARRIA
Collably the
back","(300, 250)"
"ARRIA
GET THE FACT SHEET
SMART REPORTING
Intelligent Narratives for Finance
Fathalabey atlet","(728, 90)"
"PROMO CODES
AVAILABLE
SEE CODES
Capital One Shopping","(300, 600)"
"CALVERT'S
-WALK-
Apartments
Schedule A Tour","(336, 280)"
"First Time Home Buyer?
20% REBATE
of Commissions
LEARN MORE
SRE.com
Human Assisted eCommerce
Home Loans
1.550%
Fixed Rate & APR","(300, 250)"
"MATOUK
Creating the finest
bed and bath linens
since 1929
SHOP NOW
DO (P
4","(300, 600)"
"FIVE
PAY 3 STAY 4
EXTEND THE F
PAY 6 STAY 8
Book Now","(160, 600)"
"PROMO CODES AVAILABLE
VIEW COUPONS
Capital Shopping
The Coupon-Finding
Browser Extension","(728, 90)"
"DataCamp
A modern learning
experience for
data science and
analytics
SALE
RSQL>-E
Learn More","(300, 600)"
"250
MINECRAFT
CASUALSQUAD","(160, 600)"
"THE MEADOWS
AT CANTON
16.9%* TARGET IRR
11.3% * TARGET CASH ON CASH RETURN
ACCESS DEAL
SPONSORED
BY THE GSH
GROUP
REALTYMOGUL'","(728, 90)"
"BIOSKOP
ONLINE
ORIGINAL
STORY OF DINDA
SECOND CHANCE OF HAPPINESS
SEBUAH FILM KARYA GIMANTI ROMA
AURELIE MOEREMANS ABIMANA ARYASATYA ARDHNO PRAMONO CANTIKA ABIGAIL
celebrities.id","(300, 250)"
"anc
NORACORA
MERRY CHRISTMAS
62%
OFF
SHOP NOW","(970, 250)"
"TODAY'S
REFINANCE RATE
15-Year Fixed Term
30-Year Fixed Term
2.01% 2.42%
No SSN Required
Calculate Payment
NO SSN REQUIRED MORTGAGE.NET Ⓒ
*Terms & conditions apply. NMLS #1912050 (nmisconsumeraccess.org)","(300, 250)"
"LEGION 71
With Intel® Core™ i9
SUVAINE
Purpose-forged
Elite performance
GEAR UP NOW
TOV
Lenovo
SD TSM
Official PC & Monitor
of TSM FTX","(300, 600)"
"LEGION 71
With Intel® Core™ i9
The world's
first 16"" QHD
Gaming laptop
GEAR UP NOW
ETHE
FOL
GDTSM
Official PC & Monitor
of TSM FTX
Lenovo","(300, 600)"
"GH
Save on the restaurants
you love with Perks.
Check out Grubhub Parks for special dela!
Get delivery now","(728, 90)"
"WE CAN OPTIMIZE
YOUR SOCIAL
MEDIA PLAN
compulse
INTEGRATED MARKETING
A FULL-SERVICE
DIGITAL AGENCY
LEARN MORE >>","(728, 90)"
"START NOW
3 Easy Steps:
1) Click 'Start Now'
2) Download Extension
3) Get Quick Search Tool
Quick Search Tool","(300, 250)"
"Choose Your
CARDS NOW I
YOUR
???","(728, 90)"
"WIN A + A DREAM
DREAM SUV HOUSE
Enter now
omaze
(30)","(300, 250)"
"PANTAU
kuasa
How are politicians
appointed into the Federal
statutory Bodies (FSBS)
in Malaysia?
Track Malaysia's
Political Appointments","(300, 250)"
"WIN THIS HOUSE
AND START
EVERY DAY HERE
All to support Make-A-Wish.
I'm in
omaze","(970, 250)"
"sears
HOME SERVICES
VALUABLE PROTECTION.
COVERED REPAIRS.
GET A QUOTE","(728, 90)"
"S
CES
ces.com
APPLIANCE REPAIR
sears
HOME SERVICES
APPLIANCES
SERVICE & PA
PROTECTION
IMPROVEMENT
PORA
EFFE CAUTION
OUR TEAM
PROUDLY SERVING
your neighborhood
Schedule now
1-888-314-3067","(300, 250)"
"sears
HOME SERVICES
hagas
EXPERT APPLIANCE REPAIR
Wherever you bought it,
WE CAN FIX IT
Schedule now
1-888-314-3067","(728, 90)"
"TRUMP & ROOT
ARE THEY TWINS?
Wayne Allyn Root The Conservative Warrior
Daily on USA Radio Network
6 PM to 9 PM ET/3 PM to 6 PM PT
Affiliate Relations: Andrew Paul 702 271-3745","(300, 250)"
"WEEK
23193
OFFERS SO GOOD,
YOU CAN BRING YOUR FRIENDS
MGM RESORTS BOOK NOW >","(300, 250)"
"WINK AND YOU'LL MISS IT
UP TO 50% OFF YOUR STAY. THRU TUES, NOV 30 ONLY.*
THE COSMOPOLITAN
LAS VEGAS
*TERMS APPLY.
SEIZE THE STAY","(300, 250)"
"HOT TOPIC
WIZARDING
WORLD
vide
MARTS
Harry Potter
SHOP NOW","(300, 600)"
"Automation.
Transparency.
Industry-leading expertise.
Choose us as your self-serve
advertising partner.
Contact us
DanAds™","(300, 250)"
"Best Gaming
Logo Maker
COMMANDER
INFINITE
JUSTICE
GALACTIC
MARIAG
NIGHTMARE
Place it by @envato
NASTY
BAKKY
PLAYER
DARK
Create Now
GO
GAMER
METAL
OCTOPE
BRUTAL SQ","(300, 600)"
"PAY OFF YOUR HOME
FASTER BY SWITCHING
TO A 15-YEAR FIXED
15-Year Fixed Term
2.01%
No SSN Required
30-Year Fixed Term
2.42%*
Calculate Payment
NO SSN REQUIRED MORTGAGE.NET
*Terms & conditions apply. NMLS #1912050 (nmisconsumeraccess.org)","(300, 600)"
"THE COMPLETE RASPBERRY PI 4
STEP-BY-STEP DIGITAL LEARNING BUNDLE
3 Online Courses | eBook | Code & Downloads | Instructor Support
BUILD WORKING PROJECTS
LIMITED TIME OFFER
POWER LEARNING
-ACADEMY-","(728, 90)"
"omaze
WIN A
MERCEDES-AMGⓇ
GT STEALTH
EDITION
Enter now","(300, 600)"
"Hospital
Financial
Recovery
$1M Saved
on Hospital
Budgeting Efforts
READ THE CASE STUDY
1
strata","(300, 250)"
"Boost your site's engagement with
custom content experiences
INSTICATOR
Learn More","(728, 90)"
"Generate cute name
for your cute baby dog","(970, 250)"
"2019 Guide to Enhancing Quality
Control in Your Medical Devices
Get the Guide
SARTORIUS","(728, 90)"
"SARTORIUS
AFFLM
Cubis® II: Your Balance, Your Way
Increase Stent Weighing Throughput
Request Demo","(300, 600)"
"SARTORIUS
Speed up Stent
Weighing:
Choose the New
Cubis® II Balance
Learn More","(336, 280)"
"FREDERIC DA SILVA
PARANORMAL
Mind Reading Magic
RATED 4.9/5
EXCEPTIONAL
TICKETS FROM
$28
BUY TICKETS","(300, 250)"
"SARTORIUS
Solutions That Steer You Through
Every Step of pDNA Production
Discover Now","(728, 90)"
"BioRebalance
Quitting drinking doesn't
have to be hard.
LEARN MORE
B
BioRebalance
D D D D D","(970, 250)"
"YOUR LOGO HERE
Your Sponsor Ad here
click here for details","(728, 90)"
"AY
JustFashionNow FREE SHIPPING","(300, 600)"
"0% Honda
APR
FINANCING Honda
for up to
36
MONTHS
SHOP NOW
Local Honda Dealer HONDA","(300, 250)"
"STA
NOMINEES
YOU CHOOSE THE YEAR'S BEST
2021 ALLMLB
VOTE NOW
cue","(728, 90)"
"Liquid Web™
FULLY MANAGED
VPS HOSTING
• Acronis Backups
• DDoS Protection
• 24/7/365 Support
Liquid Web
E MOST HELPFUL HUMANS IN HOSTING
Starting at
$15/mo
with 2-year pricing
MONEY BACK
30 DAYS
GUARANTEE","(300, 600)"
"FISHER INVESTMENTS
HOW CLOSE ARE YOU TO
RETIREMENT?
Where are you in your journey to
retirement? If you have $500k+ get
this free guide to help bring you one
step closer to your destination.
Learn More","(300, 250)"
"Get Real.
Get YF.
Opteon-YF
Automotive Refrigerante
SELF-SEAL CAN
Oumours
Net W
Opteon YF
R-1234yf
Automotive
Refrigerant
LEARN MORE","(160, 600)"
"SMART
REPORTING
Intelligent Narratives for Finance
GET THE FACT SHEET
ARRIA
Collably died
Last","(336, 280)"
"Austria
Winter Love
never ends
Discover now >
austria.info
#winterlove","(300, 600)"
"ONEWHEEL
TIME ΤΟ
LEVEL UP
More power, more range,
more !!!!!!!!!.
GNEWHEEL
NEW
NEW
pintz
Shop Now","(970, 250)"
"Generate cute name
for your cute baby dog","(728, 90)"
"10:08AM
DERMATOLOGISTS,
SLOW SOFTWARE?
It's about time
you had a system as fast as you
ModMed
MODERNIZING MEDICINE
LEARN MORE","(728, 90)"
"COME BACK TOGETHER AT CANADA'S #1 MUSICAL
COME FROM
AWAY
REOPENING
DECEMBER 15
ROYAL ALEXANDRA
THEATRE
BUY TICKETS","(970, 250)"
"AFFORDABILITY
Over 50% of members with
a subsidy pay $a month.
NC
FREE QUOTE","(728, 90)"
"✔
AFFORDABILITY
Over 50%
of members
with a subsidy
pay $0 a month.
NC
FREE QUOTE","(300, 600)"
"W
NC
✔AFFORDABILITY
Over 50%
of members
with a subsidy
pay $0 a month.
FREE QUOTE","(300, 250)"
"strata
Benchmark
Against Peers
Leverage Volume
Data from 2 Million
Patient Encounters
LEARN MORE","(300, 600)"
"Run Your Law Firm
From Anywhere
Learn More
mycase","(728, 90)"
"Voted #1 in
SIX Categories:
End-to-End E-Discovery
. Foreign Language Translation
End-to-End Litigation Consulting
Managed Document Review
Predictive Coding Solution
Legal Staffing
TLS
TRANSPERFECT LEGAL SOLUTIONS
New York
Law Tournal
BEST OF 2021
> WINNER
FIND OUT WHY","(300, 600)"
"O
Named a Leader in
The Forrester Wave:
Low-Code Development Platforms
For Business Developers, Q4 2021
Get the report
B Betty Blocks","(970, 250)"
"BENEFIT-SPECIFIC, FUNCTIONAL.
HOLIDAY SALE -40% OFF
SHOP NOW
USE CODE: ENJOY40
ne
121
reed
SOMS
wwwinge","(300, 250)"
"11
Sign Up For the Invested
Newsletter Delivered Daily
by U.S. News Editors
Invested provides investors with advice,
850 rankings and stock market news.
$5.00 56.00 56.00
249 230 2.50
Sign Up
us.News INVESTED","(300, 250)"
"SHOP NOW
Newchic","(160, 600)"
"DISCOVER BOTSWANA
Africa's Most Exclusive Destination
EXPERIENCE EXCELLENCE | SAFARI.CO.UK
AFRICA
EXCLUSIVE","(728, 90)"
"GIFTS FOR
LISTENERS
shop
STLPR
UNDER-
STANDING
Starts Here P
stil pr","(728, 90)"
"stil pr
GIFTS FOR
LISTENERS
shop
STLPR
sitil pr
UNDER-
STANDING
Starts Here","(300, 250)"
CURIOUS CEUS SUBMIT YOUR QUESTION TODAY,"(728, 90)"
"Pella Window & Door Replacement
pellacolumbus.com
Gunton
CARAFARA
PARATOTO
SCHEDULE A FREE IN-HOME CONSULTATION TODAY!
Refresh. Replace. Relax.
Click for details. © 2019 Pella Corporation","(300, 250)"
"Inventing Improv
A CHICAGO STORIES Special
EXPLORE THE WEBSITE
wttw.com/improv wttw","(728, 90)"
"APOTHECARY
ESTABLISHED 1875
GLOBALLY SOURCED,
LOCALLY LOVED.
Discover an international selection of unique gifts
at Merz Apothecary.
Learn More","(300, 250)"
"a million
little things
WEDNESDAY 10/9c abc","(300, 250)"
"RUDOLPH
Santa
Love like Jesus
I'M THE
Sister
I'M THE REASON
WE HAVE RULES
LILICL TH
2021 BLACK
FRIDAY
FROM $3.99","(970, 250)"
"Hospital
Financial
Recovery
Health Systems
Saves 20,000 Hours
of Leadership Time
READ THE CASE STUDY
strata","(300, 250)"
"CROWDSTREET
Let's build Austin.
Join the largest online real estate
investing platform. LEARN MORE
Famxm","(728, 90)"
"D-Link
SET 2 SEPARATE TIMERS
with D-LINK'S SMART PLUG","(300, 250)"
"SHINE
Automate
Toilet Cleaning
SHINE","(970, 250)"
"ONLINE FUN
FOR MOVIE LOVERS!
POP
COD
PLAY","(300, 600)"
"Helping you live better
and feel better
PGHealth
& WELLNESS
Pittsburgh Post-Gazette.
Sponsored by UPMC
LIFE CHANGING MEDICINE","(300, 250)"
"COO
PG
ess
Celebrating all that's good.
Sundays in the
Pittsburgh Post-Gazette
Sponsored by
HIGHMARK |
AHN","(300, 250)"
"Sundays in the
Pittsburgh Post-Gazette
Sponsored by HIGHMARK ◆AHN
Celebrating all that's good.
PG","(728, 90)"
"Art Basel
Miami Beach
December 2-4, 2021
Join the artworld in Miami Beach.
UBS","(970, 250)"
"Carnival sale
Trifox Bike Anniversary
Flash Sales From $0.01, Two Rounds a day!
Buy Frame, Get handlebar for free!
Choose any handlebars you like!
No
S","(300, 250)"
"Perfect
Gifts
FOR THE
HOLIDAYS
NHLSHOP.COM
AF Fanatics Experience
OILERS
SHOP NOW","(300, 250)"
"Highly viewable, lightweight
video tailored to your site
INSTICATOR
Explore 2020 Explorer
11
Learn More","(728, 90)"
"Design Your Dream Home!
Room
Sketcher","(300, 250)"
"X
TURN OFF ALL ADS
TOTAL Adblock
OFF","(320, 50)"
"READY TO
USE SOUND
EFFECTS
URBAN
SOUNDS
HUMAN
SOUNDS
FREE
ITEMS
INDUSTRIAL
SOUNDS
AND MORE
GAME
SOUNDS
NATURE
SOUNDS
envatoelements
START NOW","(300, 250)"
"NOMAD
*****
MagSafe Made Easy
Shop Now","(300, 250)"
"TAIWAN BUSINESS & TRADE SHOW WEBINAR
Automobile Electronics and IOV Industries
LIVE STREAM Fri, 26 November 2021 | 10.00 WIB","(970, 90)"
"TAIWAN BUSINESS & TRADE SHOW WEBINAR
Automobile Electronics and IOV Industries
LIVE STREAM Fri, 26 November 2021 | 10.00 WIB
Organized by: Bureau of Foreign Trade (BoFT)
00
............. 19
Taiwan External Trade Development Council (TAITRA)
do-o","(970, 250)"
"Need a
coupon
code?
Get It Here
Coupert
I
I
I
I
|
|
I
I
I
I
I
I","(300, 600)"
"AIRTAME Making screens Back to school?
How to Create a Safer,
More Informed School
with Digital Signage
and
Get free eBook","(970, 90)"
"WE CAN OPTIMIZE
YOUR SOCIAL
MEDIA PLAN
compulse
INTEGRATED MARKETING O
A FULL-SERVICE DIGITAL AGENCY
✔LEARN MORE » Q
>>","(300, 250)"
"LILICL TH
TER
JANCE LIKE frosty
weine
SHINe Like
RUDOLPH
Santa
e like
Love
2021 BLACK
FRIDAY
FROM $3.99
Jesus","(300, 600)"
"HYPERSOFT SNEAKERS
Your Feet Need
Hypersoft.
GET 70% OFF
en.gethypersoft.com","(300, 600)"
"Capital One Shopping
COUPON CODES
I
AVAILABLE
GET CODES
The Coupon-Finding
Browser Extension
1
I
I
1","(336, 280)"
"Perfect
Gifts
FOR THE
HOLIDAYS
NHLSHOP.COM
A Fanatics Experience
1
SHOP NOW
C","(300, 250)"
"Images, footage, and music-all in 1 plan.
Learn more
shutterstock flex","(970, 90)"
"[1
11
PHILIPP PLEIN
MADE IN ITALY
PHILIPP PLEIN™
MADE IN ITALY
PHILIPP PLEIN
OUTLET
Bags Alert!
New arrivals for FW21","(970, 250)"
"CLOCHEE.
Listopad
MIESIĄCEM
DARMOWEJ
DOSTAWY
NA ZAKUPY!","(300, 250)"
"Practice French
Practice German
Practice Italian
Practice Spanish
Practice Portuguese
+Babbel","(300, 600)"
"Need a
coupon code?
Get It Here
I
|
I
I
Coupert!","(300, 250)"
"HERO
WARS
Mag
LEVEL 1
SLUG
ATTACK
DEFENSE SPEED
LEVEL 25
wwww
CHABBA
DEFENSE SPEED
ATTACK
LEVEL 60
CHABBA HUTT
ATTACK
★
DEFENSE SPEED","(970, 250)"
"CBS SPORTS
NFL
Paramount +
TRY IT FREE
CBS EVENING NEWS
KAMP KORAL:
WITH NORAH O'DONNELL SPONGEBOB'S UNDER YEARS","(300, 250)"
"Rakute
UEFA
5
CBS SPORTS
NFL
CBS SPORTS
PGA TOUR
Paramount +
TRY IT FREE","(300, 250)"
"Ô similarweb
Get insights. Win the
holiday campaign wars.
Learn more
ne
11
VILE","(728, 90)"
"ManageEngine
ADSelfService Plus
Enterprise Single Sign-on
Solution for 100+ Cloud
Applications
• Office365
• GSuite
• Salesforce
• Zendesk
• ServiceNow
and more.
TRY NOW
30-Day FREE Trial","(728, 90)"
"Master the fundamentals of anesthesiology
with ACE.","(728, 90)"
"Insights
from 1000
Global CIOs
Power your digital business
ecosystem strategy with APIs
Learn more
Google Cloud","(300, 600)"
"MYKA
Sterling Silver Gold Plated
Rose Gold
Diamond","(728, 90)"
"THE
LORDRINGS
NLP Middle-earth Ent. Le to New Line 2
SHOP NOW
BOXLUNCH","(300, 250)"
"ARRIA
SMART
REPORTING
Intelligent Narratives for Finance
GET THE FACT SHEET","(300, 600)"
"ANASTASIA
→→→KRISTENSEN
BALTRA
COM TRUISE
CUT COPY DJ SET
599 Johnson Avenue Brooklyn NY
ELSEWHERE
CRITIES","(300, 250)"
"J.me
3RD ANNIVERSARY
$50%
20% OFF CODE JING20
A","(970, 250)"
"Perfect
Gifts FA
J
N
FOR THE
HOLIDAYS
NHLSHOP.COM
AF Fanatics Experience
X-1
R
SHOP NOW","(300, 250)"
"Perfect
Gifts 1
FOR THE
HOLIDAYS
NHLSHOP.COM
AF Fanatics Experience
SHOP NOW","(300, 250)"
"Get Real.
Get YF.
R-1234yf
Automotive
Refrigerant
Opteon-YF
Automotive Refrigerat
SELF-SEAL CAN
N
Opteon YF LEARN MORE","(300, 250)"
"KEEP YOUR
BOBCAT EQUIPMENT
PERFORMING
LIKE NEW.
ce Kit
Bobcat.
BUY BOBCAT PARTS","(300, 600)"
"2.8 μmol/J
2304x Samsung LM301H
288x Osram 660nm Shop Now
WHI
Shipment from
USA Warehouse
3-5 Days Delivery
Hort Bloom
Best LED Grow Lights","(728, 90)"
"HOLIDAY IN DUBAI
PAY 3 STAY 4
EXTEND THE FUN
PAY 6 STAY 8
Book Now
FIVE","(970, 250)"
"16.3%* Target IRR | 11%* Target Cash on Cash
THE MEADOWS AT FARMINGTON HILLS
On Behalf of The GSH Group
REALTYMOGUL","(728, 90)"
"STYLEWE UP TO 60%OFF
Shop Now","(336, 280)"
"20
Hefty
SLIDER
BAGS
CLICK!
Hefty CLOSE
WITH
CONFIDENCE","(728, 90)"
"COMMUNICATING
AAAAS SCIENCE
PROGRAM
Workshops for
Scientists and
Engineers
LEARN MORE","(728, 90)"
"Calculate Your Monthly
Mortgage Payment in Seconds
Get Started","(728, 90)"
"teamLab:
CONTINUITY
FINAL BLOCK
OF TICKETS
ON SALE NOW
BUY NOW
Asian Art Museum
MUSEUM DIFFERENTLY.","(160, 600)"
"teamLab: BUY NOW
CONTINUITY
FINAL BLOCK OF TICKETS ON SALE NOW
V
Asian
Art
Museum","(300, 250)"
"V
Asian
Art
Museum
CONTINUITY
MUSEUM DIFFERENTLY. FINAL BLOCK OF TICKETS ON SALE NOW
teamLab:
BUY NOW","(728, 90)"
"CROWDSTRIKE
FORRESTER STUDY FINDS FALCON COMPLETE MDR DELIVERS:
403% ROI & ZERO HIDDEN COSTS
See How >","(728, 90)"
"NORACORA
HOA
Jesus
MERRY CHRISTMAS
€62% OFF
SHOP NOW","(728, 90)"
"honey
The Money-Saving
Browser Extension
Need coupons for
Big Deal Days?
Get Them Here
Honey is not affiliated with Targer","(728, 90)"
"outsystems
Webinar. December 7
How to Prevent and
Reduce Technical Debt
FONT-
CHY
8070
SIXTHO
Register now","(970, 250)"
"HOT
LOH
and
theft
auto
2
Harry Potter
LOH
HOT
HOT
VAGAGAME.COM
HOT
HOT
MINECRAFT
HOT
LOH
and
Gheft
ащто
San Andreas","(970, 250)"
#FlattenThe Curve,"(300, 250)"
"JOURNEY
WITHJESUS
ONLY IN THEATERS
NOVEMBER 15, 16 & 17.
RESERVE YOUR
TICKETS TODAY!","(320, 50)"
"The wallet, reimagined
SHOP NOW
bellroy","(336, 280)"
"BUSY
PAIN
SPECIALISTS
NEED
SMART
SOLUTIONS
It's time
to make
the switch
AMY
11-1-1-1-
(M
LEARN WHY
MODERNIZING
MEDICINE","(160, 600)"
"Newchic
SOFT OCTOPUS
SOLE","(300, 600)"
"REDEMPTION
PLAY NOW
CHAMBERS OF XERIC
HAS RELEASED!
'MR X' BOSS, CLUE SCROLL OVERHAUL & MORE!","(728, 90)"
"COUPONS AVAILABLE
Save Now
Coupert","(970, 90)"
"THAILAND
ENTDECKE
THAILAND! Shades
to the","(728, 90)"
"FREE COUPON
SEE CODES
Capital One Shopping
The Coupon-Finding
Rouser Extension","(300, 600)"
"12th Gen Intel® Core™ desktop process
Built for the next
generation of gaming.
15
intel
CORE
VEIDOARE
COBS
intel
CORE
UNLOCKED
Ⓒ Intel Corporation.
19
19
essors
COBG
intel. + newegg
Save Now >
intel
CORE
intel.
intel.
intel.
CORE CORE CORE
COBG
17","(300, 600)"
"Is your insurance coverage
adequate to help you plan for
life's major milestones?
Find out more","(300, 250)"
"CERTIFIED
Publisher
monetization
For child publishers
GW","(300, 250)"
"b
LILIENTHAL BERLIN
www.m
Designed in Berlin.
Made in Germany.
SHOP NOW","(300, 250)"
"XRAY
Free Exploratory
Testing App
P
B/00/€£0|||S
She
Fest
M-YYYYHDD-YYYYXCear
Sind
BZ A 90-
Insert your video commentere
TRY NOW
Colum
ap
pranations. Ba
Export Spe
Easy to use:
Take notes, screenshots
and record videos","(300, 600)"
"55254 760 0
HOT TOPIC
WIZARDING
WORLD
Dr 30% DE ENTRE TODAY HOSP
Harry Potter
SHOP NOW","(160, 600)"
"5247900
HOT TOPIC
WIZARDING
WORLD
ir 32 tu te
Harry Potter
SHOP NOW","(160, 600)"
"REALTYMOGUL*
THE MEADOWS AT
FARMINGTON HILLS
16.3%* Target IRR
11%* Target Cash on Cash
On Behalf of The GSH Group","(300, 600)"
"@mailgun
Get more emails
delivered
with Mailgun
Get Started Free
94%
1.1.","(728, 90)"
"SHIELD YOUR RETIREMENT SAVINGS
FROM BIDEN'S TAX PLANS
PROTECT YOUR
WEALTH >","(728, 90)"
"PROMO CODES AVAILABLE
SEE CODES
Capitale Shopping
The Coupon-Finding
Browser Extension","(970, 90)"
"Austin: Let's build someting new.
Join the largest online
real estate investing platform.
LEARN MORE
CROWDSTREET","(300, 250)"
"WATCH NOW
Full movies & series online!
• Quick 1-minute signup
• Unlimited access to films & series
Steam your favorite HD movies and series.
This and much more on Streaming Online.","(300, 600)"
"START
Get access to the all-in-1 platform
with the best digital content.
Create your account.
all-in-1 digitalcontent
Games - Audiobooks - Music - Movies","(970, 250)"
"Sotheby's
Contemporary
Evening
Auction
NEW YORK
18 NOVEMBER
LEARN MORE
SOTHEBY'S, INC. LICENSE NO.1216058. SOTHEBY'S, INC. 2021. Ⓒ 2021 WAYNE
THIEBAUD/LICENSED BY VAGAAT ARTISTS RIGHTS SOCIETY (ARS), NY","(300, 250)"
"Towson
4
JA
SINGLE-GAME TICKETS ON
SALE NOW
JMU","(728, 90)"
"SimpliSafe
MEET THE NEW
Wireless Outdoor Security Camera
shop now
NEW","(970, 250)"
"FREE COUPON
See Codes
Capital One Shopping
The Coupon-Finding
Browser Extension","(970, 250)"
"smith honig
Moroccan
+ Glam
Who says you can't?
SHOP THE COLLECTION >","(300, 600)"
"terminus
Get The Blueprint To
Account-Based
Marketing For Free
We Power High-Performing
Marketing Teams ™M
ACCESS NOW","(300, 250)"
"Grow Your
Site Revenue
@monumetric
Get Started","(320, 50)"
"omaze
-DREAM HOUSE-
Los Angeles
WIN THIS HOUSE
IN LA
OR $3M
Enter now","(300, 600)"
"bellroy
bellroy
A bold twist, on your wrist
The Watch Strap
SHOP NOW","(970, 250)"
"fubo™
Watch live TV & sports
without cable
abc OCBS FOX
ESPN FS1 TUDN HGTV
амс
FX
NEWS
TLC
MSNBC
NETWORK
NBC
Learn more
IM
100+ Live Channels
Monthly subscription required. Plans start at $64.99/mo.","(300, 600)"
"DEFEAT THE BOSS!
9889
12
5
15
3
10
TRY
798
130
280
145
HERO
WARS","(336, 280)"
"10:08AM
PAIN PHYSICIANS,
SLOW SOFTWARE?
It's about time
you had a system as fast as you
ModMed
MODERNIZING MEDICINE
LEARN MORE","(728, 90)"
"Get Started
1. Click ""Get Started""
2. Add Extension
3. Start Converting
*Online File Converter by
""Convert Files 4 Free""","(728, 90)"
"COUPONS AVAILABLE
Save Now
Copert","(728, 90)"
"Experience the flexibility of cloud-first
IT management, free for 30 days.
chrome OS
Start free trial
7","(728, 90)"
"trint
Collaborate
on video
transcripts
with remote
teams
GET STARTED","(300, 600)"
"Me. Lasting Weight Loss
Download on the
App Store
GET IT ON
Google Play","(728, 90)"
"FITRATED
FITNESS EQUIPMENT REVIEWS
Best Home Gym
Equipment of 2021
Learn More","(728, 90)"
"Gartner
★★★ peerinsights.™L.
Your insight is valuable! Share your
experience and get rewarded.
Write a review →→
Approved reviews earn:
Q
A $25 USD gift card
A Peer Insights badge to display
on LinkedIn
and more...","(970, 250)"
"ebay
motors
Have a project
in the works?
Get every part and accessory
your truck needs.
Take a look →
ASCE","(970, 250)"
"Coupon Codes
Available
GET CODES
Capitale Shopping
The Coupon-Finding
Browser Extension","(300, 250)"
"ZipRecruiter
NEED A JOB?
Sign Up for Free","(300, 250)"
"Light in thebox.com
Men's
Hoodies
Up to 65% OFF
Limited Offer","(970, 250)"
"TODAY'S
REFINANCE RATE
15-Year Fixed Term
2.01%
No SSN Required
30-Year Fixed Term
2.42%*
Calculate Payment
NO SSN REQUIRED MORTGAGE.NET
*Terms & conditions apply. NMLS #1912050 (nmisconsumeraccess.org)","(300, 600)"
"Find Out How Much
Weight You Can Lose
While Staying At Home.
TAKE THE QUIZ","(300, 250)"
"AD
CLICK TO SKIP THE ADS
webadblocker.org","(728, 90)"
"KILL
THE MINOTAUR
HERO
WARS
555
36
13
15
PLAY
99 75
457
23
42
15 6","(300, 600)"
"2021 Promo
Codes Available
See Codes
Capital One Shopping
The Coupon-Finding
Browser Extension","(300, 600)"
"O
www.xmith.co.i
가
TANİSHQ
A TATA PRODUCT
It's the season of
Gifting!
We now ship to the USA!
SHOP NOW","(300, 250)"
"Continue
1. Click ""Continue""
2. Add Extension
3. Start Converting
*Online File Converter by
""Convert Files 4 Free""","(728, 90)"
"FREE COUPON
See Codes
Capital Shopping
The Coupon-Finding
Browser Extension","(970, 90)"
"IXL
Free Math
Practice
Aa
Kinder-
garten
1st
Grade
2nd
Grade
3rd
Grade
%
4th
Grade
5th
Grade
6th
Grade
7th
Grade
8th
Grade
Algebra
X² 1 & 2
Geometry
f Precalculus","(728, 90)"
"AI ROI:
Computer Vision
Whitepaper 2021
CHOOCH
312-12
SUNCE
Sprales
Download Now","(300, 250)"
"J.me
UP TO 50% OFF
SHOP NOW","(300, 250)"
"PRAYERS FOR YOUR
UNSAVED LOVED ONES:
A COMPLETE SERATURE
Prayers For
Your Unsaved
Loved Ones:
A Complete
Scripture
Guide
Free Prayer Guide","(300, 250)"
"CLEAN EATING PLAN
FOR WEIGHT LOSS
Imatrant
Tadspor
b
abad
Lack
Tar
Ir
plani
stopp
DAY 1
Breakfa
b
Tag
Lanch
Sofa
Tumt pot
14
Diar
T
VIop of bearin
DAY 2
Irat
Tof
Vestland
Lanch
Tof
T
pr
Inver
handb
popu
DAY 3
ng
TUA
It
p
Lunch
2
limi
up ua be tra
Iominn
Sp
DAY 4","(728, 90)"
"Capital One Shopping
The Coupon-Finding
Browser Extension
What's in your wallet?
Coupons and rewards.
Join Now
(it's free!)","(728, 90)"
"BLACK
FRIDAY ZOLUCKY
Soft.clouds
UP TO
50% OFF
SHOP NOW","(300, 600)"
"NeatBooks™
Accounting software that speaks your language
Start my 15-day trial
neat®","(728, 90)"
"Coupon Codes
Available
Join Now
(it's free!)
Capital Shopping
The Coupon-Finding
Browser Extension","(300, 250)"
"NEED A JOB? Sign Up for Free
ZipRecruiter","(728, 90)"
"Start
1. Click on ""Start""
2. Activate your account
3. Access your content
Games - Ebooks.
Music - Movies
Find it on all-in-1 digitalcontent","(728, 90)"
"LILICL TH
BUILT IN THE
FIFTIES
Original
UNRESTORED
SOME PARTS STILL IN
WORKING ORDER
DON'T WORRY
TANDV
SHOTS
OLD ENOUGH TO
KNOW BETTER","(300, 250)"
"SAVE THE GIRLS
12
PLAY
5
19
15
10
69
798
28
130
280
145
HERO
WARS
166","(336, 280)"
"FREE
GUIDE
7 Retirement Income
Strategies Once Your
Portfolio Reaches
$500,000
Download The Definitive
Guide to Retirement Income
to learn ways to grow your
wealth and generate income
from your portfolio.
Learn More
FISHER INVESTMENTS*","(300, 600)"
"INSTALL NOW - REMOVE ALL ADS
X
TURN OFF ALL ADS
TOTAL Adblock
Remove Ads","(728, 90)"
"splitgate
PLAY FREE
TEEN
T
ESRB
11
www","(300, 600)"
"PROMO CODES
AVAILABLE
SEE CODES
Capital One Shopping
The Coupon-Finding
Rower Extention","(970, 250)"
"IXC
Math Practice
Kindergarten
1st Grade
± 2nd Grade
∞ 3rd Grade
% 4th Grade
5th Grade
> 6th Grade
7th Grade
8th Grade
x² Algebra 1&2
Geometry
Σ Precalculus
Try 10 FREE
practice
problems!
Practice now","(970, 250)"
"Orth & Feet
#1 Recommended
Shoes by Podiatrists
UP TO
25%
OFF
Shop Now","(300, 250)"
"vis
FREE COUPON
SEE CODES
————
Cape Shopping
The Coupon-Finding
Browser Extension
I
I
I
I
I
I
I
I
I
I
I","(300, 250)"
"foreverspin
MADE IN CANADA","(300, 250)"
"Ex3
hans
PIC
Walmart Shoppers
Dressed To Kill
ara
***
ww","(300, 250)"
"Capital One
Shopping
Coupon codes found!
Capital One Shopping
applies codes in seconds.
Apply Codes","(970, 250)"
"PUT IT TO
THE TEST
FREE DEMO >
CECIL'S
Tractors & Truck Roun","(336, 280)"
"Blunder #10:
Mismanaging Retirement
Withdrawals
You've accumulated a large nest egg,
making the wrong withdrawals could
put your retirement at risk.
If you have a $500,000 portfolio, you
should read 13 Retirement
Investment Blunders to Avoid.
Learn More
FISHER INVESTMENTS","(300, 600)"
"LEGO
VIP WEEKEND
IS COMING
11/20-11/21
Learn more >
VIP
VIP
VIP
VIP
..
VIP
A","(300, 250)"
"What's in
your wallet?
Coupons and
rewards.
Join Now
(it's free!)
Capital One Shopping
The Coupon-Finding
Browser Extension","(160, 600)"
"INSTALL NOW - AD REMOVER BROWSER EXTENSION
CLICK TO START BLOCKING ADS
Skip Ad","(728, 90)"
"Academy
SPORTS OUTDOORS
PRESENTS
::HANG
WITH
TERRELL
OWENS
AND FRIENDS!
JOIN OUR VIRTUAL WATCH PARTY
COWBOYS
CHIEFS
AT
SUN 11/21 4:25PM EST
FREE
TIX","(970, 250)"
"Academy
SPORTS OUTDOORS
PRESENTS
::HANG
WITH
TERRELL
OWENS
AND FRIENDS!
COWBOYS AT
CHIEFS
SUN 11/21 4:25PM EST
FREE
TIX","(728, 90)"
"Rent a home for
your next vacation
Explore rentals","(300, 250)"
"Capital One Shopping
The Coupon-Finding
Browser Extension
What's in your wallet?
Coupons and rewards.
GET CODES","(728, 90)"
"Normal Liver
Tosic Liver
Dying Do Not Ignore These Early Warning
Liver
Signs (#2 Is Scary)","(728, 90)"
"Never search for
coupons again.
Join Now
(it's free!)
Capital Shopping
The Coupon-Finding
Browser Extension","(300, 250)"
"all
Alle
AMERICA'S
BEST RACING
YOUR NEXT
EXPERIENCE
GET IN THE ACTION
americasbestrading.net","(300, 250)"
"FIVE
HOLIDAY IN DUBAI
PAY 3 STAY 4
EXTEND THE FUN-
PAY 6 STAY 8
Book Now","(300, 600)"
"CCU online.
Colorado Christian University
Earn your counseling degree
with an emphasis in substance
use disorders online.
LEARN MORE","(728, 90)"
"Create Your Own
Online Store
Get Started
Organic
Skin Care
www
Good Vide
HAPWA
QS
m
Co
Soap & Marble
Alders
Pod
Paid
Q
Night Cleanser $34
X1
Purifying Toner $36
X2
Onder
Pat
WIX","(970, 250)"
"X
Normal Liver
M
Toxic Liver
Dying
Liver
Do Not Ignore These Early Warning
Signs (#2 Is Scary)","(970, 90)"
"$$$
saved
BOSE
Save Money While
Shopping Online
Capital One Shopping
SEE CODES
The Coupon-Finding Browser Extension","(970, 250)"
"Unlimited
pet care
$129
Trusted Housesitters™
Join us >","(300, 600)"
"Next-generation
cloud-based management.
Unlock a free trial of Chrome
Enterprise Upgrade for 30 days.
Ochrome OS
Start free trial
7","(970, 250)"
"KILL
THE MINOTAUR
SKA
LINE
HERO
WARS
PLAY","(970, 250)"
"Get empowered with answers
about your thyroid health.
empowerDX
Order At-Home Thyroid Test","(728, 90)"
"J.ME
Black
FRIDAY SALE
€70% OFF
SHOP NOW","(970, 250)"
"bellroy
Eco-tanned leather,
performance design
The Watch Strap
SHOP NOW","(300, 600)"
"COUPON CODES AVAILABLE
GET CODES
Coupent","(728, 90)"
"Dying Liver?
**
Toxic Liver
Normal Liver
4 Signs Your Liver Can't Stand
Your Lifestyle Any Longer
(#2 Is Scary!)
>","(300, 250)"
"FIVE
HOLIDAY UN DUBAI
PAY 3 STAY 4
EXTEND THE FUN-
PAY 6 STAY 8
Book Now","(300, 600)"
"ENCHANT
Nov 26 Jan 2
The World's
Largest Christmas
Light Maze
AT NATIONALS PARK
BUY TICKETS","(300, 600)"
"SHINE
Time To Leave Toilet Cleaning
To The Robots
GET OFFER
Sponsored | Shine","(970, 250)"
"JULIAN
2 Names
ANIE
4 Names
SABELLA
LUCAS
MYKA
THOMA
3 Names
RACHE
JUSTIN
AND
5 Names","(300, 600)"
"Menico Brand Shoes
Shop Now
Banggood","(728, 90)"
"On Today's Online Purchase.
$10
CASH BACK
CONTINUE →
Smarty","(300, 250)"
"PROMO CODES
AVAILABLE
SEE CODES
Capital One Shopping
The Coupon-Finding
Browser Extension","(300, 600)"
"CHOOSE
YOUR SIGN
TO FIND OUT YOUR
FATE
&
ARIES
GEMINI
LEO
LIBRA
22
TAURUS
AQUARIUS
CANCER
VIRGO
SAGITTARIUS CAPRICORN
SCORPIO
PISCES","(160, 600)"
"J.Me
www
UP TO
50% OFF
SHOP NOW","(728, 90)"
"Want to grab a plate at family dinner safely?
Get up. Get out. Get vaccinated.
Find a vaccination site near you Click Here","(728, 90)"
"I Love Wasting Time On Lackluster Leads.
Said No One Ever.
Learn More
demandscience
intelligence","(728, 90)"
"GAMER SUPPS
New Waifu Cups
ONLY AVAILABLE VIA PREORDER
Stack
GG
GAPPA
GG","(300, 250)"
"ONEWHEEL
INTRODUCING PINT X
Higher performance, longer range, same fun size.
pint
Shop Now","(728, 90)"
"Wet Toilet Brush
SHINE
No Toilet Brush
SHOP NOW","(300, 250)"
"ebay
motors
Get the
parts
your ride
needs
Take a look →","(300, 250)"
"Kathy Mattea
MY FREE
SPEECH
allows me to sing
and write songs
from the heart.
www.1forall.today","(300, 250)"
"NEW TO BINGE?
GET A 14 DAY FREE TRIAL
GET BINGE
BINGE
UNTURNOFFABLE","(728, 90)"
"FORT MONROE
-Where Freedom Lives-
REIMAGINE the future of FORT MONROE
ADAPTIVE REUSE OPPORTUNITY","(728, 90)"
"REIMAGINE
the future of
FORT MONROE
Redevelopment Opportunities
Learn More","(300, 250)"
"Your seats are waiting.
Tickets on sale now!
MCenter
Arts
AT GEORGE MASON UNIVERSITY
Tickets & Info","(728, 90)"
"Lasting Weight Loss
Better Me.
Download on the
App Store
GET IT ON
Google Play","(970, 250)"
"DINO
RUN
CONTINUE
MyGameCenter
_444___","(728, 90)"
"Ready to
enjoy
date night
safely?
Get up. Get out. Get vaccinated.
Find a vaccination site near you Click Here","(300, 250)"
"LILICL TH
I'M ONLY
TALKING TO
MY DOG
TODAY
WANT
LAST
TO MA
stay at hove
DOG MOM
MY
THERAPIST
HAS
PAS.","(300, 250)"
"ENCHANT
Nov 26 - Jan 2
The World's Largest
Christmas Light Maze
AT NATIONALS PARK
BUY TICKETS","(728, 90)"
"ZipRecruiter
Increase
Your
Income
Search hundreds
of high-paying
nursing jobs.
SEARCH
NURSING JOBS","(160, 600)"
"City
SNAP BACK SAGGY JOWLS
Try This Tonight","(300, 250)"
"FIVE
HOLIDAY IN DUBAI
PAY 3 STAY 4
EXTEND THE FUN-
PAY 6 STAY 8
Book Now","(160, 600)"
"Ready to
get back to
your crew
safely?
LO
Get up. Get out. Get vaccinated.
Find a vaccination site near you Click Here","(300, 250)"
"Adapted
Mind
1st Grade
2nd Grade
3rd Grade
4th Grade
5th Grade
6th Grade
7th Grade
8th Grade","(728, 90)"
"WIX
Create Your
Own Website
Start Now
HOME ABOUT CONTACT
X
JAMES WORDEN","(970, 250)"
"VARSITY
-NETWORK-
LIVE COLLEGE
FOOTBALL IN THE PALM
OF YOUR HAND
DOWNLOAD & LISTEN NOW
Audio from over 100 Schools!","(300, 250)"
"FLASH DEALS
Snag today's deal
on the perfect gift.
Ollie
An
chewy
Shop Now","(728, 90)"
"chewy
FLASH
DEALS
Snag today's
deal on the
perfect gift.
Shop Now
G
Ollie
howy.com
lovers shop
wher","(336, 280)"
"Ochrome OS
Device management
made simple and
secure, from
anywhere.
Try Chrome Enterprise
Upgrade, free for 30 days.
Start free trial
7","(300, 600)"
"FASHION
Newchic","(970, 250)"
"WE PROVIDE
LINE BY LINE PRICING
so you know exactly what you're paying for.
SCHEDULE YOUR FREE
ROOFING ESTIMATE TODAY!
NU LOOK
HOME DESIGN","(970, 90)"
"PM
2:11
PLASTIC SURGEONS,
FEEL DISCONNECTED?
It's about time
for some harmony
#1 Integrated EHR, PM Solution
Payments + Patient Engagement
M ModMed
MODERNIZING MEDICINE
LEARN MORE","(970, 250)"
"SARTORIUS
Rapid Multiplexed
Profiling of Antibody
Dependent Cell
Cytotoxicity
Poster","(300, 250)"
"T
Wellness for your
clients and you
Apply Now","(300, 250)"
"CASEWARE.
WHAT'S YOUR PERSPECTIVE ON TODAY'S
KEY ISSUES AFFECTING ACCOUNTING FIRMS?
Take Our Survey","(728, 90)"
"ī
I
I
PROMO CODES
AVAILABLE
SEE CODES
Capital One Shopping
The Coupon-Finding
Browser Extension
I
I
I
I
I
I
I
I
I","(970, 250)"
"TEEN
T
ESRB
PLAY FREE
splitgate","(300, 250)"
"CONTINUE
3 Easy Steps:
1) Click 'Continue'
2) Download on our website!
3) Get Quick Search Tool
Quick Search Tool","(300, 250)"
"2021
Recovery
Trends
See Patient &
Procedure Volumes
from 300 Hospitals
DOWNLOAD THE REPORT
strata","(300, 250)"
"Fed Stimulus Pays Off
Your Mortgage If You
Pay Over $999/Month","(300, 250)"
"FIT RATED
FITNESS EQUIPMENT REVIEWS
Find the
best Fitness
Equipment
for your home
Click Here","(300, 250)"
"JANG
Black
FRIDAY SALE
UP TO 70% OFF
SHOP NOW","(300, 250)"
"fanbyte
THE BEST GAMING CONTENT, DELIVERED DAILY","(728, 90)"
"w
Dying Liver?
Most People Notice THIS Too Late.
4 Warning Signs (#2 Is Scary!) >","(300, 250)"
"COUPON
CODES
AVAILABLE
GET CODES
Capital One Shopping","(160, 600)"
"RIGHT PLACE
RIGHT TIME
HUNTWISE
Download on the
App Store
GET IT ON
Google Play
ww
Courter Farms
Today's HuntCast at 9am
Switc
*****
68° 5%
Sunrise 7:45am
Sunset 5:18pm
Find Best stand
Peak Movement Time of the
Saturday, Nov
Friday 11/5
52*43*
(8)
*****","(970, 250)"
"CHRYSTAL EVANS HURST
PRISCILLA SHIRER
TONY EVANS
JOURNEY
WITH
JESUS
ONLY IN THEATERS
NOVEMBER 15, 16 & 17.
RESERVE YOUR
TICKETS TODAY!","(160, 600)"
"Sotheby's
THE BLUE
HORIZON
PACIFIC ART FROM
AN IMPORTANT
MAUI COLLECTION
NEW YORK 12-22 NOVEMBER
LEARN MORE
SOTHEBY'S, INC. LICENSE NO.1216058.
SOTHEBY'S, INC. 2021","(300, 250)"
TEXAS WINE STARTS IN THE HIGH PLAINS,"(728, 90)"
"Lasting
Weight Loss
Better Me.
Download on the
App Store
GET IT ON
Google Play","(160, 600)"
"Animate
LIKE A PRO
ANIMATION MENTORⓇ
The Online Animation School Ⓒ","(728, 90)"
"FIT RATED
FITNESS EQUIPMENT DEVIEWS
Find the best Fitness
Equipment for your home Click Here","(728, 90)"
"NEW TO BINGE?
GET A 14 DAY
FREE TRIAL
GET BINGE
BINGE UNTURNOFFABLE","(300, 250)"
"Conversations, made
better: Level up your
site's comments
section
INSTICATOR
Learn More
Chad Chaire
De Chic
that made hand drewn
PROMOTER","(300, 250)"
"TouchUpRX
AUTOMOTIVE PAINT CHIP REPAIR
Easy DIY automotive
paint repair. Blob-free.
Guaranteed.
Learn More","(970, 250)"
"ebay
motors
Have a project
in the works?
Get every part and accessory
your ride needs.
Take a look →","(970, 250)"
"ebay
motors
Get all the
parts your
truck needs
Take a look →","(300, 250)"
"MASTER
ELECTRONICS
ORDER NOW
We Stock
so you don't have to","(728, 90)"
"TESLA
AAAA
F
ESLAD
Superlithium may
be Elon Musk's
solution to the
battery revolution.
Learn More","(300, 600)"
"The Best Recipes
You've Probably Never Heard Of.
WATCH NOW
JUST A PINCH
Reciper","(300, 250)"
"Want the best value-for-money ITSM tool? With
TOPdesk you only pay for features you need.
Try now
>TOPdesk","(728, 90)"
"What's in your wallet?
Coupons and
rewards.
Join Now
(it's free!)
Capital Shopping
The Coupon-Finding
Browser Extension","(300, 250)"
"Academy
SPORTS+OUTDOORS
PRESENTS
::HANG
TERRELL
OWENS
AND FRIENDS!
WITH
JOIN OUR VIRTUAL WATCH PARTY
COWBOYS
CHIEFS
SUN 11/21 4:25PM EST
FREE
TIX","(300, 250)"
"Never search for
coupons again.
GET CODES
Capitale Shopping
The Coupon-Finding
Browser Extension","(300, 250)"
"0%
FINANCING
36 MONTHS
Bobcat.","(728, 90)"
"LIVE
AUDIO
GHLIGHTS
DRIVERS
NEWS
ALERTS
Available on the
App Store
GET IT ON
Google Play
START YOUR
FREE TRIAL
LEARN MORE","(728, 90)"
"HERO
WARS
LEVEL 1
SLUG
ATTACK DEFENSE SPEED
LEVEL 25
CHABBA
ATTACK DEFENSE SPEED
LEVEL 50
CHABBA HUTT
ATTACK DEFENSE SPEED
www","(300, 600)"
"Full Time
Jobs
Part Time
Jobs
Retail
Jobs
Sales
Jobs
Jobs2Careers","(160, 600)"
"DO
WHAT'S YOUR PROPERTY
INVESTMENT STRATEGY?
REALTY MOGUL
INCOME REIT
(MOGULREIT I)
INVEST NOW
RM ADVISER
ON BEHALF OF","(728, 90)"
"More than an agency. Champions of change.
Leam More
FINN
PARTNERS","(728, 90)"
"Just Fashion Now
FREE SHIPPING","(970, 250)"
"LIVER IN DANGER?
M
↑↑↑
Dying Liver???
*DO NOT* Ignore These Early
Warning Signs (#2 Is Scary!)","(300, 250)"
"JUST SOLD
LEARN MORE
1806 WARBLER WAY | WHITTINGTON | CHARLOTTESVILLE, VA 22903
LIST PRICE $1,165,000
Robert Russo
Robert Russo
Let's Talk!
OR
NEST
REALTY","(300, 250)"
"Dying
Liver
Help!
4 Warning Signs
of Dying Liver
(#2 is Scary!)","(300, 600)"
"LEVEL 1
SLUG
ATTACK DEFENSE SPEED
LEVEL 25
CHABBA
ATTACK DEFENSE SPEED
LEVEL 50
CHABBA HUTT
ATTACK DEFENSE SPEED
HERO
WARS","(336, 280)"
"Wix
Create Your Own
Online Store
11
Get Started
Organic
Skin Care
SHOP NOW
Good Night
Pure","(300, 600)"
"Ankle Boots
Bryss
RKE
EPA
with
KRAGE
1
PARAS
jog
Banggood","(300, 250)"
"ON SALE NOW!
YOU DON'T WANT TO
MISS THE DUKES THIS
SEASON AT
THE ATLANTIC
UNION BANK CENTER
PURCHASE SINGLE-GAME
TICKETS TODAY!
JMU
Allantic
Center","(300, 600)"
"♥CVS
Health.
Join the
heart of
health care
as a Pharmacist
at CVS Health.
Sign-on bonus
available in
select markets.
Apply now","(160, 600)"
"PROPER CLOTH
The
Custom Fit
Stretch Chino
✓ Premium Italian Cotton
✓Customizable Design
✓Perfect Fit Guarantee
CREATE YOUR CUSTOM SIZE","(300, 250)"
"START NOW
3 Easy Steps:
1) Click 'Start Now'
2) Download Extension
3) Get Quick Search Tool
Quick Search Tool","(728, 90)"
"Just
Fashion
Now
NAMORA
CHRISTMAS
SALE
SHOP NOW","(728, 90)"
"COUPONS AVAILABLE
Activate coupons →
Piggy","(970, 90)"
"Hot New Online Crypto
Gaming IPO Just Hit
the US Markets!
(OTC: APETF CSE: ALPA)
LEARN MORE >>","(970, 250)"
"GOLF Curbside + In-Store
GALAXY Pickup Available
Sid=
ORDER
NOW","(728, 90)"
"Jelooking Mahalmer's my
New Science Supplement - Unlocking Alzheimer's Mysteries:
Deciphering the Pathways to Neurodegeneration
Get Your Copy
sartorius","(728, 90)"
"RECHARGE YOURSELF:
Advice to help
you sleep well
c|net
WWW
Z
N
Z","(300, 250)"
"wyndham capital
Still waiting to
refinance?
NMLS# 2948 LFABER
Learn 5 reasons you should
start a refinance today!
Learn More","(970, 250)"
"Find Out How Much Weight You Can
Lose While Staying At Home.
TAKE THE QUIZ ►","(728, 90)"
"CIN7
Available Now: 2021 Inventory
and Order Management Trends
Download","(970, 90)"
"vis
2021 Promo
Codes Available
See Codes
Capital Shopping
The Coupon-Finding
Browser Extension
I
I
I
I
I
I
I
I
I
I
I","(300, 250)"
"HOLIDAY IN DUBAI
PAY 3 STAY 4
EXTEND THE FUN-
PAY 6 STAY 8
Book Now
FIVE ME","(970, 250)"
"Orth & Feet
#1
Recommended
Shoes by Podiatrists
Shop Now
UP TO
25%
OFF","(728, 90)"
"ZOLUCKY
www
Soft.clouds
FREE
SHIPPING
SHOP NOW","(300, 600)"
"Watch live
fubo™ TV & sports
without cable
abc
ⒸCBS FOX
ESTI TUDN FS1
NETWORK
NBC
амс
HGTV FX
Learn more
Monthly subscription required.
Plans start at $64.99/mo.","(728, 90)"
"0
WIN THIS
$4,300,000
HOUSE
Enter now
omaze
- DREAM HOUSE-
Los Angeles","(970, 250)"
"BERGDORF
GOODMAN
GIFTS
FOR
ACQUA
HIM
Shop Now","(160, 600)"
"FORTUNE
FAVOURS
THE
BRAVE
Learn More →
crypto.com","(300, 600)"
"FISHER INVESTMENTS
US
CZA
How Long
Does $1
Million Last
American
Retirees?
Download The
Definitive Guide to
Retirement Income
from Fisher
Investments.
Learn More","(160, 600)"
"PHILIPP PLEIN
BLACK FRIDAY
SUBSCRIBE TO GET THE EARLY ACCESS","(970, 250)"
"Wix
Create Your
Own Website
Start Now
111","(336, 280)"
"A DAY WITHOUT
wine
IS LIKE
JUST KIDDING
I HAVE NO IDEA
I USED TO DE
MARRIED
BUT I'M MUCH
BETTER NOW
(OAD I WON'T DO IT AGAIN)
LILICL TH","(300, 250)"
"DECEMBER 11
CARmax
TACKY
RUN
RICHMOND'S
TACKIEST
TRADITION
IS BACK!
And, sweeter
than ever!
BEAT THE 11/18
PRICE HIKE!","(160, 600)"
"Experience
cloud-first
free for 30 days.
chrome OS
the flexibility of
IT management,
Start free trial
7","(300, 250)"
"ONEWHEEL
INTRODUCING
PINT X
Higher performance,
longer range, same
fun size.
Shop Now
NEW","(300, 250)"
"180
PROMO
CODES
AVAILABLE
SEE CODES
Capitale Shopping","(160, 600)"
"Get your favourite
magazines home delivered
Better
Homes Women's Weekly
Dexipay
POT PIES
MADE EASY","(728, 90)"
"PLAYERS
INCAS
Prayers For Your Unsaved Loved Ones:
A Complete Scripture Guide Get My Free Prayer Guide","(728, 90)"
"THE
MORTGAGE
LINK
Sam Swann
Senior Loan Officer
NMLS# 244442
M: 301.908.8415
Click or Call for
More Information
The Mortgage Link, Inc. NMLS #113054. For more information,
please reference the NMLS Consumer Access Website at
http://nmlsconsumeraccess.org.","(300, 250)"
"MASTER™ APEM
ELECTRONICS
an DEC company
BUY DIRECT
WITH MASTER
IST.1963
AUTHORIZED
DISTR
BUY ONLINE","(728, 90)"
"msi
4F75 Thin
> BUY NOW
(intel)
CORE i7
newegg
2021
HOLIDAY
SALES
Powered by 10th Gen.
Intel® Core™ i7 processor","(300, 600)"
"Lasting Weight Loss
Better Me.
Download on the
App Store
SET IT ON
Google Play","(300, 600)"
"Highly viewable,
lightweight video
tailored to your site
INSTICATOR
Learn More
Explore 2020 Explorer","(300, 250)"
"Collaboration
is better when
it's visual
Explore now
Lucid","(300, 250)"
"NBC
PEOPLE'S
CHOICE
AWARDS
THANK YOU
FOR VOTING
E
IM","(300, 600)"
"763
50% OFF
Winter Snow Boots
KAEGREEL®","(300, 600)"
"CHE
2
SAVE
$29
P
""Images are for reference only.
CHIRAN FREE
LIMITED
TONKOTSU
RAMEN SHIPPING TIME ONLY
Take-Home Ramen Kit
5-Kit Bundle
SHOP NOW","(300, 250)"
"CLOSERS
Adorable Bakery Girl
LUCY
Please come
and meet me
in advance.
PRE-CREATE NOW","(728, 90)"
"Multiplier
Compliant Hiring and Multi-currency payroll
for businesses, big or small
Speak to our experts","(728, 90)"
"CIN7
Available Now:
2021 Inventory and Order
Management Trends
Download","(300, 250)"
"fubo™
Watch live TV & sports without cable
abc OCBS FOX
NBC
ESPTI
TUDN
FS1
амс
NFL
NETWORK
HGTV FX
Learn more
Monthly subscription required. Plans start at $64.99/mo","(300, 250)"
"Capital One
Shopping
Coupon codes found!
Capital One Shopping is a free
browser extension that applies
coupon codes in seconds.
Get Capital
One Shopping","(970, 250)"
"AP
TA
AP News on the gol
DOWNLOAD NOW
BERSE
1916:","(300, 250)"
"NURX.
AGE BETTER WITH
TRETINOIN
GOLD STANDARD
ANTI-AGING
INGREDIENT
Learn More","(728, 90)"
"FREE COUPON
SEE CODES
Capital One Shopping
Tend
B","(970, 90)"
"Stay productive
anywhere, anytime.
Boot up in under 6 seconds
with Chrome OS.
Ochrome OS
Learn more","(970, 250)"
"PROMO CODES AVAILABLE
SEE CODES
Capital Shopping
The Coupon-Finding
Browser Extension","(728, 90)"
"Mak
Dai
मई
is
FREE
JustFashion Now
UP TO
45% OFF
SHOP NOW","(728, 90)"
"Capital One Shopping
The Coupon-Finding
Browser Extension
Never search for coupons again.
GET CODES","(728, 90)"
"MOUNTAIN VALLEY
HOME COMFORT
MITSUBISHI
ELECTRIC
MAKE YOURSELF COMFORTABLE
GET $74 OFF OF
HVAC MAINTENANCE OR SERVICE!
LEARN MORE","(728, 90)"
"msn
Microsoft","(728, 90)"
"FIVE
HOLIDAY IN DUBAI
PAY 3 STAY 4
-EXTEND THE FUN-
PAY 6 STAY 8
Book Now","(970, 90)"
"CARID
Ⓡ
Define your Vehicle's True Identity","(300, 250)"
"Dying Liver?
Most People Notice THIS Too Late.
4 Warning Signs (#2 Is Scary!) >
JE","(300, 250)"
"omaze
WANT TO WIN THIS
MIAMI DREAM HOUSE
And support Make-A-Wish.
Yes please!","(300, 600)"
"Get Started
1. Click ""Get Started""
2. Add Extension
3. Start Converting
*Online File Converter by
""Convert Files 4 Free""","(300, 600)"
"Is this E sports IPO to
receive the Next big
investment from
Celebrity Investors?
(OTC: APETF CSE: ALPA)
LEARN MORE >>","(300, 600)"
"* STAR TREK: DISCOVERY
* PAW PATROL
* SURVIVOR
Paramount+
TRY IT FREE","(728, 90)"
"Designed for secure, flexible
hybrid and remote workplaces.
chrome OS
Learn more","(728, 90)"
"PLOT TWIST:
IT'S NOT WOKE
RUN HIDE FIGHT
Use code RHF for 20% off
Join Now >
DAILY WIRE","(728, 90)"
"We Are
INFLUENCER
MARKETING
IZZY
+ YAMAHA
IZEA","(300, 600)"
"1:1
Answers
IN GENESIS
Creators of life-changing
content, resources, and
experiences that capture
hearts for Christ.
JOIN US","(300, 600)"
"Continue
1. Click ""Continue""
2. Add Extension
3. Start Converting
*Online File Converter by
""Convert Files 4 Free""","(970, 90)"
"Get up. Get out. Get vaccinated.
Find a vaccination site near you Click Here","(300, 250)"
"FIVE
HOLIDAY IN DUBAI
PAY 3 STAY 4
EXTEND THE FUN-
PAY 6 STAY 8
Book Now","(970, 250)"
"FREE
GUIDE
Blunder #10:
Mismanaging
Retirement Withdrawals
You've accumulated a large nest egg,
making the wrong withdrawals
could put your retirement at risk.
If you have a $500,000 portfolio,
you should read 13 Retirement
Investment Blunders to Avoid.
Learn More
FISHER INVESTMENTS*","(300, 600)"
"HOT DEALS
Discounts,
Coupons
& Offers
SAVE NOW","(300, 250)"
"DON'T WORRY
SHOTS
JustFashion Now
UP TO
90% OFF
SHOP NOW","(728, 90)"
"Free Resume
Template
Free Resume
Samples
Resume-Now
Free Resume
Formatting
Free Resume
Builder","(728, 90)"
"Ochrome OS
Cloud-power your
business and
maintain access
to legacy apps.
Access Windows apps on
Chrome OS in secure virtual
environments.
Learn more","(300, 600)"
"Best Seller
Banggood
Global Leading Online Shop","(300, 250)"
"WATCH
SOCCER LIVE
Roku fire tv
LaLiga
ESPI
MLS
FS1
CHAMPIONS
LEAGUE,
TUDN
-CONMEBOL-
LIBERTADORES
OGIN SPORTS
LIGA MX
fubo™
UNIVISION
LIGUE 1
Uber Eats
beIN SPORTS
START YOUR FREE TRIAL","(300, 600)"
"On Today's Online Purchase.
$10
CASH BACK
CONTINUE →
Smarty
1
1","(336, 280)"
"ebay
The Tech
That
Syncs
with You
Shop Now →","(300, 250)"
"SERIF
LUITA
envatoelements
TOP FONTS FOR EVERY PROJECT
SANS
SERIF
SCRIPT
START NOW
OT
DECORATIVE
LESTERINERIFES ACE
CONTAINE
& MORE!
ONTATIL","(970, 250)"
"Collaborate on
video transcripts)
with remote teams!
Speech to Text to Magic
trint
Speech to Text to Magic
GET STARTED","(970, 250)"
"Book Now
HOLIDAY IN DUBAI
PAY 3 STAY 4
EXTEND THE FUN-
PAY 6 STAY 8
FIVE
Mai","(728, 90)"
"Move to the cloud with
Chrome OS without leaving
your legacy apps behind
chrome OS
Learn more","(300, 250)"
"ebay
Strut
Your
Style
Shop Fashion →","(300, 250)"
"ESCAPOLOGY.
The live escape game","(728, 90)"
"Fed Stimulus Cuts Your
House Payment If You
Pay Over $999/Month
2","(336, 280)"
"Diamond Studs
Starting at $300
CH
HARTMAN
jewelers","(728, 90)"
"On Today's Online Purchase.
$15 CASH BACK
CONTINUE →
Smarty","(728, 90)"
"FEED MY
STARVING
CHILDREN
1
MOBILEPACK™
FEEDS
$88EAR
A CHILD FOR
ONE YEAR.","(300, 250)"
"STK
a new way to watch TV
ANYWHERE
and it's all FREE
Available on:
Roku, Apple TV,
Fire TV, iOS & Android
CHECK IT OUT","(300, 250)"
"Highly viewable, lightweight
video tailored to your site
Learn More","(320, 50)"
"FORTUNE FAVOURS
THE BRAVE
Learn More
crypto.com","(300, 250)"
"WANT TO WIN
THIS DREAM KITCHEN
All to support Make-A-Wish.
Yes please
omaze","(300, 250)"
"MERRY
CHRISTMAS
SHOP NOW
1111€*
JustFashion Now","(728, 90)"
"EATER
Wine Club
You'll never sip the same thing twice.
Join Eater Wine Club today.","(728, 90)"
"FREE CONVERT
PDF TO WORD
JPG
FREE CONVERT
PDF TO JPG
JPG
FREE CONVERT
JPG TO PDF
PDF
FREE CONVERT
PNG TO PDF","(728, 90)"
"UEFA CHAMPIONS LEAGUE
CBS SPORTST NFL
* CBS SPORTS | PGA TOUR
Paramount+
TRY IT FREE","(728, 90)"
"* Particle
TOP 5 IOT APPLICATIONS THAT
ARE TRANSFORMING HVAC
LEARN MORE","(300, 250)"
"crypto.com
FORTUNE FAVOURS THE BRAVE
Learn More","(970, 250)"
"Easy to use:
XRAY Take notes, screenshots
and record videos
#/00/2801122)
Free Exploratory Testing App
D
TRY NOW","(336, 280)"
"GLOBAL %
by Mirae Asset
BITS
Blockchain &
Bitcoin Strategy ETF
PROSPECTUS > SEI INVESTMENTS DISTRIBUTION CO.","(728, 90)"
"Never miss
a localization
deadline again!
getblend.com →
BLEND","(300, 250)"
"25 DESSERTS THAT
START WITH
BOXED CAKE MIX","(300, 250)"
"Get your,
favourite
magazines
home delivered
FIND OUT HOW","(300, 250)"
"Goodbye Jump Cables
Hello HULKMAN
Buy Now
HULKMAN
JUMP STARTER
GAS EI DIESEL
85
LKMAN
8--R
HULKMAN","(970, 250)"
"IIINASCAR
YOU'VE GOTTA
BE THERE!
BUY TICKETS!
22","(300, 250)"
"STEVEN
TOYOTA
GET TRADE IN VALUE
INSTANTLY!
SHOP NOW
eve","(300, 600)"
"ebay
motors
Have a project
in the works?
Get every part and accessory
your Jeep needs.
Take a look →
ATRA","(970, 250)"
"ebay
motors
Have a project
in the works?
Get every part and accessory
your truck needs.
Take a look →
10
wur","(970, 250)"
"MASTER
ELECTRONICS
We Stock
so you don't
have to
ORDER NOW","(300, 250)"
"ESLAD
Superlithium may be Elon
Musk's solution to the
battery revolution.
Learn More","(336, 280)"
"FOL
IR Ingersoll Rand.","(970, 250)"
"Capital One Shopping
The Coupon-Finding
Browser Extension
Coupon Codes Available
Join Now
(it's free!)","(728, 90)"
"IXL
Math Practice
Kindergarten
First Grade
+ Second Grade
∞ Third Grade
% Fourth Grade
Fifth Grade
Sixth Grade
Seventh Grade
Eighth Grade
x² Algebra 1
A Geometry
√ Algebra 2
f Precalculus
Try 10 FREE
practice
problems!","(160, 600)"
"S SENTARA
You deserve
THE BEST
Receive the highest
quality mammography
services. Appointments
available now.
SCHEDULE NOW
You're
safe
at Sentara","(300, 250)"
"4
MANSCAPED
INTRODUCING
THE
LAWN MOWER 4.0
SkinSafe Trimmer
Shop Now","(300, 250)"
"BRUNCH AT HOME
14 EASY
BRUNCH
RECIPES
homemade brunch recipes that
are worth waking up for","(300, 250)"
"the Fast Slow GO™
14 shortcuts to
delicious dishes.
Learn More
Breville","(728, 90)"
"Wet Toilet Brush
No Toilet Brush
SHINE
SHINE
SHOP NOW","(160, 600)"
"MODIO
By LogiSon
GUESTROOM ACOUSTIC CONTROL
MODIO
NOTHING
SOUNDS BETTER
THAN A GOOD
NIGHT'S REST
LEARN MORE","(300, 600)"
"Sotheby's
American
Art
NEW YORK
22 NOVEMBER
LEARN MORE
Ⓒ2021 MILTON AVERY TRUST/ARTISTS RIGHTS SOCIETY (ARS), NEWYORK
SOTHEBY'S, INC. LICENSE NO.1216058. SOTHEBY'S, INC. 2021","(300, 250)"
"AMERICA'S
BEST RACING
YOUR NEXT
EXPERIENCE
GET IN THE ACTION
americasbestracing.net","(160, 600)"
"demandscience
I Love Wasting Time
OnLackluster Leads.
Said No One Ever.
Learn More
intelligence","(300, 250)"
"Free Book:
Options Expert
Shows Seniors
The Best Options
Strategies
For Income.
SMART OPTIONS STRATEGIES
TradeWins
SMART
OPTIONS
STRATEGIES
CHUCK HUGHES
Claim Yours Today:","(300, 250)"
"NeatBooks™
Accounting software
that speaks your
language
Start my 15-day trial
neat®","(300, 600)"
"FREE COUPON
SEE CODES
Capital One Shopping
The Coupon-Finding
Browser Extension","(970, 250)"
You can't trust a 10 year old..,"(728, 90)"
"acer
Aspire Vero
MAKE YOUR GREEN MARK
EXPLORE >
intel
CORE
17","(728, 90)"
"2021 Promo
Codes Available
See Codes
Capital Shopping
The Coupon-Finding
Browser Extension","(970, 90)"
"2021 Promo
Codes Available
See Codes
Capital Shopping","(970, 90)"
"ENTER PHONE NUMBER
See Name, Current Location,
Photos & More!
FastSearchFind.com
0
Example: (617) 555-1234
TRACE","(336, 280)"
"Get one plan that gives you
endless possibilities.
Get started
shutterstock flex","(728, 90)"
"Normal Liver
Toxic Liver
Dying Liver???
4 Warning Signs of Dying Liver
(#2 Is Scary!)","(300, 250)"
"OMNI RESORTS
barton creek | austin
YOU PAUSED
NOW PLAY
▸ HOLIDAY IN THE HILLS","(300, 250)"
"THIS IS
THE SIGN
YOU'VE BEEN
LOOKING FOR
Websites Need Lots of Content Everyday.
We Need Writers. Apply Now","(970, 250)"
"COUPONS AVAILABLE
Activate coupons →
Piggy","(728, 90)"
"The NEW edition of our
Complete Guide to
Live-Cell Analysis
SARTORIUS","(728, 90)"
"Newchic
SEMBAD","(300, 600)"
"Full Time
Jobs
Hourly
Jobs
Part Time
Jobs
Work from
Home
Jobs2Careers","(300, 250)"
"BLARNEY
WOOLLEN MILLS
THE HOME OF
IRISH
KNITWEAR
An Irish Family
Business Since 1823
SHOP NOW","(300, 250)"
"Dying
Liver
Help!
4 Warning Signs
of Dying Liver
(#2 is Scary!)
(Watch Here)","(300, 600)"
"SUBSCRIBE
TO OUR
NEWSLETTER
TO GET LOCAL
BREAKING
NEWS,
WEATHER
AND MORE.
SIGN ME UP!
news12","(300, 250)"
"SUBSCRIBE TO OUR
NEWSLETTER
TO GET LOCAL BREAKING
NEWS, WEATHER AND MORE.
news12
SIGN ME UP!","(728, 90)"
"Sotheby's
Modern
British Art
AUCTION 18 - 24 NOVEMBER
LEARN MORE
CHADWICK ESTATES. 2021","(970, 250)"
"LEDIN
10% OFF
on 1st Order
Shop Now","(300, 600)"
"BRILI
BRILLIANT EARTH'
Ethical Engagement Rings
Shop Now
RT","(300, 600)"
"LIVER IN DANGER?
↑↑↑
Dying Liver?
Most People Notice THIS Too Late.
4 Warning Signs (#2 Is Scary!) >","(300, 250)"
"PROMO CODES
AVAILABLE
SEE CODES
Capital One Shopping
The Coupon-Finding
Browser Extension","(970, 250)"
"LEARNING MADE EASY
Snowflake Special Edition
The Data
Cloud
nt to you
y
owflake
dummies
Unite your
sloed data
Securely access and share
governed data globally
Execute your diverse
Devid Boum
snowflake
THE DATA
CLOUD FOR
DUMMIES
Learn what's possible
in the Data Cloud
LEARN MORE","(336, 280)"
"Lose the trolls.
Keep the comments.
It's time to save
online conversation.
Learn more
OpenWeb","(300, 250)"
"SENTARAⓇ
Have you had your
MAMMOGRAM?•
You're
safe
at Sentara
Early detection saves
lives. Appointments
available now.
SCHEDULE NOW","(970, 250)"
"Are your
cholesterol
numbers
creeping up?
You may be eligible
for an important
cholesterol-
lowering study.
See if you qualify >
12
AstraZeneca","(300, 250)"
"ON BEHALF OF RM ADVISER
WHAT'S
YOUR
REAL ESTATE
INVESTMENT
STRATEGY?
REALTY MOGUL
INCOME REIT
(MOGULREIT I)
INVEST NOW","(160, 600)"
"FULL SWING
PLAASWE
YOUR GAME
DESERVES
THE BEST
GET TIGER'S SIMULATOR","(300, 250)"
"Genuine Leather
GUALAPTAR
O
Banggood","(300, 600)"
"1
Blunder #10:
Mismanaging Retirement Withdrawals
You've accumulated a large nest egg, making the wrong withdrawals
could put your retirement at risk. If you have a $500,000 portfolio,
you should read 13 Retirement Investment Blunders to Avoid.
Learn More
FISHER INVESTMENTS*","(970, 250)"
"ZOLUCKY
- UP TO-
50%
shop now","(728, 90)"
"JustFashion Now
UP TO
90% OFF
SHOP NOW","(728, 90)"
"SECRET
LAB DISCOVER A NEW WAY TO GET ORGANIZED
WWW.SECRETLAB.CO","(970, 90)"
"HOT DEALS
Discounts, coupons and offers.
SAVE NOW","(728, 90)"
"A mortgage.net
Today's Refinance Rate
1.997 %*
APR
15-YEAR FIXED TERM
Calculate Payment
*Terms & conditions apply.
NMLS #1912050 (nmisconsumeraccess.org).
J894","(300, 250)"
"www
Next time you
go away he'll be
cared for like a
king
Trusted
Housesitters™
Join today","(336, 280)"
"$15 CASH BACK
On Today's Online Purchase.
CONTINUE →
Just for trying SmartyPlus","(970, 90)"
"$15 CASH BACK
On Today's Online Purchase.
CONTINUE →
Just for trying SmartyPlus","(970, 250)"
"J.me
3RD ANNIVERSARY
$50%
20% OFF CODE JING20
a
COLO","(970, 250)"
"CHOOSE YOUR SIGN
TO FIND OUT YOUR FATE
ARIES
LEO
TAURUS
VIRGO
SAGITTARIUS CAPRICORN
GEMINI
R
LIBRA
AQUARIUS
CANCER
SCORPIO
PISCES
dbooboobook","(300, 250)"
"Amortgage.net 15-YEAR FIXED TERM
Refinance Rate
1.997%
*Terms & conditions apply. NMLS #1912050 (nmisconsumeraccess.org).
NO REGISTRATION, NO LOGIN REQUIRED
Calculate Payment
1912","(728, 90)"
"The Thrill of the
Find, Found Here
Shop Now →
ebay","(728, 90)"
"ebay
The Thrill
of the Find,
Found
Here
Shop Now →","(300, 250)"
"Dying Liver???
4 Warning Signs of Dying Liver
(#2 Is Scary!)","(300, 250)"
"RDY
144
BOORDY
TERRYS
We were there for businesses
during PPP lending, and we're
here for yours today.
Learn more
Equating Lang
contes
N
M&T Bank
Understanding what's important","(300, 250)"
"LIN
ON SALE NOW
YOU DON'T WANT TO MISS THE
DUKES THIS SEASON AT
THE ATLANTIC UNION BANK CENTER
PURCHASE SINGLE-GAME TICKETS TODAY!
JMU","(300, 250)"
"Instant
Logo Maker
YouTuber Logos
COWBOY
Gaming Logos Clothing Brands
SPACE CAT
Avatars
Chibi Nelli
STREETWEAR
Abstract Logos
Sports Teams
ARCTIC
CAnd More
SPECIAL BREAKFAST
Animated Logos
TUNE
YOUR SLOGAN MERE
Place it by @envato
Create Now","(970, 250)"
"C
$20,000
ST
This Crypto Conglomerate IPO
Is Taking Esports by Storm!
(OTC: APETF CSE: ALPA)
LEARN MORE >>","(300, 250)"
"1st Grade
2nd Grade
3rd Grade
4th Grade
5th Grade
6th Grade
7th Grade
8th Grade
Adapted
Mind","(160, 600)"
"180
PROMO
CODES
AVAILABLE
SEE CODES
Capital One Shopping
The Coupon-Finding
Browser Extension","(160, 600)"
"Move to the cloud with Chrome OS
without leaving your legacy apps behind
chrome OS
Learn more","(728, 90)"
"PAY ONLY $25
FOR A 1-YEAR MEMBERSHIP
JOIN NOW
BJ's
Live Generously:","(728, 90)"
"DNY WY
RECOVER
SHOTS
Just Fashion Now
UP TO
45% OFF
SHOP NOW","(728, 90)"
"DOWNLOAD &
LISTEN NOW
LIVE COLLEGE
FOOTBALL IN THE PALM
OF YOUR HAND
VARSITY
-NETWORK-","(728, 90)"
"WATCH SOCCER LIVE
Roku firetv
LaLiga
ESPI
CHAMPIONS
LEAGUE,
TUDN
Ø
LIGUE 1
Uber Eats
beIN SPORTS
fubo™ START YOUR FREE TRIAL","(300, 250)"
"OCBS
VETERANS
NETWORK
PROUD TO SERVE
THOSE WHO SERVE
LEARN MORE","(300, 250)"
"DOWNLOAD &
LISTEN NOW
LIVE COLLEGE FOOTBALL IN
THE PALM OF YOUR HAND
✓
VARSITY
-NETWORK-","(970, 90)"
"TAIWAN
EXCELLENCE
Everyday Excellence
ZUMBA fest
Sullas
s-Imbractor
Poza
255-Intructar
Yuanita Christianl
Tahan Gacellance Calabrity Endorser
TUMBL
Olva
Zakada Yunus
ONLINE
Sat, 27 Nov 2021
10.00 - 12.00WIB
REGISTER NOW","(970, 90)"
"Amortgage.net
Today's
Refinance
Rate
%*
APR
1.9979
15-YEAR FIXED TERM
NO REGISTRATION, NO LOGIN
NO SSN REQUIRED.
Calculate Payment
*Terms & conditions apply.
NMLS #1912050 (nmisconsumeraccess.org).
J894","(300, 600)"
"Sotheby's
Modern
British Art
AUCTION 18 - 24 NOVEMBER
LEARN MORE
CHADWICK ESTATES. 2021","(300, 600)"
"leadfeeder
Struggling with B2B Growth?
Identify the companies visiting your website.
Try Now For Free
1","(728, 90)"
"Today's
Best Deals Are Here
The Inventory team is
rounding up discounts on hot items
you don't want to miss.
Click here to browse!","(300, 250)"
"shutterstock.flex
Images, footage, and
music-all in 1 plan.
Learn more","(300, 250)"
"个个个
Dying
Liver
Help!
4 Warning Signs
of Dying Liver
(#2 is Scary!)
(Watch Here)","(300, 600)"
"HOT DEALS
Discounts, coupons and offers
on consumer electronics,
vacation packages,
health products, and more.
SAVE NOW","(300, 600)"
"4 11g
Ready for a career change?
Earn your Business Analytics degree
at Charleston Southern University.
3
CHARLESTON
SOUTHERN
UNIVERSITY
CSU","(728, 90)"
"WATCH HERE
Activate account
Follow your favorite sports
Football -
Basketball -
Baseball -
Hockey
++
✪ livesports-online.eu","(970, 250)"
"Rosetta Stone
Start Your Free Trial Today
SPANISH
FRENCH
ITALIAN
GERMAN
CHINESE
ARABIC
HINDI
KOREAN","(336, 280)"
"PHILIPP PLEIN
OUTLET
PHILIPP PLEIN™
BATT
PHILIPP PLEINT
MADE IN TERLY
Bags Alert!
New arrivals for FW21","(300, 250)"
"PHILIPP PLEIN
BLACK
FRIDAY
SUBSCRIBE TO GET THE
EARLY ACCESS
BE ONE
OF THE FIRST
¶P","(300, 600)"
"Dying Liver???
4 Warning Signs Your Liver is
Crying For Help (#2 Is Scary!)","(300, 250)"
"Destination Retirement on the
Canterbury Chesapeake Bay beaches.
Westminster,
ON CHESAPEAKE BAY
Schedule
a Tour","(728, 90)"
"Restream
#1 Live Streaming
Studio
TRY FOR FREE
R Live Studio
O
ALLE
Mike Russell
Music Radie Creative
Anva Razina
Anya Razina
44
Background of
o
+
Participants nomes","(970, 250)"
"FREE COUPON
SEE CODES
Capital Shopping
The Coupon-Finding
Browser Extension
I","(336, 280)"
"Gartner
peerinsights..
Your insight is
valuable!
Share your
experience and
get rewarded.
Write a review →
Approved
reviews earn:
A $25 USD
gift card
A Peer
Insights
badge
and more...","(160, 600)"
"J.Me
BLACK FRIDAY SALE
UP TO
70% OFF
SHOP NOW","(970, 250)"
"The power of nature,
the promise of DEMETRIX
Learn more","(728, 90)"
"AUTHENTIC ROCK
MEMORABILIA
NIRVGREAT GIFTS!
KIDRIK
ISH THE WALL
BUDDY
(FREES
WOT
EAST
wolfgang's","(300, 250)"
"XRAY
Untested
code breaking
in production?
27 F7 The7
o","(336, 280)"
"TEXAS WINE STARTS
IN THE HIGH PLAINS","(300, 250)"
"CARmax
DECEMBER 11
TACKY LIGHTRUN
RICHMOND'S TACKIEST
TRADITION IS BACK!
And, it's sweeter than ever!
BEAT THE
11/18
PRICE HIKE","(728, 90)"
"WIN THIS HOUSE AND
LIVE LIKE YOU'RE
ALWAYS ON VACATION
All to support Make-A-Wish.
I'm in
omaze","(970, 250)"
"TaskUs™
We protect what
matters most
Learn More →","(970, 250)"
"UP TO 80% OFF
of friend is the kind you can
sit on a porch swing
with never say a word, and
then walk away feeling
like it was the best
conversationyou've ever
hadit's true that
don't kno
LOVE
ChicMe","(300, 250)"
"P
Photobook
SEND YOUR GIFT INTERNATIONALLY,
wherever they are.
SHOP NOW","(728, 90)"
"You can help
hungry kids.
LEARN HOW
NO KID
HUNGRY","(300, 250)"
"STEVEN
TOYOTA
GET TRADE IN VALUE
INSTANTLY!
SHOP NOW","(336, 280)"
"terminus
Get The
Blueprint To
Account-
Based
Marketing
For Free
We Power
High-Performing
Marketing Teams ™M
ACCESS NOW
Ⓒ
0","(160, 600)"
"J.ME
Black
FRIDAY SALE
70% OFF
*Free Shipping on Everything!
SHOP NOW
O
0","(970, 250)"
"#1 FOR
PROVEN
RECIPES
FROM
TODAY'S
HOME
COOKS","(300, 250)"
"VValleyHealth
Healthier, together.
Offering Care
Throughout Your Life
FIND PRIMARY CARE","(300, 250)"
"Stay ahead
of the curve
Strategic decisions
for tomorrow begin
with better data today.
Competitive
Intelligence Tools >
S&P Global
Market Intelligence","(300, 250)"
"STEVEN
TOYOTA
GET TRADE IN VALUE
INSTANTLY!
SHOP NOW","(160, 600)"
"shutterstock SÐ
GET
10 FREE
IMAGES
Start your Free Trial
Get started","(300, 250)"
"FITRATED
FITNESS EQUIPMENT BEVIENS
Best
Home Gym
Equipment.
of 2021
Learn More","(300, 250)"
"ebay
motors
Get the
parts your
Jeep needs
Take a look →","(300, 250)"
"sartorius
Unlocking Alzheimer's mysteries:
Deciphering the pathways
to neurodegeneration
sartorius
Science MAAAS
New Science Supplement
Unlocking Alzheimer's Mysteries:
Deciphering the Pathways to
Neurodegeneration
Get Your Copy","(300, 600)"
"Lightstep® Incident Response
Automate key processes and save time.
Get 6 months free
P1: ALERT001-DB
Server is not responding.
Sign Up","(728, 90)"
"LEGO
VIP WEEKEND IS
COMING 11/20-11/21
Learn more >
VIP
VIP
*
VIP","(728, 90)"
"Thermo Fisher
SCIENTIFIC
0
20
704
0
Align qPCR, dPCR, and NGS
with one instrument
Register
for webinar
applied biosystems","(728, 90)"
"A trusted tool for builders like you
Try it risk free","(728, 90)"
"GET TRADE IN VALUE
INSTANTLY!
STEVEN
TOYOTA
SHOP NOW","(970, 250)"
"Localization
quality
you can rely on.
getblend.com →
DBLEND","(300, 250)"
"MELTS 2"" INCHES OF
SNOW PER HOUR
Heat Trak.
Snow & Ice Melting Mots
SHOP","(728, 90)"
"TEDxDayton
independently
organized TED event
20
21
NN
LEARN MORE
TEDXDAYTON 2021
VIRTUAL EVENT
December 14 & 16","(300, 250)"
"Staying healthy. Staying active.
We have it all right here.
IN YOUR PRIME
LIVING YOUR BEST LIFE
LEARN MORE","(728, 90)"
"Capital One Shopping
The Coupon-Finding
Browser Extension
Never search for coupons again.
Join Now
(it's free!)","(728, 90)"
"Let your Outside Side™ out.
barretteoutdoorliving.com
Barrette
OUTDOOR LIVING/
THE OUTSIDE COMPANY™","(970, 250)"
"WE BELIEVE THE ONLY THING
YOU SHOULD SEARCH FOR
GLOW™ IS YOUR NEXT ADVENTURE.
RHINO
SHOP
NOW","(970, 250)"
"Like our low rates? Lock one in.
It's time to get life insurance!
Apply
online now
19-1106
1-888-630-5000
SBLI
-SINCE 1907-","(728, 90)"
"S SENTARA
You deserve
THE BEST
We're commited to safe
in-person mammography
care. Appointments
available now.
SCHEDULE NOW
You're
safe
at Sentara","(300, 250)"
"Lucid
Collaboration
is better when
it's visual
Explore now →","(160, 600)"
"Your seats are waiting.
Tickets on sale now!
Center
for Arts
AT GEORGE MASON UNIVERSITY
Tickets & Info","(300, 250)"
"Your seats
are waiting.
Tickets on sale now!
M
for Arts
AT GEORGE MASON UNIVERSITY
Tickets & Info","(300, 600)"
"Boost your site's
engagement with
custom content
experiences
INSTICATOR
Learn More","(300, 250)"
"all33
SAVE A TOTAL OF $500
PROMO CODE: ""MOVE100""","(728, 90)"
"DECKING
Let your Outside Side™ out.
barretteoutdoorliving.com
Barrette
OUTDOOR LIVING/
THE OUTSIDE COMPANY™","(970, 250)"
"Ggray
Television Digital Mobile
Hiring Vaccinated Employees to Ensure
You a Safe Get-back-to-Workplace.
APPLY NOW!","(300, 250)"
"SZEROE
AIRBUS
Superlithium is what the
Battery sector craves.
Learn More","(300, 250)"
"JUST A PINCH
Recipes
What's
For
Breakfast?
GET RECIPES","(300, 250)"
"ONEWHEEL
THE NEW
PINT
X
Faster,
farther,
funner.
NEW
Shop Now","(160, 600)"
"Collaborate
on video
(†))
transcripts with
remote teams
0
Method
trint
GET STARTED","(970, 250)"
"ENJOY OUR
BLACK
FRIDAY
CYBER SALE
SAVE UP TO
40%
BOOK NOW
CQUES
8
CQ
CLUB
QUARTERS
HOTELS","(728, 90)"
"Reserve your
one-hour
complimentary
tour!
3356
J. Smith Bowman
DISTILLERY","(336, 280)"
"Florida small business owners
Ready to save?
Buy direct
United
Healthcare","(728, 90)"
"6 Mistakes Developers Make
When They Integrate Payments
Learn more
nmi","(728, 90)"
"Newchic
***
COACH
EN CONN
RADLEY&PARDEE
KERES
intens","(300, 600)"
"Lumenis
smoothglo
The only bundle you need to
launch your aesthetic practice
JOIN THE
#SmoothGloNation
la
Kyle Richards
Actress and in P
Real Housewives of Beverly H","(300, 600)"
"Valley Health
Healthier, together.
Care for the
Whole Family
FIND PRIMARY CARE","(300, 600)"
"4
trint
Collaborate
on video
transcripts
with remote
teams!
00:01:04:02
Speech to Text to Magic
W MC
IN [MC] AM
MCM
fo
Color Matte
SME.mp4
Color Matte
Color Matte
GET STARTED","(160, 600)"
"RealClear Politics
We would like to
hear from you!
Please let us know how we're
doing, take this quick survey
CLICK HERE","(300, 250)"
"200808
to ne
not?
ZOLUCKY
FREE
SHIPPING
SHOP NOW","(728, 90)"
"* ALL RISE
* YOUNG SHELDON *
BLUE BLOODS *
OCBS
HITS STREAMING ON
Paramount+
TRY IT FREE","(300, 250)"
"Food
Travel
envatoelements
Unlimited Royalty Free Stock Photos
Landscapes
City
Start now
Fashion
Fitness
And more","(970, 250)"
"I
COUPON CODES
AVAILABLE
GET CODES
Capital One Shopping
The Coupon-Finding
Browser Extension
I
I
I
I
I
1
I","(970, 250)"
"QATAR
AIRWAYS
oneworld
win
10 with the best here
Click","(728, 90)"
"oneworld
QATAR
AIRWAYS
OJLOJI
Fly and win
with the best click
here","(300, 250)"
"ESCAPOLOGY,
The live escape game","(336, 280)"
"Snowflake Special Edition
The Data
Cloud
dummies
THE DATA CLOUD
FOR DUMMIES
Learn what's possible in the Data Cloud
snowflake
LEARN MORE","(728, 90)"
"Dying
Liver
4 Warning Signs
of Dying Liver
(#2 is Scary!)
(Watch Here)","(300, 600)"
"XII
34
e
O
m
Click on to see your
lucky number for the day","(300, 250)"
"Want the best
value-for-
money ITSM tool? With
TOPdesk you only pay
for features you need.
Try the demo
>TOPdesk","(300, 600)"
"Trust Our Local Experts
As YOUR Partner
COMMUNITY NEW
DIGITAL
65","(300, 250)"
"MATOUK
Creating the finest bed and
bath linens since 1929
SHOP NOW","(300, 250)"
"Spend Less Time on
Administrative Tasks and Increase
Your Firm's Revenue by 38%
Learn More
mycase","(728, 90)"
"CHANNELING GOOD:
The Derecho One Year Later Channel.","(728, 90)"
"Save $2
on any ONE (1)
Nature Made
Letters or
Multivitamins
at Publix
CLICK HERE
MIN
ECOR
ure Made
mies","(336, 280)"
"KARBACH
BREWING COMPANY
NCH
RA
WAT
HARD SELTZER
ORIGINAL
MADE WITH
100%
BLUE AGAVE &
NATURAL LIME
JUICE
90 CALORIES 1G CARBS 4.5% ALC./VOL.","(300, 250)"
"MUSIC LANE
SOUTH CONGRESS
EAT SHOP PLAY
LIVE WORK STAY
VISIT
NOW","(300, 250)"
"Modular meeting rooms
Starting at $399/month
GET A ROOM","(300, 250)"
"Try Chrome Enterprise
Upgrade, free for 30 days.
chrome OS
Start free trial
7","(300, 250)"
"OCBS
VETERANS
NETWORK
PROUD TO SERVE THOSE WHO SERVE
LEARN MORE","(728, 90)"
"Amortgage.net
Today's
Refinance
Rate
1.997%
APR | 15-YEAR FIXED TERM
NO REGISTRATION, NO LOGIN
NO SSN REQUIRED.
J894
Calculate Payment
*Terms & conditions apply.
NMLS #1912050 (nmisconsumeraccess.org).","(300, 600)"
"TAKE A VIRTUAL TOUR
7
STUDIO SHED
103
Explore Now","(300, 250)"
"THURSDAY
- BOOT CO.0
Handcrafted
with Integrity
EXPLORE BOOTS
肌肌雞","(970, 250)"
"$199.98
$99.99
BACK IN STOCK
GET YOURS NOW","(300, 600)"
"A GUIDE TO SKILLS
AND SALARIES
FOR DEVELOPERS
GET THE
GUIDE
global
knowledge.
a skillsoft brand
LIVA","(728, 90)"
"SCIENTIFIC
AMERICAN
SEA
CHANGE
SAVE
30%
on Scientific
American Digital
& 4-Year Archive
Shop Now","(300, 250)"
"Make it**
BUSINESS
MAKEOVER
ENTER TO WIN","(336, 280)"
"DASHER
DANCER
PRANCER
VIXEN
MOSCATO
VODKA
TEQUILA
BLITZEN
LILICL TH
WHEN YOU'RE OLD
AND EATING CAT FOOD
OUT OF A CAN...
THANK A REPUBLICAN!
IN MY DEFENSE
I WAS LEFT
UNSUPERVISED","(970, 250)"
"Grow your brand with an
all-in-one social tool.
Leader
Book a demo","(728, 90)"
"Banggood
53% OFF
Soft Sole
KOMAD
ALECHE COACH
HAUEN CON
HENCE BRADLEY&PARDEE","(300, 250)"
"SimpliSafe
MEET THE NEW
Wireless Outdoor
Security Camera
NEW
shop now","(160, 600)"
"'Tis the Season for
Reach your audience on
Hallmark Channel, Lifetime,
Holiday Sales Packages and Freeform
**
201
a
ADVERTISING
Learn More","(728, 90)"
"THE POTENTIAL FOR MORE.
ASGROW FIND PRODUCTS TO MAXIMIZE YIELD POTENTIAL >","(728, 90)"
"HOW WE MADE A HEALTH
FOOD EVEN HEALTHIER","(300, 250)"
"Access Westlaw
instantly
Buy online
Find the plan
that fits your
needs and your
budget
THOMSON
REUTERS","(300, 250)"
"Soundproof like
Framery.
Futureproof like
no other
GET A QUOTE
framery","(300, 250)"
"GCBN
Superbook
explorer
SuperBook
EXPLORER 31
Featuring
""PAUL AND THE
UNKNOWN GOD,""
PARTS 1 & 2
GET YOUR DVDS AND
INSTANT STREAMING
Stream 65+ Episodes!","(300, 250)"
"THE
CBN
STORY
6
60 Years of Ministry
WATCH NOW ON
CBN FAMILY","(970, 90)"
"STK
a new way to watch TV
ANYWHERE
and it's all FREE
Available on:
Roku, Apple TV,
Fire TV, iOS & Android
CHECK IT OUT","(300, 600)"
"COTOSEN
SHOP NOW>>
BUY 3 GET 4TH
40% OFF","(300, 250)"
"180
PROMO CODES
AVAILABLE
SEE CODES
Capital Shopping
The Coupon-Finding
Browser Extension
I","(300, 250)"
"Cloud-power your
business and maintain
access to legacy apps.
Access Windows apps on Chrome OS
in secure virtual environments.
Ochrome OS
Learn more","(970, 250)"
"FREE COUPON
SEE CODES
Capital One Shopping","(970, 90)"
"SARTORIUS
Rapid Multiplexed Profiling
of Antibody Dependent
Cell Cytotoxicity
Poster","(300, 600)"
"CBS SPORTS NFL*
CBS EVENING NEWS
* WITH NORAH O'DONNELL
KAMP KORALI
SPONGEBOB'S UNDER YEARS *
Paramount+
TRY IT FREE","(728, 90)"
"THE DAILY
SHOW
THE LATE SHOW
THE LATE
LATE SHOW
Paramount +
TRY IT FREE","(300, 250)"
"BIG
BROTHER
* SURVIVOR *
* THE CHALLENGE
Paramount +
TRY IT FREE","(300, 250)"
"Next time
you go away
he'll be cared
for like a
king
î
Trusted
Housesitters
Join today","(160, 600)"
"BEER
A LOVE STORY.
Curiosity
WATCH NOW","(728, 90)"
"HEVAL
FROM HOLLYWOOD ACTOR TO
SYRIAN REBEL
ONLY ON Curiosity
WATCH NOW
STREAM","(728, 90)"
"Make Your House
Your Home
Shop Home →
ebay","(728, 90)"
"Lucid
Collaboration is
better when it's visual
Explore now","(970, 90)"
"smith honig
Zebra + Paisley
Who says you can't?
SHOP THE COLLECTION >","(970, 250)"
"THE BROWN
REAL ESTATE TEAM
See What We're All About
Property Collective
774B Walker Rd
Great Falls, VA
www.facebook.com/thebrownssellva.com
@brownteamrealtors
Lets Meet!
757-234-1590","(300, 250)"
"Continue
1. Click ""Continue""
2. Add Extension
3. Start Converting
*Online File Converter by ""Convert Files 4 Free""","(300, 250)"
"ebay
Make Your
House
Your
Home
Shop Home →","(300, 250)"
"Strut Your Style
Shop Fashion →
THROCHE
ebay","(728, 90)"
"P
MINECRAFT
ver 1.0
AATTLEGROUNDS
BU
grand
theft
auto
San
FUNGAME SHARE","(970, 250)"
"2021 Promo
Codes Available
See Codes
Capital Shopping","(728, 90)"
"Want the best value-for-money
ITSM tool? With TOPdesk you
only pay for features you need.
Try the demo
>TOPdesk","(970, 250)"
"MOUNTAIN VALLEY
HOME COMFORT
MITSUBISHI
ELECTRIC
MAKE YOURSELF COMFORTABLE
GET
$74 OFF
HVAC MAINTENANCE
OR SERVICE CALL!
LEARN MORE","(300, 250)"
"chrome OS
Reach new speeds
of productivity.
High-performance devices
that boot up fast and don't
slow down over time
Learn more","(300, 600)"
"SUPERMICR
Supermicro Supercomputing '21
CEO TECH Talk
Featuring 3rd Gen Intel Xeon® Scalable processors
Learn More
intel.
XEON
PLATINUM","(728, 90)"
"strata
2021
Recovery
Trends
1
See Patient &
Procedure Volumes
from 300 Hospitals
DOWNLOAD THE REPORT","(300, 600)"
"LILIENTHAL BERLIN
4511
11 se
L
THE HUXLEY
Mesh Edition
23
11 05
LILIENTHAL BERLIN
1x 30 251
SHOP NOW","(300, 600)"
"ebay
Take the eBay Motors app for a
spin
Quickly list or find your dream car.
Learn more →","(300, 250)"
"1st Grade
2nd Grade
3rd Grade
4th Grade
5th Grade
6th Grade
7th Grade
8th Grade
Adapted
Mind","(300, 600)"
"ㅈ
TANİSHQ
A TATA PRODUCT
www.tanish.co.in
It's the season of
Gifting!
We now ship to the USA!
SHOP NOW","(300, 600)"
"COUPON CODES
AVAILABLE
GET CODES
Capital One Shopping
The Coupon-Finding
Browser Extension","(300, 600)"
"LEDIN
Free Shipping
500+ New
Arrivals
Shop Now","(160, 600)"
"Unlimited
pet care
Only
$129
/year
Join us >
Trusted
Housesitters","(728, 90)"
"Dying Liver?
个个个
4 Signs Your Liver Can't Stand
Your Lifestyle Any Longer
(#2 Is Scary!)
>","(300, 250)"
"MOUNTAIN VALLEY
HOME COMFORT
MITSUBISHI
ELECTRIC
MAKE YOURSELF COMFORTABLE
GET
$74 OFF
HVAC MAINTENANCE
OR SERVICE CALL!
LEARN MORE","(336, 280)"
"FITRATED
Find the best Fitness
Equipment for your home","(320, 50)"
"fubo™
Watch live
TV & sports
without cable
abc OCBS
FOX
NBC
ESPN FS1
FOXMSNBC
NEWS
HGTV амс
100+ Live
Channels
Learn more
Monthly subscription required.
Plans start at $64.99/mo.","(160, 600)"
"Manage files
all in one
Try it FREE","(728, 90)"
"Help!
Dying
Liver
4 Warning Signs
of Dying Liver
(#2 is Scary!)
(Watch Here)","(300, 600)"
"Boney
Beauty
BEAST
30
YEARS
HOT TOPIC
SHOP NOW
ⒸD
**","(300, 250)"
"START
Three simple steps
1. Click on ""Start""
2. Activate your account
3. Access your content
all-in-1 digitalcontent
Games - Ebooks - Music - Movies","(336, 280)"
"Q Do you want to increase
Twitter followers?
Yes
A Smart and effective
Twitter account management tool.
socialdog","(300, 250)"
"ComputerWeekly.com
Read more here
The Subpostmasters
VS
The Post Office","(728, 90)"
"UX DESIGN
FOUNDATIONS
The new online course
created by CB CREATIVE BLOQ
and Parsons School of Design","(320, 50)"
"Protect your Mac
MacKeeper - multilayered Mac protection
TRY NOW
mackeeper","(970, 250)"
"ASUS
ASUS Education
Designed for Explorers.
Education for all.
Learn more
intel.
CORE
Achieve Amazing
Powered by Intel® Core™ processors","(300, 600)"
"IBKR charges margin loan rates*
from USD 0.75% to 1.59%
Member SIPC. *Restrictions apply. For more info see ibkr.com/interest
InteractiveBrokers
LEARN MORE
%","(970, 90)"
"J.me
UP TO
50%
OFF
SHOP NOW","(160, 600)"
"KiwiCo
'Tis the
season for
STEAM!
MICH
Shop now →","(160, 600)"
"Book Now
HOLIDAY IN DUBAI
PAY 3 STAY 4
- EXTEND THE FUN-
PAY 6 STAY 8
FIVE","(970, 90)"
"OVHcloud
Dedicated
Servers
Unlimited Traffic
No Hidden Fees
32 Global Data Centers
Choose yours now","(728, 90)"
"MORRIS DISTRIBUTING
AUTHORIZED CLEAN BURN DISTRIBUTOR
50% VA.TAX CREDIT
ON A NEW CLEAN BURN
WASTE OIL FURNACE OR BOILER","(300, 250)"
"PROMO CODES AVAILABLE
SEE CODES
Capital One Shopping
The Coupon-Finding
Browser Extension","(970, 90)"
"LILICL TH
Gigi
jee-jee/-noun.
1. like a grandmother,
but so much cooler
see also:""best friend"",""extraordinary
what up.
GRINCHES
I'M ONLY
TALKING TO
MY DOG
TODAY","(300, 250)"
"BRILLIANT EARTHⓇ
""An ethically sourced jewelry company that is
redefining luxury customer experience.""
Forbes","(970, 250)"
"Promote your channel
For YouTube
Bloggers
► Get views
adwmg.com","(300, 250)"
"PAY OFF
YOUR HOME
FASTER BY
SWITCHING
TO A 15-YEAR
FIXED
15-Year Fixed Term
2.01%
No SSN Required
30-Year Fixed Term
2.42%
Calculate
Payment
MORTGAGE.NET
*Terms & conditions apply.
NMLS #1912050 (nmisconsumeraccess.org)
1834","(160, 600)"
"COLLEGE
FOOTBALL
SATURDAY NIGHT
POWERED BY LEARFIELD
BECAUSE SATURDAY NIGHTS
ARE MEANT TO BE FUN.
KATE SCOTT & MIKE GOLIC
deliver a fresh play-by-play
broadcast this fall.","(300, 250)"
"an
Help!
Dying
Liver
4 Warning Signs
of Dying Liver
(#2 is Scary!)
(Watch Here).","(300, 600)"
"RECEIVE A FREE
3D RENDERING
OF YOUR HOME
SCHEDULE YOUR FREE
ROOFING ESTIMATE TODAY!
NU LOOK
HOME DESIGN","(300, 250)"
"Meta Quest 2
x Resident Evil 4
Watch As Avan Jogia Takes On RE4
For The First Time
WATCH HERE
Presented By
Meta Quest","(300, 600)"
"June
UP TO 50% OFF
SHOP NOW","(336, 280)"
"M COTOSEN
8
BUY 3 GET 4TH 40% OFF","(300, 600)"
"SAVE 50%
ON ALL ROOFING MATERIALS
SCHEDULE
YOUR FREE
ROOFING
ESTIMATE
TODAY!
CHARMA
NU LOOK
HOME DESIGN","(728, 90)"
"Start
1. Click on ""Start""
2. Activate your account
3. Access your content
Games - Ebooks
Music - Movies
Find it on all-in-1 digitalcontent","(970, 90)"
"newport village
apartments
schedule a
self-guided tour","(300, 250)"
"Affordable Health Insurance Made Simple.
Easily apply for all subsidies & tax credits
Compare every plan available in your area in only 15 minutes
FIND THE PLAN
Powered by LIG Solutions
Enroll Today","(728, 90)"
"PM PAIN PHYSICIANS,
GETTING HUNGRY?
12:32""
It's about time
you took a lunch break
M ModMed
MODERNIZING MEDICINE
LEARN MORE","(970, 90)"
"Komedia
smart
business
outlook
20
22
smartfm
Rabu - Kamis
24-25
November 2021
Pukul 13.00 - 17.00 WIB
KLIK DISINI
radio
network","(300, 250)"
"Micromobility Powered by Particle.
Free Cellular. Accurate GPS. Device Management.
Go
41
* Particle
LEARN HOW","(728, 90)"
"PM
2:11
PAIN PHYSICIANS,
FEEL DISCONNECTED?
It's about time
for better connections
#1 Integrated EHR, PM & RCM Solution
Payments + Patient Engagement
M ModMed
MODERNIZING MEDICINE
KNOW MORE","(970, 250)"
"Until there's a vaccine
for trolls, there's us.
It's time to save
online conversation.
Learn more
OpenWeb","(300, 250)"
"LIVER IN DANGER?
个个个
Dying Liver?
Most People Notice THIS Too Late.
4 Warning Signs (#2 Is Scary!) >","(300, 250)"
"COTOSEN
- UP TO
50% OFF
SHOP NOW >>
—","(970, 250)"
"-
NEWS
FINAN
Our team is dedicated to delivering you
top news and information daily
SIGN UP NOW
TND","(728, 90)"
"MASK
JustFashion Now
UP TO
45% OFF
SHOP NOW","(728, 90)"
"Choose Your
CARDS NOW I
???","(728, 90)"
"BOARD VITA
Save time & meet your CME and MOC
career requirements fast with BoardVitals.
Subscribe Today","(728, 90)"
"PHILIPP PLEIN
BLACK FRIDAY
SUBSCRIBE TO GET THE
EARLY ACCESS
BE ONE
OF THE FIRST","(336, 280)"
"sears
HOME SERVICES
1-888-4-Repair
B
womeservices.com
sears
HOME SERVICES
WHEREVER YOU
BOUGHT IT,
WE'LL FIX IT -
AND FAST!
SCHEDULE
REPAIR","(300, 250)"
"I LOVE SHEN YUN
SHEN YUN SHOP
Black Friday Sale
STARTS NOW!
up to
35
% off
Join our VIP Rewards to get
an additional 10% off!
SHOP NOW","(970, 250)"
"HAWALILI
Christmas
- UP TO
50%
OFF","(970, 250)"
"UP TO
60% OFF
LEDIN
SHOP NOW","(728, 90)"
"PHILIPP PLEIN
OUTLET
Bags Alert!
New arrivals for FW21","(728, 90)"
"Jelen
NEWS
Our team is
dedicated to
delivering you
top news and
information
daily
SIGN UP NOW
TND","(300, 250)"
"MALM
•HO:
Vol.
11
L'HO!
JustFashion Now
UP TO
45% OFF
SHOP NOW","(728, 90)"
"√ VARSITY
-NETWORK-
LIVE COLLEGE
SPORTS
IN THE
PALM OF
YOUR HAND
DOWNLOAD &
LISTEN NOW
Audio from over
100 Schools!","(300, 600)"
"PHILIPP
PLEIN
BE ONE OF THE FIRST
BLACK FRIDAY
SUBSCRIBE TO GET THE EARLY ACCESS","(728, 90)"
"J.Me
UP TO
50% OFF
SHOP NOW","(728, 90)"
"‒‒‒‒
NACE WATCH COLLEGE ESPORTS
STARLEAGUE","(728, 90)"
"lisey blissy
blissy
Stha
blissy
This Pillowcase is Quickly Becoming
The Must-Have Gift of 2021","(300, 250)"
"Buying a home? Check out
M&T's mortgage options.
Learn more
M&T Bank
Understanding what's important
Equal Housing Lender. Ⓒ2021 M&T Bank. Member FDIC NMLS #381076","(300, 250)"
"We Are
INFLUENCER
MARKETING
15 Billion TikTok Views
in 2020 Alone.
IZEA","(728, 90)"
"You're probably not delivering
the best virtual event.
Enter Touchcast.","(970, 250)"
"43 0
CHILDREN
A Day Are Diagnosed
With Cancer in the U.S.
cookies
for kids' cancer
Let's Get
Baking","(300, 250)"
"LEARN MORE
6-day MIT Course
Entrepreneurship
Development
Program
""This program is all
you need to start your
next venture. ""
но но но н
MIT
MANAGEMENT
EXECUTIVE EDUCATION","(728, 90)"
"Swans
Candela MOCVD Defect Inspection
Yield Improvement for Power Devices KLA+","(728, 90)"
"When copays don't
count, the needs
of patients don't
count either. CMS
can protect the mos
vulnerable patients.
LEARN MORE
NATIONAL HEMOPHILIA FOUNDATION A
for all bleeding diunders
THE ARSENETUTE","(300, 250)"
"PUT IT TO
FREE
THE TEST ENG
DEMO
SLOG
CECIL'S
Jess.com","(320, 50)"
"SOS
b
Dying
Liver
4 Warning Signs
of Dying Liver
(#2 is Scary!)
(Watch Here).","(300, 600)"
"IXL Free Math Practice
Aa Kindergarten
1st Grade
+ 2nd Grade
∞ 3rd Grade
% 4th Grade
5th Grade
< 6th Grade
7th Grade
8th Grade
x² Algebra 1&2
A Geometry
Σ Precalculus","(300, 250)"
"DON'T TEXT
AND
SOOS pe
COUNCA
NHTSA","(300, 250)"
"COOKIE
DOUGH
Childhood cancer didn't
stop for COVID-19. cookies
LETS GET BAKING! for kids' cancer","(728, 90)"
"FREE GUIDE
Find Jesus in every book of the Bible
Jesus
Get my copy!
LEADING","(728, 90)"
"BE WHAT
YOU WERE
RROTHMAN
ORTHOPAEDICS
CLICK TO MAKE AN APPOINTMENT","(970, 90)"
"CARMPIONS
BOXING
IBO
UNIFIED AND IBO WORLD
HEAVYWEIGHT CHAMPION
OLEKSANDR USYK","(728, 90)"
"The world's best veterinarians'
advice delivered to your door
each and every month!
CORNELL UNIVERSITY COLLEGE OF VETERINARY MEDICINE
Cat Watch
www.catwatchnewsletter.com
SUBSCRIBE >>","(300, 250)"
"COST-EFFECTIVE
SOLUTIONS
Policies & Updates
• Wellness Resources
LEARN MORE
LEXIPOL
• Online Training
• Grant Services","(300, 250)"
"THEM
LOUSY
STINKIN'
GATORS
EXCLUSIVE
BUY TODAY ►","(300, 250)"
"EDDIE
EDDIE
GET YOUR EXCLUSIVE
EDDIE THE BLIND
SQUIRREL T-SHIRT
BUY TODAY","(300, 250)"
"TRI-STATE
LIQUORS
OUR PRICES MAKE PEOPLE SMILE
Delaware's Favorite
Beverage Store
CLICK HERE for Monthly Specials","(320, 50)"
"audo
Revolutionising through accuracy","(300, 250)"
"SHANDON
HOTEL & SPA
•Take Me to Shandon","(300, 250)"
"BUILDING FACADE
ricresidences.com
ASCnce Code 110112233
OHGUO NON AA-2002/12-4210|CHSUD TLTS NON-006
Mus
且
LE PONT
RESIDENCE
BRIDGING YOU TO
YOUR BEST LIFE
RLC
Raise
Live
RESIDENCES Connect","(728, 90)"
"NEW BOOK
The
Fast Five
shortcuts to deliciousness
donna hay
PURCHASE NOW
and receive BONUS GIFTS!","(300, 600)"
"Honor those who have touched your life
EastIdahoNews.com
Obituaries","(970, 90)"
"EAST IDAHO
NEWS.COM
();
YOUR AD
COULD BE HERE!
CLICK HERE
TO ADVERTISE WITH US","(300, 250)"
"Chegg
Learn to solve
homework problems
step-by-step
Use Chegg Study","(300, 250)"
"●●
digo
The True Premium
U.S. Hispanic Audience Network
Reach and connect up to
51M U.S. Hispanics
in a brand-safe and culturally relevant
premium network","(300, 600)"
"DOES ANYONE
ACTUALLY
REMEMBER
FARKMAN
?
check it out, it's from like 2002.","(300, 250)"
"Chegg
Learn to solve
homework problems
step-by-step
Use Chegg Study","(728, 90)"
Sign Up TO THE FLICKS EMAIL,"(728, 90)"
"Fill Your
Cart with
Color
Shop Now →
ebay","(160, 600)"
"Searching for a new job?
888888I
DODGD","(300, 250)"
"INTERACT WITH GQ
BE A PART OF
GOCOMMUNITY
JOIN NOW","(970, 90)"
"dpt
UK/EURO LTD
Ultralight, Calibre Specific Modular Moderators CLICK HERE","(970, 90)"
"dpt
UK/EURO LTD
Ultralight, Calibre Specific
Modular Moderators
CLICK HERE","(728, 90)"
"dpt Ultralight, Calibre Specific CLICK
*******Modular Moderators
HERE","(320, 50)"
"Pro-Ject
AUDIO SYSTEMS","(300, 250)"
"H
What's Up Doc?
If you're in need of medical care, check out our comprehensive guide
to the best doctors across 70 specialities in the Houston area.
LEARN MORE","(970, 250)"
"The best of fashion,
wellbeing and women
Read More","(728, 90)"
"Essential news
from around
the world
Read More","(300, 250)"
"THINK OUTSIDE
THE PASTA BOX
CLICK HERE FOR
PASTA RECIPES
Ŝ
INSPIRED TASTE","(300, 250)"
"The
Weather
Channel
WORLD'S
MOST ACCURATE
FORECASTER
According to 2021 Forecast Watch report
Get the app
https://www.forecastwatch.com/AccuracyOverview2017-2020","(300, 250)"
"Are you offering
clients the maximum
guaranteed income
in retirement?
Protective","(300, 250)"
"DOLN
OLMAN
LAW GROUP
""A Personal Injury and Civil Trial Firm""
NO RECOVERY
NO FEE PROMISE
Offices in Clearwater, St. Petersburg & New Port Richey
Click to Schedule
a Free Consultation","(300, 250)"
"Head Over Heels Photo
Weddings
Family Photos
Senior Portraits
Videography
www.headoverheelsphoto.com
813.675.7140","(160, 600)"
"New Vibe
WEB
DESIGN
Affordable Genius
LEARN MORE
Difficult Projects Welcome. Superior References.","(300, 250)"
"AWARD WINNING
International
Moving Services
BEST
U.S.News
RANKINGS
BEST
CUSTOMER
SERVICE
Newsweek
statista","(300, 250)"
"Free Dealer
price Quote
Get the best deal
on a new car!
Get free quote","(300, 250)"
"KENKEN KenKen. for your Mobile
FREE DOWNLOAD for iPhone, iPad and Android GET IT NOW
PLAY
Bon","(728, 90)"
"WORD
Monetize
Unlock your blog's true
revenue potential
GET STARTED
Mv M Mr Mr Ulle
Mu","(970, 250)"
"04 YOU
MAKING A DIFFERENCE
Get Involved!
MATTRESS
BJC DIRECT
REFLOOR
THE LAST PLOCH HOLL EVER B","(728, 90)"
"HEIN
THE
GLENN ARMENTOR
LAW CORPORATION
LEGAL
AUTHORITY
34000
LAFAYETTE
2009
TIMES Best
Based on puble vote through
The Times of Acodiono","(300, 250)"
"Do it in the backseat.
Download the app and start doing it now.
Blake's
LOTABURGER.
GETON
Google Play
Downed on the
App Store","(728, 90)"
"Expert Care
Right Here
at Home
CHRISTUS.
ST. VINCENT
T
MAYO CLINIC
CARE NETWORK
Member","(300, 250)"
"Expert Care
Right Here at Home
CHRISTUS.
ST. VINCENT
MAYO CLINIC
CARE NETWORK
Member","(728, 90)"
"KTOO
360TV
Find us on
Roku
Download on
Apple TV
Learn more >
KTOO p
KTOO
360TV
INSIDE OUT","(300, 250)"
"REGISTER YOUR CARD NOW
LANDMARK
Extras
Landmark
NOVE LOVERS
Redeem Points for FREE Movies, $5 OFF
Concessions and Enjoy FREE Large Refills
LandmarkExtras.com/register","(300, 250)"
"Searching for a new job?
888888I","(300, 250)"
"Startpage
Get weather before hitting the road.
With no personal tracking.
weather for tomorrow
Q","(728, 90)"
"weather for tomorrow Q
Get weather before
hitting the road.
With no personal tracking.
Startpage","(300, 250)"
"FOLLOW THE
TRAIL WITH
NATIONAL
GEOGRAPHIC'S
TRAILS ILLUSTRATED
MAPS
BUY HERE","(300, 250)"
"WHISKEY RAIDERS
Your one stop shop for
whiskey reviews & coverage.
SEE THE RAIDINGS ▸","(300, 250)"
"Looking for more qualified candidates?
POST YOUR JOB NOW
C
P","(728, 90)"
"MOBILE INSURANCE
(800) 458-4320
www.MobileAgency.com
Commercial Real Estate
Insurance Experts Kurt Kelley
President","(728, 90)"
"KLYSTRON
POWERFUL TELEVISION RADAR
13
CLICK TO VIEW
SPECTRUM
NEWS 13
Spectrum
O","(728, 90)"
"WATCH LIVE
NEWS ON
THE GO
FROM YOUR TEAM AT
SPECTRUM NEWS 13
VISIT THE APP
SPECTRUM
NEWS","(300, 250)"
"CALL BEFORE
YOU DIG!
at","(300, 250)"
"Join the 300,000 people who start and end their day
with newser newsletters","(728, 90)"
"MASHOPS
Most Trusted Numismatic Marketplace
JOIN","(728, 90)"
"Scribble Hub
tre N
Read Now","(300, 250)"
"GET THE PAPER
★WEEKLY★
NEWSLETTER
SIGN UP HERE","(728, 90)"
"Book Your Group!
Viv!
Rent our theaters! Learn more","(300, 250)"
"GIVE ME
THOSE
PUPPY
DOG
EYES
og","(300, 250)"
"MAKE
YOUR
MOVE
with the
most
trusted
brands
in media
""Media Job Board
GARD.COM
Poynter. E&P
Newspapers
Find your
next job","(300, 250)"
"WE'LL FIND THE
DOORS FOR YOU
You decide
which one
to open
""Media Job Board Find your
next job
MEDIA JOBBOARD.COM","(300, 250)"
"- AUSTRALIAN |--
PROPERTY TALK
WITH REDOM SYED & CURTIS STEWART
11 PROPERTY
PREDICTIONS
FOR 2023
www.australianpropertytalk.com.au","(300, 600)"
"Industry News
Delivered
Every Weekday
Morning
A.M.Jolt
QSR
One Pizza Chain's Path to 100 Units
Old-world Italian gets a modern, tech-forward twist
at this exciting fast casual, which is ready for major
growth.
Share:
IOG
Why Burger King Could Be Fast-
Food's Sleeping Giant","(300, 600)"
"RENTAL INSURANCE
Insure and protect
your treasures
Get Quote Now
Powered by SURE.
Rentals.com","(300, 250)"
"TRANE
It's Hard To Stop A Tran
HIGHLY TRAINED EXPERTS IN
CUSTOMER SATISFACTION
WE STAND BEHIND EVERY TRANE.
4:21 Tom. Aegidorsemed.
TOUT 4243 S. Main St.
Salisbury, NC
704-633-8095
STOUT
HEATING & AIR CONDITIONING, INC.","(300, 250)"
"Tactical
T
W
Tactical Works, Inc.
calculated effective operative activity
Long Range
Precision Accessories","(728, 90)"
"Want knowledge
delivered daily?
JOIN OUR NEWSLETTER HERE
science alert","(300, 250)"
"ScienceN
Particle V
M
ScienceN
Martian
Wanderers
mag bal
Science Ne
Beyo
BR
ScienceNews
CELEBRATING
enceNews
SCIENCE
JOURNALISM
Dolly the hand more
1000000
enceNews
YEARS OF E DIGITAL alto
VOLUTION Physics
Byte
Never miss a discovery. Subscribe to Science News.
nceNews
ient
mas","(970, 250)"
"The Rebound
RELIEVE. RESPOND. REVIVE
WORKING TOWARD
FINANCIAL RECOVERY
TOGETHER.
LEARN MORE","(300, 250)"
"HOUSE HUNTING
MADE
EASY!
GO
Search silive
Real Estate Listings
silive.com
Staten Island Advance","(300, 250)"
"Searching for a new job?
BA8888
DOOD","(300, 250)"
"musicdirect
EQUIPMENT.
MUSIC
ACCESSORIES.
$49 Free Shipping
1,000s Of Albums In Stock
60 Day Satisfaction Guarantee
musicdirect.com","(336, 280)"
"P
ATTRACT MORE BUSINESS
ADVERTISE HERE
STARI","(728, 90)"
"S NEWSLETTER
THE
Get The Star headline Stories
in your email inbox
every morning
FREE SUBSCRIPTION →","(336, 280)"
"Book university open
days and virtual events
Complete
University
Guide","(970, 250)"
"Love
finding
more free
channels?
O
THE
FREETV
PROJECT
O
Rescan your
TV to get new
channels with
your antenna.
LEARN HOW HERE","(300, 250)"
"joyology
Lake Orion - Now Open
Save on your first visit Shop Now","(320, 50)"
"НКНЕ
HANSHAW
KENNEDY
HAFEN, LLP
Attorneys at Law","(728, 90)"
"Bridge House
Grace House
THRIFT
STORES
You Shop,
Someone gets
a second chance
at life!
NEW ORLEANS
4243 Earhart Blvd
METAIRIE
7901 Airline Drive
www.bridgehouse.org","(160, 600)"
"TIMES OBSERVER
YOUR TRUSTED NEWS
for Warren County.
Subscribe Today","(300, 250)"
"5
2
threads
346₂
Get more of what you love in your inbox -
discover our newsletters.
Never miss a video, article, tip, or technique.
SEE NEWSLETTERS
TE","(728, 90)"
"Take PRIDE in Where You Travel
PROVINCETOWN
EXPLORE NOW
PTOWNTOURISM.COM","(300, 600)"
"FAN
LAB
SHARE YOUR VOICE IN THE FAN LAB!
MEMBERS CAN BE ELIGIBLE TO
WIN VINYL AND MERCH
JOIN NOW","(728, 90)"
"LACROSSE
CHAMPIONSHIP
|TZ|| HOW-CAFE HT
MAKE YOUR MEMORIAL DAY WEEKEND PLANS!
MAY 26 & 28-CARY, NC-WAKEMED SOCCER PARK
GET TICKETS","(970, 90)"
"Upstyle
Create looks
you love","(300, 250)"
"SUCCESS STARTS HERE
The Naval Institute's independent forum is where professionals figure it out before it matters.
JOIN NOW
AVAZ
1947","(728, 90)"
"Vermont
Public
Watch
Live TV","(300, 250)"
"visor
DOWN
YouTube","(300, 600)"
"DOWN
YouTube","(970, 250)"
"WNCT9
on your side","(300, 250)"
"The
Weather
Channel
More
Radar
to Love
with 24-Hr Future Radar
Get the app
Tue 7:07p
Fu
201","(300, 250)"
"Rest easy knowing your
biggest investment is
on a SOLID foundation
G
GUARDIAN
a
FOUNDATION REPAIR","(300, 600)"
"sal slickdeals
GET THE EXTENSION
BEST
BUY
Ⓒ TARGET.
Walmart
COSTCO
WHOLESALE
Coupons for
3,000+ Stores","(728, 90)"
"of
Need a
Coupon?
GET SLICKDEALS FOR FREE
sal slickdeals","(300, 250)"
"sal slickdeals
Score Big Savings
Get coupons at your
favorite stores
GET THE EXTENSION
Walmart
BEST
BUY macy's
adidas","(336, 280)"
"of
COUPONS
AVAILABLE
Applied Automatically
At Checkout
CONTINUE →
sal slickdeals","(336, 280)"
"-o-
COUPONS
AVAILABLE
Applied Automatically
At Checkout
CONTINUE
sal slickdeals","(300, 250)"
"COUPONS AVAILABLE
Applied Automatically
At Checkout
CONTINUE
sal slickdeals
I
1
I
1","(970, 250)"
"THE LAST RESORT:
GREETINGS FROM
MIDLAND
SAT. OCT. 15
TOUR GREEK THEATRE","(728, 90)"
"COUPONS AVAILABLE
Applied Automatically At Checkout
CONTINUE →
sal slickdeals","(728, 90)"
"THE
AVALANCHES
LIVE!
SEPTEMBER 22
GREEK THEATRE","(728, 90)"
"sal slickdeals
Coupons
for 3,000+
Stores
GET THE EXTENSION
COSTCO
WHOLESALE
BEST
BUY
Walmart
TARGET.","(160, 600)"
"Fred again..
Oct 16
Terminal 5
New York City
Terminal 5","(728, 90)"
"MIDLAND
THE LAST RESORT:
GREETINGS FROM
AN OPECIAL GEN
MIKKI LANE
CHANE CHOTH & THE CANTS
TOUR
SATURDAY, OCTOBER 15
GREEK THEATRE | LOS ANGELES, CA","(300, 250)"
"COUPONS
AVAILABLE
Applied
Automatically
At Checkout
CONTINUE →
sal slickdeals","(300, 600)"
"Fred again..
Oct 16 Terminal 5 New York City
Terminal 5","(300, 250)"
"slickdeals
Coupons for
3,000+ Stores
GET THE EXTENSION
COSTCO
WHOLESALE
TARGET.
BEST
BUY
Walmart","(300, 600)"
"sal slickdeals Need a Coupon?
START SAVING NOW","(728, 90)"
"Need a
Coupon?
+1.00⁰
25% OFF
GET THE EXTENSION
sal slickdeals","(300, 600)"
"THE
AVALANCHES
LIVE!
SEPTEMBER 22
GREEK THEATRE","(300, 250)"
"Integrate
SOFTSWISS SPORTSBOOK
Get a Sweet offer on
GAME AGGREGATOR","(728, 90)"
"Fred again..
Oct 16
Terminal 5
New York City
Terminal 5","(970, 250)"
"sal slickdeals
Score Big
Savings
Get coupons at your favorite stores
GET THE EXTENSION
BEST
BUY
★macy's
O
Walmart
adidas","(300, 600)"
"xero
agreed that Xero made
88% Making Tax Digital for VAT easy*
*Based on a survey run by Xero in the UK in August 2021 of 375 Xero subscribers.
Try Xero for free
MAKING
TAX
DIGITAL
READY","(728, 90)"
"slickdeals.
Need a Coupon?
GET THE EXTENSION","(160, 600)"
"Bitdefender*
Get the special
discount!
BUY NOW","(728, 90)"
"sondermind
How Therapy Works.
How are you feeling?
Understand your emotions and
what they could mean.
Learn more","(728, 90)"
"Do This Every Evening & Fungus
Will Be Gone In A Week
WATCH
Foot Health","(300, 250)"
"Insurance
for visitors to the US
VisitorPLANS.com
INSURANCE THAT TRAVELS WITH YOU
www.visitorplans.com
1-855-5-VISITOR/
1-510-353-1180
Get Quote","(728, 90)"
"sal slickdeals
Coupons for
3,000+ Stores
GET THE EXTENSION
O TARGET.
Walmart
BEST
BUY
COSTCO","(336, 280)"
"sal slickdeals
Score Big Savings
Get coupons at your
favorite stores
GET THE EXTENSION
Walmart
BEST
BUY
adidas
O
★macy's","(300, 250)"
"LSE
THE LONDON SCHOOL
OF ECONOMICS AND
POLITICAL SCIENCE
Designed,","(300, 250)"
"Balboa Bay
RESORT//
YOUR FOREVER BEGINS HERE
Elegant Newport Beach Wedding Along
California's Dazzling Coastline
Say I Do","(728, 90)"
"sal slickdeals
Score Big
Savings
Get coupons
at your
favorite stores
GET THE EXTENSION
BEST
BUY
O
★macy's
Walmart
adidas","(160, 600)"
"Master's in
Wealth Management
COLUMBIA UNIVERSITY
Learn More","(728, 90)"
"Bitdefender
TUTAL MEEAUTY
Bitdefender.
TOTAL
SECURITY
MAD
MAY
Get the special
discount!
BUY NOW","(300, 600)"
"xero
MAKING
TAX
DIGITAL
READY
88%
88% agreed that Xero made
Making Tax Digital for VAT easy*
Try Xero for free
*Based on a survey run by Xero in the UK in August 2021 of 375
Xero subscribers.","(300, 250)"
"----
Need a
Coupon?
GET THE EXTENSION
sal slickdeals","(336, 280)"
"BANANA REPUBLIC
SHOP NOW
A VOYAGE of WONDER","(728, 90)"
"Bitdefender
Get the special
discount!
BUY NOW
AV
Bitdefender.
TOTAL
SECURITY
a","(970, 250)"
"85%
of SREs want
to
on the same
observability
platform by 2025.
standardize
Read report","(300, 600)"
"Specifically Pacific
Organic, gluten-free broth from free-range chicken.
Pacific
FOODS-
te range
Chicken
Broth
Shop now","(728, 90)"
"COLDPLAY
MUSIC of the SPHERES
A WORLD TOUR
WITH SPECIAL GUEST
H.E.R.
TICKETS ON SALE NOW AT COLDPLAY.COM
Ⓡ
LIVE NATION","(300, 250)"
"Reach fans
everywhere
REPOST
BY SOUNDCLOUD
Try Repost by SoundCloud","(728, 90)"
"Balboa Bay
RESORT//
YOUR
FOREVER
BEGINS
HERE
Elegant Newport
Beach Wedding
Along California's
Dazzling Coastline
Say I Do","(160, 600)"
"Fred again..
Oct 16
Terminal 5
New York City
Terminal 5","(320, 50)"
"aws
aws
Let's build something
that changes the world
Now hiring Software Developers
at AWS,
Aman Equal Opportunity Employer","(300, 250)"
"BANANA REPUBLIC
FACTORY
280+ NEW
ARRIVALS
from $24.99
SHOP NOW","(300, 250)"
"Bitdefender
Get the
special
discount!
BUY NOW
AV
Bitdefender.
TOTAL
SECURITY
MAS
WIE","(300, 250)"
"THE
AVALANCHES
LIVE!
SEPTEMBER 22
GREEK THEATRE","(320, 50)"
"Insurance
for visitors to the US
Get Quote
VisitorPLANS.com 1-855-5-VISITOR/
INSURANCE THAT TRAVELS WITH YOU
1-510-353-1180
www.visitorplans.com Info@visitorplans.com","(336, 280)"
"CONNY
NOW OPEN
BUY TICKETS
ticketmaster Harrah's
LAS VEGAS","(300, 250)"
"COLDPLAY
MUSIC of the SPHERES
A WORLD TOUR
WITH SPECIAL GUEST
H.E.R.
TICKETS ON SALE NOW
COLDPLAY.COM
LIVE NATION
THE NEW ALBUM MUSIC of the SPHERES OUT NOW
♡∞o","(300, 600)"
"BANANA REPUBLIC
A VOYAGE
of WONDER
SHOP NOW","(300, 250)"
"5
Leader
SPRING
2022
4x more 5-star reviews
than Splunk.
See why
dynatrace","(728, 90)"
"A peacock Original
the office GIRLS 5 EVA
peacock
Premier
League
60K+ HOURS OF HIT SHOWS,
LIVE SPORTS & MORE
SIGN UP NOW
Some content shown requires pold upgrade.","(300, 250)"
"355
THE
NEW FROM THEATERS
& STREAMING ONLY ON
peacock
SIGN UP NOW","(300, 250)"
"Bitdefender
AV
Bitdefender.
TOTAL
SECURITY
MAR
BUY NOW
489
Get the special
discount!","(160, 600)"
"BANANA REPUBLIC
A VOYAGE of WONDER
SHOP NOW","(970, 250)"
"Bitdefender
Get the
special
discount!
BUY NOW
AV
Bitdefender.
TOTAL
SECURITY
MOND
MAS","(336, 280)"
"Firestarter
Die Hard
Fear and Loathing
in Las Vegas
peacock
NEW HIT MOVIES
EVERY WEEK
STREAM NOW
Firestarter streaming May 12","(728, 90)"
"BANANA REPUBLIC
A VOYAGE
of WONDER
SHOP NOW","(300, 600)"
"Fred again..
Oct 16 Terminal 5 New York City
Terminal 5","(300, 600)"
"University
of San Diego
LEAD THE DIGITAL DEFENSE
Earn Your M.S. in Cyber Security
Operations and Leadership 100% Online
LEARN
MORE","(728, 90)"
"fiverr.
Short video ads.
Long-lasting
success.
Create your ad","(728, 90)"
"Balboa Bay
RESORT//
YOUR FOREVER BEGINS HERE
Elegant Newport Beach Wedding
Along California's Dazzling Coastline
$4
Say I Do","(300, 250)"
"M motorola
TRADE IN.
TRADE UP.
LEARN MORE
Pay as low as $1
when you trade in
your current device.","(300, 250)"
"LEAD THE DIGITAL DEFENSE
Earn Your M.S. in Cyber Security Operations
and Leadership 100% Online
University San Diego
LEARN MORE","(300, 250)"
"Balboa Bay
RESORT//
YOUR FOREVER
BEGINS HERE
Elegant Newport Beach
Wedding Along California's
Dazzling Coastline
Say I Do","(300, 600)"
"COLDPLAY
MUSIC of the SPHERES
WORLD TOUR
WITH SPECIAL GUEST HE.R.
TICKETS ON SALE NOW
COLDPLAY.COM
LIVE NATION","(728, 90)"
"Cloud storage at 1/5th the price?
That's HOT
€
Learn
More
wasabi
hot cloud storage","(728, 90)"
"LUB Peacock ORIGINAL
Saved by the Bell
Season
Saturday Night Live
Kenan Season 2
peacock
BINGE-WORTHY SERIES
For only $4.99/mo.
SIGN UP NOW
Content shows requires paid upgrade.","(728, 90)"
"Save
$800*
on select adjustable mattress sets
up
to
MON
AAAAAA
STEARNS & FOSTER
LEARN MORE
*Select adjustable mattress sets only. Lesser savings
may apply. Learn more at StearnsandFoster.com.","(728, 90)"
"JEL
10-1
MEI
CHANGING THE WORLD REQUIRES HARD CHOICES.
WHICH TEQUILA YOU DRINK
SHOULDN'T BE ONE OF THEM.
ESPOLONTEQUILA, 40% ALL/VOL. (30 PROOF). ©2012 CAMPARI AMERICA, NEW YORK, NYRESE TO THE CALL BRINE RESPONSIBLY.
ESPOLON TEQUILA","(728, 90)"
"aws
Build.
Host.
Create.
Get started for free >
@O
(₂
Ogo","(300, 600)"
"fiverr.
App development?
We're up for it.
Find a freelancer","(728, 90)"
"BASTILLE
GIVE ME THE FUTURE TOUR 2022
THE FACTORY MAY 31
WITH
Sarah
Jaffe","(970, 250)"
"aws
Let's build something
that changes the world
Now hiring Software Developers
at AWS,
Aman Equal Opportunity Employer","(300, 250)"
"exclusivo online Panvel
SAIBA MAIS","(320, 50)"
"NORDSTROM
All Dressed Up
Shop Now >
CUL
FREE STYLE HELP IN STORES & ONLINE","(300, 600)"
"I got it at
Costco
SIGN UP
COSTCO
EWHOLESALE","(728, 90)"
"aws Fast and simple data
warehousing
from day one
Get started
for free >","(728, 90)"
"Get ready and bon voyage
Until May 27, buy miles and
get up to 85% bonus miles.
UNITED
MileagePlus.
Buy miles","(728, 90)"
"CoStar
POWERBROKER
QUARTERLY DEALS
Get industry recognition for your top deals.
Submissions will be accepted until July 8
2022
SUBMIT
Q2 DEALS","(728, 90)"
"M motorola
TRADE IN. TRADE UP.
LEARN MORE
Pay as low as $1 when you
trade in your current device.","(970, 250)"
"BANANA
REPUBLIC
06. 06. 1978-
INTERNATIONAL
SHOP NOW","(970, 250)"
"BASTILLE
WITH
Sarah
MAY 31
GIVE ME THE FUTURE TOUR 2022 Vaffe THE FACTORY","(728, 90)"
"Now Hiring
Tech
Professionals
and more!
Learn More
CARFAX
CAR
FOX","(300, 250)"
"TEMPUR-PEDIC
UP
ΤΟ
SAVE D
$500
TEMPUR PEDIC
ON SELECT ADJUSTABLE
MATTRESS SETS
TEMPUR PICC
SHOP NOW
Ⓡ
*Select adjustable mattress sets only. Lesser savings may apply.
Learn more at TempurPedic.com.","(300, 600)"
"GRAND RESIDENCES
RIVERA CANCUN
GRANDRESIDENCES.COM.MX
SPRING
IN PARADISE
888-215-4428
BOOK NOW
2021
Travelers'
Choice
Tripadvisor","(728, 90)"
"Memorial Day
AARP LIMITED TIME OFFER
$9
When you sign up for a 5 year term
JOIN NOW
PER
YEAR","(300, 250)"
"Now Hiring
Tech Professionals and more!
CARFAX
Learn More
CAR
FOX","(728, 90)"
"discovery+ original
LOVE IN THE
JUNGLE
discovery+
start free trial
Terms apply.","(728, 90)"
"slickdeals Score Big
Savings
GET THE EXTENSION
adidas
★macy's
BEST
BUY
Walmart","(728, 90)"
"MIDLAND
THE LAST RESORT:
GREETINGS FROM
SAT. OCT 15
TOUR GREEK THEATRE","(320, 50)"
"Monetize on
YouTube
REPOST
BY SOUNDCLOUD
Try Repost by SoundCloud","(728, 90)"
"hulu
HULU+
LIVE TV
DISNEY
& ESPN
hulu
HULU+
LIVE TV
NOW WITH
DISNEY+
AND ESPN+
GET LIVE TV NOW
Restrictions apply.
hulu + LIVE TV
-Ja Morant","(300, 250)"
"exclusivo online
SAIBA MAIS
dermage
Neutrogen
purified
skin
PanVel
BEN VOCE. VOCE BEM
alanan
wwwa
BOCA
ROSA
NICOLIN","(300, 250)"
"GRAND RESIDENCES
SPRING
IN PARADISE
888-215-4428
BOOK NOW
Travelers
Choice
00
Tripadvisor
GRANDRESIDENCES.COM.MX","(300, 250)"
"University
of San Diego
A
LEAD THE
DIGITAL DEFENSE
Earn Your M.S. in Cyber Security Operations
and Leadership 100% Online
LEARN MORE","(970, 250)"
"REDEEMING
LOVE
NEW FROM THEATERS
& STREAMING ONLY ON
peacock
SIGN UP NOW
Content shown may require paid upgrade.","(728, 90)"
"LSE
Executive Global Master's
in Management
Designed,","(728, 90)"
"rise with
no regrets
refresh your nights
seize the
&day
Ⓒ2022 Idorsia Pharmaceuticals, Ltd. US-IDS-00401 03/22","(300, 600)"
"rise with
no regrets
refresh your nights
seize the
night
&day
©2022 Idorsia Pharmaceuticals, Ltd.
US-105-00401 03/22","(300, 250)"
"CARFAX
Now
Hiring
Tech
Professionals
and more!
Learn More
CAR
FOX","(160, 600)"
"audible ORIGINAL
MIRANDA
NYOM
audible
audible
VIOLA DAVIS
FINDING ME
REMINDERS
OF
HIM
COLLEEN
HOOVER
Beach-ready. Binge-worthy.
Start your free
30-day trial.","(300, 250)"
"dynatrace
More satisfied
customers
than Splunk.
Leader
SPRING
2022
See why","(300, 250)"
"fiverr. A voice (over) you'll love the sound of
Find Yours On Fiverr","(728, 90)"
"יינווטוויד
FIRESTARTER
DIE HARD
Fear
LOATHING
in LAS VEGAS
peacock
NEW HIT MOVIES
EVERY WEEK
STREAM NOW
""Firestarter' streaming May 13","(300, 600)"
"BANANA REPUBLIC
A VOYAGE
of WONDER
SHOP NOW","(160, 600)"
"COLDPLAY
MUSIC of the SPHERES
#A WORLD TOUR
WITH SPECIAL GUEST
H.E.R.
TICKETS ON SALE NOW
COLDPLAY.COM
LIVE NATION
THE NEW ALBUM
MUSIC of the SPHERES
OUT NOW
∞∞o","(970, 250)"
"Memorial Day
$9
AARP LIMITED TIME OFFER When you sign up for a 5 year term
PER
YEAR
JOIN NOW","(320, 50)"
"fiverr.
App
development?
We're up for it.
Find a freelancer","(300, 600)"
"SB ZOOM
BLAZER
Shop Nike.com","(300, 250)"
"xero
88%
88% agreed
that Xero made
Making Tax Digital
for VAT easy*
MAKING
TAX
DIGITAL
READY
Try Xero for free
*Based on a survey run by Xero in the UK in August 2021 of
375 Xero subscribers.","(300, 600)"
"AARP®
AMERICANS ARE TALKING. End high Rx prices now.
CONGRESS MUST LISTEN. The People's Hearing-5/18.
WATCH HERE","(970, 90)"
"AARP®
AMERICANS
ARE TALKING.
CONGRESS
MUST LISTEN.
End high Rx
prices now.
The People's
Hearing-5/18.
WATCH HERE","(300, 600)"
"AARP
AMERICANS
ARE TALKING.
CONGRESS
MUST LISTEN.
End high Rx prices now.
The People's Hearing-5/18.
WATCH HERE","(300, 250)"
"aws
Raise the bar on engineering
Now hiring Software Developers at AWS
excellence
Apply now i
»
Amon is an Equal Opportunity Traploper.","(728, 90)"
"Oral Rx treatment
options are now
available for
COVID-19
Discover an option from Pfizer >
Ⓒ2021 Pfizer Inc. All rights reserved.
PP-CPI-USA-0058-03/v1.0) Dec 2021
Pfizer","(300, 250)"
"Oral Rx treatment options are
now available for COVID-19
Discover an option from Pfizer >
Pfizer
Ⓒ2021 Pfizer Inc. All rights reserved.
PP-CPI-USA-0058-021v1.0) Dec 2021","(728, 90)"
"NORDSTROM
Summer Fashion
Bring on the heat with uplifting colors
and relaxed, do-it-all styles.
Shop Women >
FREE STYLE HELP IN STORES & ONLINE","(970, 250)"
"peacock ORIGINAL
SODUMBITS
CRIMINAL
HOSTED BY SNOOP DOGG
peacock SIGN UP NOW","(300, 250)"
"Get ready
and bon voyage
Until May 27, buy miles and
get up to 85% bonus miles.
Buy miles
UNITED
MileagePlus.","(300, 600)"
"sal slickdeals
Coupons for
3,000+ Stores
GET THE EXTENSION
O TARGET.
Walmart
BEST
BUY
COSTCO
WHOLESALE","(300, 250)"
"Reform
Kitchen design with
room for personality
Learn more","(300, 600)"
"SEMRUSH
Build trust
and value
with content
from Semrush
Marketplace
Learn more","(300, 600)"
"SONESTA]
TRAVEL TODAY, YOUR WAY.
SAVE UP TO 20%
20% +1
+ 15% OFF DINING
BOOK NOW","(728, 90)"
"123RF
Millions of Stunning Visuals
at Low Price + FREE One-click Editing Tools
START NOW","(728, 90)"
"SPORTSBOOK
SOFTSWISS
WIN
THE MARKET.
LAUNCH
SPORTSBOOK.","(300, 250)"
"COMPREHENSIVE
LEADERSHIP PROGRAMS
Programs for key transition points
in your career. GO.
HARVARD
BUSINESS SCHOOL
Executive Education
LEARN MORE","(970, 250)"
"Stock
that Fridge
JOIN NOW
COSTCO
WHOLESALE","(300, 250)"
"123RF
Millions of Stunning Visuals
at Low Prices + FREE One-click Editing Tools
START NOW","(728, 90)"
"UNITED
MileagePlus.
Get ready and bon voyage
Until May 27, buy miles and
get up to 85% bonus miles.
Buy miles","(300, 250)"
"2022
SUBMIT
Q2 DEALS
CoStar™
POWERBROKER™
QUARTERLY DEALS
Get industry recognition
for your top deals.
Submissions will be
accepted until July 8","(300, 600)"
"F:
is for Google
Move your data to Wasabi at a
fraction of the cost with all the
protection.
Try Free
wasabi
hot cloud storage","(300, 250)"
"BANANA REPUBLIC
FACTORY
IMAGINATION TAKES FLIGHT
NEW ARRIVALS
from $24.99
SHOP NOW","(300, 600)"
"exclusivo online
SAIBA MAIS
PanVel
BEM VOCE. VOCÊ BEM.","(728, 90)"
"wwwwwwww
CEELO GREEN
AS SOUL
BROTHA
#100
A TRIBUTE TO JAMES BROWN
Friday June 24, 2022
PERFORMING LIVE AT
THE EASTERN ATL","(728, 90)"
"HIGH-PERFORMANCE With the Latest
PISTOLS
Gen5 Technologies
from GLOCK™
LEARN MORE
LOCK
PERFECTION
GEN
15","(300, 250)"
"68% of SREs say
siloed teams & multiple
tools make it hard to align
on a single version of ""the truth"".
Read report","(300, 250)"
"LifeLock™
by norton
It can be easy to
steal your identity.
Help protect
yourself.
Save up to 25%*
*Terms apply","(300, 250)"
"Watch Sneak
$$$
SUPERMARKET
STAKEOUT
Season Premiere
TONIGHT 10/9c food","(300, 250)"
"TO ANOTHER SIDE OF
WELCOME BRITAIN","(728, 90)"
"dynatrace
4x more
5-star reviews
than New Relic.
★★★★★
Leader
SPRING
2022
See why","(300, 250)"
"COLUMBIA UNIVERSITY
Master's in
Wealth Management
Learn More","(300, 250)"
"peacock
Premier League
STREAM EXCLUSIVE
MATCHES LIVE
SIGN UP NOW","(728, 90)"
"University of San Diego®
LEAD THE
EEEEEE
INTEL
DIGITAL DEFENSE
Earn Your M.S. in
Cyber Security Operations
and Leadership
100% Online
LEARN MORE
EE","(300, 600)"
"Ⓒ2021 United Airlines, Inc. All rights reserved.
UNITED
FOR BUSINESS
You're building the
business of your dreams.
Now fly like it.
Travel solutions and services
tailored to your business.
Learn more","(300, 250)"
"Memorial Day
AARP
LIMITED TIME OFFER
$9
When you sign up for a 5 year term
JOIN NOW
PER
YEAR","(300, 600)"
"TECHNICAL
DEMO
R
SERIES
DevOps
Platform Demo
Learn how to create, test,
and deploy machine learning
applications using GitLab &
Kubernetes
Register Now","(300, 600)"
"Discover formidable Barú,
minutes by yacht from Cartagena.
Book your stay
SOFITEL
AIE
Live the French way","(728, 90)"
"SB ZOOM
BLAZER
Shop Nike.com","(728, 90)"
"JOR CO
VIRTUAL PROGRAM
COMPETING
IN THE
AGE OF AI
-VIRTUAL
BEGINS 22 SEP 2022
APPLY NOW
HARVARD
BUSINESS SCHOOL
Executive Education
GO.","(300, 600)"
"NIKE AIR FORCE 1
Shop Nike.com","(300, 250)"
"Nielsen
Comprehensive,
A representative panel
accurate, unbiased of 100,000+ people
Get the facts ►","(728, 90)"
"AROMA
A PERFUME AS UNIQUE AS YOUR FINGERPRINT.
COSTA BRAZIL
#FOLLOWMYSCENT
SHOP NOW","(728, 90)"
"Memorial Day
AARP
LIMITED TIME OFFER
$9
When you sign up for a 5 year term
PER
YEAR
JOIN NOW","(728, 90)"
"SHOOTTO
THRILL
CC
Miri
20
GCH
Aubaner
PA
22 LR
COFFER PLATED BOUND MOS
300 200
CO
KREAC
-200-
SG₁
CLEAN-22
UNIVERS
CCI
MAKE EVERY
ROUND
A REVOLUTION
LEARN MORE","(970, 250)"
"85%
of SREs want
to standardize
on the same
observability
platform by 2025.
Read report","(160, 600)"
"BALS
more
than
money
nab
160 years
120 locations
65 Regional &
Get started
Agribusiness
Bankers","(300, 600)"
"No limit
on your
uploads
Sign Up
SOUNDCLOUD
MOJS","(300, 250)"
"SPORTSBOOK
SOFTSWISS
WIN
THE MARKET.
LAUNCH
SPORTSBOOK.
44HH","(336, 280)"
"DRIVING
TECHNOLOGY
FORWARD
Innovation that delivers
the cross-domain
advantage
LEARN MORE
L3HARRIS","(300, 250)"
"KIDS' AIR
FORCE 1
Shop Nike.com","(300, 250)"
"MoMo
NYABO
WAAKA!
Deposit 20k","(728, 90)"
"THE STREAMING HOME OF
PARANORMAL
discovery+ start free trial
+
Terms apply.","(970, 250)"
"Hannover Messe 2022
Get your promo code for
a free ticket
May 30 - June 2
Hall 11, booth C58
Register here
Life Is On Schneider
Electric","(970, 250)"
"Marry Me
Modern Family
The Proposal
peacock
60K+ HOURS
OF HIT SHOWS,
NEW MOVIES
& MORE
Only $4.99/mo
STREAM NOW
Content shown may require paid upgrade.","(970, 250)"
"nexperia
Learn More >>
Trench Schottkys in
CFP Packages
Low Qrr and well-balanced VF/IR tradeoff
><.
CFFISA
AUTHORIZED
Digi-Key DISTRIBUTOR
ELECTRONICS
Schedule Shipments","(728, 90)"
"rise with no regrets
refresh your nights
©2022 Idorsia Pharmaceuticals, Ltd. US-IDS-00401 03/22
seite the
night
&day","(728, 90)"
"Insurance
for visitors to the US
Get Quote
VisitorPLANS.com
INSURANCE THAT TRAVELS WITH YOU
www.visitorplans.com
1-855-5-VISITOR/
1-510-353-1180
info@visitorplans.com","(300, 600)"
"NEUBERGER BERMAN
An electrifying
investment
option.
NBCT | NB Carbon Transition &
Infrastructure ETF-
A smarter way to tap
into tomorrow.
EXPLORE OUR ETFs","(300, 250)"
"TEMPUR-PEDIC
TO
SAVE YD
$500
ON SELECT ADJUSTABLE
MATTRESS SETS
SHOP NOW
*Select adjustable mattress sets
only. Lesser savings may apply.
Learn more at TempurPedic.com.","(300, 250)"
"TUZA
JUST ABOUT
EVERYTHINGⓇ
For Reloading
Midway
Shop Now","(300, 250)"
"University
of San Diego
Kr
ال درام
-11/201
Spe
pdae
na
11
SECURE YOUR FUTURE
Earn Your M.S. in Cyber Security Engineering
In-Person or Online
LEARN
MORE","(728, 90)"
"TIRE RACK
FAST FREE SHIPPING on All Orders Over $50
GENERAL TIRE GT
LEARN HOW TO GET UP TO A
$100 REBATE
OFFER VALID: 5/1-5/31/22 | LEARN HOW >>","(336, 280)"
"discovery+ original
LOVE IN THE
JUNGLE
start free trial
Terms apply.
discovery+","(970, 250)"
"KIDS' AIR
MAX MOTIES
Shop Nike.com
MAD","(300, 250)"
"Insurance
for visitors to the US
Get Quote
VisitorPLANS.com 1-855-5-VISITOR/
INSURANCE THAT TRAVELS WITH YOU
1-510-353-1180
www.visitorplans.com info@visitorplans.com","(300, 250)"
"peacock ORIGINAL
GIRLS5 EVA
圖
peacock NEW SEASON
SIGN UP NOW","(300, 600)"
"FRESH
Tomatees
Rotten
THE
OUTFIT
NEW FROM THEATERS
& STREAMING ONLY ON
peacock
STREAM NOW","(300, 600)"
"BANANA
REPUBLIC
FACTORY
280+ NEW ARRIVALS
from $24.99
SHOP NOW","(728, 90)"
"ch
University
of San Diego
POLICE
BE A FORCE FOR CHANGE
Earn Your M.S. in Law Enforcement & Public Safety Leadership
Nationally Ranked 100% Online
LEARN
MORE","(728, 90)"
"COLUMBIA
UNIVERSITY
M.S. in
Human
Capital
Management
Learn More","(160, 600)"
"13
DIRECTV
stream
WATCH THIS SEASON'S MLB ACTION
WITH DIRECTV STREAM
122 cm
SAVE $30
OVER 2 MONTHS
SIGN UP","(300, 250)"
"LEARN HOW YOUR COTTON
IS OUR FOCUS","(970, 90)"
"#
MOMO
NYABO
WAAKA!
AR AT
MUTARO
Deposit 20k and win.
CAM
MTN
MoMo","(300, 250)"
"War rooms are for
the birds.
See why
dynatrace","(728, 90)"
"田田田田田
DEMOSTHENT
6120
COLUMBIA
UNIVERSITY
School of
Professional Studies
NYC's Only
Ivy League
School
Learn More","(160, 600)"
"Marry Me
peacock
STREAM NOW
Content shown may
require paid upgrade.","(320, 50)"
"REDESIGNED
WITH ALL OF US
IN MIND
Stericup® E & Steritop® E
sterile filters-
evolved with an
eco-conscience
Learn More
Millipore
SIGMA
M
M
Millipore","(300, 250)"
"CHOOSING TO PAY THE RENT OR
FIX THE CAR TO GET TO WORK LEAVES
US WITH NO MONEY TO BUY MEALS.
Daniel, California
FEEDING
AMERICA
Ad
HUNGER IS
A STORY WE
CAN END.
END IT","(728, 90)"
"""A TRULY
MUST-SEE SHOW!""
-DAILY NEWS
Debra MESSING
BIRTHDAY
CANDLES
ON BROADWAY THROUGH MAY 29 ONLY
ROUNDABOUT
THEATRE
COMPANY
BUY TICKETS","(300, 250)"
"Tony Award®
Nominee
Best Play
Steppenwolf's production of
The Minutes n
by Tracy Letts directed by
Anna D. Shapiro
a play by
BUY TICKETS
Critic's
Pick","(970, 250)"
"dynatrace
More satisfied
customers
than New Relic.
Leader
SPRING
2022
See why","(300, 250)"
"PARIONS
SPORT
EN LIGNE
JE M'INSCRIS
JOUER COMPORTE DES RISQUES: ISOLEMENT, ENDETTEMENT... APPELEZ LE 09 74 75 13 13 (APPEL NON SURTAXE)","(728, 90)"
"Cabela's
HORNADY
MUST-HAVES
SHOP NOW
THE
WORL LEASER
Lancedy","(300, 250)"
"HISCOX
business insurance experts
Tailored business insurance for
janitors
Get a quote
Under by
Ch
Company in","(728, 90)"
"solarwinds
Faster
database
analySISS
0110100110110
100101010010
0101010110010
100110100011
1010010
1000101
LEARN MORE","(160, 600)"
"VAMPIRE
BLOOD
HUNT
DOMINATE
THE NIGHT
• PLAY FREE NOW.
PSS
STEAM
MATURE 17+
M
CONTENT RATED
ESRB","(300, 600)"
"CENTRE
AERY
FOR SPORT. FOR FUN.
FOR EVERYONE.
LEARN MORE
LOCK
PERFECTION","(300, 250)"
"A development partnership
that stands the test of time.
PRINCETON
Make your mark
【PRINCETON","(970, 250)"
"YELLOWSTONE
ALL 4 SEASONS STREAMING EXCLUSIVELY
peacock
STREAM NOW","(728, 90)"
"Ready to go?
We're with you.
audible oi
MIRAND
VIOLA DAVIS
FINDING MC
Start your free trial.
audible","(728, 90)"
"New look at your
financial strategy.
Edward Jones
Find an Advisor","(300, 250)"
"MUN
pre
SuiVecti
MMA
StriVectin
&lift
peptight-
T
Dikey
WHE
StriVectin
NEW FOR NECK
Peptight"" Tightening
Neck Serum Roller
Visibly
Firms Skin
& Smooths
Neck Lines
SHOP NOW","(300, 250)"
"M motorola
TRADE IN.
TRADE UP.
LEARN MORE
Pay as low as $1 when you
trade in your current device.","(300, 600)"
"PROMO CODES AVAILABLE
SEE CODES
Capital Shopping
The Find","(728, 90)"
"COUPON CODES
AVAILABLE
GET CODES
Capitale Shopping
Te
B
I
I
I
I
I","(300, 250)"
"Who Handled The Economy Better:
Biden or Trump?
TRUMP
BIDEN
PAID FOR BY NRSC. NOT AUTHORIZED BY ANY
CANDIDATE OR CANDIDATE'S COMMITTEE. NRSC.ORG","(300, 250)"
"BERGDORF
GOODMAN
GIFTS
LOR
HIM
Shop Now","(728, 90)"
"FROM ACADEMY AWARD NOMINEE
MAMORU HOSODA
BELLE
BELLE
I miss you
Belle
#Whols Belle
IN THEATRES JAN 14","(300, 250)"
"omaze
Los Angeles
WIN THIS $4.3M
HOUSE IN LA
Enter now","(300, 250)"
"FROM MAMORU HOSODA (MIRAI, WOLF CHILDREN)
BELLE
IN THEATRES JANUARY 14
WATCH
TRAILER
STICADU","(728, 90)"
"Images, footage, and
music-all in 1 plan.
Learn more
shutterstock flex","(728, 90)"
"COUPON CODES
AVAILABLE
GET CODES
Capital One Shopping
The Coupon-Finding
Browser Extension","(728, 90)"
"COUPON CODES
AVAILABLE
GET CODES
Capitale Shopping","(728, 90)"
"COUPON CODES
AVAILABLE
GET CODES
Capital One Shopping","(728, 90)"
"||Parallels
ONTZER
Run Windows on Mac
Parallels Desktop for Mac
TRY NOW","(300, 250)"
"vis
FREE COUPON
See Codes
Capital Shopping
The Coupon-Finding
Browser Extension
I
I
I
I
I
I
I
I
I
I
I","(300, 250)"
"I
COUPON CODES
AVAILABLE
GET CODES
Capital One Shopping
The Coupon-Finding
Rower Extension
I
I
I
I
I
I
I","(970, 250)"
"COUPON CODES AVAILABLE
GET CODES
Capitale Shopping
F
I
I","(970, 90)"
"Normal Liver
N
Toxic Liver
Dying Liver
Do Not Ignore These Early Warning
Signs (#2 Is Scary)","(336, 280)"
"PROMO CODES AVAILABLE
SEE CODES
Capitale Shopping","(970, 90)"
"monumetric
Grow Your
Site Revenue
Get Started","(728, 90)"
"TOPTOON
WE ARE
FAMILY
SO WHO
CARES?
MOM
PLEASE...","(300, 250)"
"America's
Register Now!
9
Ⓒhey Ta
1234
2021
¡Y1
SWAG","(728, 90)"
"FREE COUPON
See Codes
Capital Shopping
The Coupon-Finding
Browser Extension","(728, 90)"
"Capital Shopping
COUPON CODES
AVAILABLE
GET CODES
The Coupon-Finding
Browser Extension
I
I
I
I
I","(300, 250)"
"J.Me
Black
FRIDAY SALE
UP TO 70% OFF
SHOP NOW","(300, 250)"
"terminus
Get The Blueprint To Account-
Based Marketing For Free
ACCESS NOW","(728, 90)"
"RIDGE
Meet The Ridge.
A slim, RFID-blocking wallet
designed to streamline.
SHOP NOW
YOUR WALLET
1
OUR WALLET","(970, 250)"
"FREE
COUPON
See Codes
Capital One Shopping
The Coupon-Finding
Browser Extension","(300, 600)"
"PUT IT TO
THE TEST
CECIL'S
Tractors & Truck Repair
FREE DEMO >
S","(300, 250)"
"START
3 Easy Steps:
1) Click 'Start'
2) Download on our website!
3) Get Quick Search Tool
Quick Search Tool","(970, 250)"
"START
3 Easy Steps:
1)
Click 'Start'
2) Download on our website!
3) Get Quick Search Tool
Quick Search Tool","(728, 90)"
"FROM ACADEMY AWARD® NOMINEE
MAMORU HOSODA
BELLE
Ime you
MEANING
STUDIO CHIZU
miss you
Belle
#Whols Belle
IN THEATRES JANUARY 14
CHA
BE
GKIDS","(300, 600)"
"Grow Your
Site Revenue
Ⓒmonumetric
Get Started","(300, 250)"
"2021 Promo
Codes Available
See Codes
Capital One Shopping
The Compan-Finding","(970, 250)"
"Awkwardest Moments
Caught On Live TV","(300, 250)"
"MOUNTAIN VALLEY
HOME COMFORT
MITSUBISHI
ELECTRIC
MAKE YOURSELF COMFORTABLE
GET $74 OFF OF HVAC
MAINTENANCE OR SERVICE!
LEARN MORE","(728, 90)"
"||Parallels
140
Run Windows
on Mac
Parallels Desktop
for Mac
TRY NOW","(300, 600)"
"On Today's Online Purchase.
$10 CASH BACK
CONTINUE →
Smarty","(728, 90)"
"TOE
Theme Park Pics For
Mature Audiences Only","(300, 250)"
"BERGDORF
GOODMAN GIVE
EXI
T
Lo
ORDINARY Shop Now","(300, 250)"
"O KiwiCo
The gift they unwrap
all year long
Shop now →","(300, 250)"
"H
WIN THIS
MIAMI DREAM HOUSE
And support Make-A-Wish.
Enter now
omaze","(300, 250)"
"Grow Your
Site Revenue
monumetric
Get Started","(160, 600)"
"||Parallels
3040
Windows Runs on Mac
Parallels Desktop 17 for Mac
TRY NOW","(300, 250)"
"PUT IT TO
THE TEST
FREE DEMO >
CECIL'S
Trectors Truck Repa","(728, 90)"
"DEFEAT THE BOSS!
9.889
12
15
3
10
TRY
798
130
280
145
HERO
WARS","(300, 250)"
"SHEIN
WEAR YOUR WONDERFUL
AAAA
Free Return
SHOP NOW >","(728, 90)"
"Amortgage.net
Today's Refinance Rate
* APR 15
1.997%
1917
NO REGISTRATION, NO LOGIN REQUIRED
Calculate Payment
*Terms & conditions apply. NMLS #1912050 (nmisconsumeraccess.org).
YR FIXED
TERM","(728, 90)"
"CONTINUE
3 Easy Steps:
1) Click 'Continue'
2) Download on our website!
3) Get Quick Search Tool
Quick Search Tool","(970, 250)"
"Cal
Insane Snow Pics We
Can't Stop Looking At","(300, 250)"
"COUPON CODES AVAILABLE
GET CODES
Coupert","(970, 90)"
"Serve
Banggood
LEGFEES","(970, 250)"
"TOPTOON*
OH MY...
DON'T DO IT
TOO MUCH NOW.
I'M BEING
RUN RAGGED.
@My Stepmother's Friends","(970, 250)"
"FROM MAMORU HOSODA
(MIRAI, WOLF CHILDREN)
BELLE
Mesmo
#WholsBelle
IN THEATRES
JANUARY 14
CHA GKIOS
STUDIO CHIZI","(160, 600)"
"Trusted
Housesitters
Next time you go away
he'll be cared for like a
king
?
Join today","(728, 90)"
"a
JustFashion Now
UP TO
45% OFF
SHOP NOW","(728, 90)"
"LEVEL 1
SLUG
ATTACK DEFENSE SPEED
LEVEL 25
CHABBA
ATTACK DEFENSE SPEED
LEVEL 50
CHABBA HUTT
ATTACK DEFENSE SPEED
HERO
WARS","(300, 250)"
"TOPTOON+
WE ARE
FAMILY
SO WHO
CARES?
MOM
PLEASE...","(970, 250)"
"START
3 Easy Steps:
1) Click 'Start'
2) Download on our website!
3) Get Quick Search Tool
Quick Search Tool","(300, 600)"
"WIN THIS
MULTIMILLION-DOLLAR
MIAMI DREAM HOUSE
And support Make-A-Wish.
Yes please
omaze","(970, 250)"
"monumetric
Grow Your
Site Revenue
Get Started","(300, 600)"
"Full Time Jobs
Part Time Jobs
Retail Jobs
Sales Jobs
Jobs2Careers","(728, 90)"
"TEEN
T
ESRB
Splitgate
PLAY FREE","(970, 250)"
"WIZARDING
WORLD
| Harry Potter
BANO 1
HOT TOPIC
SHOP NOW","(728, 90)"
"How To: Combat Prostate Issues
[Watch Now]","(300, 250)"
"DO
WHAT'S YOUR REAL ESTATE
INVESTMENT STRATEGY?
REALTY MOGUL
INCOME REIT
(MOGULREIT I)
INVEST NOW
RM ADVISER
ON BEHALF OF","(728, 90)"
"FREE
GUIDE
Blunder #10:
Mismanaging Retirement Withdrawals
You've accumulated a large nest egg, making the wrong withdrawals
could put your retirement at risk. If you have a $500,000 portfolio,
you should read 13 Retirement Investment Blunders to Avoid.
FISHER INVESTMENTS*
Learn More","(970, 250)"
"eci.
Think your homegrown
ERP is working?
Let's find out!
READ WHITEPAPER","(300, 250)"
"Join the heart of health care
as a Pharmacist at CVS Health.
Sign-on bonus available in select markets.
Apply now >
♥CVS
Health.","(728, 90)"
"Collaborate
with remote teams
Speech to Text to Magic
on video transcripts
trint
GET STARTED","(728, 90)"
"COUPON CODES AVAILABLE
GET CODES
Coupert","(970, 250)"
"Put a subscription KiwiCo
under the tree.
Shop now →","(728, 90)"
"DEFEAT THE BOSS!
12
5
3
130
69 145
HERO
WARS","(970, 90)"
"Trusted by 130,000+
pet lovers worldwide
Join us >
Trusted
Housesitters","(728, 90)"
"X
TURN OFF ALL ADS
TURN OFF
TOTAL Adblock","(728, 90)"
"TESLA
AAAA
AIN
Superlithium: The
Future of Lithium.
Learn More","(970, 250)"
"Better flexibility,
better pay
Apply Now","(728, 90)"
"VValleyHealth
Healthier, together.
Offering Care
Throughout Your Life
FIND PRIMARY CARE","(728, 90)"
"PROMO CODES
AVAILABLE
SEE CODES
Capital One Shopping","(970, 250)"
"Sotheby's
THE NOW
Evening
Auction
NEW YORK
18 NOVEMBER
LEARN MORE
SOTHEBY'S, INC. LICENSE NO.1216058. SOTHEBY'S, INC. 2021
Ⓒ2021 GEORGE CONDO/ARTISTS RIGHTS SOCIETY (ARS), NEWYORK, NY","(300, 250)"
"COUPON CODES AVAILABLE
GET CODES
Capital One Shopping
I
I
I","(970, 90)"
"Dying
Liver
Do Not
Ignore
These Early
Warning
Signs
(#2 Is Scary)","(160, 600)"
"Newchic
e","(300, 600)"
"SHINE
""Alexa, clean the toilet please.""
GET OFFER
Sponsored | Shine","(970, 250)"
"Rent a home for
your next vacation
Explore rentals","(728, 90)"
"GET TRADE IN VALUE
INSTANTLY!
(29
STEVEN
SHOP NOW","(728, 90)"
"smoothglo
The only bundle you need to
launch your aesthetic practice
Lumenis
JOIN THE
THE #SmoothGloNation","(728, 90)"
"CHOOSE
YOUR SIGN
TO FIND OUT YOUR FATE
3
ARIES
LIBRA
TAURUS
3
SCORPIO
GEMINI
CANCER
SAGITTARIUS CAPRICORN
LEO
AQUARIUS
VIRGO
PISCES","(970, 250)"
"ENCHANT
Nov 26-Jan 2
The World's
Largest Christmas
Light Maze
AT NATIONALS PARK
BUY TICKETS
wwww....","(300, 250)"
"2021 Promo
Codes Available
See Codes
Capital One Shopping
The Coupon-Finding
Browser Extension","(970, 250)"
"AMERICA'S
BEST RACING
YOUR NEXT EXPERIENCE
GET IN THE ACTION
americasbestracing.net","(728, 90)"
"Up To 68% Off
Hot Sale
Banggood
D
T
OSTALE","(300, 600)"
"A
Looking for a side gig?
We Need Writers.","(728, 90)"
"Trusted
Housesitters
江
Next time you go away
she'll be relaxing like
royalty
Join today","(728, 90)"
"ebay
motors
Have a project
in the works?
Get every part and accessory
your ride needs.
Take a look →
FFG","(970, 250)"
"2021 Promo
Codes Available
See Codes
Capital One Shopping
The CompanFinding
Rower Extension","(300, 600)"
"A mortgage.net
Today's
Refinance
Rate
1.997%
APR | 15-YEAR FIXED TERM
NO REGISTRATION, NO LOGIN
NO SSN REQUIRED.
J894
Calculate Payment
*Terms & conditions apply.
NMLS #1912050 (nmisconsumeraccess.org).","(300, 600)"
"WATCH SOCCER LIVE
Roku firetv
LaLiga
DEPORTES
CHAMPIONS
LEAGUE
TUDN
LIGUE 1
Uber Eats
beIN SPORTS
fubo™
START YOUR FREE TRIAL","(728, 90)"
"ONEWHEEL
INTRODUCING
PINT X
Higher performance, longer range,
same fun size.
NEW
Shop Now","(970, 250)"
"F
ESLAD
Superlithium may be Elon
Musk's solution to the
battery revolution.
Learn More","(300, 250)"
"T
TESLA
AAAA
AIN
Superlithium may be
Elon Musk's solution to
the battery revolution.
Learn More","(970, 250)"
"COLLEGE
FOOTBALL BECAUSE SATURDAY NIGHTS ARE MEANT TO BE FUN
+HHH+
SATURDAY NIGHT
KATE SCOTT & MIKE GOLIC deliver a fresh play-by-play broadcast this fall.
POWERED BY LEARFIELD","(728, 90)"
"Save $2
on any ONE (1)
Nature Made
Letters or
Multivitamins
at Publix
CLICK HERE
PHARMACIST RECOMMENDED
Nature Made
C
Gummies
250 mg
Stary Sp
GUMMIES","(300, 250)"
"RIDGE
YOUR WALLET
OUR WALLET
MAKE THE SWITCH","(300, 250)"
"I'M THE
Oldest
Sister
I MAKE THE
RULES
LILICL TH
Jesus is
essential
yesterday, today, & forever","(300, 250)"
"TREE
SANTOR
Match On!
The Showstopper,
Luchador!","(300, 600)"
"TESLA
AAAA
F
ESLAD
Superlithium:
The Future of
Lithium.
Learn More","(300, 600)"
"ARIES
TAURUS
GEMINI
CHOOSE YOUR SIGN TO FIND OUT YOUR FATE
CANCER
LEO
VIRGO
B
LIBRA
SCORPIO SAGITTARIUS CAPRICORN
Ja
AQUARIUS
bod
20
PISCES","(728, 90)"
"FREE COUPON
SEE CODES
Capital One Shopping
The Coupon-Finding","(970, 250)"
"BRILLIANT EARTH'
Ethical Engagement Rings
BRILI INT
Shop Now
RTH","(300, 250)"
"35TH ANNIVERSARY
CASTLE
IN THE SKY
FROM HAYAO MIYAZAKI
AND STUDIO GHIBLI
IN THEATERS
NOV 14, 15 & 18
BUY TICKETS
ZUS FATHOM
SAGIOCHI
KIDS","(300, 250)"
"Newchic
FASHION
www
ےےے
e","(300, 600)"
"35TH ANNIVERSARY
STUDIO GHIBLI
FEST 2021
CASTLE
IN THE SKY
FROM ACADEMY AWARD-WINNING DIRECTOR
HAYAO MIYAZAKI
IN THEATERS
NOVEMBER 14, 15 & 18
BUY TICKETS
「スタジオジブリ作品
STUDIO CH
FATHOM
EVENTS
GKIDS","(300, 600)"
"PUT IT TO
THE TEST
FREE DEMO >
Verge
CECIL'S
Tractors & Truck Repair","(160, 600)"
"Less Stress With JMS
Specialized Home Services
Indoor & Outdoor Renovations
JMS CONSTRUCTION Learn More","(300, 250)"
"Normal Liver
Toxic Liver
Dying Liver?
Most People Notice THIS Too Late.
4 Warning Signs (#2 Is Scary!) >","(300, 250)"
"♥CVSHealth.
For
Join the heart
of health care
as a Pharmacist at CVS Health.
Sign-on bonus available
in select markets.
Apply now","(300, 600)"
"splitgate
PLAY FREE
TEEN
T
ESRB","(160, 600)"
"SHINE
Time To Ditch
The Toilet Brush
Over
50,000
Devices Sold
SHINE","(970, 250)"
"Hello,
Honey
INTRODUCING
Skincare powered by Kanuka Honey and Bee Venom
SAVE 20%
FART","(970, 90)"
"CONTINUE
3 Easy Steps:
1) Click 'Continue'
2) Download on our website!
3) Get Quick Search Tool
Quick Search Tool","(336, 280)"
"wyndham capital
Still waiting to
refinance?
Learn 5 reasons you should
start a refinance today!
Learn More
NMLS# 2948","(300, 250)"
"START
3 Easy Steps:
1) Click 'Start'
2) Download on our website!
3) Get Quick Search Tool
Quick Search Tool","(336, 280)"
"STEVEN
TOYOTA
GET TRADE IN VALUE
INSTANTLY!
SHOP NOW","(300, 250)"
"The LAST WALLET
YOU'LL EVER NEED
*****
Bang good
EL GRIG","(300, 250)"
"chewy
FLASH
DEALS
Snag today's
deal on the
perfect gift.
Shop Now
O
howy
lovers sh.
wher","(300, 250)"
"♥CVS
Health.
Join the
heart of
health care
as a Pharmacist at CVS Health.
Sign-on bonus available
in select markets.
Apply now >","(300, 250)"
"SPANISH
FRENCH
Rosetta Stone
Start Your Free Trial Today
ITALIAN
GERMAN
★
CHINESE
ARABIC
HINDI
KOREAN","(970, 250)"
"Fed Stimulus Cuts Your
House Payment If You
Pay Over $999/Month","(300, 250)"
"Save $2
on any ONE (1)
Nature Made,
Letters or
Multivitamins
at Publix
CLICK HERE
Jure Made
с
Samp
5","(300, 250)"
"||Parallels
140
Windows
Runs on Mac
Parallels Desktop 17
for Mac
TRY NOW","(300, 600)"
"75
Soft clouds
BLACK
FRIDAY
ZOLUCKY
UP TO
50% OFF
SHOP NOW","(970, 250)"
"VERSATILITY
THAT WORKS
REQUEST DEMO >
CECIL'S
2
Tractors & Truck R","(728, 90)"
"NBC
E
PEOPLE'S
CHOICE
AWARDS
THANK YOU
FOR VOTING","(300, 250)"
"What's in your wallet?
Coupons and
rewards.
GET CODES
Capitale Shopping
The Coupon-Finding
Browser Extension","(300, 250)"
"Ready to join Sunday service safely?
Get up. Get out. Get vaccinated.
Find a vaccination site near you Click Here","(728, 90)"
"US
CHOOSE
YOUR SIGN
TO FIND OUT YOUR FATE
ARIES
CANCER
LIBRA
TAURUS
LEO
GEMINI
CAPRICORN AQUARIUS
VIRGO
SCORPIO SAGITTARIUS
^
PISCES
Old","(300, 600)"
"Genuine
Leather
O
GUALMPRA
O
Banggood","(300, 250)"
"Wellness for your
clients and you
Apply Now","(300, 600)"
"ΑΡΕΧ
SETTLEMENT GROUP
Pay Your Medical Bills Sell Life
Insurance Policy for Cash
Neur
EM","(728, 90)"
"FREE COUPON
See Codes
Capital One Shopping
The Coupon-Finding
Browser Extension
I","(336, 280)"
"ZOLUCKY
Soft.clouds
UP TO
55% OFF
SHOP NOW","(300, 600)"
"START
3 Easy Steps:
1) Click 'Start'
2) Download on our website!
3) Get Quick Search Tool
Quick Search Tool","(300, 250)"
"BUSY PAIN SPECIALISTS
NEED SIMPLE SOLUTIONS
It's time to make the switch
M
LEARN WHY
MODERNIZING
MEDICINE","(728, 90)"
"DI
PERSONALIZED
SOLAR SYSTEM
APPAREL
SHOP NOW
SPACETIME
COORDINATES
SPACETIMECOORDINATES.COM","(300, 600)"
"The wallet, reimagined
SHOP NOW
bellroy","(300, 250)"
"PUT IT TO
THE TEST
FREE
DEMO
Ted
CECIL'S
J
Tractors & Truck Repair","(970, 90)"
"Have you had your
MAMMOGRAM?
We're commited to safe in-person
mammography care.
SCHEDULE NOW
You're
safe
at Sentara","(728, 90)"
"NBC
PEOPLE'S
CHOICE
AWARDS
THANK YOU
FOR VOTING","(728, 90)"
"If you are a commercial or institutional
purchaser of a TURKEY PRODUCT,
TAIL
BACK
HOTHL
ALUMETTE
WING
FETER
BREAST","(728, 90)"
"Refinance Calculator
1.99%RATE 2.01%*APR
*Terms & conditions apply. Mortgage.net. NMLS #1912050 (nmisconsumeraccess.org).
Loan amount
$530,000
Credit score
Excellent
Loan term
15-Year Fixed ▾
Calculate Payment
1917
D","(728, 90)"
"Ⓒ Disney
Vay
BEAST
30
YEAR
Hor
3
HOT TOPIC
SHOP NOW","(728, 90)"
"Sign me up
EVERYDAY HEALTH
Get your FREE
HEALTHY LIVING Newsletter
Daily tips delivered right to your inbox","(728, 90)"
"monday sales CRM
Stop taking on work
CRM should do for you
Sales pipeline
vice deals
Show me how →
Built on/monday.com","(728, 90)"
"Protect your
tickets with
Ticket Insurance
Allianz","(300, 250)"
"Paul Bange
Roofing
305-981-ROOF 954-981-ROOF
.
Roofing Re-Roofing Repairs
Over 30 Years Experience.
Absolutely All Work is Guaranteed.","(728, 90)"
"L'OFESIEL
CYNTHIA
ERIVO
Major Moces
GRO
00 00
ANCORANEAN
$1957457557
L'OFFICIEL
featuring
Cynthia
Erivo
ORDER NOW
AMTO","(300, 600)"
"LOG HOMES
DONE RIGHT.
The Right Logs. The Right Advice.
The Right Choice.
A
HOCHSTETLER
LOG HOMES DONE RIGHT","(300, 250)"
"www
Get the look
of wood, without
Steel Log Siding the maintenance.
TruLoG™
970-646-4490
TruLog Siding.com","(728, 90)"
"International Log Home & Timber Frame Show
Denver, CO
April 28-30th, 2023","(728, 90)"
"DIGITAL PAYMENTS
[PayTM, Axis Pay, etc)
accepted at all our Locations
MAHARASHTRA
Mumbai, Pune, Latur
Garuda Vega
WWW.GARUDAVEGA.COM","(300, 250)"
"ROK Financial is honored to be
recognized as one of the Top
Workplaces on Long Island!
info@ROK.biz
1-877-7-ROKBIZ
Ⓒrokfi.biz/TopLIWorkplace
TOP
LONG ISLAND
WORK
PLACES
2022
Te be
PA
ROKFINANCIAL","(300, 250)"
"Nationwide
Mengage Baskets loc
TOP
WORK
BACS
2002
Reap greater
rewards with NMB.
Let's Connect!
NMLS #819382
DA","(300, 250)"
"w
Where nature is
your neighbour
Ultra Luxury Apartments with
rainforest-inspired landscapes
Artach & Ca
rainforest
KERALA'S CREMES APTENT COMPLEX
JAWAHAR NAGAR,
KOWDIAR
THIRUVANANTHAPURAM
KRERA/PR/270/2020
ARTECH
Building Happiness
3 & 4 BHK","(300, 250)"
"Authentic
JOBS 100% OFF COUPON CODE: WORKATHOME","(970, 90)"
"Startpage
Stop Being
Tracked Online.
1
Search Privately","(728, 90)"
"004
2400
MAPPING DIGIWORLD
PRIVATE LIMITED
404
400
Sien
pap
""wows
10
Pincode
Boundary Maps
Contact Details
+91-8929683195
Sales@mapsofindia.com","(728, 90)"
"FOLLOW THE TRAIL WITH
NATIONAL GEOGRAPHIC'S
TRAILS ILLUSTRATED MAPS
BUY HERE","(970, 90)"
"FOLLOW THE TRAIL
WITH NATIONAL GEOGRAPHIC'S
TRAILS ILLUSTRATED MAPS","(320, 50)"
"FOLLOW THE
TRAIL WITH
NATIONAL
GEOGRAPHIC'S
TRAILS
ILLUSTRATED
MAPS
BUY HERE","(160, 600)"
"New Year CD
4.0% Annual Percentage Yield for 12-month Term Share Certificate, minimum
$1,000 deposit, effective 1/1/23 and subject to change. Penalty for early withdrawal
APY
MarinCU.org>
Grow your savings
Federally insured by NCUA
Marin
County
Credit
Union","(728, 90)"
"the
cleaning
Meet Our
Print Issue!
GET IT NOW","(300, 250)"
"NEW!
10- & 20-GALLON
GROW BAGS
PERFECT FOR OUTDOORS
bio36
Wid
bio365
GET MORE INFO
Use Priority Access Code
OUTMXY
bio365.com/outdoors","(728, 90)"
"NEW!
10- & 20-GALLON
GROW BAGS
PERFECT FOR OUTDOORS
GET MORE INFO
Use Priority Access Code
OUTMXY
bio365.com/outdoors.
bio36
bio365","(300, 250)"
"INTERNET STARTING AT
ALL
IN!
$4
/mo.
2-YEAR PRICE LOCK
Astound
Broadband
Powered by MCN
*See website for details.","(300, 250)"
"MEDJOBNETWORK.com
Physician Career Center Job Board
Search 1000's of
Physician Jobs
Click Here","(300, 250)"
"If you want to see exceptional
heart care, look closer.
LEARN MORE
Owensboro
Health
Heart Care","(728, 90)"
"Edward Jones
Go Cyclones!
MKT-5894N-A
Ryan C Kent, CFP®, ChFC®, ABFP™
Financial Advisor
1411 First Avenue South
Fort Dodge, IA 50501-4950
515-576-2771
edwardjones.com","(300, 250)"
"ADVANCED ORTHOPEDIC CARE
Affiliated with Columbia University
Schedule Online
Mount Sinai
MEDICAL CENTER","(728, 90)"
"C
@F
Capital City Film Festival","(320, 50)"
"Cottage &
Lakefront Living Show
Grand Rapids
Foo
MARCH 24-26, 2023
Get Tickets at
GRCottageShow.com","(300, 250)"
"M
FLINT
COLLEGE OF
INNOVATION & TECHNOLOGY","(300, 250)"
"mindbodygreen
""Honestly this changed my body.
ALL of my bloat is gone. ALL OF IT""*
- Kristine K., verified customer
mindbodygreen
probiotic+
shop probiotic+","(728, 90)"
"mindbodygreen
""I noticed a difference the
very first night.""*
- Suzanne K., verified customer
Pe
biglycina
mindbodygreen
sleep
support+
shop sleep support+","(728, 90)"
"MABAY
MARKET place 100% EMPLOYEE OWNED 100%
FOODS
Click here for our weekly specials
EMPLOYEE
OWNED","(728, 90)"
"JIM LAKE
OUTFITTERS
Fully Guided Hunts for Spring Bear,
Fall Bear and Waterfowl
Lodging and home cooked meals available
Click here for Availability","(728, 90)"
"LIMITED TIME OFFER!
6 months of local news for just $2.
Republic
SUBSCRIBE NOW","(728, 90)"
"MIX
Your go-to source for high-end audio production.
SUBSCRIBE TODAY!","(970, 250)"
"Get $100 Fanatics
Gift Card
$100
Fanatics
Let's Go!
*Shop, Play, Get Rewarded","(728, 90)"
"Everlight Solar
VOTED MINNESOTA'S
BEST SOLAR INSTALLER
'S
Best
TESLA
ENERGY
CERTIFIED INSTALLER
everlightsolar.com","(300, 250)"
"Warm up to winter
and have fun!
Variat
sa p
StarTribune
%
15%
OFF
ITEMS IN WE LOVE
WINTER CATEGORY
Use code: LOVEWINTER
Expires 3/15/23
NNESOTA
GET YOURS NOW >>","(300, 250)"
"WORD
Manation
Unlock your blog's true
revenue potential
Streamline Monetization
Site Speed and More
GET STARTED","(300, 250)"
"For quick and easy haircuts,
we always come in first.
CHECK IN NOW
Great Clips
MONOTER
JAM","(728, 90)"
"Haircuts that rock-
at prices you'll flip for.
CHECK IN NOW
Great Clips
MENHTER
SOOME","(728, 90)"
"region's premier outpatient
joint replacement program
schedule
now
Benefis
HEALTH SYSTEM","(728, 90)"
"THAT
conquer
the day
FEELING
Learn More
Orgain
Organic
Protein
S21 O
Orgain
Organic
Nutrition
Orgain","(300, 250)"
"What would you do
for birth control?
MSI
UNITED STATES","(970, 250)"
"INVITATION
LEXUS
SALES EVENT
RZ Luxury
NX 450h+
Limited availability
ENDS APRIL 3
LEXUS
LEARN MORE","(970, 90)"
"Microsoft
SQL Server 2022 is now
generally available
The most cloud-connected
SQL Server release yet
Learn more
wwww
8
SQL","(300, 250)"
"Microsoft
SQL
SQL Server 2022
is now generally
available
The most cloud-connected
SQL Server release yet
Learn more","(300, 600)"
"MAKE COVID
SUCK LESS.
REQUEST MEDICATION
California Department of
Public Health","(300, 250)"
"MTL MONTEREGIE
SUPO
PAS
K
In partnership with
TOURISME
MONTĒRĒGIE","(300, 250)"
"CUURTRA
CYBERTRUCKOWNERSCLUB.COM","(300, 250)"
"FREEBIES & DEALS
Save BIG on the stuff
you need the most.
GET DEALS
TLO","(728, 90)"
"VIVI Among the Birds
and the Trees
Musica Viva Australia
Wednesday 3 May, 7pm
Queensland Conservatorium Theatre
TICKETS STARTING AT $58","(970, 250)"
"Centralize to
Optimize:
Align Resources and
Create a Culture of
Team-centric Staffing
WEBINAR
OnDemand","(300, 250)"
"WEBINAR
TUESDAY
MARCH 28
1PM EST
NURSE
KAB
Work Smarter with
Advanced Infusion
Pump Technology
-PANELISTS
Susan Niemeier
MHA, BSN, RN
Brittany Sours
BSN, RN, CEN, CPEN
REGISTER TODAY!","(300, 250)"
"FOR
SEDER™
Push Back on
Antisemitism with
Love and Matzah
Sign up!","(970, 250)"
"LET US DO THE
WORK FOR YOU!!!
Do you spend too much time trying
to advertise your open positions? WE CAN HELP!
LEARN MORE","(728, 90)"
"XDbVisualizer
MySQL
Try the MySQL editor
with the world's highest
user satisfaction.*
* According to G2.com
Download for free
>","(300, 250)"
"Download the MySQL
editor with the highest user
satisfaction for free.
*****
*Rated 1st place on G2.com (4.6/5)
DbVisualizer","(300, 250)"
"Adventure.
Friendship.
Camp
CAMP
Est. 1956","(300, 250)"
"FREE TRIAL
COURSE
for new
CCEI users!
SOC111:
Children
and Grief
Valid Until: 3/31/23
ENROLL HERE!
CHILDCARE
EDUCATION INSTITUTE
A StraighterLine Company","(728, 90)"
"FREE TRIAL COURSE
FOR NEW CCEI USERS!
SOC111:
Children and Grief
O
ENROLL NOW!
Valid Until 3/31/23
CHILDCARE
EDUCATION INSTITUTE
A Straighterline Company","(300, 250)"
"AMERICA
INNOVATE
TRANSFORM OUR FUTURE
DISCOVER MORE ABOUT OUR DII R&D FUNDING
AWARDS UP TO $500K","(970, 250)"
"(43)
BEARDOWN & OUT
CHICAGO'S TEAM MOVES TO THE SUBURBS
TONIGHT 11PM
www
5
CHICAGO
8033 9747306742
-3838.8646403394 11702 0902066103
5979 3044246***","(970, 250)"
"POWELL ELECTRIC
DELLELEG ""We'll fix it...
POWELL
in a flash!""
Electrical
Repair Experts
CA LICENSE #631836
Schedule an appointment
800-896-5797","(970, 250)"
"POWELL ELECTRIC
""We'll fix it... in a flash!""
Electrical Repair Schedule an appointment
800-896-5797
Experts
CA LICENSE #631836","(300, 250)"
"MACMULKIN
CHEVROLET
IS NOW THE LARGEST CORVETTE DEALER
IN THE WORLD!
BASED OFF OF THE
2022 NEW CORVETTE SALES","(970, 250)"
"FIRST
ALERTZ
CERTIFIED BY Weathe Rate
MOST ACCURATE FORECAST","(970, 250)"
"Your NEW CAR
Alternative!
BETTER PRICE BETTER WARRANTY BETTER SERVICE
Explore Now!
G.O.
CRIVELLI","(728, 90)"
"Your NEW CAR Alternative!
Explore Now!
G.O.
CRIVELLI
LIFETIME
BETTER PRICE BETTER WARRANTY BETTER SERVICE","(300, 250)"
"REGISTER
Read, Reflect, And
Revive Your Faith This Lent
NATIONAL CATHOLIC
REGISTER
GET 6 FREE ISSUES","(728, 90)"
"IAFSCERTIFICATION.COM
I.A.F.S.
International Association
of Fitness Sciences
""The Cutting Edge In Lifestyle Training""
14","(160, 600)"
"New Funding for
Child Care in Nevada
More Families Now Eligible. Apply Today!
Learn More","(970, 250)"
"THE EVOLUTION OF CARE.
Tahoe Orthopedics
& Sports Medicine","(728, 90)"
"AVANGRID is accelerating
the clean energy transition
LEARN MORE
VINEYARD WIND 1
AVANGRID
A Member of
The IBERDROLA Group
Offshore
Wind","(728, 90)"
"ZEMCO
ROOFING & REPAIRS
INC.
We Specialize in ALL Types of Roof Repairs, including Total Roof Replacements!
$25 OFF Any Service Over $150
Offer Code: News-Herald
FREE INSPECTIONS!!! (440) 379-7291
www.ZemcoRoofing.com","(970, 250)"
"Summa
Health.
Every cancer is unique.
So is every treatment plan.
FIND CARE
Mike
Cancer Patient","(728, 90)"
"Summa
Health.
Every cancer
is unique.
So is every
treatment plan.
FIND CARE
CHIEF
Mike
Cancer Patient","(300, 250)"
"European Molecular Biology Laboratory
Job opportunities in the life sciences
...in France, Germany, Italy, Spain and the UK
EMBL","(728, 90)"
"Casino Night
SPONSORED BY COMMUNITY CARE RX
SUPPORT RISE LIFE SERVICES, AN
ORGANIZATION THAT HELPS THOSE WITH
PHYSICAL & MENTAL DISABILITIES.
(631) 339-3293
APRIL 20,2023 | 6PM-10PM
GIORGIOS, BAITING HOLLOW
7
GAMES, FOOD, MUSIC
& DRINKS!
TICKETS: $100
Join Us!","(970, 250)"
"+HR=E
StreamFreeNow now","(300, 250)"
"5 STAPLES TO GET
MORE LEADS
FOR YOUR BUSINESS
1
2
3
4
5
A FULLY OPTIMIZED
WEBSITE
GOOGLE ADS & LOCAL
SERVICE ADS
SOCIAL MEDIA ADS
PROGRAMMATIC
ADVERTISEMENTS
AN AUTOMATED
CRM SYSTEM
LET US DO THE WORK!
501-625-9845
www.customerswhostick.com
flypaper
Th","(300, 600)"
"COMPLEX
COMMUNITY
Present for You.
NewsWest 9
Best OF THE
BASIN
20
23
Best
Credit Union","(300, 250)"
"Our record of cancer breakthroughs is why
Dana-Farber is one of the largest
recipients of NIH funding.
LEARN MORE >
Dana-Farber
Cancer Institute","(728, 90)"
"GOO
P
START YOUR
PJETS NFT
E. Mare
COLLECTION
A
SPECT
SPECT STRET","(300, 250)"
"Powering a
better game
See how
Microsoft
Surface
Jig's","(728, 90)"
"IMAGINE
MORE
Imagine a marketing partner
with more
ADVANCE
MEDIA NEW YORK
LEARN
MORE","(300, 250)"
"ARE
UN
Est. 1994
Universal Coin.com
CONDITION CENSUS COINS LOW BULLION PRICES & FAST SHIPPING
TRUSTED EXPERT & INDUSTRY LEADER
shop now >>
1.800.UCB.GOLD","(728, 90)"
"[mobb
St. Mary's Bank
2022-2023
PERFORMING ARTS SERIES
LITTLE WOMEN
MARCH 319, 2023
BUY TICKETS
PALACETHEATRE.ORG
603.668.5588","(728, 90)"
"P
Competition
Products
800.233.0199
www.competition products.com
LOWEST PRICE
GUARANTEE
FREE SHIPPING*
Standard Ground Shipping
Continental U.S. Call for details.","(728, 90)"
"tv
CATCH ALL THE
ACTION
NHRA
Com
NA
FOR LESS THAN
A MONTH
$12₁
GU","(300, 600)"
"SHOP OUR LARGE
SELECTION OF TRAILERS
CLICK
HERE
SOUTHSIDE
Trailer Service Inc.","(300, 250)"
"""We make everyday matter. Ask about Hospice.""
jeffersonhospice.org | 315.788.7323
EVERY DAY
MAKE E
MATTER","(970, 90)"
"""One Night Ⓡ
ne
An Evening of Fine Dining,
Dancing to ""Atlas"" & Diamonds!
Proceeds will purchase Bio Fire modules &
support the Hologic Breast PACS System
Saturday, March 25
Samaritan
TICKETS ON
SALE NOW!","(300, 250)"
"rouge FM
€
30","(728, 90)"
"ALL OF OUR
ACCOUNTS COME WITH
Wisdom.
LEARN MORE
A ARMSTRONG
MEMBER C
D","(300, 250)"
"Call or visit us online today!
(405) 329-2076
waggonersHVAC.com
WAGGONERS
HEATING | PLUMBING | ELECTRIC | AIR CONDITIONING
038828-149509-051757-TACLA00085780E","(970, 90)"
"AARP
Springfield
SPRINGFIELD ILLINOIS
VOTERS
50+
Our Voices
Decide
Springfield
mayoral
candidates
must listen
to voters
50-plus.
LEARN MORE","(300, 250)"
"Choose Your
CARDS NOW
???","(300, 250)"
"varie
bale
Premier
Protein
100% Whey Protein Powder
309 150 1
PROTEIN C
Sweeten
The Journey
30g 150 19
CALORIES / SUGAR
PROTON
SHOP NOW","(300, 250)"
"PC TECH DEALS
WE SCOUR 100s OF SITES TO FIND YOU UP
TO 50% OFF THE HOTTEST TECH PRODUCTS
GET THE DEALS","(728, 90)"
"Where small leads
become big stories.
the by-line project.
learn more
okp.","(970, 250)"
"Where small leads
become big stories.
the by-line project.okp.
learn more","(300, 250)"
"TREVALA
SHIMANO","(728, 90)"
"aki
CENTRAL FLORIDA
COMMUNITY
ARTS
Celebrating 100 years of
The Walt Disney Company
with Disney-themed programming!","(728, 90)"
"Premier
Sotheby's
INTERNATIONAL REALTY
Nothing
compares.
WINTER GARDEN
LIST WITH US >
FLORIDA","(300, 250)"
"Premier
Sotheby's
INTERNATIONAL REALTY
Nothing compares.
WINTER PARK
FLORIDA","(728, 90)"
"SO TAKE US WITH YOU!
The ALL-NEW OutdoorNews.com!
Outdoor News
Sportsme
1967
Breaking
News for","(970, 90)"
"TIME FOR A DUNKIN' RUN
Great deals on food with the purchase
of a medium or larger coffee
ORDER NOW
DU
$1
$3
Offer valid on sausage, egg and cheese sandwich
only. Excludes Specialty Donuts and Foncies. Price and
participation may vary. Limited time offer. Exclusions and terms apply.
$2","(728, 90)"
"TIME FOR A
DUNKIN' RUN
Great deals on food with the purchase
of a medium or larger coffee
ORDER NOW
$2
DUNKIN
$3
$1
Offer valid on sausage, egg & cheese sandwich only. Excludes Specialty Donuts
& Fancies Price & part. may vary. Limited time offer. Exclusions and terms apply.","(300, 250)"
"OMNI
PGA FRISCO
Discover The
New Home of
Modern Golf.
BOOK NOW >","(970, 250)"
"OMNI
PGA FRISCO
Be One
Of The
First.
OPENING MAY 2023
BOOK NOW >","(300, 600)"
"OMNIA.CO
PGA
FRISCO
Opening May 2023","(300, 250)"
"Transforming Trauma and
Navigating Overwhelm
With author Laura van Dernoot Lipsky
SIGN UP
FREE EVENT
MAY 4
Parent Ed
Talks","(300, 250)"
"The Habits of Highly
Effective Adolescents
With Christine Carter, Ph.D., and
Laura Kastner, Ph.D.
SIGN UP
APRIL 18
Parent Ed
T a I k s","(300, 250)"
"Parent Ed Transforming Trauma and THURSDAY, MAY 4
Talks Navigating Overwhelm
SIGN UP ▶
With author Laura van Dernoot Lipsky
FREE
Webinar","(728, 90)"
"pathees
Get our FREE Study Guide Series
BOOKS OF THE BIBLE
Featuring reflections from 12 of the most popular and
powerful books of the Bible.
..........
..........
HOLY BIBLE
GET STARTED","(970, 250)"
"pathees-
HOLY BIBLE
Get our FREE Study Guide Series
BOOKS OF THE BIBLE
GET STARTED","(728, 90)"
"Gillette Labs PATRIOTS
WITH EXFOLIATING BAR
Do
EFFORTLESS SHAVING
IN ONE EFFICIENT STROKE
Ⓒ2022 The Gillete Co. LLC","(728, 90)"
"shutterstock
20
Save 20% sitewide
to celebrate 20 years of creativity
Use code
HAPPY20TH
Redeem now","(300, 600)"
"A SPOTIFY EXCLUSIVE
PEDESTRIAN
DAILY
YOUR
FRESH
DUMP OF
MORNING
NEWS
Only on
Spotify","(160, 600)"
"Winning Coverage
HIGH SCHOOL
SPORTS HILL
PA
20
ONS
23
Click for scores, stats, and more","(300, 250)"
"PERSONNEL TODAY | WEBINAR
CRAFTING A
COMPELLING
EMPLOYER BRAND:
Lessons from
professional services
16th March 2023 | 11am
8
ISSZA
REGISTER NOW
tmp.worldwide","(300, 600)"
"Peppy
Webinar
30th March, 12:00-12:30pm
Lessons learnt
from International
Women's Day
Register now","(300, 250)"
"PERSONNEL TODAY
SIGN UP to receive
HR NEWS","(300, 250)"
"PERSONNEL TODAY | WEBINAR
CRAFTING A COMPELLING
EMPLOYER BRAND: Lessons
from professional services
16th March 2023 | 11am
DU ISTA
tmp.worldwide
REGISTER NOW","(970, 250)"
"STARTING SATURDAY, MARCH 18
SCREAM
TICKETHOLDERS RECEIVE A
FREE COLLECTOR'S PRINT","(300, 250)"
"WATCH US ON
YouTube.com/PhoneArena","(728, 90)"
"PITTSBURGH
WINE&SPIRITS
FESTIVAL
MAY 20, 2023
6-10PM
RIVERS CASINO
EVENT CENTER
Pittsburgh
@pavinespirits","(728, 90)"
"PITTSBURGH MAGAZINE'S
WOMEN&
BUSINESS
AWARDS
April 12 | 5:30-8 pm
National Aviary
S&Bank YY
PRESENTING
SPONSOR
The
Children's
Institute","(300, 250)"
"EXCEPTIONAL
RELIABILITY
SINCE 1979
ROBINSON.
HELICOPTER COMPANY","(300, 600)"
"EXCEPTIONAL RELIABILITY
SINCE 1979
ROBINSON.
HELICOPTER COMPANY","(970, 250)"
"tipstrr.
Get the best free
Football Tips
in your inbox every day
Sign Up Free","(300, 250)"
"Pukelias
Download Our Free App
Google play
App Store","(320, 50)"
"AXIOM
PRECISION
FREE STAND
PROMOTION
Purchase any Axiom Precision CNC
Router, and receive a FREE Stand!
Up to $649 in value. Expires 03/31/2023.","(300, 250)"
"Retail Me Not
Deal Finder™
Want instant savings on the tech you love?
Try RetailMeNot Deal Finder™
O.NE
08:36","(728, 90)"
"wild the
RACHMANINOFF,
TENNYSON & POE
Cathedral Choral Society
with the Baltimore
Symphony Orchestra
Washington National
Cathedral
Sunday, March 19 at 4pm
Tickets start at $25!","(300, 600)"
"OLD, INEFFICIENT
ATTIC INSULATION?
WE UNCOMFORTABLE
FIX HOMES
HOME
ENVIRONMENT
SOLUTIONS
&
CONTACT US FOR A
FREE ESTIMATE & EVALUATION
Insulate now! 412-912-4125
Make your home
PGHWarm.com
COOLER in the summer","(300, 250)"
"March is here. It's time to play!
HOOPS
frenzy
If your teams win,
so could you!
Register Now!
Play Starts
March 15!
SC
PICKS
brought to you by
BUD LIGHT.
GHARLESTON
BEER WORKS
IST
2002","(970, 250)"
"PostgreSQL XDbVisualizer
Try the PostgreSQL editor
with the world's highest
user satisfaction.*
* According to G2.com
>
Download for free","(300, 250)"
"SUPORAN
GOOD HEALTH
BEGINS WITH
GREAT
PRIMARY
CARE
Voted Best Clinic
or Medical Group
LOCALS
river Health
970.625.1100","(970, 250)"
"LOCALS
CHOICE
POST INDEPENENT T
2023
FINAL VOTING IS OPEN!
VOTE DAILY THROUGH MAR. 19
IN PARTNERSHIP WITH: Health
river","(300, 250)"
"NEW! ATLAS TUBE
JUMBOHSS
-MADE IN AMERICA
BUILD TALLER.
WIDER. BIGGER.
LEARN HOW","(970, 250)"
"Courier Leader Sentry PPost
Southern Maine Weeklies
News a little closer to home.
Your community news published weekly.
ACCESS YOUR EPAPER HERE","(970, 250)"
"2023 Core77 Design Awards
OPEN FOR ENTRY
C77DA","(970, 90)"
"PRINT Book Club
Christoph Niemann
author of IDEA DIARY
March 28.1 PM ET","(970, 90)"
"and Why
PRINT
Book сть
PRINT
Christoph Niemann
PRINT
the brilliant author of
PRINT
IDEA DIARY
THE RISE
THE RISE
PRINT
March 28.1 PM ET
PRINT","(300, 600)"
"WEBINAR:
THURSDAY, MARCH 30, 2023
2 PM ET/1PM CT/11 AM PT
THE NEW
AMERICAN
HOME 2023:
10 TIPS TO
ACHIEVE
A HIGH
PERFORMANCE
2017
HOME
ΤΝΔΗ. PROBUILDER
NAHB The New American
Home","(300, 600)"
"F
SAKA
loro
MOCK DRAFT
SIMULATOR
YOU'RE ON THE CLOCK","(300, 250)"
"AUSTRALIAN
PROPERTY TALK
WITH REDOM SYED & CURTIS STEWART
AUSTRALIA'S FASTEST GROWING
PROPERTY PODCAST
C","(970, 250)"
"PsychView
Psychiatric Times
Expert Perspectives on the
Unmet Needs in the Management of
Major Depressive
Disorder
Watch now!
New, 10-part series","(300, 250)"
"Vorte
INTO THE
VORTEX
Two
CHARLES E.
GANNON
9781982192471
$26.00 US/$34.00 CAN
A LITTLE BIT OF
KNOWLEDGE
CAN BE A
DANGEROUS
THING
Book Two in the
Vortex of Worlds
Series
Click to read an excerpt.
On Sale 3/7
www.baen.com BAEN","(336, 280)"
"PSST...THIS IS WHERE WE SEND ALL THE GENIUS TRICKS
Get PureWow's Daily Email Here
SIGN UP","(728, 90)"
"Plan trip in
your budget
wayclix.com
New York
01.11.2021
05:16
Target budget
USD
1200
+ 1237h
+
$190
1
$6
Los Angeles
6 nights | 2 adults
$1003
$6
+ 15:46h
+
New York
08.11.2021
09:36
Real Budget 1205
USD","(728, 90)"
"Fits
the whole
trip in your
budget
+
+
☆!
wayclix.com
The journey maker","(160, 600)"
"SEG
SOLAR
A leading US solar
module manufacturer
www.segsolar.com
SEG","(300, 250)"
"BioGaia.
There's good bacteria, and then
there's the best bacteria.
Julia
BioGaia
Prode
FOR GUMS
AND TEETH
E ACTRE
Order FREE
Patient Samples","(728, 90)"
"73
VELOS LBP
Full-auto rated
Low back pressure
No barrel restrictions
SILENCERCO","(300, 250)"
"IBDO
© 2023 RDO USA, LLR Migh
Retail CFOs are
using technology
to mitigate supply chain disruptions
FIND OUT HOW ►","(970, 90)"
"IBDO
%
+
Retail CFOs are
using technology to mitigate
supply chain disruptions
FIND OUT HOW
Ⓒ3003 BCD USA, LLP signs.","(300, 250)"
"Go Green.
Get Rewarded.
aco
Comfort Solutions
ATF Com
INTRODUCING
CONTRACTOR
REWARDS
QLED","(300, 250)"
"THE EASIEST WAY TO
BUY&SELL
USED EQUIPMENT
CHLA
purple
wave
AUCTION","(728, 90)"
"RIGZONE
Job got you down?
Search all types of energy jobs
Search Jobs","(728, 90)"
"RULE THE STREETS
1.99% FOR UP TO 60 MONTHS ON SELECT KTM STREET MODELS*
*Restrictions apply. See website for full promotion details
GRA
KM","(728, 90)"
"Z
ROAD
DAILY ROUNDUP
The industry's most important
news in your inbox, daily.","(728, 90)"
"vorpX
Play the latest DirectX 9-11 games
on Oculus Rift
CLICK HERE","(970, 90)"
"ROAD
TOVR
DAILY ROUNDUP
The industry's most important
news in your inbox, daily.
GET IT","(300, 250)"
"ROAD
Z TOVR
DAILY ROUNDUP
The industry's most
important news in
your inbox, daily.
GET IT
Ad
ROOR","(300, 600)"
"50%
16 Inexpensive
Destinations
Dining
in NYC
READ MORE
ON EATER >>
total orizon","(728, 90)"
"SKUNK #I
HAZE AFGHAN
NORTHERN LIGHTS
MMM
C GENETICS
com
gsee
GROW WITH
THE ORIGINALS!
AgSeedCo.com","(300, 250)"
"ROTOWIRE
The most award winning
site in fantasy sports
Get customized rankings, tools
and advice for your leagues.
JOIN NOW","(300, 250)"
"EXPLORE
A NEW
WAY TO
EXPRESS
YOUR
CREATIVITY!
CITY OF HAMILTON PUBLIC ART INITIATIVE","(300, 250)"
"Join FMCA Today
protection
Peace-of-mind
and money-saving RV programs.
FMCAssist
Roadside Rescue®
FMCA's Tire
Savings Program
FMCA
Your Ring Panky
VIEW
BENEFITS","(300, 250)"
"THE BOOK READING CAMPAIGN
PODCAST
REALS SA
Reading and Leadership in South African Schools (REALS-SA)
unicode
NATIONAL
OUCATION
COLLABORATION
EDUCATION
SABC","(728, 90)"
"sacramento
MASTER SINGERS
SONGS IN THE KEY OF
LIFE
The Sofia Theatre (2700 Capitol Ave, Sacramento)
MARCH 18 AT 7:00 PM - MARCH 19 AT 3:00 PM
Tickets available only through The Sofia's box office at
bstreettheatre.org. $44 Adults; $15 with student ID","(300, 250)"
"Visit us for ALL your LANDSCAPING
and GARDENING SUPPLIES!
Godley's
GARDEN
CENTER
& NURSERY.C
2281 Statesville Blvd.
Salisbury
godleysgardencenter.com
704-638-0082","(300, 250)"
"Click now for
$3 OFF
your 1st
online order
CAGNEY'S
KITCHEN
THE NEIGHBORHOOD'S BEST KEPT SECRET
215 N Salisbury Ave, Granite Quarry
(Located beside GQ Police Station)
(980) 332-0220
cagneyskitchen.com","(300, 600)"
"Cources
La Sylphide
arasota Ballet
director IAIN WEBB
Her supernatural beauty
hides a dark fate
MAR 24 - 25
VAN WEZEL
BUY TICKETS NOW","(970, 250)"
"Ready to start
your higher
education
savings?
invest529
can help!","(300, 600)"
"invest
529
Ready to start your
higher education savings?
www.","(728, 90)"
"IMSA
Weatherch
SPORTACAR CHAMPIONSHIP
Usa
SEBRING INTERNATIONAL RACEWAY
SAT | MAR 18 4:30PM ET
IMSA","(728, 90)"
"FEEL GOOD IN ACTION
GOOD YEAR (and Foot and are trademarks The Tire & Rubber
FOOTWEAR used under license by SCL Footwear Group, New York, USA. Copyright 2022 The Goodyear Tire & Rubber Company","(728, 90)"
"Want knowledge
delivered daily?
JOIN OUR NEWSLETTER HERE
science alert","(970, 250)"
Want knowledge delivered daily? S,"(728, 90)"
"NFL+
WATCH LIVE LOCAL &
PRIMETIME GAMES ON MOBILE
SIGN UP NOW
TERMS AND CONDITIONS APPLY.","(728, 90)"
"Microsoft
Surface
Powering
a better game
See how","(300, 250)"
"HANSHAW
KENNEDY
HAFEN, LLP
Attorneys at Law
HKH","(160, 600)"
"Bridge House 60
Grace House
ANNIVERSARY
Bridge House
Grace House
USED CARS
Donate your
old vehicle and
receive
a maximum
tax deduction!
DON'T TRADE IT!
DONATE IT!
Schedule a
Pickup Today
www.bridgehouse.org","(160, 600)"
"HKH
HANSHAW
KENNEDY
HAFEN, LLP
Attorneys at Law","(300, 250)"
"SALE
CAN WE STAY AHEAD OF THEFT? LOSS
PREVENTION TACTICS TO NAVIGATE THE STORM
SOLUTIONS BY SECTOR
WEBINAR SECURITY LACET
APRIL 19, 2023 @ 2 PM EDT","(300, 250)"
"ZEROTRUST
STRATEGIES SUMMIT
SECURITY
SUMMITS
TAD
[true]
SECURITY
SUMMITS Function logo
VIRTUAL EVENTS
Sunction loc
16110
REGISTER NOW
error
m#4:80a?:/
Wednesday April 12, 2023 fl","(300, 600)"
"THE FOCUSED PASTOR
Free Ebook
Why Pastors are
BURNT OUT,
WANT TO QUIT, &
WHAT TO DO ABOUT IT
BY DAVID MURRAY
How to fix
pastor burn out
DOWNLOAD
THE FOCUSED PASTOR","(300, 600)"
"No
Pajive
Easter
Story
CELEBRATE
MAR OF
SORROW
MOPLE
A
Why Did
THE REASON
FOR THE SEASON
with Lutheran Hour Ministries
LHM.ORG/EASTER","(300, 250)"
"6TH ANNUAL CONFERENCE
4.19.23
BREAKING
BARRIERS
Finding Purpose & Possibilities Together
A conference featuring international speakers
Nadine Burke Harris, Dacher Keltner, BJ Miller,
Jeffrey Swanson, and Anna Malaika Tubbs.
LEARN MORE
HOWARD
H CENTER
Help is here.","(300, 250)"
"MOTV
MYOUTDOORTV
START YOUR
FREE TRIAL
App Store
Google Play ROKU amazon fireTv #tv
XBOX","(728, 90)"
"WATCH THE LATEST TRAILERS
SHOWTIMES","(728, 90)"
"FANDANGO
F
FANDANGO
we love movies
F
FANDANGO
ONE GIFT CARD.
ENDLESS MOVIE ADVENTURES.
BUY NOW","(300, 250)"
"INSTITUTE OF THEOLOGY
ai.edu/ccee
Engage
your Catholic faith.
Transform
your community.","(728, 90)"
"INTRO
OFFER
VISIT OUR
NEW
STORE
A Fanatics Experience
15%
SIX NATIONS
RUGBY
USE CODE
15SIXNAT
OFFICAL STORE
*UNTIL 17TH FEB
GUINNESS
SIXMATIONS
GENNESS","(300, 600)"
"TAMRON
new
20-40mm
F/2.8 Di III VXD
for Sony mirrorless
'Standard Zoom' that starts at 20mm","(300, 250)"
"FREE WEBINAR
VANTA Presents:
? Vanta
Security and compliance: is your business at risk?
THURSDAY 16 MARCH | 2PM AEDT
REGISTER NOW","(970, 250)"
"O
FREE WEBINAR
VANTA Presents:
Vanta
Security and
compliance: is
your business
at risk?
THURSDAY 16 MARCH
2PM AEDT
REGISTER NOW","(300, 600)"
"Looking for TVs?
LONGING
PHILIPS
LG SONY
O LCD
LED
O OLED
O QLED
24-32 inch
32-40 inch
40-50 inch
O 50-55 inch
Compare Before You Buy
Compare Now","(728, 90)"
"READY TO JOIN THE RANKS OF CERTIFIED
EXECUTIVE COACHES IN 2023?
Get certified this April in San Mateo via an an ICF Level 1/2
coach training program. Raise the quality of your coaching.
FOR
EXECUTIVE COACHING
LEARN MORE & SIGN UP
↑","(728, 90)"
"SLBATTⓇ
Best Solution Lithium Battery
RESIDENTIAL BATTERY STORAGE
· Tier One, A+ Cell Composition
. Modular Design, Easy Expansion
• UL standard battery pack
. Compatible with 48V inverters
SLBATT
13
SL BATT","(970, 250)"
"OFFICER.com
TACTICAL & SPECOPS UPDATES
Sign-up to receive Tactical & SpecsOps
Updates, the monthly eNewsletter delivering
the latest updates on events, tactics,
protocols and developing policies.
Tactical & SpecOps Updates eNewsletter
Subscribe Today - CLICK HERE","(300, 250)"
"LYONS ⓇOPTOMETRY
Where your
intake is a
conversation,
not a form on a
clipboard.
Dr. Kimberly Lyons
Schedule your
appointment today!","(300, 250)"
"Auto Loan Rate Sale
NOW - MARCH 31!
Redwood
Credit Union
Apply today","(300, 250)"
"Arylic
Antic
1
LATEST WHOLE HOUSE
AUDIO SYSTEM
Learn More","(728, 90)"
"""The LinnStrumentalists""
Watch the video
Rogerling","(300, 250)"
"SUBSCRIBE & SAVE!
WIN A LUXURY FRIDGE/FREEZER
HOME OWNER
CLICK HERE TO SEE MORE","(728, 90)"
"DISCOVER WHAT'S
INSIDE THE LATEST ISSUE
IMPACTFUL
DESIGN
SOUTH AFRICAN
INFORMED INNOVATIVE INSPIRED
HOME OWNER
WELCOME HOME
DECORATE
WITH WOOD
BOLDI
STILL
ONLY
R-42.90
STILL
ONLY
R42.90
-
OF IT CHILLED
FRIDGED
COOL GY
FER
CLICK HERE TO SEE MORE
HOME OWNER","(300, 600)"
"8
Yes, the book is on SparkNotes.
And now so are Flashcards, Mastery Quizzes, and more!
*sparknotes
Start your 7-day FREE trial","(728, 90)"
"8
Got a big test next week? *sparknotes
Every study tool you need to get an A is just a click away
Start your 7-day FREE trial","(728, 90)"
"(000)
Audi. The official luxury vehicle of
Sporting Kansas City.
SPORTING","(728, 90)"
"SBJ
BRAND
INNOVATION
SUMMIT
CHANGING THE GAME
OF SPORTS MARKETING
JUNE 7-8 | CHICAGO
PRESENTING PARTNER
PARAGON
LEARN MORE","(728, 90)"
"SPORTS - CONCERTS EVENTS
RIDE TRE
TO AAC L
TRE
TRINITY RAIDWAY EXPRESS
TRE
120
VAV","(300, 250)"
"SPORTS CONCERTS. EVENTS
RIDE TRE TO AAC
126
TRE TRE
126
TRE
TRINITY RAILWAY EXPRESS","(728, 90)"
"INDUSTRY EXCLUSIVE EVENT
MAR. 22-23, 2023
9AM - 5PM
18
HAWAI'I
Hotel &
Restaurant
Show
THIS SHOW IS POWERED BY STAR #EVENTS HAWAII CONVENTION CENTER
PRE-REGISTER NOW!","(728, 90)"
"PENN STATE
startup week
powered by PNC
Register to Attend March 20-24
startupweek.psu.edu #PennStateStartup
PennState
Register Now >","(728, 90)"
"Rise & Shine
IT'S
COFFEE
TIME!
BARISTA BOX & FRAPPES
DUCK
DONUTS
WARM, DELICIOUS & MADE TO ORDER
Mocha
FRAPPE
DUCK
ONUT
NEW
COFFEE
ICING!","(300, 250)"
"Im
MOTZEA
FIND YOUR PERFECT COTTAGE AT RETREATSTATE COLLEGE.COM
THE
RETREAT","(728, 90)"
"IC
AUDIRVĀNA
77
PURE
PLAYER
Discover Audirvana's
new features.
Free Trial
>>","(336, 280)"
"SEAT
GEEK
Get tickets to St. Louis CITY SC seats
Find tickets","(728, 90)"
"G Jerome L. Greene Foundation
Providing access
to the arts and
education in
New York","(300, 250)"
"MARCI
SUNDAY
7:00 PM
ORPHEUM
THEATRE
DA
ZAKIR
HUSSAIN
VO
Masters of
Percussion","(300, 250)"
"STARS STRIPES.
15 YEARS IN AFGHANISTAN
The story of the U.S. military's role in
Afghanistan, as seen through the eyes
of Stars and Stripes journalists.
AND
$14.99
With
Free Shipping
STARS STRIPES
15 YEARS IN AFGHANISTAN ORDER NOW","(300, 250)"
"TOGETHERWESERVED.COM
GET A FREE PLAQUE
OF YOUR
MILITARY SERVICE!
O
ITCS PASQUALE ENRICO LUCENTI
UNITED STATES NAVY
USN ACTIVE
MAIN
CLAIM YOUR PLAQUE!
ARMY. NAVY. MARINE CORPS
AIR FORCE. COAST GUARD","(300, 600)"
"66
Alexa, open
Stars and Stripes 99
amazon
START YOUR DAY WITH THE
TOP HEADLINES FROM
STARS STRIPES
AND","(300, 250)"
"MED
ENZO
CUSTOM
This is true custom
Suits from $495
SHOP NOW","(728, 90)"
"Cultivating the Floral Community
floriexpo
MAY 31 - JUNE 2, 2023
FORT LAUDERDALE CONVENTION CENTER
FORT LAUDERDALE, FL
LEARN MORE","(300, 250)"
"Accelerate
your career.
Learn more >
THE UNIVERSITY OF
NEWCASTLE
AUSTRALIA
CRICOS Prowder 001093","(300, 600)"
"CRICOS 001093
Accelerate
your career.
Learn more >
O
S
THE UNIVERSITY OF
NEWCASTLE
AUSTRALIA","(728, 90)"
"INTRODUCING THE NEW
YZ450F G
LIGHTER. SLIMMER. FASTER.
YAMAHA
Rey Your Heart
2023 YZ450F","(728, 90)"
"RIDE LIKE THE
REIGNING CHAMP
ALL-NEW
YZ450F
MONSTER ENERGY
YAMAHA RACING EDITION
YAMAHA
Revs Your Heart
LEARN MORE","(728, 90)"
"Stay up-to-date on the latest
food retail news & trends
Subscribe to free eNewsletters from
SUPERMARKET
sn NEWS
Sign Up Now","(300, 250)"
"TUTTOFOOD International
MILANO
Food Exhibition","(728, 90)"
"The State of Yachting 2022
2021 Sales
+48%
USED
YACHTS
NEW
YACHTS
-96% NE","(728, 90)"
"The State of Yachting 2022
2021 Sales
+48% +96%
USED
NEW
YACHTS
YACHTS","(300, 250)"
"DECAPITATOR
Subtle to extreme saturation $199
35 Mambal
PRIH
-DECAPITATOR-
BITUT
soundtoys
SHOP NOW
men","(728, 90)"
"Your new
centrepiece
SL MKIII
novation","(160, 600)"
"STAVE IN SERMS AT AMIT
ballistic
FO
THE
TERMINAL
LIST
50+NEW GUNSGEAR FOR 2005
TACTICAL
LIFET
FORO
TO WIN
AMERICAN
FRONTIERSMAN
GUNS
POR CONCEALED CARR
HANDGUNS
COMBAT
HANDGUNS
SAVE BIG
WITH HOME DELIVERY
AND NEVER MISS AN ISSUE!
www.p
43 VIP
CLICK HERE
TO GET THE DEAL!
RECORR
BERETTA
NINES","(300, 250)"
"EXPERIENCE THE
SPECTACLE OF A NEW
BROADWAY SEASON.
Season tickets
on sale now!
STRAZ
CENTER
Photo by Mathew Murphy for MurphyMode","(300, 250)"
"FLORIDA STRAWBERRY FESTIVAL
We Have a Winner!
Mar. 2-12,
2023
Plant City, FL
Tickets
On Sale Now!","(728, 90)"
"eBook:
Accelerating Drug Discovery
through Systematic Cell and
Protein Analysis
Read Now
SARTORIUS","(728, 90)"
"MIT Technology Review
Global Insights Panel
Shape the future of tech.
JOIN OUR GLOBAL INSIGHTS PANEL","(970, 250)"
"ANNOUNCING THE
TEXARKANA GAZETTE
2023 FEVER
MARCH
CONTEST
CLICK TO PLAY!
PICK YOUR TEAMS MARCH 13TH!
WIN PRIZES
$25 PER ROUND (1-6)
$100 OVERALL","(300, 250)"
"ANNOUNCING THE
TEXARKANA GAZETTE
2023 FEVER
MARCH
CONTEST
CLICK
TO PLAY!
PICK YOUR
TEAMS
MARCH 13TH!
WIN PRIZES
$25 PER ROUND (1-6)
$100 OVERALL","(300, 600)"
"ANNOUNCING THE
TEXARKANA GAZETTE
2023 MARCH
CONTEST
CLICK TO PLAY!
PICK YOUR TEAMS MARCH 13TH!
WIN PRIZES
$25 PER ROUND (1-6)
$100 OVERALL","(728, 90)"
"Q
Quest
Diagnostics
For you. For them.
Together for a healthier Texas.
Learn more ▸
Quest Diagnostics supports Public Radio in Texas for Texans.","(300, 250)"
"ATCC
hTERT-IMMORTALIZED
PRIMARY CELLS
LEARN
MORE →","(728, 90)"
"COMPLEX CARE
POWERED BY
ACADEMIC MEDICINE
Tampa
TGH General
Hospital.
USF Health
Morsani College of Medicine","(300, 250)"
"S E-PAPER
STAR
Raila, Ruto face party
primaries headache uru
¹022
POM
Subscribe to
The Star Epaper
SUBSCRIBE →→","(336, 280)"
"ALPENA
GMC
ALPENA
BUICK GMC
Serving the Sunrise Side
CERTIFIED
PRE-OWNED","(728, 90)"
"419.897.7656
www.CementThatPerforms.com/Envirocore
BLEND IN. STAND OUT.
Envirocore™ Cements
LAFARGE","(728, 90)"
"RECYCLING CREATING
ad
COUNCE
opp
KEEP AMERICA
BEAUTIFUL
-KAB.ORG
LEARN MORE >","(728, 90)"
"Ranked #1 BEST
Children's Hospital in
CHILDREN'S
Tampa Bay HOSPITALS
U.S.News
RANKED IN
4 SPECIALTIES
2022-23
Learn more » JOHNS HOPKINS
All Children's Hospital","(300, 250)"
"Like this article?
Support journalism like this
for less than 11¢ per day.
Subscribe Now
DAILY BEAST","(728, 90)"
"THE MODERN NETWORK FOR
MILITARY
SPOUSES
LEARN MORE ABOUT
MILSPOUSEFEST EVENTS
HERE!
The Official Sponsor of
MilSpouseFest Events
USAAⓇ","(300, 250)"
"CHOOSE THE DESIRED BODY
MONDAY
De
ATHLETE
KingFre
DE
TUESDAY
WEDNESDAY
BingFre
weng
C
THURSDAY
Over
Wing
32
FRIDAY
CHOOSE THE DESIRED BODY
CROSS-FIT
BODY
CHOOSE THE DESIRED BODY
WORKOUT
BODY
MONDAY
TUESDAY
VEDR
CHOOSE THE DESIRED BODY
BODY
BUILDER
MONDAY
TUESDAY","(300, 250)"
"Open an account with Domini.
• Pursue your financial goals
• Firearm-free & fossil-fuel free in accordance with our investment standards
• Help create a greener world
Domini.
Investing for Good®
Learn More","(970, 250)"
"UNIVERSITY of WASHINGTON
A FUTURE
WHERE
EVERY CHILD
GETS THE
BUILDING
BLOCKS FOR
A HEALTHY
START.
FIND OUT HOW
W","(300, 250)"
"UNIVERSITY of WASHINGTON
A FUTURE WHERE EVERY CHILD GETS THE
BUILDING BLOCKS FOR A HEALTHY START.
FIND OUT HOW
W","(728, 90)"
"THEY GRIEVE
TO WHICH I BORE WITNESS
February 2023
Apple Music bandcamp
Spotify
13","(300, 250)"
The Monthly,"(970, 250)"
The Monthly,"(300, 600)"
The Monthly,"(728, 90)"
"Is your child struggling
with spelling?
Put an end to
spelling test
tantrums today
sur terraaraa
alper
Start
your FREE
14-day
trial
TODAY
TheSchoolun.com","(300, 250)"
"Panoptica
The Cisco Secure Application Cloud
Kubernetes
security for your
cloud-native
apps
Reduce risks.
Improve visibility.
Streamline collaboration.
Get Started","(300, 250)"
"Panoptica
The Cisco Secure Application Cloud
Secure your
Kubernetes clusters
Try for Free","(728, 90)"
"the
spruce.
cleaning
Meet Our
Print Issue!
GET IT NOW","(300, 600)"
"TheStar
UNCLUTTER
YOUR NEWS FEED
T&Cs apply.","(728, 90)"
"X
Journal of Accountancy
Podcasts,
Tune in!","(300, 250)"
"When it comes to
logistics positions","(300, 250)"
"Formal & elegant,
our full-service
venue is perfect for
Weddings, Showers,
Corporate Events,
Birthdays and
Celebrations...
both indoor or
outdoor in our lush
gardens.
NOW BOOKING
2023 & 2024
on Jantinou
EVENT VENUE
CLARKS SUMMIT","(300, 250)"
"The World's 50 Best Hotels
WORLD'S
50
BEST
HOTELS","(970, 90)"
"DEAR GUILD MEMBERS, IT'S OFFICIAL.
YOU'RE ONE OF US.
THE WRAP
SIGN UP TO BE INVITED
TO EXCLUSIVE SCREENINGS","(728, 90)"
"WRAP PRO
Unlock
Exclusive
Content
GET STARTED","(300, 250)"
"Don't just take
our word for it.
FOLLOW US
THE WRAP
W
TheWrap Ⓒ
©TheWis
Follow","(300, 250)"
"WRAPPRO
Unlock Exclusive Content
GET STARTED","(970, 250)"
"The
Investment
Center, Inc.
WHEN YOU PRIORITIZE SUPPORT,","(728, 90)"
"VANS
OFF THE WALL
SKATEBOARDING
THE SKATE
OLD SKOOL™
BREANA GEERING.
MA
MOHE
XXCHWWW
COUSLYTIKE","(300, 250)"
"LENNOX
Air is life. Make it perfect:
SAC
MECHANICAL
HEATING & AIR CONDITIONING
COUPON
$35 OFF
Any Service Repair
of $100 ore more.","(728, 90)"
"TIMES
AILY
DOWNLOAD THE NEW APP
We recently launched our
new app. Download it today
to read TimesDaily on
your phone or tablet.
DOWNLOAD
TD","(728, 90)"
"Recipes
Quick & Easy
Meal Prep
Ideas
BEGINNER-FRIENDLY
WAYS TO LEARN
HOW TO COOK
ChampsDiet.com","(300, 250)"
"CHATTER
20140
NOMINATE TODAY
Nominations Now Open Through April 15
C Times Free Press","(300, 250)"
AntennawEB.org CONNECTING YOU TO FREE TV,"(728, 90)"
"AntennawÈB.org LOOKING TO CUT THE CORD?
CLICK HERE to find out how many channels you can get FREE with an antenna","(320, 50)"
"of
AntennawEB.org
LOOKING
TO CUT
THE
CORD?
CLICK HERE
to find out
how many
channels
you can get
FREE with
an antenna","(160, 600)"
"Fight For Air
Climb
15 Years & counting
May 20TH - American Family Field
American
Lung
Association.
Fight For AIR
Climb
REGISTER NOW
Do Good
Feel Great
TMJ Anthem.","(300, 600)"
"Fight For Air
→Climb
15 Years & counting
May 20TH - American Family Field
REGISTER NOW
Do Good Feel Great
American
Lung
TMJA
v
Anthem.","(970, 250)"
"STAY PLUGGED IN WITH Your official source of
United Methodist news
UM NEWS
& information
VISIT OUR WEBSITE
UM News
FAIR. FAITHFUL TRUSTED.","(728, 90)"
"You Can Make a Difference
cookies
for kids cancer
Let's get Baking","(728, 90)"
"UMCOR
SUNDAY
Support the sustainable work of UMCOR
GIVE NOW
SPECIAL
SUNDAY
UMCOR
AG","(300, 250)"
"inspire and fuel their curiosity with
Nat Geo Kids
SUBSCRIBE
KRS
LYNX
Bas
KIDS
CO FUTURE","(728, 90)"
"BOND
UNIVERSITY
GOLD COAST, AUSTRALIA
See why Bond University is QS rated 5 stars overall
REGISTER NOW FOR OUR VIRTUAL OPEN DAY
CRICOS Providercode
COSA Provide
2","(970, 250)"
"Bachelor of Science
Get a double major and start your
international career!
POLYTECHNIQUE
INSTITUT
POLYTECHNIQUE
DE PARIS
BX
EATLES
F
GRATION TEAM
BX","(970, 250)"
"From #1 New York Times bestselling author
LEIGH BARDUGO
KING
SCARS
OF
THE EPIC STORY
THAT BEGAN IN
SHADOW
AND
BONE
CONTINUES","(300, 250)"
"Learn more
TexasMutual
WORKERS' COMP INSURANCE","(728, 90)"
"Unwanted
TELEMARKETER
Uncall
A High Tech Bidet Toilet Seat Will Wipe Away
Your Need for Toilet Paper
READ MORE","(728, 90)"
"COME SEEK
Royal Caribbean
INTERNATIONAL
Learn more","(728, 90)"
"BoardingArea
Personalized travel news all in one place.
Read your favorite stories with MyBoardingArea.
tarding
your sp
Download on the
App Store
GET IT ON
Google Play","(728, 90)"
"SAVE UP
TO 38%
HM
(travel
impressions
CATALONIA
HOTELS & RESORTS","(300, 250)"
"GRAND PALLADIUM TRAVELPULSE
WHITE SAND RESORT & SPA
CAUSADA
QUIZ
2WIN
WIN A STAY AT
GRAND PALLADIUM WHITE
SAND RESORT & SPA
START QUIZ","(300, 600)"
"CATALONIA
• HOTELS & RESORTS .
SAVE UP
TO 38%
travel
impressions™","(160, 600)"
"NCL
NORWEGIAN
CRUISE LINE
Feel Free
EARN MORE THAN
EVER WITH NCL
Free At Sea + Commissions on NCFs!
LEARN MORE","(728, 90)"
"You are
cordially
invited.... Johnstown and Altoona
Epic Journeys
Travel Show
Epic
Journeys
Free Admission
Learn More","(728, 90)"
"Epic Journeys
Travel Show
Johnstown and
Altoona
You are cordially invited.....
Epic
Journeys
amazing memories
Free Admission
Learn More","(300, 250)"
"webflow
Design & develop
at the same time
||||
IIIO
IIIO","(336, 280)"
"HCPL
HENDERSON COUNTY PUBLIC LIBRARY
MARCH 17, 2023
6:00 PM - 7:30 PM
PRESTON ARTS CENTER
MEET THE AUTHOR:
Tarryn Fisher","(728, 90)"
"HCPL
HENDERSON COUNTY PUBLIC LA
MEET THE
AUTHOR:
Tarryn Fisher
MARCH 17, 2023
6:00 PM - 7:30 PM
PRESTON ARTS CENTER","(300, 250)"
"TOP
GREEN
FLEET
SUBMIT A
NOMINATION
TODAY!
HDT
BUTY TRUCKIN
truckinginfo.com/green","(300, 250)"
"Love music?
Love TV?
Share the love.
Join TuneFind to submit songs,
follow shows, ask questions,
and more...
SIGN UP","(300, 250)"
"Love music? Love TV? Share the love.
Join TuneFind to submit songs, follow shows, ask questions, and more....
SIGN UP","(728, 90)"
"Primetre
ICREA CONTENIDOS PARA
TUS REDES SOCIALES!","(970, 90)"
"Find out what's in TV
TVTechnology today, tomorrow, and in the future.
SUBSCRIBE TODAY!","(970, 90)"
"A Antec
P20CO
Mid-Tower
E-ATX Gaming Case
newegs amazon
Available Now
notec","(300, 250)"
"GOGOOD YEAR
READY FOR
ANYTHING
(3)
BRAKING HANDLING GRIP
EAGLE F1
ASYMMETRIC 6
Auto
EXPRESS
TYRE TEST
COMO CO
2022
11
Hi
tyrereviews..
Test Winner
FIND OUT MORE","(160, 600)"
"SI UK
STUDYIN-UK.CA","(300, 250)"
"MISSION
MOMENTS
& MORE
EXPLORE
RESOURCES
UMC Giving","(728, 90)"
"United Methodist
NOWI
INSPIRATION FOR
FAITHFUL LIVING
Practical tools to celebrate
and grow your faith.
SUBSCRIBE
NOW FOR A FREE
DOWNLOAD","(300, 250)"
We Stand With You,"(320, 50)"
"Best Practices in the
Utilization of Preventative
Testing and Screening to
Optimize Men's Health
Listen now
Patient Care","(300, 250)"
"A BoatUS
Ton
mw
We've got your back,
get towing for your boat
GET TOWING","(728, 90)"
"CHECK TODAY FOR DAILY DEALS
U.S.OPEN
LACC
12380
U.S.OPEN
TOP SELLERS
Shop Now
USGA shop
BS OPEN","(300, 250)"
"CreditOne
Charleston WTA
Open
500
WHERE THE COURT
MEETS THE COAST
LEARN MORE
APRIL 1-9, 2023
CHARLESTON, SC","(728, 90)"
"Growth Built on a Strong Foundation
UTI Long Duration Fund
%
NFO PERIOD: 6- 15 MARCH 2023
INVEST NOW
uti
UTI Mutual Fund
2015","(970, 90)"
"Custom Window Treatments
Designed To Fit Your Space
3DAYBLINDS
BUY 1 GET 1
50% Off*
Book Now >","(300, 250)"
"![:
3
Be it where you're going or on the road,
ViaMichelin has all the hotels
at the best prices.
MICHELIN VIAMICHELIN
See more","(728, 90)"
"Be it where you're
going or on the road,
ViaMichelin
has all the hotels
at the best prices.
See more
MICHELIN VIAMICHELIN
C
**
***","(300, 250)"
"Spring
SALE
SAVE
50%
Save 50% off
on all reservations!
BOOK
NOW!
RAMADA
PLAZA RESORT & SUITES
International Drive - Orlando","(300, 250)"
"MADAME
RE
WATSON
SL MKIII
ở kin
Your new
centrepiece
novation","(300, 600)"
"It's just
a shoe...
}","(300, 600)"
"VOGUE
NEWSLETTER
KEEP UP WITH THE
LATEST TRENDS!
SUBSCRIBE NOW","(970, 90)"
"66
Victorville Chevrolet
FIND NEW ROADS
CHEVROLET
2022 MODEL YEAR CLEARANCE
SILVERADO SUPERSTORE
EL
B","(970, 250)"
"Injured? We'll
fight for you!
THEACCIDENTGUYS
YOUR INJURY ATTORNEYS
(760) 201-1758
Our expert attorneys
specialize in Car Accidents
and Work Injuries.
TALK TO AN ATTORNEY","(728, 90)"
"FIND YOUR NEW 2023 FORD
BRONCO SPORT AT DARLING'S!
Ford
Click
to shop
now! darling's","(728, 90)"
"LIVE NEWSCASTS
and 24/7 Weather
STREAMING ON
WAFB+
AND THE 9NEWS APP
+
Sponsored By:
Our Lady of the Lake
Cancer Institute","(300, 250)"
"COOPERATI
FARMERS
CO-OP
Alabama Farmers
PRODUCTS Cooperative, Inc.
Ear 1976
ALABAMA
your friendly farm and garden supply
store for 85 years and counting.
LEARN MORE","(728, 90)"
"SPONSORED
Move-In Special! Get More & Pay Less for Boutique-Style Senior Living","(970, 250)"
"LIGHT AND CEILING FAN SUPER STORE
DULLES
ELECTRIC
SUPPLY
Since 1985
The Mid-Atlantic's Largest Lighting Showroom
STOP IN TODAY!","(970, 250)"
"Experience
Watchmaking
from 27 March
to 2 April 2023
WATCHES
ANDWONDERS
GENEVA
OPEN TO
THE PUBLIC
1-2 APRIL
2023
> Click here
for more information","(970, 250)"
"WATCHES
ANDWONDERS
GENEVA
Experience
Watchmaking
from 27 March
to 2 April 2023
OPEN TO
THE PUBLIC
1-2 APRIL
2023
> Click here
for more information","(300, 600)"
"AME
FRANK
FRIENDS
SHOW
Watch the latest episode here!
Subscribe for free on YouTube!
YouTube","(728, 90)"
"FRANK
FRIENDS
SHOW
&
Watch the latest
episode here!
Subscribe for free
on YouTube!
YouTube
wwwwwww","(300, 600)"
"Constellation Home.
SAVE UP TO
$3,000*
ON A HIGH-
EFFICIENCY
HVAC SYSTEM
REQUEST AN ESTIMATE","(300, 250)"
"WEST SHORE
-H O ME
AMERICA'S MOST ADMIRED
HOME REMODELING BRANDⓇ
Contactar
CLICK FOR A FREE QUOTE
ALE
PATROCROFL: CROIDES, OFC14DEGA: GOOD14 POIN
PC MD MICH NICOH PLES PA PA Pis Contact HR
#263, Hans Invement Conor Lice D1000 TERPOP, RP0","(300, 250)"
"A A
CHAND THRAE BAND MR
6.7 BILLION
EDUCATION
ART
|
PLAYING
OUR
LOTTERY","(300, 250)"
"The WCAX Bracket Challenge is back!
Starting March 13th, make your picks for a chance to
WIN A 60"" TV! ENTER NOW!
Sponsored By:
NORTH COUNTRY
Honda Dealers","(728, 90)"
"The WCAX Bracket Challenge is back!
Starting March 13th, make
your picks for a chance to
WIN A 60"" TV!
ENTER NOW!
Sponsored By:
NORTH COUNTRY
Honda Dealers","(300, 250)"
"WCBI
Viewer's
Choice
Awards
2023
VOTE FOR US!
Best Medical Clinic
Omnis Health Clinic
Whole Health
Mind & Body & Soul","(300, 250)"
"ENJOY A
$450
BONUS*
Receive your bonus when you open a new
High Performance Checking account
and meet monthly requirements.
cibmBANK
It's your money. We just help.
Member FDIC","(728, 90)"
"66
SWITCH &
NEVER
LOOK BACK
cibm
BANK
get when you open a
High Performance
Checking Account and
meet qualifications
EQUAL HOUSING LENDER MEMBER FDIC.
$450","(300, 250)"
"FLORIDA
Lottery
DOUBLER
BY GOLD RUSH
Gold
SUPORAK
Sudrapanes
sublet
Gold
Rush
LEARN MORE","(728, 90)"
"WELLS FARGO
CHAMPIONSHIP
CHARLOTTE'S
PREMIER TICKET
QUAIL HOLLOW CLUB
MAY 1-7, 2023
BUY NOW
FJ
FedEx","(300, 250)"
"2022 SILVERADO 1500
TRUCK
SEASON 0% APR
FOR WELL-QUALIFIED BUYERS
CHEVROLET
Learn More
Must finance with GM Financial. Some customers may not qualify. Length of
contract limited. Not available with lease and some other offers. Take new
retail delivery by 4/3/23.","(300, 250)"
"Come see Woolwine Chrysler Dodge Jeep Ram's
NEW LOCATION!
2100 Highway 49. Seminary, MS
Woolwine Will
New 2023 Chrysler
Dodge Jeep and Rams
Vid
TRUCKMONTH","(728, 90)"
"Bringing Generations
Together In Christ
Dr. Joey Brent, Pastor
SAFTE DURCH
Im
Every Sunday Morning at 11AM on WDAM ABC
Located on Hwy 98 across from
Merit Health Wesley
www.MainStreetBaptist Church.org 601-296-8000
MAIN STREET","(300, 250)"
"Delaware's
HOME SHOW
MARCH 18-19. Chase Center on The Riverfront
TheHomeOwnersExpo.com
DIY
NETWORK'S
STONE HOUSE
REVIVAL,
JEFF DEVLIN
CLICK TO LEARN MORE","(300, 250)"
"KT
KENTUCKY TRAILER
A Servant Leader Company
We're Hiring Apply at
What
We Make
MattersⓇ
Welders & Assemblers
Apply at kytrailer.com","(970, 250)"
"KT
len
KENTUCKY TRAILER
A Servant Leader Company
We're
Hiring
Welders &
Assemblers
Apply at
kytrailer.com
What
We Make
Matters","(300, 600)"
"THIS SEASON'S
OUTSTANDING
HAT-TRICK.
5.99%
P.A INTEREST
2
NO DEPOSIT,
36 MONTHS
TO PAY
3
3-YEAR
WARRANTY
SUZUKI
KINGQUAD
IN STOCK NOW. FROM $13,999.
FIND OUT MORE
*T&Cs apply.","(970, 250)"
"Have you been to Boswell's lately?
BOSWELL'S
HOME FURNISHINGS
Come see what's new!","(300, 250)"
"SCHOOL & EVENT SIMMONS-
CLOSING INFO ROCKWELL
NISSAN","(970, 250)"
"FSA
Consulting
You want IT done right,
and we do too.
Pittsburgh's Technology Concierge at Your Service
Do IT Right","(728, 90)"
"RENEWAL
by ANDERSEN
FULL-SERVICE WINDOW & DOOR REPLACEMENT
KI
0
$300 OFF
$825 OFF
Every Window* All Patio Doors*
+12 Months Special Financing*
*Ends 3/31/23. Conditions apply. Ask for details. #CGC1527613","(728, 90)"
"A SPECIAL MEMBERSHIP OFFER FOR OUR MOST LOYAL READERS!
GET ONE MONTH
FOR $4.99 $3.65
W THE WESTERN JOURNAL
SUBSCRIBE NOW","(970, 250)"
"Global
ASK
ABOUT OUR
NO MONEY
DOWN
PROGRAM
CALL NOW!
1-270-753-7407
https://globalmortgagelink.com
KENDER
UTOR","(300, 250)"
"Join Telstra Plus. Earn points
towards devices and more.
Eligibility criteria apply.
Find out more
T+","(728, 90)"
"Woodvard
DENTAL CARE
Changing lives through healthy smiles","(300, 250)"
"BOA
H
2023
We Value
Mecklenburg County
Our Community Has Grown.
Leam more about your
new property valuation.
!!Reval.MeckNC.gov","(300, 250)"
"Pantalone
NEED A TOW, CALL THE NAME YOU KNOW
(330) 652-8045","(728, 90)"
"BLEAK EXPECTATIONS
CRITERION THEATRE
BOOK NOW","(728, 90)"
"BLEAK
EXPECTATIONS
CRITERION THEATRE
PERFORMANCES START 3 MAY
BOOK NOW","(300, 250)"
"Saying goodbye
is never easy.
When it's time, tell your vet you want Pets at Peace.
Petace
Peace HARRIS FIND OUT
FUNERAL HOME, INC.
MEMORIAL & CREMATION SERVICE LLC","(728, 90)"
"Saying goodbye is never easy.
r
When it's time,
tell your vet you want Pets at Peace.
PAUL W
Pets
Peace HARRIS
FUNERAL HOME, INC.
MEMORIAL & CREMATION SERVICE, LLC
FIND OUT
MORE","(300, 600)"
"Fashion and Beauty,
Delivered Daily
SIGN UP NOW","(300, 250)"
"CA
Style. Beauty,
Good Vibes Only.
FOLLOW US O
@WHOWHATWEAR K","(300, 250)"
"WEST HAM
UNITED
LONDON
(V
EUROPA
CONFERENCE
LEAGUE™","(300, 250)"
"Long Lighting
Consulting Group
Maminating your way since 1996
Let Us Help with Your Next Lighting Project
2111 SW Belle Ave, Topeka
(785) 272-0404","(728, 90)"
"MENARDS
GIFT CARD
MENARDS
GIFT CARDS
MEWARDS
GIFT CARD
MENARDS
ONE GIFT
ENDLESS POSSIBILITIES
CLICK HERE TO ORDER ONLINE!","(300, 250)"
"MURPHY
PUB
& GRILL
J&J Gaming
GUINNESS
Get 6
Free Wings
with any meal
purchase!","(728, 90)"
"HARDWOODS
MAKE IT A
HOMEI
BUTCHER BLOCK COUNTERTOPS
Text or call 800-292-5937
the workbench.com
GET DETAILS
MANSON
SON
mor]
Win","(300, 250)"
"SPRING 2023
FEBRUARY 25 - MARCH 19, 2023
PARADE of HOMES
MAGAZINE
OFFICIAL GUIDE to
CANADA'S
BIGGEST
AND BEST
PARADE OF HOMES
Manitoba Home
Buders Association
Free Press
TOUR OVER
120
NEW
HOMES
READ NOW >","(300, 250)"
"Tax Season is here!
All Winnipeg Free Press subscriptions qualify
for the Digital News Subscription Tax Credit.
Free Press
YEARS
LEARN MORE ►","(970, 250)"
"LINE THAT DOESN'T
FLINCH WHEN IT'S
KICKED
IN THE KNOTS.
Sufix
SPOOL UP >","(300, 250)"
"8
wak
BASKETBALL
BRACKET
2023
GRAND PRIZE:
HOME THEATRE SYSTEM
PRESENTED BY:
Tec
Indiana Council on
Problem Gambling Inc.
SIGN UP BY MARCH 14TH
ENTER HERE","(728, 90)"
"WED
PET WASTE GOES IN TRASH CANS,
NOT ON LEAF PILES.
TRASH
The POOP
1
Columbia
Water","(728, 90)"
"Teacher
the Week
of
Meet the Teacher
of the Week
Wednesdays during WITN News at Sunrise
or click here to visit the Teacher of the Week web site
NC Education
Lottery
WITN
witn.com","(728, 90)"
"Save the Michaels
of the World
We're here to help
(716) 984-8375
Learn More","(728, 90)"
"We're here to help
(716) 984-8375
Save the Michaels
of the World
Learn More","(300, 250)"
"GOOD
MORNING
AUGUSTA
the CSRA's
favorite way Channel 6000
News
abc
to wake up!
WJBF-TV","(728, 90)"
"WATERVIEW
CASINO & HOTEL
The Official Sponsor
of WJTV's Coverage
of The Big Tournament
THE BIG
2WJTV TOURNAMENT
NEWS FOCUSED ON YOU","(300, 250)"
"Premium Wine & Spirits
MADISON CELLARS
The Official Sponsor
of WJTV's Coverage
of The Big Tournament
THE BIG
2WJTV TOURNAMENT
NEWS FOCUSED ON YOU","(300, 250)"
"Grand
Opening Offers
Get limited-time introductory
specials you won't want to miss.
Shop Now
#1
1 Cochran
BUICK GMC
Formerly Sweeney","(728, 90)"
"BASKETBALL
CHALLENGE
PLAY NOW!
SPONSORED BY
1Cochran
BUICK GMC
COCHRANCARS.COM | 330-COCHRAN
CHEVROLET","(300, 250)"
"Preserving
Historic Beauty
-83 E
MOBILE
BLP PAINTS
SERVING THE GULF
COAST FOR 100 YEARS","(728, 90)"
"BLP
MOBILE
SERVING THE GULF
PAINTS COAST FOR 100 YEARS","(300, 250)"
"SUPPORT LOCAL
JOURNALISM
IVLRN
Public Media
OPBS npr
Donate","(728, 90)"
"A 2022 WNBA
ACES
CHAMPIONS
thin
CHAMP
M=R
CHAMPS
WNBAStore
A Fanatics Experience
SHOP NOW »","(728, 90)"
"FAST, EASY, & CONVENIENT
BATH, WINDOW, AND DOOR REMODELING
WEST SHORE
HOME
Evening & Weekend
Appointments Available","(728, 90)"
"WEST SHORE
HOME
FAST, EASY, & CONVENIENT
BATH, WINDOW, AND DOOR REMODELING
FREE DESIGN CONSULTATION
Evening & Weekend
Appointments Available
Financing
Offers Available
One Day
Installation","(300, 250)"
"DVUV
Wood Powder Coating
Powder Coated
MDF Components
Request Sample
20 Minutes Start to Finish","(300, 600)"
"ad
MISSING YOUR TEAM? FOSTER
THE IDEAL
COLLABORATOR.
war
#Adopt Purelove
THESHELTERPETPROJECT.ORG","(300, 250)"
"MINI
SOU
Life is for FUN MINISO
Click to Shop
MINI
SO
MINI
SO","(728, 90)"
"Get Wowhead
PREMIUM
$2
A MONTH
}
Enjoy an ad-free
experience, unlock
premium features
& support the site!","(300, 250)"
"Enjoy an ad-free experience,
unlock premium features
and support the site!
Get Wowhead
PREMIUM $200
A MONTH","(970, 250)"
"SARTORY LINK.
WENDA CON
VTE
PALMBEN
FLONID
COUNTY
0
Municipal Election Day is
MARCH 14TH
Find your polling location
VotePalmBeach.gov","(728, 90)"
"News 3
EXPERTS ON
YOUR SIDE
CLICK HERE
to view Columbus,
Auburn/Opelika Experts","(728, 90)"
"U PICK EM 7 T
COLLEGE BASKETBALL
PICK THE PERFECT BRACKET
WIN $1 MILLION
SIGN UP TODAY","(300, 250)"
"U PICK EM
COLLEGE BASKETBALL
PICK THE PERFECT BRACKET WIN $1 MILLION
SIGN UP TODAY","(728, 90)"
"HEATING & AIR
PLUMBING ELECTRICAL AIR QUALITY
FREE AIR CONDITIONER
WITH PURCHASE OF FURNACE
*FOR A LIMITED TIME ONLY
45-
45TH ANNIVERSARY
PRESEASON SALE
BOOK NOW
Rlemea
wir","(300, 250)"
"AMERICA'S MOST ADMIRED
HOME REMODELING BRANDⓇ
CLICK FOR A FREE QUOTE
WEST SHORE
HOME
ROCZNE, FL: COCZESNE, OFCHEROSE, GA GOODOSTON, MPISHI, IN POND MCN 2000, NU NUO #SHED ON PLATS, PAPAD (2954, Phil Contacte L574HP20, TN Residential C#75672 Ingement Contractor Line #10 T: RMPITERAP","(728, 90)"
"Geisinger
Better health, easier
Learn more","(728, 90)"
"Geisinger
Better health,
easier
Learn more","(300, 250)"
"$10
LOTTERY
TINY HOME
TAKE
IME
HOME
GB
WIN UP TO
$10,000! HOME!
CHANCE TO WIN
A TINY
Details at wylottery.com
CLICK FOR DETAILS
Please play responsibly.
Tiny Homes TAKE ME HOME"" is a trademark of Alchemy, LLC used under license. All Rights Reserved","(300, 250)"
"shutterstock
20
Save 20%
sitewide
Use code HAPPY20TH
Redeem now","(336, 280)"
"EMEPA
We Care
A Touchstone Energy Cooperative
Practice safety before,
during, and after storms.
Visit EMEPA Storm Center for tips to prepare.
HURRICANE
SEASON","(728, 90)"
"Together we
changed many 9
lives in 2022 goodwill
goodwill
LEARN MORE","(728, 90)"
"CAREER CE
Together we
changed many
lives in 2022
both
19
goodwill
EN
LEARN MORE","(300, 250)"
"36
obc
CON FOUR SOC
Viewers'
Choice
Awards
2023
NOMINATE YOUR FAVORITE BUSINESSES
IN CENTRAL/EASTERN KY!
NOMINATE
NOW! >>","(728, 90)"
"gentiva G
Care that helps
make the most of
every moment
CALL NOW 1-866-973-3169
HOSPICE","(300, 250)"
"CAROLINA CARE
URGENT CARE SPORTS MEDICINE
AESTHETICS","(728, 90)"
"SPORTS
medicine
Get Back in the Game
CAROLINA CARE
URGENT CARE SPORTS MEDICINE","(300, 250)"
"BIOGRAPHY
W LEGENDS
Wo
MODE
CHYNA SHIK
KE
Kane ob
A&
WATCH NEXT DAY ON THE A&E APP
NEW EPISODE
TONIGHT 8/7c","(970, 90)"
"Decanter
PREMIUM
Bordeaux 2020
in bottle:
full overview plus top scoring wines
READ NOW","(300, 250)"
"84
1,093.
-1.1
6146
CORARE
SPEC
em
11:05
Apple Watchで登山体験が変わる!","(728, 90)"
"200
HERO
KSEE.24
Nominate
Your Hero! HEROES
WIN $2400
MATTER","(300, 250)"
"Shriners
Children's™
Erie
TELETHON
Hosted by Raychel Adiutori
LIVE MARCH 14
FROM THE MILLCREEK MALL
5PM-6:30PM ON
JET24","(300, 250)"
"SIGNS
OVOO
Subscribe to our Horoscopes
Weekly and Monthly Horoscopes
Free Delivery to your Mailbox.
.…..
.....
....
....
Subscribe Now
....
.....
....
....
....
…...","(728, 90)"
"ASTROLOGI
SIGNS
ZODIAC
Subscribe to our Horoscopes
Weekly and Monthly Horoscopes
Free Delivery to your Mailbox.
Subscribe Now","(300, 250)"
"2023 CNO
NAVAL HISTORY
ESSAY CONTEST
Sponsored by General Dynamics
571
DEADLINE: 31 MAY 2023
MORE DETAILS HERE
OTO
CARDY
00:0","(300, 250)"
"EST
TATER TOT
SQUEALS
THE SHOW
OLS
ADAPTIVE
GOLF
OOC
Celebrating all that's good.
Sponsored by
PG
ess
HIGHMARK0 |
174
GT
AHN","(300, 250)"
"FAAOS Qualified
Surgeons
FIND YOURS AAOS","(728, 90)"
"yp The Real
ур
Yellow Pages
Find cheap
gas near you!
Right here in
YP app.
Download Now
Q. Gas Stations | Los Angeles, CA
Johnny's Gas & Food
Rocket Gas Station
Cheap Gasto Ge
USA Mart & Gas
Quick
Cheap Gato Go
289
291
291
2914
297
305","(300, 250)"
"Together we can
fill their fridge.
Donate now
TOGETHER
WE'RE
Ad
Council
FEEDING
AMERICA","(300, 250)"
"Click Chemistry Tools
BROADPHARM","(300, 250)"
"ROYAL SOCIETY
OF CHEMISTRY
RSC Select
On-demand
access to ground
breaking research","(300, 250)"
"Medscape
Trending Podcasts
in Healthcare
Download Now","(728, 90)"
"NEVER MISS A STORY
SUBSCRIBE NOW
MY
BEST
BODY
A
CHOW SHEL
SAVED HER
ITWA MARRIAGE
OUDING
ALBUM!
wwwww
Wida
POLK
HOLL
GROWING
UP ROYAL!","(728, 90)"
"LE
MY
BEST
BODY!
114
KO
NEVER MISS
A STORY
www
RINK
HOW SHE
SAVED HE
SWAR MARRIAGE ALBUM!
UMS.
BAUSMI
DOGOD
MINIST
CONFO
PENTUMS
OUR
WEDDING UP ROYAL
SUBSCRIBE NOW
Dikey Pe","(300, 250)"
"Thank you!!!!!
SHOW THEM YOUR
SUPPORT OPERATION GRATITUDE","(728, 90)"
"& WORLD REPORT
Find the Best Hotel For Your
Next Adventure
Search Now","(728, 90)"
"Poetry.com Presents
POETRY
CONTEST
A chance to win cash prizes
for your poetry!
www.poetry.com/contest","(300, 250)"
"CA
CERP
UNAN
amNy
TOP SPORTS
BETTING
PROMO AND
BONUS CODES
GET CODES
अर
vu","(300, 250)"
"Try Before You Buy
Borrow products from our
$3,000,000 Audiophile Lending Library
and hear the difference the right cables make
in your system.
Featuring high-end cables,
power cords & more!
CABLE
COMPANY","(336, 280)"
"Andante
TRAVELS
TRAVEL
WITH THE
NUMBER 1
TOUR
OPERATOR FOR
ARCHAEOLOGY","(300, 250)"
"babycenter.
TIZZ","(728, 90)"
babycenter.,"(300, 250)"
"SHOTGUN + OPTIC
940 Pro
Tactical
MICRO DOT
COMBO
NOCT
© 940 PRO
LEARN
MORE
MOSSBERG","(300, 600)"
"ALL-NEW DESIGN
Patriot™ LR Tactical
ADJUSTABLE, CUSTOMIZABLE
LONG RANGE RIFLES
LEARN
MOSSBERG MORE","(970, 90)"
"We aspire to lower our carbon emissions to
net zero by 2045 and help others do the same.
See how
PUGET
PSE SOUND
ENERGY","(728, 90)"
"SUZUKI
MARINE
5
YEAR
LIMITED WARRANTY
NOW OFFERING A 5 YEAR
LIMITED WARRANTY","(300, 250)"
"INSPIRATION
sent DAILY
to your INBOX!
The
KJV VERSE
of the DAY
Bible Gateway
SIGN UP NOW","(728, 90)"
"SIGN UP NOW
INSPIRATION
sent
DAILY
to your
INBOX!
The
KJV
VERSE
of the
DAY
BibleGateway
SIGN UP NOW","(160, 600)"
"Creative Fabrica
FREE
-FONTS
GET THEM TODAY
ONLY FOR A LIMITED TIME","(300, 250)"
"19
LOCAL
eal
rop
SUMLINER
Re
Shop these
Deals NOW!
UP TO 80% OFF!","(728, 90)"
"★
LOCAL
eal
Prop
Shop these
Deals NOW!
UP TO 80% OFF!
SUMLINER
T","(300, 600)"
"10 ATHLETE
WENS & OF THE WEEK
PRESENTED BY encova
Do you know a high school
athlete that makes an impact
on his or her community?
Your nominee could be
Encova Insurance's Athlete of
the Week! Encova is proud to
support Central Ohio's future
leaders.
Nominate Now","(300, 250)"
"A brand new home
for cosmetic surgery.
Schedule a Consultation
CHRISTUS.
SOUTHEAST TEXAS
Plastic and Reconstructive Surgery Center
St. Elizabeth","(300, 250)"
"Cosmetic surgery
just got a lift.
Schedule a Consultation
CHRISTUS.
SOUTHEAST TEXAS
Plastic and Reconstructive Surgery Center
St. Elizabeth","(300, 250)"
"W
WOOD COUNTY
HOSPITAL
Depend on us.
JOIN
OUR
FAMILY
Now Hiring $10,000*
MEDICAL
LABORATORY
SCIENTISTS
Small-Town Community,
Big-City Technology
SIGN-ON
PAID UPON HIRE
*For Eligible Positions
Forbes 2012
AMERICA'S
BEST-IN-STATE
EMPLOYERS","(300, 250)"
"BEST Achieved the highest standards
for bariatric surgery.
HOSPITALS
WOMEN'S CHOICE AWARD
LEARN MORE
BARIATRIC
SURGERY
2023
The Center for
IM Weight Loss Surgery
AT WOOD COUNTY HOSPITAL","(728, 90)"
"Corsaw
wood
Lumber.
Inc.
Hard
26015 N County Hwy 2,
Smithfield, IL
309-293-2055","(300, 250)"
"FIND
THE
ONE","(300, 250)"
"FOSTER
ADOPT
RESCUE
ADVOCATE","(300, 250)"
"WHIT TO
REFRESH + REFINE
SUBSCRIBE
NOW","(970, 90)"
"AHEAD
GAME
OF THE
SATURDAYS IN MARCH
CHOCTAW
CASINO & RESORT
POCOLA
LEARN MORE","(300, 250)"
"501 BRACKET
OMADNESS
FILL OUT YOUR BRACKET NOW FOR
YOUR CHANCE TO WIN $1,000
SPONSORED BY
CHOCTAW CASINOS & RESORTS","(300, 250)"
"SNOWY
ADVENTURES
TUNE-IN THURSDAYS ON four","(300, 250)"
"SONY
A new generation
of 4K 3D/2D displays
for Neurology","(300, 250)"
"E
FIND
RARE
MOPAR. PARTS
THE BEST PLACE TO GET
HARD TO FIND MOPAR PARTS
3-","(970, 250)"
"STEVE LYNCH
WEALTH MANAGEMENT
It all starts
with the right
Strategy.
Stephen Lynch and Kyle Lynch are Registered
Representatives offering securities through
United Planners Financial Services.","(300, 250)"
"PAID ADVERTISEMENT
New Mexico leaders -
SUPPORT CLEAN ENERGY
and working families
Ma
PAID FOR BY NRDC ACTION FUND","(970, 250)"
"BUSINESS LOANS
BUILT FOR YOU.
CENTURY BANK
M
DIC
S
Learn more","(300, 250)"
"Reimagine Your
Accounting Workflows
Tasks
Do
..
Learn More
AVISE","(300, 250)"
"Reimagine Your
Accounting Workflows
Tasks
..
Claim Free Trial
AVISE","(300, 250)"
"Small clients,
small profits.
Not anymore
From only £2 a month
Find out more
xero","(728, 90)"
"xero
Make personal tax
less taxing with Xero
s
Discover more","(728, 90)"
"AccuWeather
It's Snow
Season.
Stay Ahead
of the Storm.
Get the App
4-8 in
Snow
STAFTUE
Monday, 11 PM Tuesday, 11 AM
TOTAL","(300, 250)"
"smart
care
O
design
build
& install
repair
prevent","(300, 250)"
"ttn:
COTOSEN
up to
50%
OFF
SHOP NOW >>","(970, 250)"
"Spring Market
AGRICENTER INTERNATIONAL / MEMPHIS, TN
MARCH 31,
APRIL, 1 & 2","(728, 90)"
"EVERY ATTEMPT GETS YOU CLOSER
TO QUITTING FOR GOOD
CALIFORNIA
SMOKERS HELPLINE
1-800-NEW-START
YOU'VE GOT THIS","(728, 90)"
"Scientific
Sessions
American
Heart
Association.
AHA22 Anytime,
Anywhere
SCIENTIFIC SESSIONS ONDEMAND
INSTANTLY WATCH
300+ SESSIONS
PURCHASE
TODAY!","(300, 250)"
"-Pulse
DIGITAL MAGAZINE FOR NURSES IN THE SOUTHEAST
+","(728, 90)"
"Medtronic
Power. Combined.
Solitaire""X
Phenom™
21
React
Learn more","(300, 250)"
"Sudoku
Fresh new puzzles every day
The best online sudoku player
Download free puzzle books
23
9
8
3
7
Take a break at www.7Sudoku.com
1
9","(728, 90)"
"all Business
YOUR SMALL BUSINESS ADVANTAGE
Real Business Owners,
Real Business Advice!
Newsletter
Sign Up","(728, 90)"
"celero
Powerful payment
solutions that drive
loan, deposit, and
fee income growth
for your institution.
Learn More
w","(300, 250)"
"REGISTER NOW
FREE AT-HOME
COVID-19 TESTS
8 FREE At-Home Tests
FREE SHIPPING
FAST & RELIABLE
Tampa Bay Diagnostic Institute is certified under CLIA (CLIA# 10D2238542)","(300, 250)"
"CLEARAUDIO HIGH ENDI MARTESANANY
20000
INTRODUCING
LIMITED EDITION
REFERENCE JUBILEE","(336, 280)"
"REVLON
NEW COLORSILK
DIGITONES™
Intense shine
REVLON
S
COLORSILK
REVLON COLORS REVLON
COLORSILK
W
PRE-ING
COLORSILK
L
LORSILK
MAKE
YOUR MOVE
Shop Now","(970, 250)"
"TV
TITAN
.com
WHAT TO
WATCH?
Find out WHAT'S ON TV,
no matter how you watch TV","(300, 250)"
"TITAN TV
.com
WHAT'S ON
TV?","(300, 250)"
"tipstrr.
Get the best free
Racing Tips
in your inbox every day
Sign Up Free","(300, 250)"
"Start
3 Easy Steps
1. Click 'Start'
2. Activate your account
Ⓒ 3. Access your content
HO
Streaming Now","(728, 90)"
"CUSTOM WINDOW TREATMENTS
Designed To Fit Your Space
BUY 1 GET 1
50% OFF*
Book Now
3DAYBLINDS
YOU'LL LOVE THE TREATMENT","(300, 600)"
"Arkansas Democrat Gazette
MARCH
MANIA
2023 COLLEGE
BASKETBALL
3-IN-1 BRACKET
CHALLENGE
WIN$1 MILLION
MARCH 12
REGISTER NOW
SPONSORED BY
0000
FOR THE PERFECT BRACKET OAKLAWN
DONE MONEY NOT ODOVIDED BY THE
ADMANSAS DEMOCIA-GAZETTE
BACINCAUNE
ARKANSASONLINE.COM/MARCHMANIA","(300, 250)"
"Arkansas Democrat Gazette
MARCH
MANIA
WIN
$1 MILLION
FOR THE PERFECT BRACKET
PRIZE MONEY NOT PROVIDED BY THE
ARKANSAS DEMOCRAT-GAZETTE
2023 COLLEGE BASKETBALL
3-IN-1 BRACKET
CHALLENGE
MARCH 12
REGISTER NOW
SPONSORED BY
OOOO
OAKLAWN
RACING CASINO RESORT
ARKANSASONLINE.COM/MARCHMANIA","(300, 600)"
"artnet
Sign up for Artist Alerts from Artnet.
Learn More","(728, 90)"
"SWANN
AUCTION GALLERIES
19th & 20th Century Art:
Featuring Dada & Surrealism
At Auction March 23
Bid Now
Salvador Dalí, 1973. $7,000 to $10,000.","(970, 250)"
"SWANN
AUCTION GALLER
LERIES
DINNER
75
George Grosz, circa 1933. $20,000 to $30,000.
19th & 20th Century Art:
Featuring Dada & Surrealism
At Auction March 23
Bid Now","(300, 600)"
"★
BECOME A BETTER MAN
IN 30 DAYS
BUY NOW
30 Days to a
BETTER MAN
by Mag
MANLINESS","(970, 250)"
"MANLINES
THE ART OF MANLINESS COLLECTION
-THE ART OF
MANLINESS
COLLECTION BOXED SET
Signed by Brett McKay
BUY NOW","(300, 250)"
"The
Illustrated
ART of MANLINESS
BRETT MCKAY and TED SLAMPYAK","(300, 250)"
"E
From commission rates to
property management issues","(728, 90)"
"YOU HAVE THE POWER
43 LAWYERS ON STAFF
POWERFUL INJURY LAWYERS
ONE CALL, THAT'S ALL!
1-800-CALL KEN OVER $1.5 BILLION RECOVERED","(728, 90)"
"BEHIND THE
CAMERA
WITH
CASPER RUUD
BREAK
POINT
WATCH ON
NETFLIX","(728, 90)"
"BEHIND THE
CAMERA WITH
MATTEO BERRETTINI
BREAK
POINT
WATCH ON
NETFLIX","(728, 90)"
"DOC LAB
INCORPORATED
We are your answer for in-house urology laboratory testing
How can Molecular Diagnostic tests be reimbursed
successfully under the new MolDX LCD?
(360) 991-0755
LEARN MORE","(728, 90)"
"DOC LAB
INCORPORATED
We are your answer for in-
house urology laboratory
testing
How can Molecular Diagnostic tests
be reimbursed successfully under the
new MoIDX LCD?
(360) 991-0755
LEARN MORE","(300, 250)"
"STRANGE
Luck
luckpresents.com
2023 EVENTS
in willie nelsons luck, tx
STRENCE THINGS
Moveme","(728, 90)"
"SHOP
NOW
8 hookey 2
12
13
10
CHECK OUT
OUR BRAND
NEW ONLINE
STORE","(970, 250)"
"Explorers
WANTED
Quark
Expeditions
Join the next
polar expedition →","(970, 250)"
"HONDA
The Power of Dreams
THINKS ABOUT THE NEXT MOVE.
SEES FURTHER. SEES AHEAD.
THINKS AHEAD
The New Honda Sensing Enabled City and City e:HEV
BOOK NOW
NEW
CITY
NEW
CITY
e: HEV","(970, 250)"
"HONDA
The Power of Dreams
THINKS AHEAD
The New Honda Sensing Enabled City and City e:HEV
BOOK NOW
CITY CITY","(728, 90)"
"Used by technicians
and
dealers alike
Auto Service
Professional","(300, 250)"
"Things I've Never Asked
Things I've Never Asked
My Girlfriend of Three
Years About Her Childhood
and High School Years
by Kayla Kumari Upadhyaya
AUTOSTRADDLE
Join A+ for just $30/yr and get
access to our exclusive content!
READ NOW","(970, 250)"
"AUTOSTRADDLE
A+ Roundtable
Do We Have Kids?
Do We Want to Have
Kids?
by THE TEAM
Join A+ for just $30/yr
and get access to our
exclusive content!
READ NOW","(300, 600)"
"U.S. Airport
Professional Program
Earn your USAP accreditation >>
ACT
NORTH AMERICA","(970, 90)"
"INNOVATION, PERFORMANCE, & VALUE
HSU
RESEARCH
ULS-15 MK2
""Buying my review sample""
Juan C. Ayllon, Ayllon Media, Oct 2015","(300, 250)"
"Need support
taking care of a
loved one?
See if the Arizona Family
Caregiver Reimbursement
Program can help
-DEPARTMENT OF
ECONOMIC SECURITY
DefAgd","(728, 90)"
"THE STATE OF SCIENTIFIC
MARKETING
'23 Market Report
Download Now
AZO
NETWORK","(728, 90)"
"Brand Awareness
Lead Generation
Content Creation
Create once.
AZO
NETWORK
Media Kit 2023
Digital Marketing & Advertising Solutions for
AZO
distribute forever.
Download Now","(300, 250)"
"If a hen
could choose...
Brinsea...
is adding the NEW
ChickSafe automatic coop door
openers to its range of incubators,
brooders, egg candlers
and starter kits.
All with 3 year warranty.
Brinsea","(300, 600)"
"Love to share your opinion?
Get rewarded with free products and prize
draws when you join our panel
mumsnet voices","(728, 90)"
"MOSSBERG
MC2c Compact
14+1/16+1 Capacity
MC2sc
Micro-Compact
11+1/14+1 Capacity
MC2® Pistols
LEARN MORE
OPTIC-READY. CARRY-READY.","(970, 250)"
"Home Services
provided by APEX BUILDERS GROUP
Mid-Atlantic PREMIER BUILDER
apexbuildersgrp.com info@apexbuildersgrp.com 443.850.6885
.","(728, 90)"
"STACY'S PITA CHIPS PRESENTS
RISE
Stacy's
Pita Chips
Stacy's Pita Chips is a Proud Sponsor of the Sundance Film Festival
WATCH NOW","(300, 250)"
"Patch Aid
Large Selection of Bariatric
Vitamins & Minerals on a
Patch
Vitamin Vitamin D3.Calcium Potch","(300, 250)"
"Things From Japan That
Foreigners Can't Grasp","(300, 250)"
"KLYSTRON
THE WORLD'S MOST
POWERFUL TELEVISION RADAR
9
CLICK TO VIEW
SPECTRUM BN
NEWS 9
Spectrum","(728, 90)"
"KLYSTRON 9
THE WORLD'S MOST
POWERFUL TELEVISION RADAR
CLICK TO VIEW
SPECTRUM BN
NEWS 9
EXCLUSIVELY ON
Spectrum","(300, 250)"
"=40
-135
+110
YOU FROM THE 'LAND? 205
YOU BET.
-34
DEPOSIT $200, GET $250
tipico
SPORTSBOOK
BET NOW
USA TODAY
SPORTS
Terms Apply. 21+ only. Bet with your head, not over it. Gambling problem?
Call 1-800-GAMBLER (NJ, OH), 1-800-122-4700 (CO), 1-800-BETS-OFF (JA)\
3
ليا","(300, 250)"
"Grow Your Savings with CD Specials
4.25%
for 25 months
4.25%
for 13 months
VIEW DETAILS
First Fed
Member FDIC | Equal Housing Lender
APY is Annual Percentage Yield","(728, 90)"
"BETFRED
SPORTSBOOK
KB
>> DOWNLOAD HERE
MUST BE 21+ WAGERS ONLY ACCEPTED IN OH GAMBLING PROBLEM? CALL OHIO PROBLEM GAMBLING HELPLINE AT 1-800-589-9966.","(300, 250)"
"mt manchester
medical center
URGENT MEDICAL
CARE WHEN YOU
NEED IT THE MOST
Your Health is Our Priority!
MORE","(300, 250)"
"BLACKVUE
DASH CAMERAS
ALL-IN-ONE 4K UHD FIDELITY AND LTE CONNECTIVITY
BlackVue
DR 970 X LTE SERIES
LEARN MORE
4K LTE
4K 4G
UHD LTE","(970, 250)"
"EURO
BISNIS MELESAT
DENGAN TEPAT
NEW
FE 74 HOS
A
CANTER
FE 71
FUSO
INFORMASI SELENGKAPNYA
KLIK DISINI","(300, 250)"
"FORTUNE
SUMMIT
Multi-stakeholder Platform for
Impactful Business Decision Makers
Conference Exhibition Networking Night
Businessperson of The Year-40 Under 40 Change The World Awarding
15-16 March 2023 | The Tribrate Dormowongso Jakarta
See your
IDN MEDIA
GENTA SATU COM","(300, 250)"
"*
The First Annual Robert Swann Lecture
SCHUMACHER ""Shifting Focus: Organizing for an Ecosocialist
Future"" featuring Kali Akuno
Author, activist and Cooperation Jackson Co-Founder
Sunday, Mar. 26 at 7:00 PM. Saint James Place, Great Barrington
REGISTER FOR FREE
CENTER
for a new economics","(728, 90)"
"HADDAD
FAMILY OF DEALERSHIPS
இயாைகம் gan
March Mania
Mega-Sweepstakes","(728, 90)"
"FREE DEVOTIONAL
A quiet time tool for busy moms
from Focus on the Family
The Jung
melalud
Download Now
FOCUS
FAMILY.","(728, 90)"
"Where
a Date Night
in NYC
to Have
READ MORE ON EATER
totale erizon","(300, 250)"
"DAY
BY
DAY
One year
BY of daily
devotions
GRACE
Theated of
Jour Chris
2328
BOB HOEKSTRA
BOB HOEKSTRA
MORE INFO","(300, 250)"
"Love to share your opinion?
Get rewarded with free products and prize
draws when you join our panel
Register
mumsnet voices","(300, 250)"
"30-Day Returns textbooks
.com
SM","(728, 90)"
"ITS UP TO YOU It's okay to question.
Now get the facts on COVID-19 vaccines. GetVaccineAnswers.org
ad
COUNCIL","(728, 90)"
"Spring Craft Festival
March 18 & 19
Shriner's Auditorium
Wilmington, MA
Arts ~ Crafts ~ Specialty Foods","(728, 90)"
"UNDER ARMOUR.
UA OUTLET
The new season is right around the corner.
Get the gear you need to get out in front of it.
SHOP NOW","(728, 90)"
"A MOUNTAIN OF
ENTERTAINMENT™
CRIMINAL MINDS:
EVOLUTION
* 1923 *
FANTASY
FOOTBALL
EXCLUSIVELY ON
mount+
TRY IT FREE","(728, 90)"
"4 26
CAN YOU BEAT THE SPREAD?
CHECK OUT THE LATEST ODDS AND SPORTS BETTING ANALYSIS.
MAKE YOUR PICKS","(728, 90)"
"ONE-STOP
CAN SHOP.
Sleeved Printed • Brites
●
SOURCE
COLLABORAT
COFFEE
0
REAT DIVIDE
RELEASE
Craft beverages
that look as good
as they taste.
NEED CANS?
PORTE","(970, 250)"
"ONE-STOP
CAN SHOP.
Sleeved Printed Brites
can SOURCE
COFFEE
E BREWED AND CANNED
GREAT DIVIDE
www
LIMITE
mmmmmm
COLLABORATION
AVA
P
O
Craft beverages
that look as good
as they taste.
NEED CANS?","(300, 600)"
"Get Cash Back
When You
Buy a Home
Learn More
Prevu","(300, 600)"
"IVAW
FORUMS
Z
COM
rivianforums.com","(728, 90)"
"564 G
.COM
TACOM
TACOMA4G.COM","(300, 250)"
"SUBARU
SOLTERRA
Power on Ready. Charge.
ROWERS
POLTA
EV
Discover the 100% electric Solterra","(300, 600)"
"Minding the
Generation Gap
Financial Literacy & Awareness
VIRTUAL EVENT
INSIDER
WATCH
NOW
%
| +
=men","(970, 250)"
"RESIDENTIAL LIVING for adults 55 and older.
SpringOPEN HOUSE
The Residence
at St. John
March 15th,
1:00-3:00pm
500 Wittenberg Way,
Mars, PA 16046
Lutheran
SeniorLife
St. John
Community
724-687-3372
Ask
about our
Move-in
Specials","(300, 250)"
"NOMINATE
a Butler County
FIRST RESPONDER
HOMETOWN
HEROES
BUTLER
COUNTY.","(300, 250)"
"xfinity
POWER PICKS
$40,000 IN TOTAL PRIZES
PLAY FAST. WIN BIG WITH XFINITY.
PLAY FREE
Eligibility restrictions apply. Vold where prohibited. MAR. 17-APR. 3 - CBB
See for","(300, 250)"
"2 Minute
DRILL
cancerNetwork
Engaging expert insights and knowledge
on the clock
WATCH","(728, 90)"
"cancervetwork
readout
360
Learn more with
complete coverage on
the latest studies
Read","(300, 250)"
"Dolly Parton's Talks
About Marriage","(300, 250)"
"DECAMILLA
CAPITAL MANAGEMENT, INC.
Established 1998
Knowledge. Trust. Confidence. Duty.
An independent money management firm that
adheres to a strict fiduciary standard.
Learn More","(300, 250)"
"TIRES AND OIL NEED CHANGING.
YOUR HEADLIGHT BULBS DO, TOO.
SYLVANIA
HEADLIGHT
SAVINGS TIME
LEARN MORE","(728, 90)"
"REGISTER
Powerful Perseverance
JE
COVID
Read, Reflect, And
Revive Your Faith This Lent
NATIONAL CATHOLIC
REGISTER GET 6 FREE ISSUES","(970, 250)"
"New
DVD!
GBN
GO! WE
SUPERBOOK
RIG OF
THE WEST
A LESSON IN
GENEROSITY
Plus an Easter
Double-Feature DVD!
Get Your DVDs
& Instant Streaming
Special 5-Disc Offer!","(300, 250)"
"MIRACLE,
LIVING
DIV
DuCTiON
RECEIVE EXCLUSIVE TEACHINGS
FROM CBN EACH MONTH!
BECOME A CBN PARTNER","(728, 90)"
"HOTWHEELS
MONSTER
TRUCKS
LIVE
GLOW PARTY
HO
MARCH 25-26
JOHN PAUL JONES ARENA
JUTKACHE","(300, 250)"
"HOW MARCH 25-26
MONSTER JOHN PAUL JONES ARENA
TRUCKS
LIVE
GLOW PARTY
HOL
JUTH.COM","(300, 250)"
"Ⓒ2025 MATTEL
MARCH 25-26
JOHN PAUL JONES ARENA
SHOTWHEELS
MONSTER
TRUCKS
LIVE
GLOW PARTY","(728, 90)"
"2023 SILVERADO
EVERY TRUCK TELLS A STORY.
MAKE YOURS A STRONG ONE.
HEART F
ALABAMA CHEVROLET
CHEVY DEALERS
Learn More","(728, 90)"
"2023 SILVERADO
EVERY TRUCK TELLS A STORY.
MAKE YOURS A STRONG ONE.
HEART OF ALABAMA CHEVY DEALERS
CHEVROLET
Learn More","(300, 250)"
"BLACK HAWK
ENERGY SERVICES
• Floor hand
NOW HIRING Derrick hand
•
FOR ALL WORKOVER. Operators
RIG POSITIONS
• Pump Operators","(728, 90)"
"BILL HOWE
PLUMBING. HEATING & AIR • FLOOD
Do you need a new Heating & Air System?
Get up to $1,500 off a new unit when you trade in your old system.
Take advantage of
Bill's Cash For Clunkers
Click Here for more details
SAVE
$1,500","(300, 250)"
"R
TARATI
MARCH
MADNESS
Reese's
UNIVERSITY
ENROLL TODAY","(300, 250)"
"Angi
Your home for
everything home.
20
Find Pros Now","(728, 90)"
"Leaving
Egypt
the f
Leaving Egypt
PODCAST
Singer/Songwriter Alex Mabey shares
how God's voice guided her through
her failed marriage and health
struggles
LISTEN","(300, 250)"
"Give hope
and healing
to the world
PROVIDE ESSENTIAL RELIEF AND RECOVERY GLOBALLY
The Advance
• Kind Katie : lhe fese Bds
GIVE
NOW","(300, 250)"
"SJ
JOIN OUR
TEAM
Freelance
Writer
Lewiston, Maine
APPLY NOW ►","(300, 600)"
"Stuck?
Snap a pic of a study
question - get an
Expert Answer fast*
Use Chegg Study
Chegg
-at!
0.04
X(M)
M
P
400","(300, 250)"
"Analytical SFC
As Easy As LC
• LC/SFC switching capability
• Small footprint
Automated
method
scouting
Learn More. Click here. SHIMADZU","(300, 250)"
"Doing
Millipore
SIGMA
cross-coupling?
Check out our
new ligands and Fe
precatalysts
Explore Now
-PR₂
-PAd₂
Sigma-Aldrich.","(300, 250)"
"SPAL
AUTOMOTIVE USA
UNRIVALED
PERFORMANCE
SPAL ELECTRIC COOOLING FANS","(300, 250)"
S BE MORE THAN A FAN,"(728, 90)"
"WHAT'S YOUR
NEXT MOVE?
Create your own headlines with
Companies on the Move
CRAIN'S
CHICAGO BUSINESS","(300, 250)"
"WHAT'S
YOUR NEXT
MOVE?
Create your
own business
headlines with
Companies
on the Move
Share Your News Now
CRAIN'S
CHICAGO BUSINESS","(300, 600)"
"WHAT'S YOUR NEXT MOVE?
Create your own headlines with Companies on the Move
CRAIN'S CHICAGO BUSINESS","(728, 90)"
"WHAT A WIN!
Community
America
KS
Open CHIEFS CHECKING and a HIGH
INTEREST SAVINGS ACCOUNT
GET UP TO
$250
APPLY NOW
OFFER
FER ENDS MAR 19 *Terms apply; minimum deposit required. Insured by NCUA.
DWIN
K
SATYA
VISA","(728, 90)"
"ChurchLaw&Tax
FREE WEBINAR
Retirement for Church Leaders
REGISTER NOW","(300, 250)"
"NEW 2023 Tax Guide
Now Available
2025
ORDER TODAY
$29.95
OFF
When you order
the book & PDF
PDF","(300, 250)"
"2min2x.org
Ad
Council
Healthy Mouths
Healthy Lives
1/
2MIN2X","(300, 250)"
"Read, Reflect, And
Revive Your
Faith This Lent
GET 6 FREE ISSUES
REGISTERE
NATIONAL CATHOLIC
REGISTER
READ FAITHFULLY","(300, 250)"
"flexcolor
New technologies,
profound effects.
PPPPI
FOMEX","(970, 250)"
"Best Coke. Ever?
#TakeATaste
Taste you
can't realst
ca-Cola
ZERO SUGAR
coca-col
alused under a","(300, 250)"
"Chegg
Search 25 million fully
explained homework questions
Try Chegg StudyⓇ","(728, 90)"
"CityBeat
BEST
OF CINCINNATI
CELEBRATION
2023","(300, 250)"
"Your next apartment is a click away.
Ⓒcleveland.com","(300, 250)"
"KPRC2+
DOWNLOAD FOR FREE & WATCH
Search a
Download on the
App Store
GET IT ON
► Google Play
Roku tv
fire tv
SMART TV","(728, 90)"
"SHAZAM!
FURY OF THE GODS
ONLY IN CINEMAS
MARCH 15
VISIT SITE
© 2005 WED TH","(300, 250)"
"(UC
SHAZAM!
FURY OF THE GODS
VISIT SITE
ONLY IN CINEMAS
MARCH 15
©2003 WORTH","(970, 250)"
"the
FIND A BETTER YOU.","(728, 90)"
"SKYWELLNESS™
30%
OFF
SITEWIDE
CODE: SLEEP30
SAVE NOW
*Terms & conditions apply.
PRODUCT
Consumer Survey of
2023
5
SLEEP
gumm
125mg
CBD
(A)
Motery
SLEEP
CBD","(300, 250)"
"READ THIS
WEEK'S
DIGITAL ISSUE! CLCREATIVE
LOAFING","(970, 90)"
"Angi
All your home
needs, all in
one place.
Find Pros Now
27-0","(300, 250)"
"moneycontrol PRO
Subscribe for
1 YEAR
—at just
365
Subscribe Now","(300, 250)"
"LET YOURSELF GO
See the world with the most trusted voice in travel","(728, 90)"
"Drive
$3 Use S3 as a
Local Drive
• Works with any S3-compatible
service
Free Starter Edition","(300, 250)"
"S3
Drive
Use S3 as a Local Drive
• Works with any S3-compatible service
• Free Starter Edition
www
888
0=
0=
0=","(728, 90)"
"D20
CONSENSUS
by CoinDesk
April 26-28 >> Austin, Texas
FIRST LOOK
THE CONSENSUS 2023
AGENDA IS HERE
VIEW AGENDA","(970, 250)"
"The new way to collect. Find, buy, sell
and track coins with Coin World+
COIN
WORLD+
CONNECTING COINS + COLLECTORS
LEARN MORE","(300, 250)"
"Your News. Your Way.
Get the Daily Collegian and hundreds more.","(728, 90)"
"""We must treat mental illness with
the same urgency and immediate care
as physical injury to reduce overall costs...""""
- ANTHONY HARTSOOK | Colorado Politics
Support HB23-1130
A bipartisan solution to
our mental health crisis.
Brain Health
Colorado","(728, 90)"
"SUPPORT HB 1215
TO STOP HIDDEN
HOSPITAL FEES
HEALTH
CARE
WITHOUT
COSTS
""HIDDEN","(300, 250)"
"THE BIG EVENT
IS COMING BACK!
COLORADO POLITICS
2023 LEGISLATIVE RECEPTION
MARCH 23, 2023
BROWN PALACE HOTEL
CLICK HERE
TO RESERVE TICKETS","(300, 250)"
"728
BOE
ticketmaster INFL
BE THERE FOR
EVERY PLAY.
SCORE TICKETS
TODAY.
The Official Marketplace
of the Colts.
Buy Tickets","(300, 250)"
"U
COLT FOR A DAY
SWEEPSTAKES
INDIANA FARM
BUREAU INSURANCE""","(728, 90)"
"BE THERE FOR EVERY PLAY.
SCORE TICKETS TODAY.
The Official Marketplace of the Colts.
t
NFL
Buy Tickets","(728, 90)"
"Backyard
Poultry
The Best News for Your Flock
The Backyard Poultry newsletter provides
the top information on poultry health, feed,
poultry breeds, and more!
Sign up for free today!","(300, 250)"
"CSO
50 Nominations for the 2023 CSO50 Awards are open!
AWARDS
Deadline: 04.24.23","(728, 90)"
"REIMAGINE
YOUR CLOUD AND
DATA STRATEGY
ATTEND
CIO's Future of
Cloud & Data Summit
APRIL 12, 2023
REGISTER","(300, 250)"
"Is connected
construction possible?
From ancient Rome to a
modern tech miracle.
Welcome to The Great Library
LEARN MORE
Trimble","(300, 250)"
"THE BEST SHOW IN THE
MODULAR INDUSTRY
RETURNS
2023 WORLD OF
MODULAR
ANNUAL CONVENTION & TRADESHOW
REGISTER NOW & SAVE!
3/29 - 4/1 JOIN US!","(300, 250)"
"Innovate
faster -
with quality custom parts
Start Your Instant Quote
Xometry.
WHERE BIG IDEAS ARE BUILT","(300, 600)"
"Searching for a new job?
888888","(300, 250)"
"MATICK
CHEVROLET
ALL CORVETTES STORED
INDOORS IN AMERICA'S
LARGEST CHEVY SHOWROOM","(728, 90)"
"HOFFMAN
LAW FIRM, LLC
INJURED?
Call 854-Lawyers
Responsible Attorney | David Hoffman
7087 Rivers Avenue
N. Charleston, SC 29406","(728, 90)"
"C
CLEKIS
Call Clekis.
We Listen
to You.
Personal Injury Accidents
• Worker's Compensation.
• Wrongful Death.
843-900-0000
2850 Ashley Phosphate Rd.
North Charleston SC 29418","(728, 90)"
"DREAMWORKS
Puss
IN
BOOTS
THE LAST WISH
STREAMING
ON
peacock
STREAM NOW","(300, 250)"
"CPA
Practice Advisor
The
Technology
Lab Podcast
NEW EVERY SATURDAY
Featuring
Randy Johnston
and Brian Tankersley
Listen Now","(300, 600)"
"COMMITTED to
Building a
stronger
workforce.
Cultivating homegrown
talent to keep Colorado
competitive.
SANTIA
COLORADO
COMMUNITY COLLEGE SYSTEM
Learn More","(300, 600)"
"PEOPLE
THE MOVE
ON
Showcase industry leaders
and their careers LEARN MORE
HI
El iii","(728, 90)"
"CRASH
YouTube
Lenovo
n NetApp
MON
1
CAT
InipolSal","(970, 250)"
"D
AB
CRICIIRUSH
COLLECT PLAY. WIN
UNLOCK
EXPERIENCES
& CASH PRIZES.
SIGN UP TODAY","(300, 250)"
"UCONN HEALTH MINUTE
Treating Complex Spine Disorders","(970, 90)"
"PBS
KIDS
ENTER FOR YOUR
CHANCE TO WIN A
ROSIF!
Rules
PUZZLE!","(300, 250)"
"Rise Above...
American
Underca
Premium Steering and Suspension","(970, 250)"
"cure MULTIPLE
EDUCATED PATIENT* MYELOMA
SUMMIT
SATURDAY
April 8, 2023
11 AM ET | 8 AM PT
SUMMIT CHAIR
Brandon Blue, M.D.
Clinical Instructor
Department of Malignant Hematology
Moffitt Cancer Center
Learn More","(728, 90)"
"Improving
patient lives
is not what
we do, it is
who we are.
MH life sciences
knowledge that matters
Explore more","(300, 600)"
"Sale ends March 31st!
One-Month-Only
Window & Patio Door
Flash Sale
Renewal
by Andersen.
WINDOW REPLACEMENT in Andersen Company
The Better way to a Better Window","(300, 250)"
"Barbara Weinstock Lectures on the Morals of Trade
Slavery in the Economy
of the Anthropocene
Lecture by Kevin Bales
March 14 & 15, 2023, 4:10 P.M.
Alumni House, Toll Room
UC Berkeley Campus
Berkeley Graduate Division","(300, 250)"
"It's dangerous to shop alone.
dot recs DotRecs offers in-depth reviews of everything
worth your cash on the internets.
Learn More","(728, 90)"
"Start your day
with the best
(and worst) of
internet culture.
Stay in the know with Daily Dot's
Internet Insider newsletter.
Learn More","(300, 250)"
"Give your business
more flexibility with
this connectivity.
CALL ME BACK ►
Telkom
BUSINESS
T&C APPLY. E&OE.","(300, 600)"
"SATHYABAMA
INSTITUTE OF SCIENCE AND TECHNOLOGY
(DEEMED TO BE UNIVERSITY)
ADMISSIONS OPEN 2023
ENGINEERING | ARCHITECTURE I MANAGEMENT
ARTS & SCIENCE I LAW IDENTAL | PHARMACY
NURSING | PHYSIOTHERAPY
APPLY NOW","(728, 90)"
"black hat
ASIA 2023
MAY 9-12, 2023
MARINA BAY SANDS/SINGAPORE
LEARN MORE","(300, 250)"
"excool
advanced data center cooling
THE MOST ADVANCED
DATA CENTER COOLING
IN THE WORLD","(728, 90)"
"THE MOST ADVANCED
DATA CENTER COOLING
IN THE WORLD
excool
advanced data center coolt","(300, 250)"
"""That Spring Thing""
HOMETOWN
EXPO
SPRINGBORO
HIGH SCHOOL
MARCH 18","(300, 250)"
"COSTCO
EWHOLESALE
COSTCO
CLAS
COSTCO
HIRING CDL DRIVERS!!!
STARTING DRIVER PAY IS
$33.35/hr","(728, 90)"
"HIRING CDL DRIVERS!!!
STARTING DRIVER PAY IS $33.35/hr
COSTCO
WHOLLAN
COSTCO
Low ""Out-of-Pocket"" Cost Comprehensive Benefits
9 HOLIDAYS A YEAR!!
******
COSTCO APPLY TODAY
WHOLESALE
NOMINATED
Best
OF THE BEST
Frederick Campus/Depot 1052/1053/1996/731","(300, 250)"
"JUNE 28 2023 JULY 4
SOLDEST RODEO TICKETS ON SALE","(728, 90)"
"ORDER YOUR DREAM VEHICLE TODAY WITH
LAMB CHEVROLET'S PRE-ORDER PROGRAM!
✓ VISIT LAMB CHEVROLET
SPEC OUT YOUR IDEAL VEHICLE
WE'LL ORDER IT FOR YOU!
...IT'S THAT EASY!
""MOST VEHICLES REQUIRE A DEPOSIT AS LOW AS $1,000 TO RESERVE ORDER. SEE DEALER FOR DETAILS.
LAMB
CHEVROLET
SHOP NOW","(300, 250)"
"Angi
All your home needs,
all in one place.
Find Pros Now","(728, 90)"
"The MIXPAC™ stamp
ensures genuine
Swiss quality
MIXPAC™
THE ORIGINAL
SERERSEITS
IXPAC
medmix
Learn More","(970, 250)"
"Catch Up on What You Missed from
Winter Clinical Hawaii
Dermatology
Explore Conference Coverage","(728, 90)"
"ww
SPER
Free Online CME
Covering a Wide Variety of
Multi-Specialty Topics
Click to Learn More gotoper.com
PER","(300, 250)"
"Custom Window
BUY 1
GET 1
Treatments
50%
Designed To Fit Your Space Off*
Book Now >
3DAYBLINDS®","(728, 90)"
"SUIVEZ NOUS SUR YOUTUBE
STAND BELLECT
BERANQUE ALBERTY CITY CACHE DE LA
y
TRYWAT
PEN
CALF DUTY
BEST OF AL
OPS 2 LAMELLE
2.0
OF SPEE
JOUEUR
TEAM
VITALITY MOUR
ch
QUEST","(728, 90)"
"pop.
tarts
GET SOME >","(728, 90)"
"hulu
Original Series.
Hit Shows.
LLECTRIC MIST
Movies and more. Start Your Free Trial
GIRL
Alpac
GRIEK","(728, 90)"
"xfinity
$40,000 IN TOTAL PRIZES
PLAY FAST. WIN BIG WITH XFINITY.
Eligibility restrictions apply. Void where prohibited. See www.draftkings.com/xfinity for details.
PLAY FREE","(970, 90)"
"LUMIX S5
The LUMIX you've been waiting
for with Phase Hybrid AF
SHOP NOW >
LUMIX
LUMIX
S51
LUMIX
PRO SERVICES
WE'VE GOT YOU COVERED
FREE 3 YEAR WARRANTY","(970, 250)"
"LUMIX S5
The LUMIX you've
been waiting for with
Phase Hybrid AF
SHOP NOW >
LUMIX
PRO SERVICES
WE'VE GOT YOU COVERED
FREE 3 YEAR WARRANTY
LUMIX","(300, 250)"
Don't gamble on NFT's.,"(970, 250)"
"hfa rumblefish
STREAMLINE YOUR MUSIC
ROYALTIES
LET'S CONNECT","(300, 250)"
"Save up to
25%
on rooms at
select Disney
Resort hotels
WALT DISNEY World.
CDisney
Get Details","(300, 250)"
"Stay, Play and Dine
with this special offer
WALT DISNEY World.
CDisney
Get Details","(300, 250)"
"Save up to
15%
DISNEY 100 Disneyland
CDisney
at a Disneyland®
Resort Hotel
on select Sunday-Thursday nights
from 3/12/23 to 6/8/23.
Book now thru 6/5/23.
Learn More","(300, 250)"
"Be a part of the
celebration
Park reservations required
DISNEY 100 Disneyland.
Disney
Learn More","(300, 250)"
"D
D
Dividend.com
20 Year-
Increasing
Defense
Contractor
Reaffirmed in
Best Dividend
Protection Stocks
Model Portfolio
LEARN MORE ▸","(300, 600)"
"O Dividend.com
Are you on the hunt for dividend income?
Use our industry-leading Best Dividend Stocks list to find top-rated
dividend stocks.
View Now","(728, 90)"
"IXLA Kinder-
Aa
garten
Math
Practice
1st
Grade
2nd
Grade
3rd
Grade
%
4th
Grade
5th
Grade
6th
Grade
7th
Grade
X²
8th
Grade
Algebra
1 & 2
Geometry
f Precalculus","(728, 90)"
"SPRING BREAK
YOUTH CAMPS
Presented by invisalign
YOUTH CAMPS
14
YOUTH CAMPS
MARCH 14 & 15
AT&T STADIUM
REGISTER NOW","(728, 90)"
"2023 DALLAS COWBOYS
SPRING BREAK YOUTH CAMPS
Presented by invisalign
Covies
Be
YOUTH CAMPS YOUTH CAMPS
REGISTER NOW","(300, 250)"
"SPRING BREAK YOUTH CAMPS
YOUTH CAMPS
********
YOUTH CAMPS
Presented by
MARCH 14 & 15
AT&T STADIUM
REGISTER NOW","(970, 250)"
"thedallasopera™
A FRESH NEW TAKE ON MOZART'S ROMANTIC COMEDY!
MOZART
COSÌ FAN TUTTE
MARCH 24 - APRIL 1","(970, 250)"
"YUMMY
COMBS
*
a
Nutriti
Wellne
NOW
Safest, Most Nutritious Flossing Dog Treat
Nurturing Optimal Wellness!™
SHOP NOW!","(728, 90)"
"A short walk goes
long way for
your health
It's just one more way
that your dog improves
your life.
NI","(300, 600)"
"-
FRY TIME","(970, 250)"
"SHANDON
HOTEL & SPA
+ Take Me Shandon","(728, 90)"
"Happy
St. Patrick's
Day!
ENTERTAINMENT AT THE SQUARE
FROM 1.30PM. PARADE STARTS AT 3PM","(300, 250)"
"T-MET
NEW & USED CAR PARTS
AVAILABLE FOR
ALL MAKES & MODELS","(300, 250)"
"Make the forest
part of your story.
DISCOVER the FOREST.org ad","(728, 90)"
"MARCH
HOOPS
CHALLENGE
PRESENTED BY
Coors LIGHT.
$4,000 IN DAILY PRIZES
WINNING HAS NEVER BEEN THIS Chill
MAR. 14 - APR. 3. CBB - 21+
PLAY FREE
Eligibility restrictions apply. Must be 21+ to enter. Void where prohibited. Void in VA
See draftkings.com/coorslight for details.
Coors
LIGHT","(970, 250)"
"US STEEL BUILDINGS
MENE
Garages | Workshops | Bams | Barndominiums | Storage Buildings |
& More
Free Estimates Engineered Plans | Construction Crews Available | Contact Us NOW!","(300, 250)"
"Four Corners Eye Clinic
SPECIALIZING IN MEDICAL AND SURGICAL EYE CARE
FREE Glaucoma Screening
MARCH 16, 2023 from 3-5pm","(300, 250)"
"Fetch
Charlotte
Actionable Growth &
Wellness
Education
Endless
Human
Inspiration Connection,
fetch
CONFERENCE
MARCH 24-26 | CHARLOTTE, NC","(300, 250)"
"INNOKIN
INNOBAR C1
GOLDEN LEAF
AWARD
THE WATER-BASED POD VAPE
New Flavours and Colours Launch!
INNOBAR C","(970, 250)"
"A
Earn More Green!
4.50
Balances $250,000-$1,000,000
Maximum balance: $1,000,000
%
APY
GOLD Money Market Account
*Learn More
INSTITUTION FOR SAVINGS
BUILDING STRONGER COMMUNITIES TOGETHER SINCE 1820.
Member FDIC
Member DIF","(300, 250)"
"Earn
More
GREEN!
4.50
B$250,000-$1,000,000
Mbele $1,000,000
GOLD
Money Market Account
Available to individuals and businesses.
*Learn More
INSTITUTION FOR SAVINGS
BUILDING STRONGER COMMUNITIES TOGETHER SINCE 1830.
Member FDIC. Member DIF","(728, 90)"
"2023
THE PENINSULA NEWS
BEST
Peninsula
Reader's Choice Awards
VOTE
Vote Now Thru March 26th","(300, 250)"
"Making Ahwatukee
home dreams come true
since 1986.
WEST
USA
WestUSA
REALTY","(728, 90)"
"00
NAD
years
Learn More","(300, 250)"
"DESIGN GUIDE ON
CONNECTORS
In this Design Guide, the editors of
EEWorld Online help you answer
some of the ""What, When, Why""
questions around connectors,
particularly in industrial
applications.
BROUGHT TO YOU BY:
EEWorld
ONLINE
DOWNLOAD PDF GUIDE","(300, 250)"
"Searching for a new job?
BABBBBI
DODGO","(300, 250)"
"EE Times
ELECTRONICS NEWS
ADVANCED AUTOMOTIVE
TECH FORUM 2023
Virtual Event
March 28-30, 2023
REGISTER NOW","(728, 90)"
"America's Weather Team™
FOX
WEATHER
WATCH NOW","(300, 250)"
"America's
Weather Team™
FOX
WEATHER
WATCH NOW","(160, 600)"
"FOX America's Weather Team™
WEATHER
WATCH NOW","(728, 90)"
"****
POLITICO
Future Pulse
The collision of health
care and technology.
Sign Up Today","(728, 90)"
"POLITICO
The Long Game
A newsletter for leaders
who are building a
sustainable future.
SIGN UP NOW","(300, 250)"
"EETimes POWER
ELECTRONICS NEWS
A ROADMAP TO NEXT-GENERATION
ELECTRIC & AUTONOMOUS VEHICLES
Virtual Event
March 28-30, 2023
ADVANCED AUTOMOTIVE
TECH FORUM
REGISTER NOW","(970, 250)"
"FORES
YOUR TALENT. OUR TAPE.
Scotch 75
ELECTRICAL TAPE YEARS
BUY
NOW","(300, 250)"
"E Engineering
Training Days
2023 Series
EE World presents a series of online
educational days addressing specific
design challenges, new techniques,
and engineering skills.
Brought to you by:
EEWorld
ONLINE
REGISTER","(300, 250)"
"EE Times
JAN 16 MAR 31
Analog Everywhere
Solutions for your Analog
Design Challenges
VISIT NOW","(300, 250)"
"Smaller is Stronger!
New Generation 35-350W AC/DC SMPS - LM-R2 series
✓ Compact size ✓ Cost-effective
High quality
us CE CB
www
MORNSUNⓇ","(728, 90)"
"MORNSUNⓇ
NEW GENERATION 35-350W AC/DC SMPS
- LM-R2 SERIES
CE CB [8]
* Compact size
* Cost-effective
High quality
*
Contact Now","(300, 250)"
"Data Acquisition platform
analyzes vibration events
synchronously
CN0582
CbM REFERENCE DESIGN
ANALOG
DEVICES
BUY NOW","(728, 90)"
"FREE FEBRUARY 2023 COUPON CODES
GET CODES","(728, 90)"
"meviy
YOUR BUILDS ARE OUR PRIORITY
Save time getting quotes with MISUMI's
digital on-demand manufacturing platform
1996
B
273
For CNC Machined &
Sheet Metal Components
Learn More","(300, 600)"
"meviy
YOUR TIME
IS VALUABLE
Don't Wait for Quotes
Upload & Save
CNC machined &
sheet metal parts
Learn More","(160, 600)"
"Enid's & NW Oklahoma's longest
running Readers' Choice Awards!
BEST
READERS
CHOICE AWARDS
Enid News & Eagle
2023
Coming Soon!!
Nominations begin May 2023!","(300, 250)"
"BEST
READERS
CHOICE AWARDS
Enid News & Eagle p
2023
Enid's & NW Oklahoma's longest running
Readers' Choice Awards!
Coming Soon!! Nominations begin May 2023!","(728, 90)"
"The Pet Salon
Full Service
Grooming for
both Dogs &
Cats
Boarding
Daycare
626 N. Van Buren, Enid
580-233-7387","(300, 250)"
"The Pet Salon
626 N. Van Buren, Enid
Full Service Grooming for
both Dogs & Cats
Boarding Daycare","(728, 90)"
"GENUINE
VALUE
CARING
SERVICE.
Every Family.
Every Day.
MMO
Established 1970
Ladusau-Evans
Funeral Home and Crematory
and Crematory of Enid
Phone (580) 233-1400
2800 N. Van Buren
Enid, OK 73703","(970, 90)"
"ENR AWARD of
EXCELLENCE
REGISTRATION
IS OPEN
APRIL 13-14, 2023
PIER SIXTY AT CHELSEA PIERS
NEW YORK CITY","(300, 250)"
"Dozens of
ancestries
TYRT MONE","(728, 90)"
"mpb.com
How much are you holding on to?
Get a free quote in seconds.
Buy Sell-Trade
Create","(728, 90)"
"BATH
FITTER
SAVE 10% OFF
UP TO $400
BEFORE
START TODAY ►","(300, 250)"
"Awards
Celebrating the most impactful
players in the ETF industry
Event Date: May 2, 2023
RESERVE NOW
2023","(300, 250)"
"motorway
Need to sell your car?
Get your best price from
5,000+ dealers
Sell your car >","(300, 250)"
"STOP
AAPI
If you see or experience
HATE a hate incident, report it at
stopaapihate.org
@StopAAPIHate
Ad space donated by Davis","(728, 90)"
"STOP AAPI HATE
If you see or experience
a hate incident, report it at
stopaapihate.org
O @StopAAPIHate
Ad space donated by Ziff Davis","(300, 250)"
"ACE SOLAR
Stop Paying Too
Much For Electricity
Switch to Solar.
40% USDA Grant Funding
up to 40% Federal Tax Credit
SAVE ON POWER","(300, 600)"
"is
SPRING
the AIR
b
Use Spring30
to get free shipping
Us Farmer on orders over $300
A Farms.com Company
Promotional offer
only available in the
Continental US.
shop.usfarmer.com
NEW HOLLANE
L
OLIVER
""FINEST IN
FARM
MACHINERY","(300, 250)"
"PREDATOR
miss nothing
JETZT KAUFEN","(320, 50)"
"KLINE
Inconel/Titanium/Carbon fibre
Exhaust Boutique
www.kline-innovation.com","(728, 90)"
"FIBA
We Are Basketbal
OFFICIAL TIMEKEEPER
T+ TISSOT
SHOP NOW >","(728, 90)"
"Plants
for a
Better Planet
EARLY Growing Knowledge
Lecture Series
BIRD
SPECIAL
Course begins April 19, 2023
$74.99-$59.99
Discount ends March 31, 2023
Sign Up Now!","(300, 250)"
"MATJACK
Matjack F/R Series
when failure isn't an option!
Steel and Kevlar 120psi. / 150psi. / 175psi.
Best 5 Year
Warranty
Made in
the USA","(728, 90)"
"OLION
INTENSE, REALISTIC
DIGITAL FIRE TRAINING
JUST GOT BIGGER.
Experience the HyperFire™!
CHECK IT OUT AT
FDIC BOOTH
#1323
but at
SARAY","(300, 250)"
"MATJACK
Matjack F/R Series
when failure isn't an option!
Steel and Kevlar-120ps/100psi. /175","(320, 50)"
"FIREFIGHTER
STAIRCLIMB
LEUKEMIA
LYMPHOMA
SOCIETY
CLIMB
CONQUER
CURE","(300, 250)"
"UFHealth
UNIVERSITY OF FLORIDA HEALTH
Complex
neurological
condition?
When others
can't, we can.
Neuroscience Institute","(300, 250)"
"DRUG PRICES
GOT YOU DOWN?
Never pay inflated drug prices again!
$80%
Save
up to
on prescription drugs.
CLICK FOR DETAILS
1-888-791-3784
PlanetDrugsDirect.com","(300, 250)"
"MOD
Ms
PRESENTS
DOWN THE LINE
OUT NOW!
EPISODE 4
WITH
JOHAN CLAREY
CLICK TO
WATCH ON
You Tube
/FISALPINE","(970, 90)"
"Save for
their future...
FutureScholar
South Carolina's 529 College Savings Plan","(728, 90)"
"TEMPORADA 1
GREY'S ANATOMY
141
TERÇA AS 21 HORAS
EXPERIMENTE 7 DIAS
R$69.900
AO VIVO
SONY CHANNEL
uol PLAY
VERIFIONE A CLASIFICAÇÃ
wling rangunka he ding wat","(300, 250)"
"Food Navigator
USA
Plant-based meat:
Beyond the honeymoon
period
EDITORIAL WEBINAR
WEDNESDAY MARCH 22
11:00AM CT
REGISTER TO WATCH IT
LIVE OR ON-DEMAND","(300, 600)"
"GEORGETOWN UNIVERSITY
Your next
chapter
starts here.
Earn an Online Master's in
Applied Intelligence
Be continued.
M₂ A","(300, 600)"
"6
Celebrite
ENTERPRISE
SOLUTIONS
Endpoint Intelligence Anywhere:
Targeted Remote Collection for
the age of Remote Work
Learn More","(300, 250)"
"Hansen
SUPER TECHS
Special Offer!
$50 off any repair
Not combined with any other offer.
Offer ends May 31, 2023
HansenSuperTechs.com
855-5-HANSEN","(728, 90)"
"PRES
Hansen
SUPER TECHS
Special Offer!
APEX Club
Membership for
$148, regularly
priced at $199.
HansenSuperTechs.com
855-5-HANSEN
Call for more details. Offer ends May 31, 2023","(300, 250)"
"TOM SINAS
Voted Best Personal Injury Attorney
in Grand Rapids
Best of
Grand Rapids
2020-21 Readers P
S
SINAS DRAMIS
SINCE 1951","(728, 90)"
"RENEWAL
by ANDERSEN
FULL-SERVICE WINDOW & DOOR REPLACEMENT
BUY ONE GET ONE
40%
OFF
windows & patio doors","(300, 250)"
"Litchke
Farms
wwwwwwwww
715-399-2197/218-390-7127
Producing The Finest Quality, Locally Raised Beef Since 1980
LitchkeFarms.com
WISCONSIN
STATE
INSPECTED
COMPORT & CIT
FOR SALE
ELIVERY AHAILABLE","(300, 250)"
"NEED HELP HEATING C F
YOUR HOME?
50
40
LEAP CAN HELP.
LEAP OFFERS HEATING
HELP TO QUALIFYING
HOUSEHOLDS.
CLICK HERE FOR MORE INFORMATION
AND TO APPLY ONLINE
LEAP
EL PASO
COUNTY
Department Of Hamas Services
30
1885 88
20
10
10
20
30
10
80
6
dadadan
20
0
20","(300, 250)"
"Principal Office Austin-Appointment Only: Waco
LORENZ & LORENZ
Ted Lorenz
Is On TOP Of It!
Contact Us Today","(300, 250)"
"Considering
Medicare Plan?
Learn more
AARP Medicare Plans
from UnitedHealthcare","(300, 250)"
"3DF
UNLIMITED
DOWNLOADS
UNMATCHED
VALUE
FIGURES FOR
POWERPOINT
GET STARTED >
A
PresenterMedia
POWERPOINT GRAPHICS
and TEMPLATES","(300, 250)"
"WE'LL FIND THE
DOORS FOR YOU
You decide
which one
to open
Find your
next job
MEDJOBBOARD.COM","(728, 90)"
"A little bird told me to...
Fall for Arlo during our
Up to 20% off Autumn Sale.
As the nights grow longer it is time to
protect your everything with BIG savings
on selected products.
TIME OFFER
T
LIMITED
UP TO
20% OFF
RRP
6.22 MARCH
learn more ▸
arlo
arlo
Protect Your Everything
K","(300, 250)"
"Not liberal. Not conservative. Just local.
The Times
Get our free
newsletters","(728, 90)"
"YOUR NEXT FISHING
STORY BEGINS
RIGHT HERE.
Start your trip
LAKE ERIE
FISHERY
ASHUS","(300, 250)"
"ASUS
ASUS Zenbook 14 Flip OLED
Intel® Evo™ platform powered by
Intel® Core™ i5 processor
LEARN MORE
intel.
ASUS
No.
OLED evo
LAPTOP BRANDIN
MALAYSIA &
THE WORLD
15","(728, 90)"
"Va
REPUBLIC OF
GAMERS
UNLEASH THE LEGEND INSIDE
with 13 Gen Intel® Core™ 19 Processor
ROG STRIX
SCAR 16/18
Beat The Best. Break All Limits.
BUY NOW
Beyond Performance
Buy now at https://my.roges/gaming-aptops-imel
intel
CORE
19","(300, 250)"
"WAD
THUNDER
GET YOUR BONUS
& DOMINATE THE SKIES!
WARTHUNDER.COM
PLAY
FREE NOW
BONUS","(970, 250)"
"Alastair
Stewart
& Friends
GBNI
BRITAIN'S NEWS CHANNEL
GB News is free, live
and available 24/7
WATCH LIVE","(728, 90)"
"GBNI
BRITAIN'S NEWS CHANNEL
Download the
GB News App now
Available on the
App Store
GET IT ON
Google Play","(728, 90)"
"THERE'S ANOTHER WAY TO GIVE!
DONATE A VEHICLE
GIVE TODAY","(728, 90)"
"Dozens of
ancestries
fon","(300, 250)"
"MONEY
HACKS
Brought to you by:
GeekWire
BECU
Learn More","(970, 250)"
"SUNFUN 2023
Aerospace EXPO
Capture
the Magic'
28 GO
AVIATION MARCH 2
APRIL
Get your tickets now!","(300, 250)"
"BoardingArea
All of the best frequent flyer
blogs, all in one place.
Download on the
App Store
GET IT ON
Google Play
ding","(300, 250)"
"FREE EBOOK
Strengthen
your marriage
today with this
free resource
from
FOCUS FAMILY'
Download Now
KELNAMEY
Nine Questions
To Ask Your Spouse
To Your Me","(300, 250)"
"GolfMagic
YouTube","(970, 250)"
GolfMagic YouTube,"(300, 600)"
"PLAN
YOUR
CHILD'S
FUTURE
British Boarding
SCHOOLS
Show
HONG KONG SINGAPORE
MARCH 23
MARCH 25
REGISTER FOR YOUR FREE TICKETS NOW AT SCHOOLSSHOW.COM","(300, 250)"
"Individualised
for ages 2-18, N. London
North Bridge House
co-education
Book a visit","(300, 250)"
"#)
BIE
HIGH
Hampton Court House
A leading independent day school for ages 2-10
Ranked in the Top 10 London independent schools
Over 70% A*/A grades, A Levels 2022
Open Mornings held weekly
#Achievement With Heart
School 2023","(300, 250)"
Something Special is happening at Godstowe,"(728, 90)"
"ROYAL
HOSPITAL
SCHOOL
NAVIGATING
SUCCESS
Top Boarding School Ages 11-18","(300, 250)"
"King's
InterHigh
LEADING ONLINE SCHOOL
The World's First IB Diploma Online","(728, 90)"
"00
NEIGHBORS ANTILE CO.
NEIGHBORS
-Mercantile Co
Thank You For Voting For Us!
""BEST SPORTING GOODS
AND RUNNER UP FOR
""BEST GIFT SHOP
111","(300, 250)"
"Harvest more with
Sunflower Savings!
3.50%
APY
LEARN MORE
First Fed
Annual percentage yield (APY) is variable
First Fed is a local WA bank and Member FDIC.","(300, 250)"
"2023
Construction Cost
Trends Webinar:
Insights and Impacts From
Across the Industry
WATCH NOW","(970, 250)"
"Why use someone in
Middlesbrough","(300, 250)"
I want one...,"(728, 90)"
"L
TO MY
HUSBAND
OWL ALWAYS
LOVE YOU
Unlock all premium designs & features
Go Premium","(728, 90)"
"GEREELLENM
MURRAY MCMURRAY
Enter for a chance to win this
package valued at $280!
Hed
Poultry","(728, 90)"
"YOUR ON
2023 is
with
island
finance
islandfinancetrinidad.com
483-8117 800-IFTT (4388) LEARN MORE","(300, 250)"
"DON'T SHORT
CHANGE YOUR Sagicor
RETIREM__","(300, 250)"
"BRYANT
BRRIDGE
AUCTION
COMPANY
Let US Sell Your Guns!
Click here","(970, 90)"
"ShooterKing
OUTDOOR CLOTHING
& APPAREL","(300, 600)"
"normaⓇ
DEDICATED SINCE 1902
NORMA WHITETAIL
ma
WYLTET
TETAIL
.243 Win, .270 Win, 7mm Rem Mag, .30-06 SPR
6.5 Creedmoor, .300 Win Mag","(300, 250)"
"Feel the drip
PORTLAND","(728, 90)"
"+ digitaltrends
NEL
The best
shows on
Netflix right
now
умыни
T
OF DUTY
TV P
***
d
READ MORE","(300, 250)"
"ODIO
Rockford Fosgate
UNRELENTING
PERFORMANCE
All New M5 Amplifer
Audio Kits
LEARN MORE","(970, 250)"
"OFFSHORE
HOLOGY
CONFERE
1-4 May 2023
NRG Park, Houston, Texas, USA
.........
...............
2023.otcnet.org
DO YOU WANT TO JOIN THE CONVERSATION WITH
THE BRIGHTEST MINDS IN OFFSHORE ENERGY?
YES, I WANT TO ATTEND
Offshore
Technology
Conference
2023","(970, 250)"
"Roberts
Hawaii
BOOK YOUR
EXPERIENCE NOW","(300, 250)"
"now
Hhow Skincare
for Your ZIP Code
Weekdays 7-8am
KGMB K5
HINowDaily.com
Sponsored by
Pour Moi
CLIMATE-SMART","(728, 90)"
"Curated selection
and 365-day returns.
Shop Now
A
HEADPHONES.COM","(300, 600)"
"Get our nutrition
newsletter
Expert advice
right in your inbox
SIGN UP
healthline","(300, 250)"
"Get daily tips
to eat well
Subscribe to our
nutrition newsletter
SIGN UP
healthline","(300, 250)"
"LOMBARDI'S
italian restaurant & wine bar
Bellingham Everett Marina Mill Creek
MAKE A RESERVATION
MILL CREEK
425-892-2931
EVERETT MARINA
425-252-1886
SPRING
SPECIALS
lively spring ingredients
always fresh, vibrant, & delicious.","(970, 250)"
"PORT GAMBLE
WEDDINGS & EVENTS
Grand Wedding Showcase
TOUR OUR VENUES
ENJOY A NUMBER OF
LOCAL INDUSTRY VENDORS
APRIL 23RD, 2023
11AM TO 3PM
RSVE WITH US AT
PORTGAMBLEWEDDINGSORAYDIENT.COM","(970, 90)"
"TWO VENUES
PACKAGE PRICING
PORT GAMBLE
WEDDINGS & EVENTS
UNRIVALED CLIENT SERVICE
WWW.PORGAMBLEWEDDINGS.COM
CALL FOR A TOUR
360-297-8074
f","(728, 90)"
"s1jobs.com
Awards
natin Quarriers)
CELEBRATING
SCOTLAND'S
RECRUITMENT
SECTOR
NOW
OPEN FOR
ENTRIES","(300, 250)"
"s1jobs.com
Awards
Quarriers
CELEBRATING
SCOTLAND'S
RECRUITMENT SECTOR
NOW
OPEN FOR
ENTRIES","(728, 90)"
"TI
A new generation of audiophile Pro-Ject
entry level turntables
AUDIO SYSTEMS","(728, 90)"
"PHILIPS
Fidelio T1 Headphones
Crafted
for life on the go
Read more >","(300, 250)"
"Pro-Ject
AUDIO SYSTEMS
THE
BRISTOL
SHOW
SEE US THERE
24"" - 26 FEB 2003","(300, 250)"
"NEW
Silver 100 Limited Edition
Own a
piece
of history
£899.00
-2022
SELECT
stereone
APPLAUSE
KAN WARIS
AWARD
MONITOR AUDIO
Available exclusively from
Sevenoaks Sound & Vision
stores nationwide
SEVENOAKS 50
SOUND & VISION","(300, 250)"
"PHILIPS
Fidelio T1 Headphones
Read more >","(728, 90)"
"MARVEL STUDIOS
CAPTAIN
MARVEL
Stream Exclusively
Disney+
Start Free Trial
©2019 MARVEL","(300, 250)"
"Start
3 Easy Steps: 1: Click ""Start"" 2: Download Shopping Extension 3: Apply Coupon Codes!
Capital One
Shopping
bestpromocodes.co","(970, 250)"
"WORD
Monethe
Unlock your blog's true
revenue potential
Streamline Monetization,
Site Speed and More
GET STARTED","(970, 90)"
"Feed their inner
hen ambitions.
B
Nutrena
M
Find a Store >
Nutrena
What we cou
1/ZOPEN
NatureWise
CHICK STARTER GROWER
PROTEIN CRUMBLE
in
6%","(300, 600)"
"WHITE
LABS
PURE YEAST & FERMENTATION
THE VAULT
RELEASE THE YEAST
Exclusive Strains.
Limited Release.","(728, 90)"
"Find Foreclosures,
Short Sales, Auctions
and Bank-Owned homes
up to 50% below
market value!
Note: Stock Image
Register to get access
to the best deals in
your neighborhood!
START 30-DAY TRIAL TODAY!","(160, 600)"
"Find Foreclosures, Short Sales, Auctions and
Bank-Owned homes up to 50% below market value!
START 30-DAY TRIAL TODAY!
Register to get access to the best
deals in your neighborhood!","(728, 90)"
"STOP THE
TALL
BOOT FLOP
ADD BOOT STUFFERS
www.shoptheposhpony.com","(300, 250)"
"Secure Lowest
Prices Without
Price Trackers
Startpage
Search Privately","(300, 250)"
"EMPOWER
A KID IN YOUR
COMMUNITY TODAY.
Learn How
L
ZE ZLIFII
Big Brothers
Big Sisters.
OF AMERICA
95","(300, 250)"
"Advertisement
Gun violence is preventable
when you ""know the signs"".
Sandy Hook
PROMISE
Learn More","(300, 250)"
"SEPT 8 & 9
NASHVILLE
SUPERSPEEDWAY
PPG
¢@=D=
TRIPLE CROWN OF RODDING
The Premier Event... for Hot Rods & Trucks!
CLICK HERE
MUST ATTEND EVENT NOW FOR MORE
OF THE YEAR!
INFORMATION
& TO REGISTER
YOUR VEHICLE!","(728, 90)"
"SEPT 8 & 9. NASHVILLE SUPERSPEEDWAY PPG
TRIPLE CROWN OF RODDING
The Premier Event... for Hot Rods & Trucks!
MUST ATTEND EVENT
OF THE YEAR!
CLICK HERE NOW FOR MORE INFORMATION!","(300, 250)"
"Rently
OPTIMIZE
LEASING
with Rently
Self-Guided Tours
& Smart Home
Technology
LEARN MORE","(300, 600)"
"Houston Public Media
A SERVICE OF THE UNIVERSITY OF HOUSTON
PBS P
Donate Your Vehicle
1
Powered by YOU
Easy Process | Free Towing | Tax Benefits
*","(300, 250)"
"FORD
TRUCK
BUILT
Ford
TOUGH LMONTH
2023 FORD RANGER TRUCK
GREAT TRUCKS. GREAT OFFERS.
Optional equipment shown. Recreational equipment not included.
Always consult the Owner's Manual before off-road driving, know
your terrain and trall difficulty and use appropriate safety gear.
LEARN MORE","(728, 90)"
"reviewgeek
O
2
A
W
R
SDF-
C
5 Cheap Ways
to Back Up Your Data
READ MORE","(728, 90)"
"The 7 Best Raspberry Pi
Alternatives
PRESENTED BY reviewgeek
TP34
TP23
TPS
FIND OUT MORE","(728, 90)"
"HOME FURNISHINGS
GET THE
BEST4LESS
FURNITURE, APPLIANCES,
AND MATTRESS SAVINGS!
SPECIAL FURNITURE
FINANCING AVAILABLE
FOR UP TO
MONTHS
On approved credit
SEE STORE FOR DETAILS
24
LEARN MORE","(300, 600)"
OOO The Pursuit Of,"(728, 90)"
"LS LSPR Institute of
Communication & Business
POSTGRADUATE
PROGRAMME (S2)
Faculty of Communication
Professional Programme
Blended Learning Programme
• One Year Programme
ENROLL NOW
registration.Ispr.edu
More Info:
0817 1717 1992","(728, 90)"
"111
Cedarview
Tent College
Downtown & CAMPUS
Tenth And College.com
FFE
UTES
14","(970, 250)"
"Insurance Research Council
Affiliated with THE INSTITUTES
Research Publications
Auto Insurance Telematics:
Consumer Attitudes and Opinions
Purchase Now","(970, 250)"
"JPG
FREE Image
to TEXT
FOF
|2|→*
TXT
FREE PDF
to TEXT
E
JPG
FREE JPG
to PDF
TXT
FOF
PDFSimpli
OCR
FREE
OCR","(300, 250)"
"FREE BI-WEEKLY
NEWSLETTER!
IMAGING
RESOURCE
Get in-depth reviews backed by exhaustive lab tests, as well as
extensive coverage of photo news in your inbox every other week.
IMAGING
RESOURCE SIGN UP TODAY!","(300, 250)"
"Highly skilled doctors. Leading-edge care. Peace of mind. This is the place skill built.
W
HEALTH
Official Healthcare Provider of the
Indianapolis Motor Speedway","(970, 90)"
"INDIATV
indiatvnews.com
आप की
अदालत
EVERY WEEK
SAT 10PM","(300, 250)"
"INGE
G20
0.0
INDIATV
www.indiatv.in","(300, 250)"
"INDIA VS AUSTRALIA
TEST SERIES
INDIATV
indiatvnews.com","(728, 90)"
"NHL
SIGN UP FOR A CHANCE TO
inside the Hrease™ WIN A $500 NHL SHOP
GIFT CARD!
SIGN UP
TODAY >","(728, 90)"
"HORIZON A LOAN THAT PUTS YOUR
ΒΑΝΚ FARM FIRST
LEARN MORE
Ⓒole","(728, 90)"
"STAFFORD'S
SOLID WASTE SERVICE
INC
AMSTER","(300, 250)"
"BLOOM TOGETHER
23 LOOMSDAY
1023
LAST CHANCE FOR DISCOUNT PRICE
$28
ENTRY FEE
VIRTUAL OPTION ALSO AVAILABLE
BLOOMSDAY-
2023
BLOOMSDAY 2007
OTESOR
11333
SUNDAY, MAY 7TH
CLICK HERE","(300, 250)"
"stcu
Kill two
birds with
one loan.
Pay off credit cards and
remodel your home? Yep.
Get a HELOC >>
BRUARI
OFFORTUNITY","(300, 600)"
"High rate credit card? HELOC it.
Consolidate debt at a lower rate. Apply now >>
stcu
Equal opportunity lender","(728, 90)"
"""I didn't
understand
what love really
was until I met
my children.""
- Mom,
adopted siblings
Dave Thomas
Foundation
for Adoption","(300, 250)"
"DESSERT MADE
EASY
CLICK HERE FOR
SWEET RECIPES
4
INSPIRED TASTE","(300, 250)"
"FASTER
FORWARD
11,H
Faster Forward
from Northern Trust Asset Servicing
LISTEN NOW
NORTHERN
TRUST
brings you stories, insights, and lessons learned
from leaders and innovators that are transforming
their industries.
MUSIC Google Podcasts
Spotify","(300, 250)"
"Faster Forward
from Northern Trust Asset Servicing
brings you stories, insights, and lessons learned from leaders
and innovators that are transforming their industries.
MUSIC Google Podcasts
LISTEN NOW
Spotify
fuw
NORTHERN
TRUST
FASTER
FORWARD","(970, 250)"
"WORLD'S MOST ACCURATE FORECASTER
The
Weather According to 2021 Forecast Watch report
Channel
https://www.forecastwatch.com/AccuracyOverview2017-2020
Get the app","(728, 90)"
"Up to
$100 off
roundtrip
flights to
Ireland.
Travel 4/1/23-5/31/23 & 9/1/23-11/30/23
*terms and conditions apply
TA
Aer Lingus
Aer Lingus
Book Now
Terms and Conditions apply","(160, 600)"
"We can't
wait...
Aer Lingus
Book Now
Terms and Conditions apply","(728, 90)"
"Do more with
Viator
Unforgettable experiences","(728, 90)"
"Do more with
Viator
Unforgettable experiences","(300, 250)"
"Chill
S SOCIAL CBD™","(970, 250)"
"S SOCIAL CBD™
Need a moment
to
chill?
@ji
6
Ser
pr","(300, 600)"
"Beat The Rush
WORLDNET
MICROFINANCE
Road Licence
Renewal Loan Special
Call
(876) 906-9411
(876) 440-6050
Apply Online
Wniconnect.com
""What have an Everybody
PPV
STOP","(300, 250)"
"TACMED CLICK HERE
SOLUTIONS
Leaders in Pre-Hospital
Medical Equipment
TACMEDSOLUTIONS.COM
15% off Any
Order for
First Responders","(728, 90)"
"EMS *RIG
Wheeled
Coach
SPONSORED BY:
POWERED BY:
Fire Apparatus -JEMS
& Emergency Equipment.
PREMIUM
RESOURCE
FOR ALL
THINGS
AMBULANCE
JEMS CLICK HERE","(300, 250)"
"THE CENTER
TRISTARS
A HUB FOR ART, EDUCATION, &
CREATIVITY IN JACKSON HOLE.
LEARN MORE ABOUT THE
ORGANIZATIONS THAT CALL THE
CENTER HOME.","(300, 600)"
"Hang at the
Owl's nest
valspar HOOTERS
CHAMPIONSHIP
MARCH 16 THRU 19
Get Your Tickets At Your Favorite Hooters","(300, 250)"
"March
MANIA
$5
FOR
THREE
MONTHS
THEN $10 PER MONTH
CANCEL ANY TIME
ENJOY AN AD-FREE
DIGITAL EXPERIENCE
Johnson City Press
SUBSCRIBE","(300, 250)"
"Johnny Moris
WONDERS OF WILDLIFE
NATIONAL
MUSEUM & AQUARIUM
Explore the
WONDER","(300, 250)"
"Johnny Moris
WONDERS OF WILDLIFE
NATIONAL
MUSEUM & AQUARIUM
780
Explore the
WONDER","(300, 600)"
"Ñ
NEWTON'S
JEWELERS
COOCES
Timeless Designs.
NEWTONSJOPLIN.COM
428 S Main St. | Joplin, MO | 417.623.2800","(728, 90)"
"Find
Yourself
Here.
Elkins
Davis
D&
FOUNDED
College
1904.
Spend a day at D&E!
Tour our beautiful campus, visit with our faculty,
meet students, and get to know what a small,
affordable liberal arts college is all about.
www.dewv.edu.304-637-1230
www.dews.edu/","(300, 600)"
"DEVELOP CAREER-READY
SKILLS TO EXCEL
IN ACCOUNTING
PACE
UNIVERSITY
ONLINE MASTER OF ACCOUNTING
Learn More","(728, 90)"
"ON-THE-GO POWER
MUST-HAVE LAPTOPS
Members save up to an
additional 10% on select Latitude laptops
DELL
Technologies
Windows 11
Latitude 9430
Shop Now
Dell Technologies recommends Windows 11 Pro for business.","(300, 250)"
"FOR
SEDER™
Push Back on
Antisemitism with
Love and Matzah
Learn more","(970, 250)"
"W
+1
1. Select your grade:
Kindergarten
1st Grade
2nd Grade
3rd Grade
4th Grade
5th Grade
6th Grade
7th Grade
8th Grade
x² Algebra 1 & 2
A
Geometry
Σ Precalculus
% IV
%","(336, 280)"
"IN AN ACCIDENT?
BITE BACK
CLARK THE SHARK
833-88 SHARK
ACCIDENT INJURY ATTORNEY
CLARKTHESHARKLAW.COM","(300, 250)"
"WATER DAMAGE CLAIM?
Call Public Adjuster-Avner Gat (818) 917-5256
License: 2E11303","(728, 90)"
"AUTO
FLASH
SALE
1% APR
DISCOUNT OFF
YOUR AUTO
LOAN!
THIS MONTH
ONLY!
Call a Member Service
Representative (MSR) today!
318.445.7388 cenlafcu.org
NCUA
CENA
Federal Credit Union","(300, 600)"
"RAISE
'EM UP","(300, 250)"
"NOW HIRING
Certified Electricians
D&K. TUNT
ELECTRIC
Over 25 Years Serving
the South Plains
806-866-9911","(728, 90)"
"+
HALLMAR
VILLAGE
Senior Living
Coming Fall 2023
RESERVE
NOW
Aparty","(300, 250)"
"JEWEL & JIM PLUMS HEART CENTR
Building on Our Trusted
Heart Program OPENING IN 2023
PLUMB
HEART
CENTER
MERCY
CEDAR RAPIDS","(728, 90)"
"300
850
Simulate
Your Score
SECURITY BANK
OF KANSAS CITY.
MEMBER FDIC","(728, 90)"
"YOUR
AVERA
IS NEARBY
FIND LOCATION Avera","(300, 250)"
"COMING THIS KELOWNA THIS MAY!
CHEESE AND MEAT,
Artisan Food and Beverage Festival","(728, 90)"
"KenKen. for your Android
Puzzles That Make You Smarters DOWNLOAD FOR FREE! GET IT NOW
KENKEN","(728, 90)"
"credit
human
Get a
financial
health
checkup.
CreditHuman.com/FHC","(300, 250)"
"Welcome to
D
JURICH DENTAL
dation Dentistry
Improving Patients' Lives
Through Their Smiles!
Call Us Today 210-493-3040
VISIT NOW","(300, 250)"
"WORDOSIS
Play Today's Wordosis:
Our Medical Word Game
Play Now","(728, 90)"
"MEDPAGETODAY
WORDOSIS
2008
ARTERY
Play Today's Wordosis:
Our Medical
Word Game
Play Now","(300, 600)"
"H
DAKOTA SIDING
ROOFING DECKING WINDOWS DOORS
Contractors & Homeowners
Save Money on
Building Supplies
LEARN HOW","(300, 250)"
"PLAY
NOW!
BASKETBALL
CHALLENGE
SORRAID WINGS & BA
LIST WING IT
SPONSORED
BY","(728, 90)"
"BASKETBALL
CHALLENGE
PLAY NOW!
SPONSORED
BY
ORIGINAL
WINGS
JUST WING IT","(300, 250)"
"THE
HUDDLE
SEAT
WATCH THE HUDDLE
LIVE ON KGUN'S FACEBOOK
AND TWITTER, TUESDAYS AT 3:00PM
SPONSORED BY:
DESERT DIAMOND & BAR
SPORTSBOOK","(728, 90)"
"HIT BY A
TRUCK?
RECENT RESULT:
$6 MILLION
davislaw.com
NET TO CLIENT:
$3,509,864
JEFF'S
HERE
WRONGFUL DEATH /
COMMERCIAL VEHICLE ACCIDENT
PON
CORPUS CHRISTI
SAN ANTONIO
Ahorney consultation by appointment only
DAVIS LAW FIRM
444-4444","(300, 600)"
"feminism
is my favorite
F-WORD!
Enter to
WIN!","(970, 90)"
"DISCOUNT
MOTORS
We'll Match
Your Tax Refund
Up to $500
TWO LOCATIONS
CLICK HERE
FIND YOUR NEXT VEHICLE!
GP","(300, 250)"
"DISCOUNT
We'll Match
MOTORS Your Tax Refund
Up to $500
FIND YOUR NEXT VEHICLE!
TWO LOCATIONS
DOUBLE THE SAVINGS,
DOUBLE THE SELECTION!
CLICK HERE","(728, 90)"
"LAXING
LANCARKAN
BAB DENGAN M
NYAMAN
BELI SEKARANG
1.000
LAXING
JESSICA MILA
Following","(300, 250)"
"04 YOU
MAKING A DIFFERENCE
Get Involved!
MATTRESS
BJC DIRECT
REFLOOR
THE LAST FLOOR YOU'LL EVER BUY","(300, 250)"
"Every $5 you donate
buys 1 book
for a child in
our community.
DONATE TODAY
Proudly
sponsored by:
Rx
Centers
One-on-One Brain Training
IF YOU GIVE
A CHILD A BOOK
SCRIPPS HOWARD FUND","(728, 90)"
"res
BOOGIE DOWN TO BOOFY'S
FOR SOME GROOVY DEALS!
PASEO & GOLF COURSE CUTLER @ 1-40 & SAN MATEO
0
Boofy's
Best for Pets","(728, 90)"
"Boofy's
Best for Pets
WHEN ONLY THE BEST WILL DO!
B
BOOGIE DOWN
TO BOOFY'S
FOR SOME
GROOVY
DEALS!
PASEO
&
GOLF COURSE
CUTLER @ 1-40
&
SAN MATEO
CLICK FOR INFO","(160, 600)"
"Industry Week
BEST
Plants
The
WINNER
Johnson Controls, Inc.
Norman, OK","(300, 250)"
"private
internetaccess""
always use protection
The Fastest
VPN
VPN For All
Of Your Devices
Visit Site","(728, 90)"
"Acronis
Healthcare has evolved.
Your IT should too.
Discover Cyber
Protection
Get protected","(300, 250)"
"WIN A
BASKETBALL
CHALLENGE $250
BRACKET GAME
GIFT CARD
PLAY NOW!
SPONSORED BY
SUBARU OF
PORTLAND","(728, 90)"
"WIN A
BASKETBALL
CHALLENGE $250
BRACKET GAME
GIFT CARD
PLAY NOW!
SPONSORED BY
PARR
Total Home Building Source","(728, 90)"
"BASKETBALL
CHALLENGE
BRACKET GAME
WIN A
$250
GIFT CARD
LEARN MORE
SPONSORED BY
OREGON
Dungeness Crab
PARR
Total Home Building Source
SUBARU OF
PORTLAND","(300, 600)"
"POSITIONS
AVAILABLE
Sun Valley
Steakhouse - CHEF
Coffee Shop -
LINE COOKS
Apply Now ►
Spinde
HOBEY'S Sun Valley
STEAKHOUSE
ged
CASINO RESTAURANT
FOR
HOBEY'S
STELE
im","(300, 250)"
"HOW
PESACH
בר לסת
m
CRUNCHY & CORNY
WITHOUT THE CORN
Heaven
EARTH
Heaven
EARTH
RAIN FREE
RAIN FREE
ORTILLA TORTILLA
HIPS
WEET BRO
CHIPS
CHILLLIME
CHILI LIME
SWEET BBQ
SEA SALT","(728, 90)"
"Your Planned Gift
Keeps
Us
ON AIR
KOSU
Click For More Info","(300, 250)"
"6
KOTAKU AUSTRALIA
PODCAST
With David and Ruby
the biggest gaming news of the week","(728, 90)"
"ICA
Summer
Art Camp!","(728, 90)"
"CA
Summer
Art Camp!","(300, 250)"
"THE
SPRING AT SORAYA
BUY TICKETS! CSUN","(300, 250)"
"The all-new
Kia Niro Hybrid.
КИ
Movement that inspires
2023 Niro HEV SX shown with optional features. Some features may vary.
Learn More >","(300, 250)"
"State Farm
Don Gura
633 N. Main St.
Kendallville, IN 46755
Bus: 260-347-3276
dongura.net","(300, 250)"
"Campbell BANKING ON
& Fetter
Bank THE HOOPS
PRESENTS:
PLAY FOR YOUR CHANCE
TO WIN GREAT LOCAL &
NATIONAL PRIZES!
PLAY NOW >","(728, 90)"
"THIS STORY:
SEEING GREEN.
CONTRABAND
BAYO U
GOLF CLUB AT L'AUBERGE
LEARN MORE
Must be 21 order to enter casino
or Barstol Sportsbook
Gambling problem? Call 88.522.4700","(300, 250)"
"Watch Me.
Shriners
Children's™
Portland
Learn More","(728, 90)"
"Local
CMG Solutions
Let's take your digital
marketing to the next level
LEARN MORE","(300, 600)"
"ENCES
Badk
Thank
You
Thank you!
SHOW THEM YOUR
SUPPORT OPERATION GRATITUDE","(300, 250)"
"Di
DISNEY ANIMATION I
IMMERSIVE EXPERIENCE
BROUGHT TO YOU BY LIGHTHOUSEIMMERSIVE STUDIOS
Visit Now
Lighthouse ArtSpace San Antonio
Ⓒ2023 Disney","(728, 90)"
"It's Banking...
only Better!
RBFCU
Federally insured by NCUA
LEARN MORE
N380050","(300, 600)"
"CADDO
SmartStart
LaisiA
Early Learning Programs
Spring Applications
Going on Now
APPLY NOW","(728, 90)"
"SUPER FAN REWARDS PROGRAM
SPEND $1 FOR 1 POINT
WATCH FOR DOUBLE POINT WEEKENDS
GET POINTS ON YOUR BIRTHDAY
REFER FRIENDS TO SHOP AND SIGN UP
K-STATE
SUPER STORE
OFFICIAL RETAIL PARTNER OF K-STATE ATHLETICS
520 McCall Road Manhattan, KS
kstatesuperstore.com","(300, 250)"
"SALUTE THE BADGE
WEDNESDAYS 10PM
WITH DAN JOVIC
GALITE
THE BADG
GOOD NEIGHBOR
CHEVY DEALERS
6
NEWS","(728, 90)"
"LERNER&ROWEⓇ
INJURY ATTORNEYS
2015
02
FROM WRECK TO CHECK
AS QUICKLY AS POSSIBLE!
(877-1500","(728, 90)"
"THANK A
NURSE
SAY THANK YOU
Nominate a nurse who has
made a difference.
SPONSORED BY
coo
MCWILLIAMS
KTRE 9","(728, 90)"
"PREMION Leading the Evolution in Local OTT & CTV Advertising
ONE SOLUTION. EVERY ADVANTAGE.
125+ BRANDED NETWORKS. NO OPEN EXCHANGES. CTV CENTRIC LEARN MORE ▸","(728, 90)"
"Not just a home. A village.
Join the only urban Jewish cohousing
project in America. Currently accepting
new families. Find out more.
BERKELEY
MOSHAV","(300, 250)"
"YOUR MUSIC PRODUCTION
ONE-STOP SHOP YO
best
service","(728, 90)"
"Be an
Adoptive Home
For Athena
AND OTHER CHILDREN IN FOSTER CARE
LEARN MORE ABOUT ADOPTION
Susan's Kids
SPONSORED BY BRANDON STEVEN MOTORS","(300, 600)"
"Be an Adoptive Home
Susan's Kids For Athena LEARN MORE ABOUT ADOPTION
SPONSORED BY BRANDON STEVEN MOTORS","(728, 90)"
"CRAWFORD
company
SERVING THE
QUAD CITIES
Since 1952
Count on us
for all of your
electrical needs!","(728, 90)"
"E
S
Malth
Jede
TARGET IDENTIFIED:
KIRSTY, WAREHOUSE OPERATIVE","(300, 250)"
"FIND YOUR SPACE,
CLAIM YOUR PLACE
LOVE YOUR
LINEAGE
An all-new podcast by
LDSLiving
LISTEN NOW","(728, 90)"
"A
Prepare for the Temple
DB Deseret Book SHOP NOW","(728, 90)"
"THE GREEN
DRAGONCBD
40% OFF
600+ THC Products
Spa
Wa
Use Code
LEAF40
First Order Only","(728, 90)"
"Get the very best for your Valentine.
Shop now
Etsy
excess","(300, 250)"
"Decanter
FINE WINE ENCOUNTER
NYC
The
world-famous
Decanter
Fine Wine
Encounter
returns to
NYC","(300, 600)"
"COMMEMORATE TOM
BRADY'S LEGENDARY
CAREER WITH THIS
HARDCOVER BOOK
GREATNESS
CLICK TO SAVE!
USA TODAY
SPORTS","(300, 600)"
"S
PUBLISHER FIRST
Full Ad Management
Insticator
CONTACT US","(320, 50)"
"The new standard of
luxury in the Caribbean,
ST REGIS
CAP CANA
THE RESIDENCES","(970, 250)"
"The new standard
of luxury in
the Caribbean,
R
ST REGIS
CAP CANA
THE RESIDENCES","(300, 600)"
"Decanter
FINE WINE ENCOUNTER
NYC
SATURDAY JUNE 10 2023
Decanter Fine Wine Encounter
is returning to New York this June","(970, 250)"
"STREAMING NOW
HOMETOWN TRAGEDY
CRIMES THAT CHANGE A COMMUNITY
V
VERY LOCAL
DOWNLOAD FREE","(300, 250)"
"Amazon.com
Gift Cards
happy
birthday
Privacy
a
amazonkindle
Congratulations!
a
Millions of items. No expiration.
►Shop now
amazon.com","(300, 250)"
"Pita Chips
wwwww
OFFICIAL
PARTNER
surdance
Funteste
STACY'S PITA CHIPS PRESENTS
RISE
Stacy's® Pita Chips is a Proud Sponsor of the Sundance Film Festival
WATCH NOW","(970, 250)"
"41718
Turn Comments Into Community
While Increasing Engagement
REQUEST A DEMO
Insticator","(728, 90)"
"This is all Google wants you to see:
FREESPOKE
a different kind of search engine.","(728, 90)"
"FIND
RARE
PARTS
THE ONLY EBAY STORE WHERE YOU WILL FIND RARE AND HARD TO
FIND AUTOMOTIVE PARTS & ACCESSORIES FOR YOUR VEHICLE","(970, 250)"
"NEBULA
WHO'S MY
SOULMATE?
START TEST","(300, 600)"
"FREESPOKE
Same searches, different results.
ke","(300, 250)"
"Delicious
HEALTHY RECIPES
ChampsDiet.com
OPEN","(728, 90)"
"We help people find answers,
solve problems and get inspired. LEARN MORE
D
Dotdash
meredith","(728, 90)"
"How much you should walk
according to your age
Day Reps
1
2
& 888
20
3
4 rest
5
40
6
7 60
8 rest
9
10
11
12
13
14
rest
85
Age 18-24
Day Reps
15
105
16
rest
17
115
18
130
19
140
20
rest
21
150
22
155
23
160
24
rest
25
170
26
185
27 190
28 200","(300, 600)"
"YETI
YETI
YETI
NEW COLORS FROM YETI
SHOP FOR ST. PATTY'S DAY
SPY","(970, 250)"
"BEST BIG & TALL TEES
STARTING AT JUST $13
SPY","(970, 250)"
"Kevin Costner:
Finding The One","(300, 600)"
"GET STARTED
Unlock your blog's true
revenue potential
Monetize
WORD","(160, 600)"
"Decanter
FINE WINE ENCOUNTER
NYC
SATURDAY JUNE 10 2023
Don't miss out on
this incredible wine
tasting experience
in NYC
VOGUE","(300, 250)"
"Etsy
Get the very best for your Valentine.
Shop now
she","(728, 90)"
"NEBULA
WHO'S MY SOULMATE?
START TEST","(300, 250)"
"Three Ways You Can
Make a Difference
cookies
for kids'cancer
Let's get Baking
S","(728, 90)"
"BoardingArea
all of the best
frequent flyer
blogs in one
place.
Download on the
App Store
Earn more points in
your sleep with the b...
Hid
GET IT ON
Google Play","(300, 250)"
"BoardingArea
Personalized travel news all in one place.
BardingArea
IN.
Download on the
App Store
GET IT ON
Google Play","(728, 90)"
"BoardingArea
Required Reading for Frequent Flyers.
BoardingArea
ardingArea
Download on the
App Store
Earn more points in
your sleep with the b....
Personalized travel news.
All in one place.
GET IT ON
Google Play","(300, 600)"
"17
FREESPOKE
Same searches, different results.
BE","(728, 90)"
"SHAPE+health
Women'shalf
NYE NEW YORK HOURS
G1588
Sunday, April 30, 2023
Central Park, NYC
REGISTER
#womenruntheworld","(728, 90)"
"UNDER ARMOUR.
UA OUTLET
• 100s OF NEW ITEMS
SHOP NOW","(728, 90)"
"FOCUS FAMILY""
FREE DEVOTIONAL
A quiet time tool
for busy moms
from Focus on
the Family
Download Now
Mychechend","(300, 250)"
"The Best of
iOS 16
GADGET
HACKS","(300, 250)"
"Linenspa
Comfort
you can afford
Linenspa
12,415 Amazon.com customer reviews
""This mattress topper is like sleeping on a
cloud...and gives me nice back support too!""","(300, 600)"
"NACDA
ZLEARFIELD
LEARFIELD
DIRECTORS' CUP
NICO
THE CROWNING ACHIEVEMENT IN
COLLEGE
ATHLETICS
FOLLOW YOUR FAVORITE SCHOOL
DURING THE 2022-23 SEASON
✔ @LDIRECTORSCUP
THEDIRECTORSCUP.COM","(728, 90)"
"-V
BYMNASTICS
2023 PAC-12 WOMEN'S
GYMNASTICS CHAMPIONSHIPS
MARCH 18, 2023
MAVERIK CENTER, SALT LAKE CITY
PAC-12.COM/TICKETS","(970, 90)"
"PRINGLES HOUSE CHEEZ-IT
GO FOR FULL COURT
CRUNCH
LEARN MORE
Ⓒ, TM, Ⓒ2022 Kellogg NA Co.
FROSTED
FLAKES
Fanatics
TM2022 Pringles LLC","(300, 250)"
"The Rugby Union World
Cup is about to kick off!
A Blazelift
Get your business ahead with
our sports audience targeting.
TALK TO US TODAY
O","(970, 250)"
"O
250 Instagram
Followes","(728, 90)"
"You Can
Make a
Difference
cookies
for kids cancer
Let's get Baking","(300, 250)"
"Me: I wonder what people think
about this issue. ""Googles it
Google: Everyone who
doesn't agree with us is
00
FREESPOKE","(300, 250)"
"►Freehand
by tavision
Finally, a
whiteboard
as intelligent
as your team.
Get started
Trina
To Do
Presentation for today
Stephanie","(300, 250)"
"Jason Isbell
MY FREE
SPEECH
allows me to sing and
say whatever I believe.
www.1forall.today","(300, 250)"
"TEMU
CLEARANCE
$6.07
SHOP NOW
New users only
G
Free
Shipping","(300, 600)"
"You
can help hungry kids. INOKID
HUNGRY
LEARN HOW","(320, 50)"
"Boarding Area
Required Reading for Frequent Flyers.
BoardingArea
The best travel blogs in one place
Weito provident
and advice for frequent pers
O
All of the best frequent
flyer blogs, all in one place
Download on the
App Store
GET IT ON
Google Play","(300, 600)"
"CHORTR<
CYBERTRUCKOWNERSCLUB.COM","(336, 280)"
"A
Vuukle
Unlock the power
of engagement.
REQUEST A DEMO
V
کست
$","(300, 250)"
"BEST BIG & TALL TEES
STARTING AT JUST $13
LE YAL
SPY","(300, 250)"
f facebook.,"(300, 250)"
"FOLLOW LOCKED
YOUR
TEAM COLLEGE
ON
BASKETBALL
EVERY DAY
PODCAST
VIEW NOW","(300, 250)"
"SMITH&WESSON
77777
PROVING OUR METAL
NEW M&P 9 M2.0 METAL
smith-wesson.com
Smith&Wesson
EMPOWERING AMERICANS","(970, 250)"
DON'T TEXT ANDL,"(320, 50)"
"t
Know Your
Religious
Freedom
Rights
PACIFIC JUSTICE
INSTITUTE
Learn Your
Legal
Rights for
Sharing
Your Faith
For Your Workplace, School,
and Public Evangelism
Get My FREE Copy","(300, 250)"
"Want instant savings
on the tech you love?
Retail Me Not
Deal Finder™
EXCLUSIVE OFFERS,
CASH BACK & MORE
08:36
980","(300, 250)"
"FAN
CY
NC
T||E||x|||
+7
Convert plain text to fancy text in
Docs, Slides and Forms
Try Now","(728, 90)"
"CITH TH
EE Times
JANUARY 16 MARCH 31
Analog Everywhere
Solutions for your Analog Design Challenges
VISIT NOW","(970, 250)"
"Three Ways You Can
Make A Difference
cookies
for kids' cancer
Let's get Baking
R","(728, 90)"
"NEBULA
WHO'S MY SOULMATE?
START TEST","(336, 280)"
"Donate to
a Greater
Good
cookies
for kids cancer
Let's get Baking","(300, 250)"
"Add local,
on-demand
delivery with a few lines of code
Developer
Learn More
Delivering more","(300, 250)"
"cookies
for kids cancer
Give Hope,
Get Cookies
Let's get Baking","(300, 250)"
"Me: I wonder what
people think about
this issue. *Googles.it*
Google:
Everyone
who doesn't
agree with us is...
O
FREESPOKE
a different kind of search engine.","(160, 600)"
"(
Make Your
Writing Resonate rewrite suggestions.
Strengthen your relationships
every time you write with tone
Try Grammarly","(728, 90)"
"Help Protect
Ukirainian Families
Donate Now","(320, 50)"
"TACOMAS
TACOMA4G.COM","(336, 280)"
"FOSTER
ADOPT
RESCUE
90
ป","(300, 250)"
"RANGER 65
.COM
Q10
RANGERGG.COM","(300, 600)"
"►Freehand Finally, a whiteboard as
intelligent as your team.
by invision
Stephanie
PROD-164
Plan presentation for thursday
Trina
Get started","(728, 90)"
"into
it
with
Sam Sanders
Listen on
Apple Podcasts","(300, 600)"
"The opposite of
doomscrolling
CNET","(728, 90)"
"DIGITAL TRENDS
TECH 101:
HOW TO NOT HAVE
INSTANT POT FOMO","(970, 250)"
"Roll into a new
adventure!
Find out if there truly is
Honor Among Thieves on March 31!
Visit the Forgotten Realms Wiki
Presented By
DUNGEONS
HONOR AMONG THIEVES","(300, 600)"
"MOTV
MYOUTDOORT VⓇ
App Store
START YOUR
FREE TRIAL
Google Play ROKU amazon firerv tv XBOX","(970, 250)"
"SATURDAY JUNE 10 2023
요
Decanter
FINE WINE ENCOUNTER
NYC
Decanter Fine
Wine Encounter
is returning
to New York
this June","(300, 600)"
"Decanter
Wine Experiences
Discover the Rhône
with Decanter","(300, 250)"
"Three Ways
You Can Make
a Difference
cookies
for kids' cancer
Let's get Baking","(300, 250)"
"TURN COMMENTS INTO Insticator
COMMUNITY
REQUEST A DEMO","(320, 50)"
"The new standard of luxury
in the Caribbean,
ST REGIS
CAP CANA
THE RESIDENCES","(728, 90)"
"INTRODUCING
U.S.News U.S. NEWS GAMES
Try your favorite games for free.
5 4
the Daily
SUDOKU
Play Now","(728, 90)"
"us.News
Find the Right
Insurance For You
U.S. News Ranked
the Cheapest
Car Insurance
Companies
in 2022.
Get Quote
ASY","(300, 250)"
"U.S. NEWS GAMES
Try your favorite games for free.
1:00
us.News
INTRODUCING
FAMILY
FEUD
8
5 4
the Daily
SUDOKU
Play Now
東
MAHJONG","(300, 250)"
"the
cleaning
Meet Our
Print Issue!
GET IT NOW","(728, 90)"
"GOAL
ON You Tube
SUBSCRIBE NOW","(300, 250)"
"GOAL
ON You Tube
SUBSCRIBE NOW","(728, 90)"
"A Blazelift
The Rugby
Union World
Cup is about
to kick off!
Get a headstart with
our sports audience
targeting.
TALK TO US TODAY
O","(300, 600)"
"Stand With Ukraine
Donate to save the lives
of millions of children","(320, 50)"
"El
YOU CAN HELP
UKRAINIANS IN NEED.
Even small monetary donations
can make a big difference.
DONATE TODAY →
ad
COUNCIL","(300, 250)"
"Retail Me Not
Deal Finder™
Want instant savings on the tech you love?
Try RetailMeNot Deal Finder™
0.N
08:35","(728, 90)"
"FREESPOKE
Same search,
different results.","(160, 600)"
"SHAPE + health
Women'shalf
NYTTER NEW YORK ROAD RUNNERS
hol
1588
Sunday, April 30, 2023
Central Park, NYC
REGISTER
#womenruntheworld","(300, 600)"
"COMMEMORATE TOM BRADY'S
CAREER WITH THIS HARDCOVER BOOK
GREATNESS
CLICK
TO SAVE!
USA TODAY
SPORTS","(300, 250)"
"theAdEngine
Powering The Publisher
+105%
+67%
AD
AD
AD
+52%","(300, 250)"
"The Rugby Union World Cup Get ahead with our
is about to kick off!
sports audience targeting.
TALK TO US
TODAY
A Blazelift","(728, 90)"
"Your Tone
Makes a
Difference
Establish rapport with a personal,
approachable writing tone.
Download Grammarly
G
+
WIE","(300, 250)"
"YETI
YETI
YETI
NEW COLORS FROM YETI
SHOP FOR ST. PATTY'S DAY
SPY","(300, 250)"
"amazon
Today's Deals
Shop now","(320, 50)"
"5325
After Years Of Dating, Affairs And
Divorce, Kevin Costner Finds Love Again","(728, 90)"
"U
PRODUCT MANAGEMENT
Executive Certificate
Register Now
eCornell","(970, 250)"
"LOCKED ON
PAVING
THE WAY
PRESENTED BY
State Farm
A PODCAST THAT SHINES A LIGHT
ON OUR HOSTS FROM MARGINALIZED
COMMUNITIES & BACKGROUNDS.
VIEW NOW","(300, 250)"
"Local
CMG Solutions
Let's take your digital
marketing to the next level
LEARN MORE","(300, 250)"
"ZERO RIGHT
Bracket Challenge
PRESENTED BY
pepsi.
ZERO SUGAR
FREE SHOT AT $100,000
PEPSI GOT ZERO RIGHT, CAN YOU?
CBB
ENTER NOW
Eligibility restrictions apply. Void where prohibited.
See terms at DraftKings.com/pepsizero.
NEW
IMPROVED
TASTE
pepsi
ZERO SUGAR","(970, 250)"
"Long p
allthalt
TARGET IDENTIFIED:
KIRSTY, WAREHOUSE OPERATIVE","(300, 250)"
"ICOU
Handle you career with care.","(300, 250)"
"MEATEATER
THE HUNTS ARE TOUGH.
THE MEAT IS TENDER.","(728, 90)"
"THE LEADER IN LONG RANGE BARRETT.
MA
A LEGACY TO
UPHOLD
FOUR DECADES OF ICONIC FIREARMS. barrett.net","(300, 250)"
"LAB
TESTED
USA GROWN
HEMP
SKYWELLNESS™
30% OFF
SITE WIDE
USE CODE: SLEEP30
SAVE NOW
●
SLEEP
gummies
125mg
CBD
blueberry
SLEEP
quries
OTE
PRODUCT
Consumer Survey of
Product Innovation
2023
""Product of the Year,
Winner
CBD Category
Survey 40,000 People
by Kantar
*Terms & conditions apply.","(970, 250)"
"PREMIUM
BOOKISH
A virtual series featuring
conversations with authors.
thinkers and performers.
SOUTHERO
CALIFORNIA
NEWS GROUP
CLICK TO REGISTER","(728, 90)"
"*
EVERYTHING
FOODIE
Re
CLICK HERE TO REGISTER
0101013
0101010","(300, 250)"
"THE FINAL
SELECT SHOP
TAGAL
COME IN","(300, 250)"
"CHAIN LOCKER
UNIVERSAL CHAINSAW CHAIN STORAGE,
NO MATTER WHERE YOUR JOB SITE IS.
Learn More >>
www.chainlockerusa.com
TM
Made in U.S.A.","(970, 250)"
"eviesays
calendar platform for media companies","(300, 250)"
"Not Dead Yet.
NEW
WEDNESDAYS 9:30/8:30c
abc
STREAM ON
hulu","(728, 90)"
"Tips To Keep You In Style If
You're Over 70","(300, 250)"
"PlayStation 5
GIVEAWAY
Enter Giveaway
GAMERS
DIGEST","(728, 90)"
"Dave Thomas
Foundation
for Adoption","(728, 90)"
"Sick
Poultry Chicks: America's
7. COMMON
DISEASES
YOU MAY
ENCOUNTER
Favorite
Poultry
Magazine
DANGERS
IN THE COOP
KEEPING WAS
DO
PLUS
FORCON
Subscribe Today!","(300, 250)"
"Imagine the
Possibilities
Design Your Yurt in 3D >>
pacífic
Providing Award-Winning
yurts Inc Modern Yurts Since 1978
The Original Modern Yurt""","(300, 250)"
"BARRON'S
I'm not confident about my family's future.
Discover a financial advisor who inspires peace of mind. Find a top advisor at barrons.com/directory","(728, 90)"
"Thank you!!!!
Gring DEP
SHOW THEM YOUR
SUPPORT OPERATION GRATITUDE","(728, 90)"
"This is all Google wants you to see.
FREESPOKE
a different kind of search engine.","(300, 250)"
"Add local, on-demand
delivery with a few
lines of code
Developer
Avrimping
Learn More
Dasher
C
Angie L
Delivering more","(300, 600)"
"Continue
1. Click ""Continue""
2. Add Extension
3. Start Converting
Amazing File Converter","(728, 90)"
"SAY THANK YOU TO
OPERATION GRATITUDE DEPLOYED TROOPS","(728, 90)"
"Blazelift
The Rugby Union World Cup
is about to kick off!
Get your business >>> ahead
with our sports audience targeting.
TALK TO US TODAY","(336, 280)"
"BROADCOM
MAINFRAME SOFTWARE
20 25²
Invest in
Yourself!
LEARN MORE NOW!","(300, 250)"
"Publisher First
TRIVIA & POLLING
Insticator
REQUEST A DEMO","(320, 50)"
"Stand With Ukraine
Donate to save the lives
of millions of children","(300, 250)"
"HPE
GreenLake
Creating value by
unlocking insights from
your data is data-first
modernization,
wisely done.
Learn more","(300, 250)"
"IRCTC
Motor
• USE iPay, IRCTC'S VERY OWN PAYMENT GATEWAY!
• USE iPay AND MINIMISE CHANCES OF BOOKING FAILURE.
• FEATURES OF iPay ARE UNIQUE AND ARE TO BE EXPERIENCED!
T&C Apply
JIMETE IPay","(970, 90)"
"Add local, on-demand
delivery with a few
lines of code
Developer
Learn More
Delivering more","(300, 600)"
"CLEARANCE
SALE
wy
39
INJO
TEMU
$6.07
Free shipping","(300, 250)"
"ONE
LINE
A
DAY
Today's Deals
Shop now
amazon","(300, 600)"
"Decanter
PREMIUM
COLLECTOR'S GUIDE:
PREMIUM WHISKY
The ultimate guide to
investing in whisky.
Gain in-depth knowledge
of the market and get advice
from our experts.
READ NOW","(300, 600)"
"MASONITE
DOORS THAT DO MORE
The Masonite
M-Pwr Smart
Door is Here
View Now
9:41
B
LED Lig
OFF
MASONITE
mpwr
Front Door Home
Video Doorbe
0
Open/Close
Oude
Smart Lock","(300, 250)"
FOSTER. ADOPT. RESCUE.,"(728, 90)"
"NACDA
TION
ALEARFIELD
DIRECTORS' CUP
MACA
THE CROWNING ACHIEVEMENT IN
COLLEGE
ATHLETICS
LEARFIELD
FOLLOW YOUR FAVORITE SCHOOL
DURING THE 2022-23 SEASON
@LDIRECTORSCUP | THEDIRECTORSCUP.COM","(300, 250)"
"CUSTOM WINDOW
TREATMENTS
Designed To Fit
Your Space
BUY 1 GET 1
50% OFF*
Book Now
3DAYBLINDS","(728, 90)"
"CUSTOM WINDOW TREATMENTS
Designed To Fit Your Space
a
BUY 1
GET 1
50%
OFF*
Book Now
3DAYBLINDS","(300, 250)"
"Get the content and tools
you need, all in one plan >
#000
shutterstock flex","(728, 90)"
"A MUST-HAVE NOVELLA FROM
THE
MEGA-BESTSELLING
CREATOR
OF THE HEARTSTOPPER SERIES,
ALICE OSEMAN
ALICE OSEMAN
F
Enda
NICK
CHARLIE
MUSI
JO","(970, 250)"
"MORE CAPACITY,
NO COMPROMISE.
BO
FEDERAL
HST
SHIELDM
LEARN MORE
3 MORE
ROUNDS PER
MAGAZINE
Now with
16+1 Capacity.
Smith & Wesson
EMPOWERING AMERICANS","(300, 250)"
"NEBULA
WHO'S
MY
SOULMATE?
START TEST","(160, 600)"
"USA TODAY SPORTS
Make the madness
make sense
Follow the tournament","(300, 250)"
"www.opong.com
KapanLagi
.com
STAR WARS
THE
MANDALORIAN
KISAH STAR WARS
YANG 2 KALI BIKIN
INTERNET PECAH
433 SPECIAL
INTERVIEW
JON FAVREAU &
DAVE FILONI
KLIK DISINI","(300, 250)"
"FORD
WEE
Muddy
BUDDIES!
kids
GET IDEAS,
EVENTS & FUN
FOR FAMILIES","(300, 250)"
"HRISTEN
SATYA
ACANAY
UNIVERSITAS KRISTEN
SATYA WACANA
We are the Creative Minority
CHAKOR DIFERE
A","(300, 250)"
"изпит
LAS VEGAS
<
AWAKENING
Get tickets for this new once-in-a-lifetime
theatrical experience.
BUY TICKETS","(300, 250)"
"PLAY PREDICT & WIN ON CRICKET
Play Now","(728, 90)"
"BoardingArea
Personalized travel news.
All in one place.
Download on the
App Store
GET IT ON
Google Play
tandings","(300, 250)"
"7 unexpected things renters
insurance may cover
Read more
Sponsored by Lemonade","(300, 250)"
"Donate to a Greater Good
cookies
for kids cancer
Let's get Baking","(728, 90)"
"This is all Google
wants you to see.
FREESPOKE
a different kind of search engine.","(160, 600)"
"Remind somebody to
buckle up. You could
save their life.
DO
Dmy
LEARN MORE","(300, 250)"
"DS
CTV
ARDS
At Almost 101, He Is The Oldest
Living Star","(300, 250)"
"Gas Guru:
Cheap Gas Prices
Find the cheapest
gas prices near
you.
Download
2781
3181
428:
2781","(300, 250)"
"BoardingArea
Personalized
travel news.
All in one place.
Download on the
App Store
GET IT ON
Google Play
BoardingArea
Earn more points in
your sleep with the b....
4","(300, 250)"
"Zhu u
Small monetary donations can make
a big difference to Ukrainians in need.
DONATE TODAY
ad
COUNCIL","(728, 90)"
"UNLIMITED ACCESS TO OVER 30,000 Guitar
INSTRUCTOR.COM
VIDEO LESSONS, GUITAR TABS & MORE","(728, 90)"
"We Stand
With You","(300, 250)"
"11
PC TECH DEALS
WE SCOUR 100s OF SITES
TO FIND YOU UP TO
50% OFF
THE HOTTEST TECH
PRODUCTS
GET THE DEALS
ku
NETFLIX
sling
9
PHI","(300, 250)"
"Listen to your car.
Buckle up.
LEARN MORE
DMV","(728, 90)"
"with Moisture SurgeTM 100H Hydrator
SHOP NOW
CLINIQUE
CLINIQUE
CLINIQUE
CLINIQUE","(728, 90)"
"with Moisture
SurgeTM 100H
Hydrator
SHOP NOW
CLINIQUE
moisture surge
100H auto-replenishing hydrator
soin auto-réhydratant 100H
ALOE VERA BIO-FERMENT TECHNOLOGY
CLINIQUE","(300, 600)"
"SCRATCH
A NEW
BIG RIDE
m
NISSAN FRONTIER
WINNER
SCRATCH
PLAY
BIG RIDE TODAY!
THE NEXT BIG WINNER
COULD BE YOU!
nicbgames.com
MR. EGAN PREDDIE
PURCHASED HIS WINNING
TICKET AT ST. ANTHONY'S
TAXI CAB. VESSIGNY.
NICB","(300, 250)"
"CPA
Life","(728, 90)"
"PREMION
ONE SOLUTION. EVERY ADVANTAGE.
Leading the
Evolution in
Local OTT & CTV
Advertising
125+ BRANDED NETWORKS
NO OPEN EXCHANGES
CTV CENTRIC
LEARN MORE","(300, 600)"
"VERY LOCAL
STREAMING NOW
DOWNLOAD FREE
HOMETOWN TRAGEDY
CRIMES THAT CHANGE A COMMUNITY","(728, 90)"
"Online
RN to BSN degrees
Choose the
format that fits
your life
UW extended","(300, 250)"
"Bethpage
OF
THE
BEST CITY
BETHPAGE FEDERAL CREDIT UNION1
2022
WINNERS
HAVE BEEN
ANNOUNCED!
VISIT BESTOFNEWYORKCITY.COM
TO SEE WINNERS","(300, 250)"
"AXPONA
AUDIO EXPO NORTH AMERICA
THE North American High-End Audio Show
HEARING IS
BELIEVING!
APRIL 14-16, 2023
RENAISSANCE SCHAUMBURG
CHICAGO, IL","(336, 280)"
"MARKETDIEM
BY INVESTORS BUSINESS DAILY
Get trade ideas for stocks and
options delivered to your inbox.
SUBSCRIBE NOW
MARKETDIEM
, m
spasian vi kommentaa
a gas —
Only $20/year!
ww
Jak","(300, 250)"
"Make
the
forest
part of
your
story.
DISCOVER the
FOREST.org
C
ad S
COUNCIL","(300, 600)"
"Make the forest
part of your
story.
DISCOVER the
FOREST.org
ad us
COUNCIL","(300, 250)"
"KHILADI.COM
Welcome offer
1300%*
Sports Bonus
PLAY NOW
T","(300, 250)"
"MEATEATER
THE HUNTS ARE TOUGH.
THE MEAT IS TENDER.","(300, 250)"
"CMG
Local
Solutions
Let's take your digital
marketing to the next level
LEARN MORE","(728, 90)"
"CUENTRA
OWNERS CLUB
CYBERTRUCKOWNERSCLUB.COM","(970, 90)"
"FREE GUIDES
The Grit FREE guides cover a variety
of self-sufficiency topics. Choose one
guide, or all of them!
GRIT
Gat
BREAD RECIE LIVESTOON
THEY ARE FREE! START HERE >>
Start downloading today to learn it all!","(300, 250)"
"CSO
50
AWARDS
Nominations for the
2023 CSO50 AWARDS
are open!
Deadline: 04.24.23","(300, 250)"
"PREMIUM
PRESENTS
EVERYTHING
FOODIE
MARKET
NAIRE
What you need to know about places, people and
gadgets that are stirring up the So Cal food scene.
CLICK HERE TO REGISTER","(728, 90)"
"PREMIUM
BOOKISH
A virtual series featuring
conversations with authors,
thinkers and performers.
SOUTHERN
CALIFORNIA
NEWS GROUP
CLICK TO REGISTER","(300, 250)"
"I
PREMIUM
PRESENTS
EVERYTHING
FOODIE
What you need to know about places, people and
gadgets that are stirring up the So Cal food scene.
CLICK HERE TO REGISTER
DIORIS
3-9101010
SOUTHERN
CALIFORNIA
NEWS GROUP","(300, 600)"
"FORMICA
Living Impressions™
Collection
ORDER A
FREE SAMPLE","(970, 250)"
"2023
BEST
Peninsula
VOTE
Vote Now Thru March 26th","(320, 50)"
"2023
THE FORELES
BEST
Peninsula
Reader's Choice Awards
VOTE
Vote Now Thru March 26th","(728, 90)"
"purple Do you really need a new mattress?
Short answer: Probably... and here are the reasons why.
LEARN MORE","(728, 90)"
"TACOMA
READY SET
GO! Event ends
April 4
buyatoyota.com","(300, 250)"
"PC TECH DEALS
WE SCOUR 100s
OF SITES TO
FIND YOU UP TO
50% OFF
THE HOTTEST
TECH PRODUCTS
GET THE DEALS","(300, 600)"
"LAKE ERIE
FISHERY
YOUR NEXT GREAT FISHING STORY
BEGINS RIGHT HERE.
Get Started
Powderhook","(970, 250)"
"DURAMAG
A Firearm is Only as Good as it's Magazine","(728, 90)"
"TYRANT
CNC.
WWW.TYRANTCNC.COM","(300, 250)"
"Focus your heart on
Jesus Christ with an
Easter
DEVOTIONAL
by
BILLY GRAHAM
GET YOUR FREE RESOURCE
BILLY
GRAHAM
Evangelistic
Association
Always Good News.
€2023 BGEA","(300, 600)"
"The List
HOUSE
& GARDEN
ALICE PALMER
Find a Design
Professional
DISCOVER MORE","(300, 250)"
"Why use someone in
Gloucester","(300, 250)"
"Raising up
diverse voices
in agriculture
farmland.org
American
Farmland
Trust","(300, 250)"
"Raising up
diverse voices
in agriculture
American
Farmland
Trust","(728, 90)"
"Bestselling
Our Most Popular Products
- Updated Weekly!
AliExpress
Shop Now >","(728, 90)"
"HELP US PROTECT HAWAII COUNTY
FAMILIES' INCOME!","(728, 90)"
"INNOVATION:
In the products and
the new packaging!
LEARN MORE
U.S.A. MANUFACTURED
GORDON'S
SINCE 1924","(970, 250)"
"tipstrr. is home to
thousands of tipsters
with a proven track record
Sign Up Free
Get their tips
in your inbox
every day","(728, 90)"
"TRUFUEL
CONVENIENCE PERFORMANCE PROTECTION
EMPOWER YOUR
EQUIPMENT
50:1
ENGINEERED
FUEL + OIL
READY TO USE
TRUFUEL
TRUFUEL
OPE
40:11
4-CYCLE
ENGINEERS
FUEL
TF3
TRUPUEL
VISIT TRUFUELSO.COM FOR AVAILABILTY AND DETAILS.","(300, 250)"
"Protect your tickets with Ticket Insurance
Allianz (1)","(728, 90)"
"WORD
Monetize
Unlock your blog's true
revenue potential
GET STARTED","(728, 90)"
"HO
BRING ON TODAY
with global secure networking.
LEARN MORE
COMCAST
BUSINESS
Powering Possibilities","(970, 250)"
"DREAMWORKS
PUSSIN BOOTS
THE LAST WISH
STREAMING ONLY ON
peacock
STREAM NOW","(970, 250)"
"ChmpsDiet.com
FREE
RECIPES
OPEN","(300, 250)"
"Choose Your
CARDS NOW
SYD NAD SYYD
? ? ?
NAD NAD WYD
o
? ? ?
KAD NE NAL
???","(300, 600)"
"5 STAPLES TO GET MORE LEADS FOR YOUR BUSINESS
A FULLY
OPTIMIZED WEBSITE
3 SOCIAL MEDIA ADS
5
6
GOOGLE ADS &
LOCAL SERVICE ADS
PROGRAMMATIC
ADVERTISEMENTS
AN AUTOMATED
CRM SYSTEM
A LOCAL
COMPANY
TO DO IT FOR YOU
LET US DO THE WORK!
501-625-9845
www.customerswhostick.com
Flypaper","(728, 90)"
"5 STAPLES TO GET MORE LEADS
1
2
3
4 PROGRAMMATIC ADVERTISEMENTS
5 AN AUTOMATED CRM SYSTEM
A FULLY OPTIMIZED WEBSITE
GOOGLE ADS & LOCAL SERVICE ADS
SOCIAL MEDIA ADS
LET US DO
THE WORK!
501-625-9845
www.customerswhostick.com
flypaper","(300, 250)"
"AMERICAN
RESCUE
PLAN
ACT
18 Libraries in Chautauqua County are offering free
access for your telehealth needs.
CLICK HERE
To Find Contact Information For Your Closest Telehealth Library.
CQUA COUNTY
LIBRARY
www.celany.org
SYSTEM","(728, 90)"
"SOURCE
GREAT TALENT
. without
blowing
your budget
""Media Job Board only
MEDIAJOBBOARD.COM
$199
Poynter. E&P America's
Newspapers","(300, 250)"
"UNDER ARMOUR.
OUT
• 100s OF NEW ITEMS
LET
All built to make
you better.
SHOP NOW","(160, 600)"
"SCRATCH
watch and ad
A NEW
BIG RIDE
NISSAN FRONTIER
WINNER
PLAY SCRATCH
BIG RIDE TODAY!
THE NEXT BIG WINNER
COULD BE YOU!
nicbgames.com
PRONTIER
MR. EGAN PREDDIE
PURCHASED HIS WINNING
TICKET AT ST. ANTHONY'S
TAXICAS, VESSIGNY.
NICB","(336, 280)"
"Search Rentals in
Your Community
RENT
666
Canada's Top
Rental Site
Search Now
gottarent.com
Find a place to rent","(728, 90)"
"ads
well
done.
cool by
consumable.","(300, 250)"
"Long-Life Pet
Crematory
Manufacturer
PENNRAM
DIVERSIFIED MANUFACTURING CORPORATION
BUILT BETTER.
LASTS LONGER.
VIEW ALL MODELS!","(728, 90)"
"Make decisions not disasters
Shoulda Seen It Comin
PLURALSIGHT
WATCH NOW","(728, 90)"
"THE
KARDASHIANS
obe NEWS SPECIAL
abo
WEDNESDAY NIGHT 817c
STREAM ON hulu","(300, 250)"
"-DSM-5-TR*-
CLINICAL
CASES
John W. Barnhill, M.D.
ORDER
appi.org
AMERICAN
PSYCHIATRIC
ASOCIATION
PUBLISHING
M","(300, 250)"
"SECOND EDITION
GABBARD'S TEXTBOOK OF
PSYCHOTHERAPEUTIC
TREATMENTS
EDITED BY
Holly Crisp, MD.
GenQ Gubbard, MD
ORDER
appi.org
AMERICAN
PSYCHIATRIC
ACATION
PUBLISHING
W","(300, 250)"
"CREALITY
Save up to 20%
Print Fresh Scenery with Creality Deals
Buy Now","(970, 250)"
"ELEGCO
JUPITER 6K
LCD 3D PRINTER
G
3
1210
$849.99
UP TO 35% OFF
ONLY 6 Days left,
starting from 13th March
ELEGOO
JUPITER
Model by Loot Studios","(300, 600)"
"Cl
Big Brothers
Big Sisters
EMPOWER A KID IN YOUR
COMMUNITY TODAY.
Learn How","(320, 50)"
"Sandy Hook
PROMISE
Learn the signs at Sandy HookPromise.org","(300, 250)"
"Add local, on-demand
delivery with a few lines of code
Developer
Learn More
Delivering more","(300, 250)"
"CYBERARK
The Identity Security Company
SECURE THE STASH OF
APPLICATION SECRETS
Cloud-Native Apps, DevOps Tools,
CI/CD Pipelines, RPA Bots.
GET SECURE
8","(300, 250)"
"MENTOR A KID IN YOUR COMMUNITY.
||||||E||ZN=Z
Learn How
L
Big Brothers
Big Sisters.
OF AMERICA
San","(728, 90)"
"GYMNASTICS
KAPLA
PAC-12 WOMEN'S GYMNASTICS CHAMPIONSHIPS
MARCH 18, 2023 // MAVERICK CENTER
PAC-12.COM/TICKETS","(728, 90)"
"12
CHAMB
GYMNASTICS
PAC-12 WOMEN'S
GYMNASTICS
CHAMPIONSHIPS
MARCH 18, 2023
MAVERIK CENTER
PAC-12.COM/TICKETS","(300, 250)"
"Streamline.
Integrate.
Consolidate.
Replace your complex toolchains
with GitLab and save time. And sanity.
Start free trial
GitLab","(300, 250)"
"Muthead Season 10
16 players competing for a $15,000 prize pool
WATCH NOW
Presented By
ARMY
NATIONAL
GUARD
MUTHEAD
LEAGUE","(970, 250)"
"Sandy Hook
PROMISE
Sandy HookPromise.org","(300, 250)"
"PC TECH DEALS
XDISU
WE SCOUR 100s OF SITES TO FIND YOU UP
TO 50% OFF THE HOTTEST TECH PRODUCTS
GET THE DEALS","(970, 250)"
"COLORADO-
AVALANCHE
NHLSHOP.COM
AF Fanatics Experience
d
A.
SHOP NOW","(300, 250)"
"Dave Thomas
Foundation
for Adoption","(300, 250)"
"OUNTRYSIDE
Making Homesteading Accessible to Everyone
Visit Today!","(728, 90)"
"OUNTRYSIDE
Making Homesteading Accessible
to Everyone
Visit Site Today!","(300, 250)"
"Backyard
Goats
Be a Goat Expert!
The Backyard Goats
newsletter is a
top resource on
goat health, feed &
housing, goat breeds,
and more!
Sign up for free today!","(300, 250)"
"Mitralo
SUPERMARKET BAHAN BARBURAN
PERLENGKAPAN RUMAH
Periode: 1 MARET-2 APRIL 2023
2
ANNIVERSARY
th
DISKON TAMBAHAN
MULAI
DISKON
26*
%2,6
JUTA
HADIAH
LANGSUNG
LOGAM MULIA
HEATSAFE
Water Heater
RUA-HS 201 250Watt
Harga Mulai
Rp 2jt-an","(300, 250)"
"Dra.com
17
FEBRUARY 2025
FLASH
REPORT
EDISI
17
CARI TAHU
HARGA
PROPERTI
TERKINI
KLIK DI SINI!
99 GROUP","(300, 250)"
"inside the Hrease™
SIGN UP FOR A CHANCE TO
WIN A $500 NHL SHOP
GIFT CARD!
WNL
SIGN UP TODAY
X C
X","(300, 250)"
"B
NHLSHOP.COM
AF Fanatics Experience
BLACK
HAWKS
SHOP NOW","(300, 250)"
"HPE
GreenLake
Choosing seamless
connection over
needless migration is
connected edge,
wisely done.
Learn more","(300, 250)"
"DOUGLAS
-25%
CUBI
Tylko
Vro
Sampoer
PA
k
ORIBE
right
Sen
www.
OSTA
Ob
byly","(300, 600)"
"Gardening
KNOW HOW
LEARNING CHANNEL
Learn to Grow a
Butterfly Garden
LEARN NOW","(300, 250)"
"FOSTON-
BRUINS
€
BOSTON
BRUINS
NHLSHOP.COM
A Fanatics Experience
SHOP NOW","(300, 250)"
"Gardening LEARNING
CHANNEL
KNOW HOW
learn.
grow.
garden.
LEARN NOW","(300, 250)"
"Your Genesis
Smart Home
Temperature Control, Safety, Digital Assistant,
Customized Lighting, Motion Sensors
ALL STANDARD. FULLY INSTALLED.
22
GENESIS
BUILDERS
LEARN MORE","(300, 250)"
"Your Genesis Smart Home
STANDARD INTEGRATED INTELLIGENCE
IN YOUR GENESIS HOME
●●
GENESIS
BUILDERS
LEARN MORE","(728, 90)"
"VANCOUVER
CANUCKS
NHLSHOP.COM
AF Fanatics Experience
VANCOUVER
SHOP NOW","(300, 250)"
"Sign me up
Get your FREE
HEALTHY
LIVING
Newsletter
Daily tips delivered
right to your inbox
EVERYDAY HEALTH","(300, 250)"
"Capital One Shopping
The coupon-finding
browser extension
PROMO CODES AVAILABLE
SEE FREE CODES","(728, 90)"
"sciMeetings
A SERVICE FROM THE
American Chemical Society
EARN A CITABLE DOI
AND AN OPEN ACCESS LICENSE","(728, 90)"
"CSB
CHRISTOPHER AND BANKS
MISSY | PETITE | WOMEN
Fashion that fits!
Jeans you'll love without
sacrificing comfort
or price. Explore our
most popular denim
styles in Missy (4-16),
Petite (4P-16P), & Plus
(14W-24W) Sizes.","(300, 250)"
"RAISING Break
FAMILIES
THE
JESUS
WAY
WAY
Generational
Strongholds
SHOP NOW","(300, 250)"
"RAISING
FAMILIES
the
JESUS
WAY
MAY
Raise Godly Kids Today to Transform Tomorrow
SHOP NOW","(728, 90)"
"An epic story
of love, loss,
and the
promise of
redemption.
LEARN
MORE
DAUGHTER
OF
EDEN
STORE
JILL EILEEN SMITH
V","(300, 250)"
"THE
PARENT'S
BATTLE
PLAN
Win Back Your Prodigal with These Strategies
SHOP 30% OFF + FREE SHIPPING","(728, 90)"
"2
THE PARENTS M
THE R
PARENT'S
BATTLE
PLAN
LAINE LAWSON CRAFT
Parents:
A Practical,
Tried-and-True Plan
to Protect Kids
SHOP 30% OFF
+ FREE SHIPPING","(300, 250)"
"Turn practice into play.
Start for free today at giantsteps.app
Giant
Steps.","(728, 90)"
"PADRE
YOUR
ANGELIC REVELATIONS
FOR 2023.
100%
FREE","(728, 90)"
"B
babycentre.
TIZZ","(728, 90)"
"EXECUTIVE
INSIGHTS
by Mediacorp
WEBINAR
Building new digital brand
experiences with NFTs
23 March, Thursday, 10.00 - 11.00am
mediacorp
REGISTER","(728, 90)"
"Do You Want To Prevent Dementia?
This Simple Trick Fights Dementia...","(300, 250)"
"STAR TREK:
DISCOVERY
WOLF PACK
WOMEN
WHO Move MOUNTAINS
STREAMING ON
EXPLORE THE COLLECTION","(300, 250)"
"WOMEN
Move
WHO
MOUNTAINS
1923 STAR TREK: DISCOVERY WOLF PACK
STREAMING ON
Paramount+
EXPLORE THE COLLECTION","(728, 90)"
"Original
""DARKER, MORE TWISTED,
AND EVEN BETTER""
COULDER
CRIMINAL MINDS
EVOLUTION
ALL EPISODES NOW STREAMING
EXCLUSIVELY ON
TRY IT FREE
+","(300, 250)"
babycentre.,"(300, 250)"
"what to
expect
We're giving away a
$1,500 Amazon gift card!
ENTER NOW","(728, 90)"
"Protect your tickets with Ticket Insurance
Allianz","(728, 90)"
"healthessentials
Your health matters
Got a question? Our
experts offer answers in
Health Essentials News
Sign Up","(300, 250)"
"From Hello to Help, 211 is Here
KANNIDE
Maked
TANG
KAPTENS ALLE
G","(728, 90)"
"GROCERY
WORKER'S
APPRECIATION
FUND
KJ
KENDALL JACKSON
United
Way","(300, 250)"
"B
Big Brothers
Big Sisters.
OF AMERICA
EMPOWER A KID IN YOUR COMMUNITY TODAY.
Learn How
Car","(728, 90)"
"ALL ABOUT
CIRCUITS
Need a Battery
Refresher?
9V
MOU
CIRCUITS
AC, DC, Analog,
Digital and Much More!
R₁
600
VIDEO
TUTORIALS
LEARN MORE","(300, 250)"
"CONTROL
AUTOMATION DAY
2023 INDUSTRIAL IOT
www
TUESDAY
MARCH 14TH, 2023
SPONSORED BY: M MOUSER
FREE VIRTUAL CONFERENCE
REGISTER NOW","(728, 90)"
"Don't just know.
Be in the know.
STAY
IN THE
KNOW ►
Powered by Global Spec
Electronics 360","(728, 90)"
"DEFINING THE
SMART MANUFACTURING
JOURNEY
Roundtable Webinar Series
Sponsored by RA Rockwell
Automation
Watch On Demand
REGISTER NOW
*********","(300, 250)"
"GlobalSpec
Specification Guides
Detailed, unbiased explanations of a wide
range of industrial products and services.
▸ Plan your next project!
ANCHE
$T","(300, 250)"
"Don't
just
know.
Be in
the
know.
STAY
IN THE
KNOW ►
Powered by GlobalSpec
Electronics 360","(160, 600)"
"GlobalSpec
Specification
Guides
Detailed, unbiased
explanations of a
wide range of
industrial products
and services.
*****
Plan your
next project!
PEYTON
""impac
Cons","(160, 600)"
"Covalent
Get
aggregated
Web3 Data
in a Block.
Try the Covalent
Unified API.
Learn More","(300, 600)"
"HOBBYSTORE
REALISTIC FIGURES
MODELING
MILITARY FIGURES
Panding, and maçons with redute accusa
ORDER NOW","(300, 250)"
"Bowser
Speakers
HO Locomotives
HO Trolley Cars
Cal Scal
HO Detail
Parts
HO Freight Cars
N Scale Freight Cars","(300, 250)"
"GEORGE W. BUSH
PRESIDENTIAL CENTER
IN CONGRESS JULY 4, 1776.
Germaniamous Perlantation of some states of Ame
FREEDOM
MATTERS
AT THE GEORGE W. BUSH PRESIDENTIAL CENTER
MARCH 2 DECEMBER 31
plan your
BUSHCENTER.ORG
visit","(300, 600)"
"ODC/DANCE PRESENTS
Dance Downtown
March 29 - April 2, 2023
Blue Shield of California Theater at YBCA
odc
TICKETS ON SALE NOW
Tickets starting at $25!
odc.dance/downtown","(970, 250)"
"odc
ODC/DANCE PRESENTS
Dance Downtown
March 29 - April 2,2023
TICKETS
ON SALE NOW","(300, 250)"
"OPEN
HOUSE
FRIDAY
MARCH 24
9:15 A.M. -1:15 P.M.
STATE UNIVERSITY OF NEW YORK
EFFERSON
There's more here
REGISTER TO ATTEND","(300, 250)"
"DEVILS
NHLSHOP.COM
AF Fanatics Experience
SHOP NOW","(300, 250)"
"3
MoCA
DUO","(300, 250)"
"fixmytoys
POLARIS
PARTS GEAR ACCESSORIES
M","(300, 250)"
"You have symptoms.
We have answers.
Check Your Symptoms
WebMD Symptom Checker","(728, 90)"
"CARID
Ⓡ
Define your Vehicle's True Identity","(728, 90)"
"(2)
Your Tone Makes
a Difference
Establish rapport with a personal,
approachable writing tone.
+++
Download Grammarly","(728, 90)"
"Medscape
Trending
Podcasts in
Healthcare
Download Now","(300, 600)"
"DIGITAL
TRENDS
THE BEST
OFFICE DESK
CHAIRS
LEARN MORE","(300, 250)"
"CHECK OUT TODAY'S ACTION AT
SIDEARMSTATS.COM
◆SIDEARMSPORTS
Go Now","(970, 90)"
"CONTROL
AUTOMATION DAY
2023 INDUSTRIAL IOT
TUESDAY
MARCH 14TH, 2023
SPONSORED BY:
M MOUSER
ELECTRONICS
d
*****
wwwwww
REGISTER NOW","(300, 250)"
"Daily Pakistan
mobiles.dailypakistan.com.pk
MOBILES
Prices Reviews
Latest News
Compare Smartphones and Gadgets","(728, 90)"
"Daily Pakistan
MOBILES
Prices
Reviews ● Latest News
O Compare Smartphones and Gadgets
mobiles.dailypakistan.com.pk
SET
10:08.
08k","(970, 250)"
"Increase followers
Efficiently
socialdog
Only Twitter Login to Start","(728, 90)"
"C
ISTDC Incredible India
THE GOLDEN CHARIOT
PENCHAN
Journeys available from 2 Nights/3 Days to 6 Nights/7 Days
of Ante Sandaler
SCHMACK
Complimentary
Flight Ticket
Book Now and Avail
Hotel
Stay
mmmmm
Pick-up
Transfer
fe
Extens
MARC
10% discount
on published tariff
P
T&C Apply","(970, 90)"
"UNIVERSITY OF
LOUISVILLE
COLLEGE OF BUSINESS
EQUINE INDUSTRY PROGRAM
ENHANCE YOUR CAREER
GRADUATE -15 WEEK
HORSE RACING INDUSTRY
BUSINESS CERTIFICATE
APPLY TODAY!","(300, 250)"
"DIGITAL TRENDS
TECH 101:
HOW TO NOT HAVE
INSTANT POT FOMO","(300, 600)"
"+
DIGITAL
TRENDS
THE BEST WIRELESS
HEADPHONES
LEARN MORE","(728, 90)"
"#1 Talent Agency
For Today's Digital Stars
VIRAL
NATION","(728, 90)"
"Tired of seeing ads?
Upgrade to the ad-free FlightAware app.
UPGRADE","(320, 50)"
"NEW
WEBINAR HUB
Our expertise
at a glance
Find inspiring webinars and
helpful trainings
on our brand-new hub
Welcome to the Statista Web
Explore now
statista","(160, 600)"
"Your Tone
Makes a
Difference
Establish rapport with a personal,
approachable writing tone.
Download Grammarly
G
+
PREMIUM
M
Ikhw
that could sort of help
Tone suggestion
Confident
A
I have a few ideas that could help.
Rephrase Dismiss","(336, 280)"
"Continue
1. Click ""Continue""
2. Add Extension
3. Start Converting
Amazing File Converter","(336, 280)"
"PUTTING THE WIN IN WINTER
Get heating supplies fast this season!
2
SupplyHouse.com","(300, 250)"
"NEW HYDRAULIC
SEPARATOR
A SMARTER
SOLUTION FOR
SYSTEM
EFFICIENCY
Webstone
a brand of NIBCO®","(300, 250)"
"SupplyHouse.com
Plumbing, Heating & HVAC Supplies
PUTTING THE WIN IN WINTER
Get heating supplies fast this season!
200,000+ Products | 450+ Brands | Fast Shipping","(728, 90)"
"Program, Troubleshoot and Monitor.
Remotely.
Beckett
GentSys 7565 (1207)
WOOSIDENT
LEARN MORE >
Beckett.","(728, 90)"
"Get a return rate that's great for your business!
Campaign Period: 5 January 2023 until 30 June 2023
Terms and conditions apply.
A PIDM member
Protected by PIDM up to RM250,000 for each depositor.
Byw
SCA
2.20
CD AmBank
CLICK HERE
for more info
AmBank Islamic","(728, 90)"
"Decanter
Wine Experiences
Discover the
Rhône with
Decanter","(300, 250)"
"www
100
O
Ⓡ
soundavo
(
Whole-Home
Audio Matrix
Amplifier
System
WS66i & M66-EXT","(300, 600)"
"YOU ASKED
AND WE
DELIVERED
The R-Series is here
Hear more
PERLISTEN","(300, 250)"
We Stand With You,"(728, 90)"
"Paradigm
Founder
SERIES
When Art Embraces
Science, Anything
is possible.
FIND MY DEALER","(728, 90)"
"MOTV
MYOUTDOORTV
START YOUR
FREE TRIAL
AppStore Google Play Roku amazonfirery tv XBOX","(300, 250)"
"KIOXIA
Ready for
the Next
Game
KIOXIA
EXCERA
EXCERIA SSD
KIOXIA
EXCERIA PLUS
G2 SSD
KIKIA
EXCERIA PRO SSD
LEARN MORE","(300, 250)"
"KBS TGI™
TOUR GRAPHITE IRON
KBS TGI 60
KBS TGI™ 70
KBS TGI 80
THE FIRST GRAPHITE IRON
TO PLAY LIKE STEEL.
NOW AVAILABLE IN TAPER TIP
KBSGOLFSHAFTS.COM","(970, 250)"
"Decanter
PREMIUM
COLLECTOR'S
GUIDE:
PREMIUM
WHISKY
READ NOW","(300, 250)"
"Drones
The Complete Mara
ON SALE NOW","(728, 90)"
"Fandom
xfinity
10G
GAMING LOUNGE
WATCH THE
HIGHLIGHTS
APPEARANCES BY DERWIN JAMES,
KYLE HAMILTON AND MORE
WATCH NOW
1","(970, 250)"
"S
Add local, on-demand delivery with a
few lines of code
Developer
Learn More
Delivering more","(728, 90)"
"DO
SOMETHING.
JUST
SIT
THERE.
FLATTEN
THE CURVE
STATIONE","(300, 250)"
"LUMENO
Arkadium
ADVANTAGE
Over 100 games to enjoy
Learn More","(728, 90)"
"INTRODUCING
WELL+BEING
FROM The Washington Post
Subtract the noise.
Add the experts.
SIGN UP","(970, 250)"
"MarketScreener
Premium
Follow our Three
Outperforming Portfolios
In real time","(300, 250)"
"TOWN CHEEZIT
PRINGLES HOUSE
GO FOR FULL COURT
CRUNCH
LEARN MORE
Ⓒ.TM, Ⓒ2022 Kellogg NA Co.
FROSTED
FLAKES
ⒸTM, Ⓒ2022 Pringles LLO","(300, 250)"
"G
Your Tone
Makes a
Difference
Establish rapport with a personal,
approachable writing tone.
Download Grammarly
+","(160, 600)"
"CHECK OUT TODAY'S ACTION AT
SIDEARMSTATS.COM
SIDEARMSPORTS
Go Now","(970, 90)"
"LOWSTONE
COTOSEN
up to
50%
OFF
SHOP NOW >>","(970, 250)"
"1
2
2
app.post('/webhoo
(req, res) {
switch(req.body
3 case 'DASHER_DROP
4
5
console.log
req.body.dropoff_
break
6
7 case 'DELIVERY_CA
Add local, on-demand
delivery with a few lines
of code.
Developer
Learn More
Delivering more","(300, 600)"
"wildgets
wsedgets
COUGH LESS
ENJOY MORE
wledgets
20%OFF
code: HT20
SHOP NOW","(300, 600)"
"Heritage
Juilar Inc.
THE FINEST
AMERICAN-MADE
GUITARS
LEARN MORE","(300, 250)"
"& WORLD REPORT
US News
INTRODUCING
U.S. NEWS
GAMES
Try your favorite games for free.
602
8
the Daily
SUDOKU
5 4
FAMILY
FEUD
東華
MAHJONG
FEN
Play Now","(300, 600)"
"GRAB TOP TITLES FOR
FREE!
(UP TO $100)
JUST PAY
SHIPPING & HANDLING
3.BOK MOXAZAROBARONALA
People allrecipes
The
Making
Queen
Bellertlomies
Better Homesank
e doit
YOURSELF
HARRY'S D'A
HOUSE
TAKE IT
OUTSIDE!
www
Shop Now →
UNDER
DE
20
GOLD YOUR
OUTDOOR
OASIS
PXLTIMO
PROST","(300, 600)"
"Friskies 3 pack
Party
Mix
YUMS
Commen
3
Beggin
Treat your lucky pet.
Get their faves with
Curbside Pickup.
Shop Now
*Fees may apply.","(728, 90)"
"Reach your
potential
com
nj
FIND YOUR NEXT JOB ➤","(300, 250)"
"moneycontrol PRO
Subscribe for 1 YEAR at just 365
Subscribe Now","(728, 90)"
"READ NICK AND CHARLIE,
A MUST-HAVE NOVELLA FROM THE MEGA-BESTSELLING
CREATOR OF THE HEARTSTOPPER SERIES
NOK
CHAN
B
3
3","(728, 90)"
"We Stand
Together","(728, 90)"
#Alone Together,"(728, 90)"
"HOUSTON,
TEXAS
BANDISTA
COCKTAIL LABORATORY
RESERVE","(300, 600)"
"N
NHLSHOP.COM
AF Fanatics Experience
SHOP NOW","(300, 250)"
"(5)
WE KNOW IT'S
MESSED UP.
WE'RE
WORKIN'
ON IT","(300, 250)"
"amazon
TODAY'S
DEALS
Great Savings
Every Day","(300, 250)"
"LA
LA KINGS
NHLSHOP.COM
AF Fanatics Experience
SHOP NOW","(300, 250)"
"NEIGHBORHOOD TO NATION
ADVERTISE WITH US
CLICK FOR MORE INFO >","(728, 90)"
"NEIGHBORHOOD TO NATION
ADVERTISE WITH US
CLICK FOR MORE INFO >","(300, 250)"
"KUOW
npr Network
Radio for a curious public.
Donate","(970, 90)"
"KUOW
969
npr Network
Radio for an engaged) public.
Donate","(728, 90)"
"KUOW
npr Network
Radio for a curious public.
Donate","(728, 90)"
"MILLIONS OF KIDS ARE
GROWING UP
WITHOUT A MENTOR.
BECOME A BIG TODAY.
Learn How
L
Big Brothers
Big Sisters.
OF AMERICA
95","(300, 250)"
"_little_
THINGS
Joy comes easy with
Little Things in your mailbox!
SIGN ME UP","(728, 90)"
"BoardingArea
All of the best frequent flyer blogs, all in one place
BardingArea
IN
Download on the
App Store
GET IT ON
Google Play","(728, 90)"
"Lexi Damato
Pure Productions, LLC
An Idaho based Wedding
& Event Videographer
that serves the Pacific
Northwest and beyond
www.pureproductionsmedia.com
Ⓒ (
YouTube","(300, 250)"
"QUESTWISE Anti-fatigue Nutritional Eye Patch
100%
Natural
Your Eyes Deserve A Spa-Treatment
Relieve Eye Fatigue, Relieve Dry Eyes, Relieve Blurry Eyesight","(300, 250)"
"Thank you!!!!!!
SHOW THEM YOUR
SUPPORT OPERATION GRATITUDE","(728, 90)"
"BREVARD
BCool.","(300, 250)"
"2
y tickets to India
Serving indians globally!
USA To India
Cheap Flights
New Year Deals
Save Big
On Flight Tickets To India
Call 1-585-948-0222
(Unpublished Deals)
Book Now","(300, 250)"
"Love
ends &
Universal
School Meals
Help Feed
Vermont Kids
Learn how to keep the
investment going >>
PAID POST","(300, 250)"
"SEVEN DAYS
house
party
FREE!
Workshop for first-time home buyers
ONLINE: MARCH 22 - REGISTER >>","(300, 250)"
"PISALIN
Asmaraloka
SOLOPOS FASHION
0811-2766-330
pisalin_official
Outlet: Griya Solopos Jl Adi Sucipto 190 Solo","(728, 90)"
"ONE
ADMIT
ON
GO
191
PLAY FILMY QUIZZES WITH
Bollywood Celebrity
PLAY NOW","(300, 250)"
"unihost
Server for video hosting
& Streaming
Pick up","(970, 90)"
"30-DAYS MUSCLE MEAL PLAN
GAIN PLAN
WORKOUT PLAN
-
mand
VIN","(300, 250)"
"Roll into a
new adventure!
Find out if there truly is
Honor Among Thieves on March 31!
Visit the Forgotten Realms Wiki
Presented By
DUNGEONS
HONOR AMONG THIEVES","(970, 250)"
A great beer,"(728, 90)"
"Quart
ZURICH
SONIC
FRONTIERS
100
XXX
ox
RELUDI
online games","(728, 90)"
"HOW SMART
ARE YOU?
f
¿
FREE TESTS","(300, 250)"
"""OR
ONE
facia
PLAY FILMY QUIZZES WITH
Bollywood Celebrity
PLAY NOW","(728, 90)"
"MAR 17 - APR 9
AGATHA CHRISTIE'S
MURDER
ONGEENDE EXPRESS
THE
The
Rep
REPERTORY
THEATRE
ST. LOUIS
ADAPTED FOR THE
STAGE BY KEN LUDWIG
DIRECTED BY HANA S. SHARIF
BUY TICKETS","(300, 250)"
"INNOVATIVE ON LAND.
EXCEPTIONAL
AT SEA.
AUSTAL
USA","(728, 90)"
"THE
BEST
WAY TO
LEARN
SONGS!
LESSONS INCLUDE
GUITAR TAB
BACKING TRACK
VIDEO INSTRUCTION
PLUS:
TEMPO CONTROL
MINUS GUITAR
MINUS BAND
LOOPING
CLICK TRACK
Guitar
INSTRUCTOR.COM","(160, 600)"
"WMP
NPS Foundation/U.S. Naval Institute
ANNUAL ESSAY CONTEST
Sponsored by the Naval Postgraduate School
DEADLINE: 31 MARCH 2023
MORE DETAILS HERE
ONO
INTE","(300, 250)"
"ENTER THE NAVAL INSTITUTE'S
ENLISTED PRIZE
ESSAY CONTEST
Sponsored by USAA
DEADLINE:
31 MARCH 2023
MORE DETAILS HERE
ED
DIE
419","(300, 250)"
"WATCH
CHICAGO
TONIGHT
online app facebook podcast","(300, 250)"
"FLOCK
to the
ROCK
Find your fun in LaSalle County!
www.flock To The Rock.com
HERITAGE
CORRIDOR
SEITINATISH
Rock
iliingis","(300, 250)"
"IXJO
TEMU
CLEARANCE
$6.07
Free
Shipping
SHOP NOW
New users only","(160, 600)"
"policy bazaar
Investment Plan
for NRI's
Invest 9000
Per Month
& Get
1 CRORE
View All Plans","(300, 250)"
The Best of iOS 16,"(728, 90)"
"Where
a Date Night
in LA
to Have
READ MORE ON EATER >>
totale erizon","(300, 250)"
"Where to Have a
Date Night in LA
READ MORE
ON EATER >>
total orizon","(728, 90)"
"HAMILTON
THIS WINTER,
BE IN THE ROOM
WHERE IT HAPPENS
BOOK YOUR TICKETS NOW","(970, 250)"
"IN LOVING MEMORY
HONOR THEM WITH
Graveside Flowers
• Beautiful, high-quality silk floral
arrangements
• Hand delivered to your loved one's grave
Photo confirmation of delivery included.
LEARN MORE","(300, 600)"
"IN LOVING MEMORY
HONOR THEM WITH
Graveside Flowers
• Beautiful, high-quality silk-blend floral
arrangements
• Hand delivered to your loved one's grave
Photo confirmation of delivery included.
LEARN MORE","(300, 600)"
"Please consider a
donation in memory of
your loved one.
WOUNDED WARRIOR
PROJECT
DONATE NOW","(300, 250)"
"SAVE
up to
35%
Find your dream hotel
momondo
Search now","(728, 90)"
"Aging Edge
A RESOURCE FOR
OLDER ADULTS","(728, 90)"
"OILERS
NHLSHOP.COM
AF Fanatics Experience
OILERS
SHOP NOW","(300, 250)"
"Thank you!
SHOW THEM YOUR
SUPPORT OPERATION GRATITUDE","(300, 250)"
"NHLSHOP.COM
AF Fanatics Experience
X<
SHOP NOW","(300, 250)"
"Don't Reveal
Your Online
Dating Activities
Startpage
Search Privately","(300, 250)"
"LIVE
SPE Tech Talk:
Advanced Material
Technology for Hydrogen
Storage and
Transportation Systems
Watch Now
On-Demand
SPE
Presented by
=Tenaris","(300, 250)"
"PLAYBILL
DEAR
HANSEN
PLAYBILL
PLAYBILL
PLAYBILL
PLAYBILL
PLAYBILL 532
PLAYBILL
PLAYBILL
THE LION KING
PLAYBILL
ain't
proud
COME SEE HOW THE
WORLD COULD BE
HADESTOWN
LOR
CAP
FROZEN
BA
Protect &
Display it
PLAYBILLSTORE
Jam Tatia","(970, 250)"
"NHLSHOP.COM
AF Fanatics Experience
WITHHILL
SMASHVILLE
3
SHOP NOW","(300, 250)"
"GREAT THINGS HAPPEN
WHEN WE LIVE UNITED.
Ad Donate or Volunteer
Council
United
Way","(300, 250)"
"1010110
ONE
BRING ON TODAY
with global secure
networking.
LEARN MORE
COMCAST
BUSINESS
Powering Possibilities","(300, 250)"
"CHEMISTRY\\ORLD
Discover the
latest advances
in experimental
techniques -
from your desk","(300, 250)"
"USA TODAY
SPORTS+
Get the
USA TODAY
Sports+
Mobile App
Get award-winning
journalism, photos
and videos.
Same great
content, all ad-free.
Customize your
alerts in the For
You section.
Download the App","(300, 600)"
"DEtex
""CAMP","(160, 600)"
"LIVE WEBINAR
Cyber Security
Solutions 2019
Sep
NEWS
msi
SUMMER
HOSTGATOR.
1-866-96-HOSTGA
SUPPORTS
(intel (intel
inside
CHIPSET.287
NIGHTBLADE
THE HOLSTER OF
GAMING SUPREMACY
inside
CORE","(300, 250)"
"NEW YORK
RANGERS
NHLSHOP.COM
AF Fanatics Experience
NEW YORK
RANGERS
SHOP NOW","(300, 250)"
"Can Read!
BOOK
CLUB
The BOOK CLUB for EARLY READERS
50% OFF 5 BOOKS TO START
JOIN NOW
USE CODE READ50
Can Read!
K
the
Pete Cat
GORS CAMPING","(728, 90)"
"AtheAdEngine
Powering The Publisher
$","(300, 250)"
"Angi
The easy way to tackle
any home project.
Find Pros Now","(728, 90)"
"DETROIT
BED WINGS
NHLSHOP.COM
AF Fanatics Experience
SHOP NOW","(300, 250)"
"DO YOU NEED TO GROW YOUR
INSTAGRAM PROFILE?
START HERE","(728, 90)"
"HPE
GreenLake wisely done.
Needing your cloud to be public,
private or on-premises is hybrid cloud,
Learn more","(728, 90)"
"TEMU
SHOP NOW $6.07
New users only
Free
Shipping/","(728, 90)"
"DEVOPS
LAUNCHPAD
Level up with free
Salesforce DevOps
certification
SIGN UP
Gearset","(300, 250)"
"ZAHIR KELVIN
ONG ABDULLAH
T
MUHAMMED
AHMAD HAMDAN
ANITA
Woo
AZARIA
TAGAYA
MONEY
MATTERS
MONEY INSIGHTS THAT MATTER
EVERY SATURDAY | 5.00 PM
Live stream in Han tonton
1'3","(300, 250)"
"Are you smarter than a Slatester? Take the SLATE
Test your knowledge of the week's biggest news.
NEWS QUIZ LET'S GET STARTED","(728, 90)"
"Release
Increase your app dev
efficiency with Release
Learn more","(300, 250)"
"Eliminate study stress -
be exam ready with
Chegg Study
Use Chegg Study
Chegg","(300, 250)"
"1994-2004 Ford Mustang
Double Adjustable Caster Camber Plates
$204.18: Easy adjustment for Street and Race applications
Full Lifetime Warranty
to
20000
LG
60
PRODUCTS
hotpart.com","(728, 90)"
"NHLSHOP.COM
AF Fanatics Experience
Þ
DAL
HOCKEY
SHOP NOW","(300, 250)"
"Hollywood Golden Age Stars
You Wouldn't Recognize Today.","(728, 90)"
"00
do
KU
As Is
Get the latest
beauty and style
tips and trends
sent straight to
your inbox.
Sign Up Now!
D
06
km","(300, 250)"
"a podcast from NBC NEWS STUDIOS
LETTERS
FROM
SING SING
INSIDE A 20-YEAR
FIGHT FOR JUSTICE
LISTEN NOW
9:41
NBC NEWS
Episode 1
Letters from Sing Sing
2006","(970, 250)"
"NEBULA
MARRIAGE VS BREAKUP
START TEST","(300, 250)"
"NEBULA
MARRIAGE
VS
BREAKUP
START TEST","(300, 600)"
"20120
Desene
HTTP
SPECIAL COLLECTOR'S ISSUE
Rolling Stone
THE MOST
ICONIC MUSIC
MOMENTS
OF ALL-TIME","(300, 250)"
"NEW SPECIAL COLLECTOR'S EDITION | ON SALE 5 DEC 2022 |
Rolling Stone
THE MOST ICONIC MUSIC MOMENTS OF ALL TIME
AU/NZ
THE MOST
ICONIC
MUSIC
MOMENE
Subscribe","(970, 250)"
"NEW
Rolling Stone
ON SALE 5 DEC 2022
Roll's Stone
THE MOST
ICONIC
MUSIC
MOMENTS
OF ALL TIME
SPECIAL
COLLECTOR'S
EDITION
AUNZ
SEC
Ee","(300, 600)"
"DOWNLOAD
TMZ
TO GET
THE
BIKINIS, BOOTY
AND BOO
IN NEW RAP VIDEO
DOWN
LOW!
GET IT ON
Google Play","(300, 250)"
"TMZ
ON TV
THE JOKE'S
ON US!
CHECK LOCAL LISTINGS","(300, 250)"
"& WORLD REPORT
Find the Right
Insurance For You
U.S. News Ranked the
Cheapest Car Insurance
Companies in 2022.
Get Quote","(300, 600)"
"SIMMONS-ROCKWELL
HALLSTEAD, PA Ford 570-879-5000","(320, 50)"
"ditt
Don't Miss The
MileSplit50
See Our Rankings","(300, 250)"
"2 Easy Steps
1. click ""Download Now""
2. Add Interesting Facts for Chrome
DOWNLOAD NOW
Interesting Facts","(728, 90)"
"USHA
RESOURCES
TSX.V: USHA
OTCQB: USHAF
FSE: JOO
Uniquely Positioned
in Nevada, The
Lithium Capital of
the United States
Find Out More","(300, 250)"
"G
Google Rating
4.9*****
Based on 227 reviews
TRIDENT FFUNDING
Specialists in Marine Finance
APPLY NOW","(300, 250)"
"Bestselling
Our Most Popular Products
- Updated Weekly!
AliExpress
OH
Shop Now >","(300, 250)"
"RE FOR
HERE FUN
H
RECHERE FOR MOUSE MAGI
RE F Theme Park News, History & More DD H
E FOR RIDES HERE FOR (IDES HERE FOR RIDES H
HERE FO","(970, 250)"
"FOR RIDES HERE
OR RIDES HERE
RE FOR MAGIC H
E FOR FOOD HE Theme Park News, History & More OR FOOD HERE
HERE FOR MOUSE
FOR MAGIC HER
PIDES HERE","(728, 90)"
"SEQUOIA
OUT BACK
Experience the Ultimate in Outdoor Living Space
INTO SEQUOIA
CLICK FOR INFO","(970, 90)"
"MA
wusf's
longest
table
28
Member Presale
Going On Now
WUSF's Longest Table 2023","(300, 250)"
"BIRDS IN THE CEILING
JOHN MORELAND
AVAILABLE NOW
OLD
OMENS","(728, 90)"
"BIRDS IN THE CEILING
JOHN MORELAND
AVAILABLE NOW
O","(300, 250)"
"Summer Reading
at your library
m
SUMMER READING
PROGRAM
ILA.org/DoDSummer Reading","(300, 250)"
"WEBEEBLY
A CAREER AT
BROWARD CENTER
GOES BEYOND
THE STAGE
GLAUREBBERO
|08505600000
STEMCELL
BIG-BWANA
ROSSFILE
OCCORPIOING
********
Stretters
BROWARD CENTER
FOR THE PERFORMING ARTS","(300, 600)"
"SUPER
MOTO
CROSS
WORLD CHAMPIONSHIP
peacock
STREAM EVERY
RACE LIVE
SIGN UP NOW","(728, 90)"
"Placer.ai
Drive grocery retail
performance with
mobile location
analytics
Try It Free","(300, 250)"
"BARCELONA CREW
ACADEMY
PENT & TRA
YACHTS
Advanced service Module -
Silver Service
Book Now
Now available on
ACADEMY BY EPHEMERIS
Є.
Tele
**************","(970, 250)"
"Refit and repair
since 1956
Lusben*
DISCOVER MORE >","(728, 90)"
"Refit and repair
since 1956
Lusben
DISCOVER MORE >","(300, 250)"
"EXPERIENCE THE
MONACO GRAND PRIX
ONBOARD CORAL OCEAN
ALL-INCLUSIVE PACKAGES FROM €5,000","(970, 250)"
"The State of
Yachting 2023
Download
The Market","(300, 250)"
"The Marke
The State of Yachting 2023
Download now","(728, 90)"
"The State of
Yachting 2023
The State
of Yachting
Download now","(728, 90)"
"Work With Kids
Earn Your Degree
For Free!
Learn More","(970, 250)"
"95%
Your new
centrepiece
SL MKIII
novation","(728, 90)"
"Best in Customer Service
Randall
Lumber &
Hardware
NOT IN
z
CP","(300, 250)"
"Small business insurance, locally sourced.
State Farm
Contact Me ►
Wanda Lucero, Agent
211 Kit Carson Road","(970, 250)"
"JEC FORUM
ITALY 2023
Business Meetings & Conferences
June 6-7, 2023
BOLOGNA FIERE
ITALIA","(728, 90)"
"UNLOCK THE EQUITY
IN YOUR HOME
GreenState
CREDIT UNION","(728, 90)"
"EXPERIENCE THE
FUTURE OF COMMERCE
SHIFT4","(728, 90)"
"5 STAPLES TO GET MORE LEADS
1
2
3
4
5
A FULLY OPTIMIZED WEBSITE
GOOGLE ADS & LOCAL SERVICE ADS
SOCIAL MEDIA ADS
PROGRAMMATIC ADVERTISEMENTS
AN AUTOMATED CRM SYSTEM
LET US DO
THE WORK!
870-330-0806
www.customerswhostick.com
Flypaper","(300, 250)"
"AR N
*
TEXASBAR.COM/
MERCHANDISE","(728, 90)"
"VISIT
MISSISSIPPI
Mississippi is a
Paddler's Paradise
Discover Mississippi's top destinations
for kayaking, canoeing, and tubing.
LEARN MORE
Entre","(970, 90)"
"VISIT
MISSISSIPPI
Mississippi is a
Paddler's Paradise
LEARN MORE","(300, 250)"
"VISIT
MISSISSIPPI
Mississippi is
a Paddler's
Paradise
Discover Mississippi's top
destinations for kayaking,
canoeing, and tubing.
LEARN MORE","(300, 600)"
"Wilbourn & McCabe Full Service Plumbing
PLUMBING CO
in Wichita Falls
Senior and Military Discounts
Full Water, Sewer and Gas Service
BBB
MONEY
CONTACT US
940-761-2800","(728, 90)"
"Wilbourn & McCabe
PLUMBING CO
Full Service Plumbing
in Wichita Falls
Senior and Military Discounts
Full Water, Sewer and Gas Service
CONTACT US
940-761-2800
BBB
ACCREDITED
BUSINESS","(300, 250)"
"CUSTOMIZE
& PERSONALIZE
With our bespoke service
VITUS AUDIO
DISCOVER MORE","(728, 90)"
"Your
Healthcare
Team!
alcona health center
""Your family health center""
Your Partner in Health and Wellness
Care for your entire family
• Medical
• Behavioral Health
• Dental
For more info
click here","(728, 90)"
"You deserve it.
AVENUE
AVENUE
COFFEE
Click here to order now","(300, 250)"
"TEDCO
TALKS
WITH
TROY LEMAILE-STOVALL
WATCH NOW TO LEARN FROM
INDUSTRY THOUGHT LEADERS
ACROSS THE REGION
li-C","(300, 250)"
"mindlyte
#brave
ENJO
TEMU
mixhers
A All Trails
DISCOVER THE
ESSENTIAL APPS OF
2023
Claim
Freens Crowd
DASHLANE
Flamme
The Couples App","(728, 90)"
"HRT hudson river trading
Build the future of trading.
LEARN MORE","(728, 90)"
"mindlytebrave
A AllTrails
DISCOVER THE
ESSENTIAL APPS OF
2023
18.10
TEMU
mixhers
Flamme
The Couples App","(300, 600)"
"Best sunsets in town
SOCIABLE
CIDER WERKS
-ESTO.
-2013-
sociablecider.com","(728, 90)"
"P365
380 AUTO
LESS RECOIL
MORE CONTROL.
SIG SAUER
LEARN MORE","(300, 250)"
"IXU
Math
Practice
Kindergarten
1st Grade
2nd Grade
∞ 3rd Grade
% 4th Grade
5th Grade
6th Grade
7th Grade
8th Grade
X² Algebra 1&2
Geometry
Σ Precalculus
Try 10
FREE
practice
problems!","(970, 90)"
"Sandals
ROYAL CURAÇAO
WHERE AMAZING COMES TOGETHER
BOOK NOW","(728, 90)"
"HE
HELM
$50 OFF
YOUR FIRST
PAIR","(300, 250)"
"FREE 7-DAY TRIAL
WATCH ★ OVID.tv
M
ONLY on
OVID
Tilda Swinton
THREE FILMS WITH
JOHN
BERGER
""An art critic for the people.""
- THE PARIS REVIEW","(970, 250)"
"140
Nation.TRAVELS
Singular Journeys for Progressives
JORDAN:
OCTOBER 15-25, 2023
LEARN MORE","(300, 600)"
"The
NEWS
Minute
Like our Journalism? Support us.
Become a Member
The
NEWS
Minute","(728, 90)"
"The
NEWS
Minute
Like our
journalism?
Support us.
Become a Member","(300, 250)"
"aws
AWS Data
Insights Day
2023
Unlock value, unleash insights
in uncertain times
with Amazon Redshift
Virtual event
Wednesday, May 24
9:00 AM - 3:00 PM PT
Register now","(300, 600)"
"FREE SEMINAR
Every Step of the Way
Guiding you and your loved one
through life's transitions
Voelz, Reed, & Mount, LLC VIVERA
knowledge experience solutions
COLUMBUS
Thursday, May 11th
5:30-7:00
at Vivera Senior Living
1917 State Street Columbus, IN","(728, 90)"
"Lower Bucks Hospital
Roxborough Memorial Hospital
Suburban Community Hospital
Members of Prime Healthcare | Pennsylvania Region
Saving Lives
Takes Time","(728, 90)"
"The Star
UNCLUTTER
YOUR NEWS FEED
The Star
T&Cs apply.","(300, 250)"
"The Star
LESS IS
MORE
T&Cs apply.
INTERACTIVE
and
000000
The Star
Wy
00000000
-","(300, 250)"
"S ShareFile
www.sharefile.com
Effortlessly manage your clients'
files with ShareFile - perfect for
accountants.
LEARN MORE","(728, 90)"
"AICPA & CIMA
Your learning
experience just
got better.","(300, 250)"
"Ride the interest
rate wave.
CD rates like these
won't last forever.
Open an account City Credit Union","(300, 250)"
"Don't get burned by paying too much.
We've saved members thousands on their insurance premiums.
City Credit Union
www.citycu.org
Get started","(728, 90)"
"Work the way
you want
Use any device to
securely access your
files, share data and
create time-saving
workflows.
Try Free for
30 Days
S ShareFile","(160, 600)"
"Read THE WEEK wherever
you are in the world","(728, 90)"
"CUSTOMER
CONTACT
WEEK
CCW
CELEBRATING 25 YEARS
JUNE 19-22, 2023
CAESARS FORUM, LAS VEGAS
JOIN CCW
HEADLINER
MARK KING
CEO, TACOBELL
LEARN MORE","(336, 280)"
"cine gear
ENTERTAINMENT DIGITAL
June 1 - 4,
2023
Exhibits June 2 - 3
The Studios
at
PARAMOUNT
los angel","(300, 600)"
"THIS OLD HOUSE
MAKERS
CHANNEL
Watch It First on
The Roku Channel
Stream Free","(728, 90)"
"This Old
House INSIDER
START FREE TRIAL
Stream Every Episode
Ever Made,
Commercial-Free","(728, 90)"
"stream now
Terms apply.
discovery+
MESSY HISTORY
of American Food","(970, 90)"
"POTTS BROTHERS
AUCTION
AT AUCTION
SATURDAY May 20th, 2023 10 AM EST
Waymond, Tom & Margaret Watts Estate
Verna Watts Bible and Janie
Watts Spataro Co-Executrix
SALE #1
45 Acres, Tracts or Whole
Open & Wooded
13270 Alabama Hwy
Ringgold, Ga. Catoosa County","(300, 250)"
"POTTS BROTHERS
AUCTION
AT AUCTION
SATURDAY May 20th, 2023 10 AM EST
Waymond, Tom & Margaret Watts Estate
Verna Watts Bible and Janie
Watts Spataro Co-Executrix
SALE #1
45 Acres, Tracts or Whole
Open & Wooded
13270 Alabama Hwy
Ringgold, Ga. - Catoosa County","(300, 600)"
"Retall price includes 2-year30 000km service plan
DO R2 499⁰
YOU
SPRESSO
S.PRESSO 10 GMT
BOOK A TEST DRIVE *Ts and Cs apply
INCLUDES
5
SUZUKI","(300, 250)"
"For a
limited
time, get
with our
09-Month
See website
for disclaimers
MCB","(728, 90)"
"ZOOM
STAR
of the
MAY 2023
Asees Kaur
BEST OF HER SONGS
ALL THIS MONTH
TUNE IN NOW","(300, 250)"
"TIMES OBSERVER
YOUR TRUSTED NEWS for Warren County.
Subscribe Today","(728, 90)"
"NAGASAKI
PREFECTURE
Nagasaki is vibrant after hours. Discover the best
nocturnal activities and lively eateries for unforgettable
memories when exploring the prefecture at night.
満福
_紫橋橫下
2 runo
理艇
5
A
和遊
~","(970, 250)"
"Yes You May
SALES EVENT Monroe SUPERSTORE
It's the season.
DODGE// kop
2023 CHRYSLER D
PACIFICA
TOURING L
SHOP NOW
$298.mo
LEASE@ONLY","(728, 90)"
"Take PRIDE in Where You Travel
PROVINCETOWN
EXPLORE NOW
PTOWNTOURISM.COM","(970, 250)"
"Take PRIDE in Where You Travel
PROVINCETOWN
EXPLORE NOW
PTOWNTOURISM.COM","(300, 250)"
"Tents without fire
retardants or PFOAs
THETENTLAB","(300, 250)"
"Strong & Beautiful
Tents without Fire Retardants or PFOAs
THETENTLAB
W MAGA","(970, 250)"
"UnCruise
ADVENTURES
BECOME THE
ADVENTURE
EXTENDED LAND & SEA TOURS
SOUTHEAST ALASKA, DENALI &
TALKEETNA
Reserve Early","(300, 250)"
"AGONHOME
TRAVEL ADVISOR APPRECIATION
GUIDE | READ NOW","(300, 250)"
"LIMITED TIME OFFER
Save your clients up to $9,500 + 50% Solo Savings
on Antarctica 2023 until June 30
11
SEE DETAILS
Abercrombie & Kent
LUXURY EXPEDITION CRUISES","(728, 90)"
"1.9% APR Plus NO
Spring Into
Adventure!
Payments for 90 days!
PRICE EXCLUDES TAX, TITLE AND $225 DOC FEE, 1.9% APR FOR 36 MONTHS FOR WELL QUALIFIED BUYER'S THRU GM FINANCIAL. EXCLUDES
PREVIOUS OFFERS, PHOTOS FOR ILLUSTRATION PURPOSES ONLY. SEE DEALER FOR DETAILS.
EXPRESSWAY","(728, 90)"
"Coating solutions
built on success
PPG DelfleetⓇ","(728, 90)"
"DELIVERYCON™
Fleet Uptime. Efficiency
Register early
and save $100!
OCTOBER 16-18, 2023
LAS VEGAS
4
REGISTER NOW!","(300, 250)"
"Srb
We bring food to
your family's table","(300, 250)"
"SONIC
THE HEDGEHOG
BRING ON THE RINGS
Z790 PG SONIC MOTHERBOARD
Intel
CORE
intel.
CHIPSET
2390
ASRock
OSEGA","(300, 250)"
"dailydeals
FINAL DAYS!!!
TRAVEL DEALS END
WEDNESDAY, MAY 31ST
MORE
INFO","(320, 50)"
"Continental
The Future in Motion
D
The new Continental
PremiumContact 7.","(970, 90)"
"Free trial
Enterprise-caliber
IT service desk
software
Try Service Desk Plus!
ManageEngine
Service Desk Plus
(0)","(336, 280)"
"UMC VIDEO
UPDATES
IN THE BLINK
OF AN EYE!
WATCH NOW
WHERE
THE
RECAP","(300, 250)"
"SAFER SANCTUARIES
Nurturing Trust within Faith Communities
UPPER
ROOM BOOKS","(728, 90)"
"Annual Checke
Towing
✔iplom
Sump Pump
Is your SUMP PUMP
on the list?
Quick! CALL
*SWICK
HOME SERVICES EST. 1977","(728, 90)"
"SUNFEST
COUNTRY MUSIC FESTIVAL
20234
AUGUST 3-6
LAKETOWN RANCH","(300, 250)"
"Get the latest US Open news
delivered directly to your inbox
BECOME A US OPEN INSIDER","(970, 90)"
"USTA
MID-ATLANTIC
10€
YEARS
Celebrating 100 Years of tennis
with YOU!
JOIN IN","(728, 90)"
"ENVERUS
*****
Interconnection
Queue Outlook
Access Report","(300, 250)"
"OAG
HIT BY AN 18-WHEELER
OR COMPANY TRUCK?
TO
CALL OSIRIS!583-4404","(300, 250)"
"MOTILAL OSWAL MIDCAP FUND 10 lakhs
(Formerly known as Motilal Oswal Midcap 30 Fund)
Invested on
24th Feb 2014
19.2% CAGR since inception
Now Worth Over
*49 lakhs
as on March 31, 2023
Investors can click here to view the
detailed performance of the scheme.
Invest
Now","(970, 90)"
"We're family owned, so we
offer solutions with less red tape.
FMD
FACTORYMOTORPARTS
wwwww.factory.motarparts.com","(970, 90)"
"Lightinthebox
esse
UP TO 70%OFF
SHOP NOW >","(300, 600)"
"QUALITEST""
Score more quality points
with expert software testing.
Let's talk
***
$390.42","(728, 90)"
"AVAILABLE NOW
ticketmaster","(728, 90)"
"Hop on Board Greenville's
Only Brewery Tour!
LEARN
MORE","(320, 50)"
"ROCK
SHOH
CONFIDENCE
CHANGES
EVERYTHING
SM
ALL TOP
RockShox.com.","(728, 90)"
"AIR FORL
POPPING CORKS
WITH HAIDEN
DEEGAN FROM
METAL
THE PRO RANKS MAKETH THE
MAN","(728, 90)"
"MEMORIAL
DAY SALES
EVENT
Buy one 40%OFF
Get one All Windows & Doors
$150 OFF
PLUS
Your entire project
Minimum 4 units. Offer expires 5/31/23.
See design consultant for details.
MILITARY
DISCOUNT
$300 OFF
FOR ALL MILITARY
MEMBERS
Click now to save
RENEWAL
by ANDERSEN","(728, 90)"
"300
.
Albany
ARADALE
Cordele
Americus
Sylvester
Sunbalt
ALBANY, AMERICUS. CORDELE. SYLVESTER
Ford
VISIT US
AT ONE OF OUR
4 LOCATIONS!
& If The Sunbelt
Tag Isn't
On Your Car Or Truck,
You Paid Too Much!
SEE OUR INVENTORY","(300, 600)"
"Wi
EV
Learn More
ALBANY MED Health System","(728, 90)"
"AND 238
With you for
EVERYTHING.
ALBANY MED
A Health System
Learn More","(300, 250)"
"創
Windows
Doors
& More
Wine Tastings by
Two EE's Winery
Sundae's by
DeBrands Fine
Chocolates
th
(40)
ANNIVERSARY
260-422-7077
Tomorrow - May 20th Noon - 4pm
Open House @
Windows, Doors & More Showroom
1121 W. Washington Ctr. Rd.","(728, 90)"
"Tomorrow - May 20th
Noon - 4pm
th
Sundae's by
DeBrands Fine
Chocolates
(40)
ANNIVERSARY
260-422-7077
Windows
Doors
& More
Wine Tastings by
Two EE's Winery
0
07
Open House @
Windows, Doors & More Showroom
1121 W. Washington Ctr. Rd.","(300, 250)"
"ICING ON THE RING
Located In The L.A. Jewelry District
VISIT OUR SHOWROOM","(336, 280)"
"Watch Time
PISTS","(300, 250)"
"CREATED FOR
ETERNITY
CITIZEN
BETTER STARTS NOW
W
CITIZEN
SUPER TITANIUM
MEHR ERFAHREN","(970, 250)"
"CREATED FOR
ETERNITY
SUPER TITANIUM
CITIZEN
MEHR ERFAHREN
CITIZEN
BETTER STARTS NOW","(300, 600)"
"ON THE
Living ROAD
SPONSORED BY
TED RUSSELL
KNOXVILLE
Ford
LIVE IN SEVIERVILE
FRIDAY 3:00PM
LINCOLN
abc ON YOUR SIDE
WATE-TV","(728, 90)"
"ON THE
Living ROAD
EAST TENNESSEE
SPONSORED BY
TED RUSSELL Ford LING
LINCOL
LIVE IN SEVIERVILE
FRIDAY 3:00PM
abc ON YOUR SIDE
WATE-TV
6abe ON","(300, 250)"
"Meet Kentucky's Growing
Teacher Demand With
an Online Degree in
Elementary Education.
LEARN MORE >
EKU
ONLINE","(300, 250)"
"Change them. They're tired.
KINGTIRECO.","(728, 90)"
"New & Used Computers Netwo
(607) 729
Save up toon City, NY
40% OFF
your current phone bill!
With our Hosted PBX & VoIP
Business Phone Systems
The
COMPUTER MAN
LEARN MORE","(300, 250)"
"Gear up and get outside
bike | hike run camp ski | explore
Montpelier VT
onionriver.com","(728, 90)"
"MAGNOLIA BANK
FDIC
Discover the ease of community banking with a Mobile
Checking account & mobile deposit.
Experience the Magnolia Way","(300, 250)"
"G grammarly
Get Grammarly
It's Free
Be best English writer you can be!
the best","(300, 250)"
"LOVE THE WAY YOU LOOK
MEN'S WEARHOUSE
Hundreds of fits, designer
styles, and colors in one place.
EXPLORE NOW
Terms & Conditions apply.","(300, 600)"
"EASYTAXCREDITS
Time is running
out to claim up to
$26,000
per employee.
LEARN MORE","(300, 250)"
"Information
Management
A Columbia Industries Company
CI
HANGING ON TO OLD HARD
DRIVES? DON'T JUST TOSS THEM...
DESTROY THEM!
ON-SITE HARD
DRIVE DESTRUCTION
NOW AVAILABLE!","(728, 90)"
"Unity House
Empowering Lives. Securing Futures.
Join the Unity House Team!
Up To $19.50 Per Hour | Paid Leave
& Excellent Benefits
Click Here","(970, 90)"
"High-speed rail NOW
to South Florida
ON SALE
brightline
BOOK NOW","(728, 90)"
"United
Healthcare
See what care can do
Learn More","(728, 90)"
"BUYING
SASKATCHEWAN'S
GRAIN
Market Place
Commodities d
fff","(300, 250)"
"Is your Air Conditioner
ready?
AIR PRO
HEATING & COOLING
270-816-0825","(300, 250)"
"SE
C
SHARP ELECTRIC
270-559-9620","(300, 250)"
"Help local students
pursue their dreams.
FOUNDATION FOR
THE CAROLINAS fftc.org/scholarships","(300, 250)"
"Mental Health and
Addiction Recovery Services
&
The Serenity Center
330-965-9999
Austintown, North Lima, Warren
We Listen...","(728, 90)"
"START HERE for the future of health.
Hartford
HealthCare
START>","(728, 90)"
"START
HERE
for the future of health.
Hartford
HealthCare
START>","(300, 250)"
"THE BE UNSTOPPABLE STORE
GET 15% OFF*
ups THE UPS STORE","(300, 250)"
"mimecast
The only copilot
M365 really needs.
An extra layer of security
to keep your email safe.
FREE TRIAL","(970, 250)"
"CARRIE HOPE FILICHER An Open Book
UK CONCERT TOUR
MAY - JUNE 2023","(970, 250)"
"""I have a choice.""
You have a right
to choose where
you get your home
health products.
Don't be pressured.
United
OXYGEN & MEDICAL EQUIPMENT
CLICK HERE TO FIND OUT MORE","(728, 90)"
"NICHOLS
ELECTRIC & PLUMBING
HANDYMAN SERVICES
NICHOLS 585-427-9310 or 1000 Google Reviews
Over
CLICK HERE
5 out of 5 Stars","(728, 90)"
"Spring
Cleaning Sale
House of
Oak & Sofas
Duke's plaza, South Main St.
Harrisonburg
houseofoak.com","(300, 250)"
"Find better
campgrounds.
Get exclusive access to better reviews.
1
RVTRIP
WIZARD","(300, 250)"
"Make RV trip
planning easy.
TRY IT
RVTRIP
WIZARD","(300, 250)"
"Free Press
Manitoba
GOLF
GUIDE 2023
Read now","(300, 250)"
"THE FUTURE OF
INNOVATION
IN YOUR INBOX
Indiana
Economic Development Corp
CLICK TO SUBSCRIBE
TO OUR NEWSLETTER","(728, 90)"
"Educators
CREDIT UNION
Credit Unions have member-owners,
not customers.
LEARN
MORE
Insured by NCUA","(728, 90)"
"WITIN
FIRST
TOOTH
PHOTO CONTEST
SUBMIT YOUR
CHILD'S FIRST
TOOTH PHOTO!
Z
SPONSORED BY
Greenville kids Dental","(728, 90)"
"THE
HAWK FIRM
Experienced Personal
Injury Attorneys","(728, 90)"
"THE
HAWK
FIRM
wom
Experienced Personal
Injury Attorneys","(300, 250)"
"★★.
MEMORIAL
DAY
SALE
Cp
SAVE OVER $1600
4 PIECE PACKAGE $2899
PLUS TAX
good things, for life. 6 GE APPLIANCES BUY NOW CHICKASAW & LUCEDALE
CE CHAVIS
FURNITURE & APPLIANCE","(728, 90)"
".***.
DAY SAVE OVER $1600
SALE 4 PIECE PACKAGE $2899
UF
PLUS TAX
MODEL FUMM3. PORESS
good things, for life. GE APPLIANCES
CE
CF
CHAVIS
CHICKASAW
FURNITURE & APPLIANCE & LUCEDALE
BUY NOW
MODEL#GNE27JYMFS MODEL#JB645RKSS
MODELAGDT550PYRFS","(300, 250)"
"FIRST ALERT
58 STORM
TEAM
BEAST
UNLEASHED!
THE
WEATHER","(300, 250)"
"BUSY BEE
Plumbing,
Heating & Air Conditioning
TM
""Service is our Guarantee""
615-775-7833
www.busybeehvac.com","(728, 90)"
"BUSY BEE
Plumbing.
Heating & Air Conditioning
RESIDENTIAL & COMMERCIAL
""Service is our Guarantee""
615-775-7833
www.busybeehvac.com","(300, 250)"
"6WLNS
HERE FOR YOU.
.COM","(300, 250)"
"VLRN SCIENCE Featuring IRA FLATOW
Miami South Florida FRIDAY
#CEPHALOPODWEEK
UNIVERSITY OF AM
ROSENSTIEL SCHOOL of
MARINE ATMOSPHERIC
& EARTH SCIENCE
Friday, June 23 7pm","(728, 90)"
"MEMORIAL DAY
SAVINGS EVENT
UP TO
20%
OFF*
*SEE STORE FOR DETAILS
tttttt
Cardi's
FURNITURE & MATTRESSES","(728, 90)"
"We provide resources to help victims put life back together again.
DPS
Victim Compensation Services
NC DEPARTMENT OF PUBLIC SAFETY
Learn More","(728, 90)"
"RESPECT.
That's what Southern values.
Since 1901
Southern Bank
Mer
FDIC","(728, 90)"
"WNEM
5 Better
DEALS FEATURING:
SHERIDAN ARMS LLC.
CLICK
HERE
HALF OFF
A Gold membership FOR YOUR
$800 value for $400
BETTER
DEAL","(728, 90)"
"MORE
PERFECT
SEASON 4
How the Supreme Court
got so supreme.
GET THE PODCAST
WNYCSTUDIOS","(970, 90)"
"FIND YOUR MATCH
DC Edgebanding Grommets Brackets
Distributing
www.dc-dist.com","(970, 90)"
"BUILT FOR THIS
AWFS
fair
JULY 25-28, 2023
LAS VEGAS CONTINENTE
LAS VEGAS, NEVADA
www.awtstair.org
Register Now","(300, 250)"
"PREMIUM SUBSCRIPTION @ WORDPLAYS.COM
STREAMLINED ACCESS
INCREASED PRIVACY
HISTORICAL DATA
MORE CONTENT
FASTER
AD FREE
SUBSCRIBE","(728, 90)"
"Learn WPT
FROM YOUR FIRST HAND...
POKER EDUCATION
FOR EVERYONE
...TO YOUR FIRST WIN!
SIGN UP","(300, 250)"
"Cutimed® Sorbion® Border
Superabsorbent Exudate Management
New Silicone Adhesive Border for Atraumatic Removal
171","(728, 90)"
"Discover the power of
pHA
Pure Hypochlorous Acid
Learn More
vashe
wound solution
vashe
wound solution","(300, 250)"
"Simplifying Stoma
Management:
There's No Mystique
to Fix the Leak
May 25th at 1PM ETI 1700 UTC
Catherine T. Milne, APRN, MSN,
ANP/ACNS-BC, CWOCN-AP
Sponsored by
convatec
REGISTER TODAY!","(300, 250)"
"Get Wowhead
PREMIUM
$2
premium features
A MONTH & support the site!
Enjoy an ad-free
experience, unlock","(728, 90)"
"The very best
for kids.
Children's
HOSPITAL & MEDICAL CENTER
Learn More","(728, 90)"
"Love Your Patio
LEADERS
-FLORIDA LIVING
MING
GRAND
OPENING
WEST PALM
FLORIDA LIVING
SOUS","(728, 90)"
"PREAKNESS DAY
SAT MAY 20
11:30 AM
LEARN MORE
THE
MEADOWS
RACING
GAMBLING PROBLEM? CALL (800) 848-1880","(300, 250)"
"MADE IN NEW YORK: THE NY PHIL STORY
A podcast about a city, its people and their orchestra.
LISTEN HERE
Made in
NY
PHIL.
11Hd
CAN
WQXR :|","(970, 90)"
"If you think you're having a stroke, think","(728, 90)"
"UNDER THE
CINESPEAK STARS23'
@ 'THE BOWL' AT CLARK PARK
SAM PILLARD & BEN SHAPIRE'S
MAX ROACH:
THE DRUM ALSO WALTZES
9PM
5/26
IN PARTNERSHIP WITH WRTI & ARS NOVA WORKSHOP
-PHILLY'S PREMIERE SHOWING -
FREE TO THE PUBLIC: CINESPEAK.ORG/ATTEND","(300, 250)"
"Stay informed
during the storm.
Learn More
Alabama Power","(300, 250)"
"ALLERG THE ALLERGY, ASTHMA
& SINUS CENTER
...where allergies meet relief
THU
CENTER
SINUS
NO MORE COUGH,
SNEEZE OR ITCHY EYES!","(728, 90)"
"SUMMER IS HERE!
CONTROL YOUR
ASTHMA FOR YOUR
#BESTLIFE
THIS SEASON!
ALLERGY
ASTHU
CENTER
SINUS
THE ALLERGY, ASTHMA
& SINUS CENTER
...where allergies meet relief
O
DO","(300, 250)"
"Anderson Family Heath-Anderson
FUNERAL HOMES & CREMATION SERVICES INC
FUNTRAL HOME & CREMATION SERVICES
Our Family Caring for Yours
Cambria, Huntingdon and Blair
Counties exclusive Veterans Funeral
Care Provider!
Veterans
Funeral Care™
Andersonfamilyfuneral.com","(300, 250)"
"Anderson Family
FUNERAL HOMES & CREMATION SERVICES, INC.
Our Family Caring
For Yours
Cambria, Huntingdon and Blair
Counties exclusive Veterans Funeral
Care Provider!
Veterans
Funeral Care™
Andersonfamilyfuneral.com
Heath-Anderson
FUNERAL HOME & CREMATION SERVICES","(300, 600)"
"West
Muram All
LOTTERY
HIGH HAND
PRIZES $40 TO $5,000!
FROM
FIND A RETAILER
Please play responsibly.
HIGH HAND
1²
DA
|:00
TEAD
23
Real
✓$100 LOMMED!","(300, 250)"
"HAYMOND LAW 1-800-HAYMOND
Firm for injured motorcyclists","(728, 90)"
"HAYMOND LAW
Firm for injured motorcyclists
1-800-HAYMOND","(300, 250)"
"TREME
SPRING NATIONALS
MONSTER TRUCK
MAY 19-21 JESUP, GA▪ JAYCEE FAIRGROUNDS
I
TICKETS ON SALE NOW!","(728, 90)"
"WHEN YOU'RE
INJURED, YOU
DESERVE MORE.
MORE LAWYERS, MORE OFFICES AND MORE
THAN $15 BILLION DOLLARS RECOVERED
MORGAN & MORGAN
FORTHEPEOPLE.COM
FRIESLAND PROFEUTSCHOTGUANTESMARBEIDE","(300, 250)"
"KIDS
WEEK
4YRS-
3RD-
2ND GRADE 5TH GRADE Cascade Hills
JUNE 19-23
JUNE 26-30
CASCADEHILLS.COM/KIDS-WEEK","(728, 90)"
"abc36
ON YOUR SIDE
DEAL OF
THE WEEK
BUY NOW
MirchiMex
INDIAN MEXICAN FUSION
Buy This Deal
$20
VALUE FOR
50% off","(728, 90)"
"Outdoor Entertainment
LLC is
isn't the same without having your favorite music playing!
Learn More
DR.STEREOC
www.dr-stereo.com
MODE","(728, 90)"
"LEON COUNTY PRESS THE CHEST
Saturday, June 3, from 10 a.m. -12 p.m. ALL AGES EVENT
Donald L. Tucker Civic Center
MERGENCY
LEGN COUNTY
PLUND
Ba
MEDICAL
REVICS
ARES
Learn More","(728, 90)"
"LEON COUNTY-
PRESS THE CHEST
السلسلة
Free CPR Training for the Community
ALL AGES EVENT
Saturday, June 3
10 a.m. -12 p.m.
Donald L. Tucker
Civic Center
Click here to register
LEON","(300, 250)"
"MEMBER OWNED.
COMMUNITY PROUD.
Florida
Credit Unio
Florida
Credit Union
Member or not. Community peo! Be 4
LEARN MORE >
Insured by NCUA","(300, 250)"
"FLY EASY FLY GNV
GAINESVILLE REGIONAL
AIRPORT
DELTA American Airlines
FLYGAINESVILLE.COM
BOOK NOW","(300, 250)"
"WWAY
May Flowers
Contest
LEWIS
ENTER TODAY!
YOU COULD WIN!","(300, 250)"
"WWAY
May Flowers
Contest
LEWIS
ENTER TODAY!","(728, 90)"
"On
Israel's
75
th
Independence day
show IDF Chayalim
some love!
AMERICAN
FRIENDS
OF LI
17
#
Donate to LIBI today","(300, 250)"
"Premium
URGENT CARE
SCHEDULE YOUR
VISIT ONLINE
PREMIUMUC.COM","(728, 90)"
"Premium
P URGENT CARE
UC
SCHEDULE YOUR
VISIT ONLINE
PREMIUMUC.COM","(300, 250)"
"AARP®
Minnesota
We're local, here to connect
you to what matters most.
FIND US","(728, 90)"
"Discover new trends to
Spring Into New Design
DESIGN
WORKS","(300, 250)"
"MEMORIAL DAY
Sales EVENT
IN-STORE
SPECIALS
AVAILABLE
Ends
June 7th
JESSUP's
Maior Appliance Centers","(300, 250)"
"ZACKS
+55.2%
Gain from 2000 - 2022
Zacks' Super Strategy demolished
the S&P 500 more than 8X over!
See its latest stocks free.","(300, 250)"
"INDIS
Shigo
Subscribe to our Horoscopes
Weekly and Monthly Horoscopes
Free Delivery to your Mailbox.
HE
Subscribe Now","(320, 50)"
"THE GOOD SAMARITAN:
A LESSON IN LOVING OTHERS
Family New
DVD!
CBN
Get Your DVDs &
Instant Streaming
Stream 85+ Episodes!","(728, 90)"
"Buddy Guy
THE LEGEND
Damn Right Farewell
BLUES AND GUITAR ICON
WITH SPECIAL GUEST:
ALLY VENABLE
GODLIED CENTER OF KANSAS
Monday NOV 6. 7:30
DX MIDCO","(300, 600)"
"THE SUN WILL
COME OUT.
Annie
TUESDAY I 7:00
NOV 28
M
LIED
CENTER","(300, 600)"
"the latest look
ASHLEY for your new home
shop now →
L","(728, 90)"
"ASHLEY
relax in your retreat
shop bedroom →","(728, 90)"
"ASHLEY
style starts here
find nearest store →","(970, 250)"
"ASHLEY
upgrade
your new
space
shop now →
B","(300, 600)"
"sleep deeper.
shop for deeper Tempur-Pedic® sleep
at Ashley.
ASHLEY TEMPUR-PEDIC
shop now","(728, 90)"
"ASHLEY
FREE SHIPPING
layer in
your style
shop rugs →→
OPEN","(300, 250)"
"UP TO
46%
OFF
Midway
COLD STEEL
ANYTIME ANYWHERE
SELECT SRK KNIVES
SHIPS FREE
SRICC
SRK
SCOREK","(300, 250)"
"ASHLEY
style starts here
find nearest store →","(728, 90)"
"ASHLEY
upgrade
your
new
space
shop now →
46","(160, 600)"
"ASHLEY |
TEMPUR-PEDIC
shop now","(728, 90)"
"ASHLEY
style starts here
find nearest store →","(300, 250)"
"ASHLEY
TEMPUR-PEDIC
shop now","(160, 600)"
"bluehost
Building a brand?
Bluehost makes it happen.
Get Started","(300, 250)"
"hulu
+LIVE TV
TV THAT
MAKES SENSE.
Live TV plan only. Regional restrictions, blackouts and additional terms apply. Access content from each service separately. © 2023 Disney and its related entities.
GET LIVE TV NOW","(728, 90)"
"ESPI
FS1
A&E
HGTV
Disney+
FOX
ESPI
hulu + LIVE TV
NBC
@CBS
Lifetime
TNT
abc
TV THAT MAKES SENSE.
GET LIVE TV NOW hulu
Live TV plan only. Regional restrictions, blackouts and additional terms apply. Access content from each service separately. © 2023 Disney and its related entities.","(970, 250)"
"SAVE
UP TO
$45
TLR 6, 7 & 8
STREAMLIGHT
Midway
TR-Forts
TLM-S'AG
STREVILNE
SHOP NOW","(300, 250)"
"GET MORE FROM IPAD
Combo Touch - now for iPad Pro and iPad (10th gen)
logitech
SHOP NOW","(728, 90)"
"Every transaction
has a story.
Welcome to the human side of banking.
Learn more
Member FDIC @2023, TD Bank N.A. and/or its affiliates. All rights reserved. The TD logo and other trademarks are owned by The Toronto-Dominion Bank and used under license.
TD Bank","(970, 250)"
"SILVERADO
THE RELENTLESS
PURSUIT OF WHAT'S
POSSIBLE.
I
CHEVROLET
Explore","(300, 250)"
"ASHLEY
the latest look for your
new home shop now →","(336, 280)"
"ASHLEY
say 'i do' to a
stylish new look
shop now →","(300, 250)"
"Building a brand?
Bluehost makes it
happen.
W
Get Started
‒‒‒
‒‒‒
bluehost","(300, 250)"
"Reach out to your friend
who seems a little gloomy. Learn more
SEIZE THE AWKWARD
ad Tendan JED","(728, 90)"
"RULE THE GAME
astro A30 WIRELESS
XBOX / PS / SWITCH / PC / MOBILE / +
SHOP NOW
G
logitech","(728, 90)"
"warm tones
ASHLEY are trending
shop now →","(728, 90)"
"HONDA
EXPERIENCE THE
TALON 1000s
SEE
LINEUP
HONDA","(728, 90)"
"Let your friend know you're
there if they need to talk. Learn more
SEIZE THE AWKWARD
ad
NA
Foundation
Suicide
Preveri
JED","(728, 90)"
"ASHLEY
FREE SHIPPING
layer in
your style
shop rugs →","(160, 600)"
"Reach out to a friend
about their mental health. ""You okay?""
Learn more
SEIZE THE AWKWARD
ladl Foundation
Suicide JED","(728, 90)"
"ESPI
FS1
A&E
HGTV
Disney+
FOX
ESPI
hulu + LIVE TV
NBC
ⒸCBS
MTV
Lifetime
TNT
abc
ALL IN ONE PLAN.
hulu
GET LIVE TV NOW
Live TV plan only. Regional restrictions, blackouts and additional terms apply. Access content from each service separately. © 2023 Disney and its related entities.","(970, 250)"
"Get Verizon Mobile
for Microsoft Teams.
Integrate all mobile calling with Teams and move
calls seamlessly across all devices with your
number. Only on the network businesses rely on.
verizon
business
ㅈ","(300, 250)"
"Reach out to a friend
about their mental health.
Learn more
""You can
talk to me.""
SEIZE THE AWKWARD
ad
GRA
American
Foundation
-Side
Prevention
JED","(728, 90)"
"RULE
THE
GAME
astro A30 WIRELESS
XBOX / PS / SWITCH /
PC / MOBILE / +
SHOP NOW
An
G
logitech","(300, 250)"
"VOYAGES
- ΣΥΒΑΡΙΣ 27
Santorini, Greece
AIRFARE CREDIT
UP TO
$1200 FREE
DRINKS
PER CABIN UP TO $600
BOOK BY MAY 24th
BOOK NOW","(970, 250)"
"THE YAMAHA
GET OUT AND RIDE
SALES EVENT
WOLVERINE
RMAXM 21000
XT-R
WOLVERINE
RMAXM41000 LE
WOLVERINE
RMAXONG 1000 XT-R
LEARN MORE
AS AS
$2000 5.99% YAMAHA
APR
CUSTOMER CASH
FOR 84 MONTHS¹
Revs Your","(300, 250)"
"ASHLEY
final
touches,
first
impressions
shop home decor →","(160, 600)"
"ASHLEY
let the light shine
shop now →
49","(970, 90)"
"up to
100%
✓LEAK-FREE
✓ODOR-FREE
✓WORRY-FREE
aboys
dom","(300, 250)"
"the latest look
ASHLEY for your new home
shop now →","(970, 90)"
"ASHLEY
the latest
look for
your new
home
shop now →","(160, 600)"
"AS LOW AS
4.99% APR
for up to 36 months
with approved credit by
Honda Financial Services
LEARN
MORE
HONDA","(728, 90)"
"ASHLEY
update
the look
of your
updated
space
shop now →","(160, 600)"
"SILVERADO
GO ABOVE, BEYOND
OR JUST ABOUT
ANYWHERE.
T
CHEVROLET
Explore","(300, 250)"
"more natural posture,
less muscle strain
*in the upper body
LIFT VERTICAL ERGONOMIC MOUSE
AND MX KEYS MINI
LEARN MORE
logitech","(300, 250)"
"G DRIVE TO WIN
logitech
Direct Drive with TRUEFORCE
6₁
SHOP NOW","(728, 90)"
"Take a moment to text your
friend who seems kinda down. Learn more
SEIZE THE AWKWARD
ad
Foundation
-Suicide
JED","(728, 90)"
"ASHLEY nesting in progress
baby & kids
shop baby →","(728, 90)"
"Reach out to a friend
about their mental health.
Learn more
""Want to go
for a walk?""
SEIZE THE AWKWARD
ad
Foundation
Suicide
Prevention
JED","(728, 90)"
"You can
talk to me.
Reach out to a friend
about their mental health.
Learn more
SEIZE THE AWKWARD
ad F
CONCL
Fr
JED
The F","(300, 250)"
"Reach out to a friend
about their mental health.
Learn more
""Something
on your mind?""
SEIZE THE AWKWARD
ad
Foundation
-Suid
Prevention
JED","(728, 90)"
"let the
light shine
shop now→
ASHLEY","(336, 280)"
"let the
light
shine
shop now →
ASHLEY","(160, 600)"
"sleep deeper.
shop for deeper Tempur-Pedic® sleep
at Ashley.
ASHLEY |
TEMPUR-PEDIC
shop now","(970, 90)"
"FLOR
the summer sale
25% off
ends june 12
SHOP RUGS >","(300, 250)"
"SAVE $45
TLR 6, 7 & 8
STREAMLIGHT.
Midway
SHOP NOW
F
TLE-BAG
STAVILENT","(728, 90)"
"Hornady
PISTOL
SAFES
Midway
SHOP ALL","(300, 250)"
"Naked.
100% REAL
FRUIT AND
VEGGIE JUICES
Naked
PACKED WITH
VITAMIN C
GREEN
MACHINE
FANGHED BLENG OF S JAUNES PANTALL FROM
CONCENTRATE WITH AUDSE NOPEDES
SUTHERNATURAL RAS
NO
SUGAR
ADDED 15224501)
270
CALE
P
THON
1999
PERIFIE","(300, 600)"
"LOWER
SUGAR
IS GOOD
GOOD
FOR YOU
FOOD FOR
OTHERS
HELPING
FEED OTHERS IS
TWO
GOOD
THO 30
TWO GOOD
TWO GOOD
SMOOTHIES
3G
SUGAR
trawberry
banana
THE OF","(970, 250)"
"ASHLEY
warm
tones
are
trending
shop now →","(160, 600)"
"Take a
moment to text
your friend
who seems
kinda down.
ad
Ale
Free
Learn more
JED
SEIZE THE AWKWARD","(300, 600)"
"memorial day
ASHLEY SALE
up to 50% off spotlight deals
shop now","(970, 90)"
"VOYAGES
AIRFARE CREDIT
$1200 FREE
DRINKS
PER CABIN UP TO $600
-BOOK BY MAY 24th
UP TO
Santorini, Greece
BOOK NOW","(300, 600)"
"ASHLEY
update the look
of your updated space
shop now →","(970, 90)"
"Thousands of teens in foster care
can't wait to share their firsts with you.
Learn About Adoption
Adopt US Kids ad","(728, 90)"
"A ASHLEY
say 'i do' to a
stylish new look
shop now →","(336, 280)"
"ASHLEY
baby & kids
nesting in
progress
shop baby →
E","(160, 600)"
"ASHLEY
upgrade your
new space
shop now →","(728, 90)"
"25% off the summer sale
FLOR
SHOP RUGS","(728, 90)"
"ASHLEY
get back to good sleep
shop mattresses →","(728, 90)"
"Something on
your mind?
V
Reach out to a
friend about their
mental health.
Learn more
SEIZE THE AWKWARD
ad
American
Se
JED","(300, 600)"
"D
ASHLEY
memorial day
SALE
up to
50%
off
spot-
light
deals
shop now","(160, 600)"
"COLOWING
AS LOW AS
4.99% APR
HONDA
for up to 36 months with approved
credit by Honda Financial Services
LEARN MORE","(300, 250)"
"0000
TARGET-GRADE BARREL","(300, 250)"
"ad
Call your
friend who
hasn't been
themself
lately.
Foundation
S
P
Learn more
JED
SEIZE THE AWKWARD
AWKWARD","(300, 600)"
"FS1
HGTV
Discept
FOX
hulu + LIVE TV
the
NBC
ESPO
SCBS
GET LIVE TV NOW
TNT
obc
TV THAT MAKES SENSE.
hulu
Live TV plan only. Regional restrictions, blackouts and additional terms apply.
Access content from each service separately. © 2023 Disney and its related entities.","(300, 250)"
"FS1
HGTV
Discept
FOX
ESPO
SCBS
hulu + LIVE TV
TNT
obc
Me
NEC
ALL IN ONE PLAN.
GET LIVE TV NOW
hulu
Live TV plan only. Regional restrictions, blackouts and additional terms apply.
Access content from each service separately. 2023 Disney and its related entities.","(300, 250)"
"THE RELENTLESS PURSUIT
OF WHAT'S POSSIBLE.
Explore SILVERADO
CHEVROLET","(728, 90)"
"THE YAMAHA
GET OUT
AND RIDE
SALES EVENT
TE
AS LOW AS
CUSTOMER
CASH
5.99%FORMANTE
YAMAHA
Revs Your Heart
LEARN MORE","(728, 90)"
"SILVERADO
COMMAND ATTENTION
ON AND OFF THE ROAD.
SI
CHEVROLET
Explore","(300, 250)"
"DRYSHOD
WATERPROOF FOOTWEAR
Lightweight.
Warmth.
Durability.
Comfort.
Protection.
dryshodusa.com
DungHo
bamyard tough","(300, 250)"
"HONDA
EXPERIENCE THE
TALON 1000s
HONDA
SEE
LINEUP","(970, 250)"
"Call your friend who hasn't
been themself lately. Learn more
SEIZE THE AWKWARD
ad
C
America
Foundation
Suicide
Pred
JED","(728, 90)"
"ASHLEY TEMPUR-PEDIC
shop now","(970, 250)"
"ASHLEY
let the light shine
shop now →","(728, 90)"
"WHAT DO I DO
WHEN I LOSE MY
HEALTH PLAN?
LIFE HAPPENS. GET COVERED.
LEARN MORE
Health
Care
.gov","(970, 250)"
"LAYENA
BRAGGING RIGHTS COME IN EVERY BAG OF
PURINA® LAYENAⓇ LAYER FEED
Strong hens & eggs for you to show off
start with feeding Purina.
Try Now>
FEED GREATNESS","(728, 90)"
"logitech
DISCOVER LIFT
Vertical Ergonomic Mouse
LEARN MORE
natural
handshake position
for day-long comfort","(970, 250)"
"ANNIVERSARY
SALE 45% $1508
Holland America Line
ONBOARD
CREDIT
& REDUCED DEPOSIT
BOOK NOW","(300, 250)"
"FIND NEW ROADS™
CHEVROLET
Shop Chevrolet","(300, 600)"
"verizon
business
Get Verizon Mobile for Microsoft Teams.
Integrate all mobile calling with Teams and move calls seamlessly across
all devices with your number. Only on the network businesses rely on.
↑","(728, 90)"
"ORACLE
NETSUITE
50 KPI
Checklists to
Drive Your
Company's
Success
Download eBook
LIT","(300, 250)"
"Donate pet food
One of the many ways
you can be a helper in
your community.
learn more
PetsAndPeopleTogether.org ad
THE HUMANE SOCIETY
COUNCIL OF THE M","(300, 250)"
"NYBG
Gardens & Works by
Ebony G. Patterson
May 27-Sept 17
GET TICKETS
NEW YORK BOTANICAL GARDEN","(970, 250)"
"Relevant
topics, expert
presenters, live
or on demand.
Listen. Learn. Enjoy.
Explore Webinars
Digl-Key","(300, 250)"
"GET MORE logitech
FROM IPAD
Combo Touch-now for
iPad Pro and iPad (10th gen)
SHOP NOW
MUTT CUTTIS IS GOING
MOBILE","(300, 250)"
"FREE SHIPPING
ASHLEY layer in your style
shop rugs →
s","(970, 90)"
"Insurance
for visitors to the US
Get Quote
2
VisitorPLANS.com
INSURANCE THAT TRAVELS WITH YOU
www.visitorplans.com
1-855-5-VISITOR/
1-510-353-1180
Info@visitorplans.com","(160, 600)"
"Adopt US Kids
Listen to the new podcast for
heartwarming adoption stories
and advice from experts.
ad
COUNCIL
LEARN MORE >","(300, 250)"
"Santorini, Greece
+37003
AIRFARE CREDIT. BOOK BY MAY 24th
FOR UP TO FREE DRINKS
$1200 UP TO $600
top
VOYAGES
BOOK NOW","(300, 250)"
"CIMERLI.
(ranibizumab-eqm) injection
High quality. Cost effective. Comprehensive support.
DISCOVER THE DISTINCT VALUE OF CIMERLIⓇ>>
CIMERLI is a registered trademark
of Coherus BioSciences, Inc.
Ⓒ2023 Coherus BioSciences, Inc.
All rights reserved. 0223-CIM-P201","(728, 90)"
"OCTAVIA E. BUTLER'S
PARABLE OF THE SOWER
WED-SAT, JUNE 28-JULY 1
BUY
STRATHMORE TICKETS","(728, 90)"
"RULE
THE GAME
astro A30 WIRELESS
XBOX / PS / SWITCH /
PC / MOBILE / +
SHOP NOW
G
logitech","(300, 600)"
"A NEW WAY
TO PLAY
THE CLOUD
XBOX
GEFORCE
NOW
25
CLOUD
SHOP NOW
GAMING
HANDHELD
logitech","(300, 250)"
"G
logitech
A NEW WAY TO
PLAY THE CLOUD
XBOX
K GEFORCE
NOW
Si
H
CLOUD
GAMING HANDHELD
SHOP NOW","(728, 90)"
"relax in
your retreat
shop bedroom →→
ASHLEY","(336, 280)"
"AIR
WICK
NEW
PetExpert
TACKLE TOUGH
PET ODORS 24/7
LEARN MORE
PET VETV
APPROVED
CHECKED
LOVE YOUR PETS.
NOT THEIR ODORS.","(970, 250)"
"ORACLE
NETSUITE
50 KPI Checklists to Drive
Your Company's Success
Download
eBook","(728, 90)"
"State Farm
Create your Personal
Price Plan™ today.
Learn more
Prices vary by state. Options selected by customer, availability and eligibility may vary.","(300, 250)"
"memorial day SALE
up to
50% off
spotlight deals
shop now
ASHLEY","(336, 280)"
"ORACLE
NETSUITE
CFOs,
Improve
Your KPIs
and Business
Processes
Download Guide","(300, 250)"
"ASHLEY
update the look
of your updated space
shop now →
FEA
ANDR","(970, 250)"
"UP
TO
SAVE $500
*Select adjustable mattress sets only. Lesser savings
may apply. Learn more at TempurPedic.com.
TEMPUR-PEDIC
SHOP NOW","(728, 90)"
"ASHLEY
final
touches,
first
impressions
shop home decor →","(300, 250)"
"EXPERIENCE THE
TALON 1000s
HONDA
SEE LINEUP","(300, 250)"
"elta
MD
Trusted by
Dermatologists
elta
MD
SKINCARE
UV CLEAR
BROAD-SPECTRUM
SPF 46
Gate 20
www ONCO
PACIAL SUNSCH","(300, 250)"
"You can
talk to me.
V
Reach out to a
friend about their
mental health.
Learn more
SEIZE THE AWKWARD
ad
Amen
Se
JED","(300, 600)"
"ASHLEY
relax in
your retreat
shop bedroom →","(970, 250)"
"Sharing old stories
and a Coca-Cola
Learn More","(300, 250)"
"ORACLE
NETSUITE
How To Create
A Lasting
Legacy As CFO
Download eBook","(300, 250)"
"CARLISLE Ford
NATIONALS
JUNE 2-4
CARLISLE PA FAIRGROUNDS
WORLD'S LARGEST ALL-FORD SHOW
& SWAP MEET
SPECTATOR
TICKETS
BUY NOW AND SAVE!
LEARN MORE","(728, 90)"
"CARLISLE Ford
NATIONALS
JUNE 2-40
CARLISLE PA FAIRGROUNDS
WORLD'S LARGEST
ALL-FORD SHOW
& SWAP MEET
SPECTATOR TICKETS
BUY NOW AND SAVE!
LEARN MORE","(300, 250)"
"Midway
JUST ABOUT EVERYTHING®
For Gunsmithing
Shop Now","(300, 250)"
"S&P 500 WeeklysSM
C'boe Tuesday and Thursday Options
Now Available
Learn More","(728, 90)"
"Turn daydreams into dream homes
with a down payment as low as 3%.
Learn more
TRUIST
Restrictions fortal
Mortgage","(300, 250)"
"COMMAND ATTENTION
ON AND OFF THE ROAD.
Explore SILVERADO
KI
CHEVROLET","(728, 90)"
"MOVED AND LOST HEALTH COVERAGE?
WHEN LIFE CHANGES, GET COVERED.
LEARN MORE
HealthCare.gov
Limited time to enroll!","(970, 250)"
"Get iPad 9th Gen
50% OFF
for your business
With 24 monthly bill credits when you add a line.
Get offer
T-MOBILE
T FOR BUSINESS","(728, 90)"
"*
IGNARelief
THIS DHUL-HIJJAH, DONATE TO A CAUSE
VISIT ICNARELIEF.ORG
Ads by Muslim Ad Network","(728, 90)"
"EXECUTIVE
Wharton EDUCATION
Marketing
PROGRAMS
Apply Now >
LIVE ONLINE AND ON CAMPUS","(300, 250)"
"VOLVO
The Volvo XC40 Recharge
A car as versatile as you
LEARN MORE","(970, 250)"
"www
Building a brand?
Bluehost makes it happen.
bluehost
Get Started","(728, 90)"
"CIMERLI.
(ranibizumab-eqm) injection
CIMERLIⓇ NOW HAS A
PERMANENT Q-CODE: Q5128
Explore comprehensive patient support >>
CIMERLI is a registered trademark
of Coherus BioSciences, Inc.
Ⓒ2023 Coherus BioSciences, Inc.
All rights reserved. 0323-CIM-P231","(728, 90)"
"optimal 57° angle for
day-long comfort
DISCOVER LIFT
Vertical Ergonomic Mouse
LEARN MORE
logitech","(970, 250)"
"ANNIVERSARY
up to
ONBOARD
%+$150 CREDIT
SALE 45%
& REDUCED DEPOSIT*
Holland
America Line
BOOK
NOW","(728, 90)"
"ANNIVERSARY
up to
ONBOARD
%+$150 CREDIT
SALE 45%
& REDUCED DEPOSIT*
Holland
America Line
BOOK
NOW","(970, 90)"
"State Farm
Create your
Personal
Price Plan™
today.
Learn more
Prices vary by state. Options selected by customer; availability and eligibility may vary.","(300, 600)"
"ASHLEY
final
touches,
first
impressions
shop home decor →","(336, 280)"
"FIND NEW
ROADS™
CHEVROLET
Shop Chevrolet","(728, 90)"
"FIND NEW ROADS™
CHEVROLET
Shop Chevrolet","(300, 250)"
"CHASE O
MULTIFAMILY LENDING
Finance with the nation's #1 multifamily lender¹
#1 claim based on 2021 FDIC data
© 2023 JPMorgan Chase & Co. All rights reserved. Visit jpmorgan.com/cb-disclaimer.
Secure financing","(728, 90)"
"codecademy
PRO SALE
50%
off
Get started","(728, 90)"
"Relevant topics, expert presenters, live or on demand.
Listen. Learn. Enjoy.
Explore Webinars
Digi-Key","(728, 90)"
"Relevant
topics,
expert
presenters,
live or on
demand.
Listen. Learn.
Enjoy.
Explore Webinars
Digi-Key","(160, 600)"
"twinspires $200
WITH
CODE BET200
SIGN-UP
BONUS
SIGN UP
SEE TWINSPIRES.COM FOR DETAILS.","(728, 90)"
"UNC
KENAN-FLAGLER
BUSINESS SCHOOL
Master of
Accounting
TALK TO US.
Get your questions answered!
Sign up for an informative
webinar delivered by our
admissions and career experts.
FIND AN UPCOMING
WEBINAR","(728, 90)"
"ACQUA DI GIÒ
THE REFILLABLE EAU DE PARFUM
an infinite freshness
SHOP NOW
ACQUA DI
GIO
GIORGIO ARMANI
KALIKPARUM","(970, 250)"
"Open a Chase Secure Banking™M
account with no minimum deposit.
Continue
Secure Banking
JPMorgan Chase Bank, N.A. Member FDIC.
C2023 JPMorgan Chase & Co.
CHASE O
MAKE MORE OF WHAT'S YOURS","(300, 250)"
"ASHLEY
memorial day
SALE
up to 50% off*
spotlight deals
shop now","(728, 90)"
"logitech
GET MORE
FROM iPAD
Combo Touch - now for
the NEW iPad Pro and iPad
(10th gen)
MUTT CUTTS IS GOING
MOBILE!
SHOP NOW","(300, 600)"
"ORACLE
NETSUITE
CFOs: Reach Your Goals
with NetSuite
Download
Guide","(728, 90)"
"SCREAN
NOW STREAMING
R
STREAMING ON
Paramount+
TRY IT FREE","(300, 250)"
"What if I'm not sure my
coverage is right?
We're there for
your what-ifs.
State Farm","(300, 600)"
"LEGO
ZKDRIVE
AVAILABLE NOW
2025 Take-Two Interactive flowers in 2023 The LEGO GROUP
Nintendo Switch istrademark of Nintendo. All rights served
1.
NINTENDO
SWITCH.","(300, 250)"
"FREE SHIPPING
layer in
your style
shop rugs →
OPLE
ASHLEY","(336, 280)"
"Olet the
ASHLEY light shine
shop now →→","(320, 50)"
"Welcome to
breezeline™
Internet. TV. Voice
Internet speeds
starting at 100 Mbps
$1999/mo.
Shop Now","(728, 90)"
"Killington
BIGGEST
JUMPS
AT THE BEAST.
Learn More","(300, 600)"
"ACTIVE 360°
Stay up to speed with fast-changing
fixed income markets.
Leverage timely macro insights.
READ NOW
MFS","(728, 90)"
"ASHLEY | TEMPUR-PEDIC
shop now","(300, 250)"
"RULE THE GAME
astro A30 WIRELESS
XBOX / PS / SWITCH / PC / MOBILE / +
SHOP NOW
logitech","(728, 90)"
"24
Healthy-Looking
Skin Is a Science
SHOP NOW
SEPHORA","(300, 250)"
"Listen to the new podcast
for heartwarming adoption stories
and advice from experts.
LEARN MORE >
Adopt US Kids
ad
COUNCEL","(728, 90)"
"VOLVO
The Volvo XC60 Mild-Hybrid
Go the extra mile
LEARN MORE","(970, 250)"
"Donate to
pet care
One of the many ways
you can be a helper
in your community.
learn more
PetsAndPeopleTogether.org
ad
COUNCIL THE HUMANE SOCIETY
OF THE UNITED STATES Madde's Find","(300, 600)"
"Monarch
See Who Can Join","(728, 90)"
"Monarch
See Who Can Join","(300, 250)"
"ASHLEY
TEMPUR-PEDIC
sleep
deeper.
shop for deeper
Tempur-Pedic sleep
at Ashley.
shop now","(160, 600)"
"LIFT VERTICAL ERGONOMIC
MOUSE AND MX KEYS MINI
LEARN MORE
more natural
posture, less
muscle strain*
logitech
*in the upper body","(728, 90)"
"What if I'm not sure my
coverage is right?
We're there for
your what-ifs.
State Farm","(300, 250)"
"FREE SHIPPING
ASHLEY layer in your style
shop rugs →","(728, 90)"
"ASHLEY
warm tones
are trending
shop now →","(970, 250)"
"the latest look
for your new home
shop now →
ASHLEY","(970, 250)"
"warm tones
are trending
shop now →
AMOR
ASHLEY","(336, 280)"
"Unwind with a
$300 travel credit.
Experience more relaxing getaways
with Chase Sapphire Reserve.
SAPPHIRE RESERVEⓇ
Learn more","(970, 250)"
"ORACLE
NETSUITE
CFOs, Improve Your KPIs and
Business Processes
Download Guide","(970, 250)"
"G915 TKL
Tenkeyless wireless mechanical
gaming keyboard
KEEP PLAYING
1: 1: IS
www.
н
G
logitech
SHOP NOW","(970, 250)"
"ASHLEY
FREE SHIPPING
layer in
your style
shop rugs →","(300, 600)"
"JUST ABOUT EVERYTHINGⓇ
For Guns
Midway
Shop Now","(728, 90)"
"HONDA
IT'S BIG.
MEET THE ALL-NEW
PIONEER 1000-6
DELUXE CREW","(970, 250)"
"upgrade your
new space
shop now →
ASHLEY","(336, 280)"
"PROUD TO
FIND NEW
ROADS
THE ALL-ELECTRIC 2022
CHEVROLET BOLT EUV
E
CHEVROLET
Learn More","(970, 250)"
"1
BASIX MON
Seaguar 101
SeaGuar
VALUE-PACKED & BUDGET FRIENDLY
GET ALL THE SEAGUAR PERFORMANCE YOU COUNT ON AT PRICES EVERYBODY WILL LOVE
BASIX™ FLUORORO
TACTX™ BRAID
TV
TACTX R
Seaguar 101","(970, 90)"
"Cozy night in
and a Coca-Cola
Learn More","(300, 600)"
"Savor new flavors
with 3x points on
dining and travel
worldwide.
Guest Check
300
1
Alark
GAM
HERE
PESER
D. BARRETT
TAX
TOTAL
Learn more
VISA
SAPPHIRE
RESERVEⓇ","(300, 600)"
"Find a lost pet
One of the many ways
you can be a helper in
your community.
learn more
PetsAndPeopleTogether.org ad
THE HUMANE SOCIETY
COUNCIL OF THE M","(300, 250)"
"let the
light shine
shop now →→
ASHLEY","(300, 250)"
"BATH
FITTER
OUR UNIQUE TUB
OVER TUB PROCESS
means no mess or stress.
START TODAY >
BATH
FITTER","(728, 90)"
"Cozy night in
and a Coca-Cola
Learn More","(728, 90)"
"Farmers Insurance Choice™
FARMERS
INSURANCE
START SAVING
HUNDREDS TODAY.
CALL (855) 206-8574
GET QUOTES","(728, 90)"
"D
FREE SHIPPING
ASHLEY layer in your style
shop rugs →","(728, 90)"
"NOBLE
COMFORT
DONE RIGHT
LEARN MORE
14
Locar
FIRE TUBE
Lochinvar","(300, 600)"
"ASHLEY
style
starts
here
find nearest store →","(160, 600)"
"A MOUNTAIN OF
MOVIES
DUNGEONS AND DRAGONS:
HONOR AMONG THIEVES
TOM CRUISE
*TOP GUN: MAVERICK
SCREAM VI
STREAMING ON
mount+
TRY IT FREE","(728, 90)"
"DRK
City of Advancing Hematologic
Hope. Breakthroughs
Learn more
BEST
HOSPITALS
USNOWS
CANCER
2022-23","(728, 90)"
"RALPH LAUREN
Discover the Home collection in
the Dallas Knox District
VISIT US","(970, 250)"
"100% REAL
FRUIT AND
VEGGIE JUICES
Naked
GREEN
MACHINE
WEAT FIGHRAAD
CORECHO
RACE","(300, 250)"
"PDF
Available Now at
TF31 Series FPC/FFC Connectors
TF31 series of connectors offers two different contact pitches of
0.5 mm and 1.0 mm and two height variations of 1.75 mm and 2.0 mm.
Learn More","(728, 90)"
"WAKEFIELD THERMAL
ww
DC Axial
Fans
Wakefield
AUTHORIZED DISTRIBUTOR
Thermal's DC
fans varying
size
Digi-Key Schedule Shipments
Learn More >>","(300, 250)"
"PDF
Available Now at
REC30E-Z Series Converters
Despite their small size, the REC30E-Z converters are fully specified
devices with output currents up to 7 A and over 90% efficiency.
Learn More","(728, 90)"
"PDF
Available Now at
56 GBPS NRZ High-Speed Board-to-Board Connectors
Samtec AcceleRate® HP and NovaRay® High-Performance
arrays up to 56G NRZ / 112 Gbps PAM4
Learn More","(728, 90)"
"PDF
Available Now at
DPH Series IP68 Enclosures
Watertight and submersible DPH series IP68 hinged-cover enclosure offers
various opportunities to mount panels and boards within the enclosure.
Learn More","(728, 90)"
"Save up to $500
*Select adjustable mattress sets only. Lesser savings may apply. Learn more at Sealy.com.
Sealy
LEARN MORE","(728, 90)"
"Schneider
Electric
A
Telemecanique
Sensors:
9007 Series
Heavy-Duty
For Hazardous
Location
Applications
Digi-Key Schedule Shipments
Learn More >>
AUTHORIZED DISTRIBUTOR","(300, 250)"
"BVLGARI
ROMA
DEWATE
SHAHA
DOROTHR
rates.com
SHOP NOW >","(728, 90)"
"MATTRESSFIRM
Our best
brands.
Lowest prices,
guaranteed.
TEMPUR-PEDIC Sealy purple
Serta nectar Beautyrest.
Learn More","(728, 90)"
"CeraVe
Acne
Foaming
Cream
Cleanser
allure
JENER
Cerave
Resurfacing
Retinol Serum
CeraVe
DEVELOPED WITH DERMAFELT
Treat Acne +
Restore Skin
LEARN MORE >","(300, 250)"
"BLUECHE W
CHEWABLE
TADALAFIL
TRY FOR FREE
USE PROMOCODE: WEBMD
BLUEC","(300, 250)"
"TAOGLAS.
Invisible PCB
Flex Antennas
for Wi-Fi
and LTE
A ""clear""
alternative to
AUTHORIZED DISTRIBUTOR
opaque
antennas
Digi-Key Schedule Shipments
Learn More >>","(300, 250)"
"Bitdefender
Choose what
the experts
trust and
use.
BUY NOW
GL
Produs
AV
comparatives 2022
""Product of The Year'
NV-Comparative January 2023","(300, 250)"
"CARLISLE Ford
NATIONALS
JUNE 2-4
CARLISLE PA FAIRGROUNDS
WORLD'S LARGEST ALL-FORD
SHOW & SWAP MEET
SPECTATOR TICKETS
BUY NOW AND SAVE!
LEARN MORE","(160, 600)"
"Discover more biological
insights into cancer.
That's the power of proteomics.
Pioneer further
somalogic","(970, 250)"
"Smith & Wesson
Midway
SHOP NOW","(728, 90)"
"हैं
David FO
Clark
View Video
Chief Champlin talks about the difference
the David Clark Headset System
is making for the Underhill-Jericho, VT FD>>","(300, 250)"
"IG
Switch to IG to receive up to a
$5,000 funding bonus
Open, fund & trade. See how you qualify.
Get started
Forex trading involves risk.
Losses can exceed deposits.","(970, 250)"
"IG
→IG.COM","(300, 250)"
"40%
OFF
Next
zamberlan
KANDMADE PHILOSOPHY
1111 CRESTA
GTX RR LEATHER
HUNTING BOOTS
88888
TID
$224.⁹9
REG PRICE
$375.00
Midway
SHIPS FREE","(300, 250)"
"GOLDuING
HONDA
AS LOW AS
4.99% APR
for up to 36 months with approved
credit by Honda Financial Services
LEARN MORE","(970, 250)"
"""We take care of cattle
and the land.""
KEVIN YON
YON FAMILY FARMS, SOUTH CAROLINA
Get more from every acre >>
DuraCor
HERBICIDE
CORTEVA","(728, 90)"
"DRYSHOD.
WATERPROOF FOOTWEAR
dryshodusa.com
Lightweight.
Warmth.
Durability.
Comfort.
Protection.
DRYSHOD
Haymaker
Farm Boot","(300, 250)"
"USRider
EQUESTRIAN MOTOR PLAN
Roadside Assistance
for Your Vehicles AND
Your Horse Trailers
43
LEARN MORE","(300, 250)"
"ORACLE CFOs, Improve Your KPIs
NETSUITE
and Business Processes
Download
Guide","(728, 90)"
"ROAD
Visita roadlab.tech
PARTE ROAD:
L'INNOVAZIONE
SI FA STRADA
DALLA
CAPITALE.
Powered by
eni","(300, 250)"
"It's not just research. It's results.
Meet some of our analysts you can
support in Il's All-America Survey.
BofA SECURITIES
Learn more","(300, 250)"
"THEME PARK
MAY 20TH & 21ST
KIDS GET IN FREE!
SCAN
BUY
TICKETS
HERE","(300, 250)"
"100% REAL
FRUIT JUICES
Naked
GREEN
MACHINE
ters
ATACADE
(24)
Naked
STRAWBERRY
BANANA
w
Naked
MIGHTY
MANGO","(300, 250)"
"ASHLEY
let the
light shine
shop now →","(970, 250)"
"ASHLEY
style
starts
here
find nearest store →","(300, 600)"
"You're ready, start your
mortgage application today.
Apply now
Equal Housing Lender.
TRUIST TH
Mortgage","(728, 90)"
"BARAK MX
Setting the Air Defense
Standard in Every Arena
D
Meet us at
MADEX 2023
ⓇIAI
150km
70km
35km
15km
Discover More >","(300, 250)"
"A Little Garnish
G
A Lot of Flavor
What will you bring together?
FINE WINE & GOOD SPIRITS
SHOP NOW","(970, 250)"
"SUMMER STARTS
HERE!
Offers end May 31
SEE OFFERS
Prototypes shown with options. Extra-cost color shown","(300, 250)"
"ASHLEY
final touches,
first impressions
shop home decor →","(300, 600)"
"ORACLE
NETSUITE
Strong
CFOs
Practice
These 5
Habits
Download eBook","(160, 600)"
"Fly a Legend
Model H10-13.4
हैं
David
Clark
&
More>>","(300, 250)"
"22880
83
DC ONE-X
The one feature it
doesn't have is a
4-digit price tag.
""Flight instructor let me try
it and I liked it better than Bose.""
-Matt, American Airlines
MORE>>
हैं
David
Clark","(300, 600)"
"Arcade
is oper
Play now
Subscription required.","(300, 250)"
"A world of
cybersecurity
insights at your
fingertips.
Register and Watch On Demand.
LEARN MORE
Stronger
Together
RSAConference 2023
San Francisco | April 24-27 | Moscone Center","(300, 250)"
"Stronger
Together
A world of cybersecurity insights
at your fingertips.
Register and Watch On Demand.
RSAConference 2023
San Francisco | April 24-27 | Moscone Center
LEARN MORE","(728, 90)"
"VOLVO
The Volvo XC40 Recharge
For every you
LEARN MORE","(970, 250)"
"CHASE O
MULTIFAMILY LENDING
Choose the nation's #1 multifamily lender¹
#1 claim based on 2021 FDIC data
© 2023 JPMorgan Chase & Co. All rights reserved. Visit jpmorgan.com/cb-disclaimer.
Secure financing","(728, 90)"
"7
www
RED WHITE & PEW
THE LEADER
IN RIMFIRE
AMMUNITION""
BUY NOW
CCP
114
BU
Proudly made in the USA.
CCI
ENT
cef
*","(300, 250)"
"JUST ABOUT EVERYTHING
For Reloading
Midway
Shop Now","(728, 90)"
"3-NIGHT
STAYS
$135
per
night
SPRING SAVINGS ARE CALLING
WHISTLER.COM
BOOK NOW","(728, 90)"
"Discover more biological insights into cancer.
That's the power of proteomics.
Pioneer further
somalogic","(970, 90)"
"bluehost
Building a
brand?
Bluehost makes
it happen.
Get Started
MHE","(300, 600)"
"CADILLAC
UNDENIABLY M
LEARN MORE","(970, 250)"
"CADILLAC
UNDENIABLY ME
LEARN MORE","(300, 250)"
"MEAT-RICH RECIPES
WILDERNESS to feed your dog's wild side
BLUE
WILDERNESS
Ther
SHOP NOW","(300, 250)"
"FORDHAM
THE JESUIT UNIVERSITY OF NEW YORK
Gabelli School of Business
MS in Taxation
Full-and Part-Time Schedules
Flexible, Online & Hybrid Study Options
Electives in Emerging Fields
Fall 2023 Final Deadline Approaching
Apply Now • Seats are Filling","(300, 250)"
"Building a fence doesn't
have to be hard.
Bekaert
We offer step-by-step guides
and how-to videos.
Shop now","(300, 250)"
"BOOK NOW
Hilton
FOR THE STAY™","(970, 90)"
"NISSAN
Looking for rewards?
PARTS REWARDS","(300, 600)"
"Let your friend
know you're there
if they need to talk.
Learn more
ad
A
Found
J
Preverdian
JED
SEIZE THE AWKWARD","(300, 250)"
"Something on
your mind?
Reach out to a friend
about their mental health.
Learn more
SEIZE THE AWKWARD
ad
American
T
Fr
JED","(300, 250)"
"20 23 WORLD TOUR
Styx
OCT BUY TICKETS
13
MUST BE 21 OR OLDER TO ATTEND.
Hard Rock
LIVE
NORTHERN INDIANA","(300, 250)"
"BUNDLE AND SAVE
UNDER OUR ROOF.
Save up to 23% when you
bundle auto and home.""
pok
Par
GET A QUOTE
AMERICAN FAMILY
INSURANCE
prolky R
cancery
Company $41
ww
6000","(300, 250)"
"The secret to better
experiences and
faster results?
Simplify IT.
See how
CISCO
The bridge to possible","(300, 600)"
"CISCO The bridge to possible
Get ahead with insights
from The Global Networking
Trends Report
How do you compare?
Read the report","(300, 600)"
"JUMP
INTO THE
SURVIVOR
POOL.
TOTALLY NEW WAY TO
OUTLAST THE MADNESS.
Picks start March 12
USA TODAY REGISTER NOW
SPORTS","(300, 250)"
"Fandom
xfinity
10G
GAMING LOUNGE
RAPID FIRE
APPEARANCES BY JUSTIN FIELDS,
DA'MAR CHASE, FAZE CLAN AND MORE
->
WATCH NOW
1","(970, 250)"
"Download. Listen.
Dance.
Put on your dancing shoes and
follow your team all month long on
The Varsity Network app.
VARSITY
-NETWORK-
POWERED BY LEARFIELD","(728, 90)"
"Still thinking about the last
TABC conference?
Revisit your favorite writing workshops
from Teen Author Boot Camp 24/7
Get Started!
TABC
Where Best-selling Authors
Teach Writing","(300, 250)"
"amazon
Today's Deals
Shop now ►","(970, 90)"
"amazon
Today's Deals
Shop now ►","(728, 90)"
"VULTURE
into
it
with
Sam Sanders
Listen on
Apple Podcasts","(970, 250)"
"ORIGIN
SPRING WATER
ORIGIN ORIGIN
100% NATURAL SPRING WATER
SPARKLING BERRIES
P
DISCOVER
STILL & SPARKLING
SHOP NOW
Learn More at DrinkORIGINwater.com
Ⓒ2023 Blue Triton Brands, Inc.","(970, 250)"
"COMMEMORATE TOM BRADY'S
LEGENDARY CAREER
WITH THIS HARDCOVER BOOK
GREATNESS
CLICK
TO SAVE!
USA TODAY
SPORTS","(728, 90)"
"STARRING
KYH WHITLEY
AND
WITH SPECIAL GUEST STAR
TISHA CAMPBELL YVETTE NICOLE BROWN
BOUNCE ORIGINAL SERI
act your age
ALL-NEW EPISODE
SATURDAY 8/7c
BOUNCE
Find Where to Watch at Bounce TV.com","(300, 250)"
"Download. Listen.
Dance.
Put on your dancing shoes and follow your team
all month long on The Varsity Network app.
VARSITY
-NETWORK-
POWERED BY LEARFIELD","(970, 90)"
"Calling All
TABC Fans!
Get access to your favorite writing workshops
from Teen Author Boot Camp 24/7
Learn More!
TABC
VARELAD
Where Best-selling Authors
Teach Writing","(300, 250)"
"PHIL STEELES
PREVIEW
Want to be a
PHIL STEELE VIP?
m
Click Here To Find
Out How!","(728, 90)"
"Take the search out of your research at
BEST REVIEWS
Go Now","(728, 90)"
"TEE UP
THE TOP COURSES
2023 GOLFWEEK'S ULTIMATE GUIDE
Golfweek
PART OF THE USA TODAY NETWORK","(300, 250)"
"Find the BEST PRODUCTS
at the BEST PRICES with
BEST REVIEWS
Go Now","(300, 250)"
"Take the search out of
your research at
BEST REVIEWS
Go Now","(300, 250)"
"TEE UP THE TOP COURSES
Golfweek
PART OF THE USA TODAY NETWORK
2023 GOLFWEEK'S ULTIMATE GUIDE NOW AVAILABLE","(970, 250)"
"Find the best products
at the best prices with
BEST REVIEWS
Go Now","(728, 90)"
"Download.
Listen. Dance.
Put on your dancing shoes and
follow your team all month long
on The Varsity Network app.
DOWNLOAD THE APP TODAY.
VARSITY
-NETWORK-","(300, 250)"
"BOUNCE ORIGINAL SERIES
act your age
ALL-NEW EPISODE
SATURDAY 8/7c
BOUNCE","(728, 90)"
"THE LIQUOR STORE
Add Old Fashioned Fun to Every
Gathering with this Curated Kit
FREE
SHIPPING
INCLUDED
GET YOURS NOW","(300, 250)"
"High Score or
Total Bore?
Check Out Game Reviews at FANDOM
»","(970, 250)"
"1 app.post('/webhook_receiver', function
2
(req, res) {
2
switch(req.body.event_name) {
DACHED DROPPED OFF!
Web developers:
Add local delivery to any site with the DoorDash
Drive API.
Developer
Learn More
Delivering more","(728, 90)"
"GYKER
PREVIEW
Want to be a
PHIL STEELE
VIP?
G
Click Here To Find
Out How!","(300, 250)"
"DISCOVER
STILL & SPARKLING
ORIGIN
NATURAL SPRING WATER
SPRING
WATER
ORIGIN
SPARKLING BERRIES
NUK FADED
00
PARA CONS
ORIGIN
SPRING WATER
SHOP NOW
Learn More at Drink ORIGINwater.com
Ⓒ2023 Blue Triton Brands, Inc.","(300, 600)"
"Insticator
PUBLISHER FIRST
Full Ad Management
LEVEL UP YOUR AD INVENTORY
CONTACT US","(300, 250)"
"VULTURE
into
with
Sam Sanders
Apple Podcasts","(300, 250)"
"PHIL STEELES
QUERE
PREVIEW
Want to be a
PHIL STEELE VIP? .
Click Here To
Find Out How!","(970, 90)"
"Decanter
FINE WINE ENCOUNTER
NYC
Don't miss out on this incredible
wine tasting experience in NYC
SATURDAY JUNE 10 2023","(728, 90)"
"Add Old Fashioned Fun to Every
Gathering with this Curated Kit
FREE
SHIPPING
INCLUDED
THE LIQUOR STORE
GET YOURS NOW","(728, 90)"
"Decanter
Wine Experiences
Discover great wines of
the Rhône with Decanter","(970, 250)"
"USA TODAY
SPORTS
THE
BRACKETS
ARE BACK.
WIN BIG!
$1 MILLION PERFECT BRACKET
Presented by
FRIDAYS
Join the Madness
BY MARCH 16th
NO PURCHASE NECESSARY. MUST BE AT LEAST 21 TO ENTER.
SEE OFFICIAL RULES AT BRACKETS.USATODAY.COM","(300, 250)"
"C2022 BGEA
Focus your heart on Jesus Christ with an
Easter
DEVOTIONAL by BILLY GRAHAM
GET YOUR
FREE RESOURCE
BILLY
GRAHAM
Evangelistic Association
Alway Good News","(300, 250)"
"Insticator
TURN COMMENTS INTO
Community
WHILE INCREASING ENGAGEMENT
REQUEST A DEMO
Hill","(300, 250)"
COTOSEN BUY 3 GET 4TH 40% OFF,"(300, 600)"
"ORIGIN
(1)
ORIGIN
HO:
00
ORIGIN
SPRING WATER
Sourced from
American springs
for your table
SHOP NOW
Learn More at DrinkORIGINwater.com
Ⓒ2023 Blue Triton Brands, Inc.","(300, 250)"
"Capital One Shopping
PROMO CODES
AVAILABLE
The coupon-finding browser extension
SEE FREE CODES","(970, 250)"
"Insticator
DRIVE REVENUE WITH OUR
Publisher First
TRIVIA & POLLING
REQUEST A DEMO","(300, 250)"
"TEEN
ESRB
SAUDE
VNDJ
THE
LAMPLIGHTERS
LEAGUE
the
COMING 2023
WISHLIST NOW","(728, 90)"
"amazon
Today's
Deals
ONE
LINE
Shop now","(160, 600)"
"Protect Your
Online Financial
Activity
Startpage
Search Privately","(300, 250)"
""" Easter
GET AN
DEVOTIONAL
by BILLY GRAHAM
GET YOUR
FREE RESOURCE
BILLY
GRAHAM
Evangelistic Association
Always Good News.
02022 BGEA","(728, 90)"
"167
MUTHEAD
LEAGUE
Muthead Season 10
16 players competing for a
$15,000 prize pool
WATCH NOW
Presented By
ARMY
NATIONAL
GUARD","(300, 600)"
"TRUE
CRIME
BYLINE
Back by popular demand for Season 2!
Hear from the dogged reporters who hit the street,
spoke to witnesses and got to know victims' families.
LISTEN NOW
ANTICA
P POSTMEDIA","(970, 250)"
"DON'T TEXT AND
ad
COUNCIL
NHTSA","(728, 90)"
"STARRING
KYM WHITLEY
AND
TISHA CAMPBELL
WITH SPECIAL GUEST STAR
YVETTE NICOLE BROWN
A BOUNCE ORIGINAL SERIES
act your age
ALL-NEW EPISODE
SATURDAY 8/7c
BOUNCE
Find Where to Watch at BounceTV.com","(970, 250)"
"ORIGIN
SPRING WATER
ORIGIN ORICIN
Sourced from American
springs for your table
SHOP NOW
Learn More at Drink ORIGINwater.com
2003 Blation Brands, Inc.","(728, 90)"
"S
NACDA
LEARFIELD
ALEARFIELD
DIRECTORS' CUP
THE CROWNING ACHIEVEMENT IN
COLLEGE
ATHLETICS
FOLLOW YOUR FAVORITE SCHOOL
DURING THE 2022-23 SEASON
@LDIRECTORSCUP
THEDIRECTORSCUP.COM","(970, 90)"
"PUBLISHER FIRST
Full Ad Management
LEVEL UP YOUR AD INVENTORY
Insticator
CONTACT US","(728, 90)"
"* travel
DISCOUNTED
FLIGHTS & HOTELS
FLIGHT.CENTER
50%
OFF","(300, 250)"
"TOTE
gars BRINGING DOWN THE
HOUSE
Herveys
25€
THE BOMBING OF HARVEY'S CASINO
L06230741 A
CN
REDI
21
ENITED
parve
25
STREAMING NOW
V
VERY LOCAL
DOWNLOAD FREE
FRO","(300, 250)"
"VULTURE
into
with
Sam Sanders
Listen on
Apple Podcasts","(728, 90)"
"She can
STEM
SO CAN YOU. Learn More
ST
E M
ad
COUNCIL
SALLANINSAMPLE.CO","(728, 90)"
"I Googled it.
It's definitely a 6.
I Freesearched it.
Some say it's a 9.
others say it's a 6.
FREESPOKE
a different kind of search engine.","(300, 250)"
"We help people
find answers,
solve problems
and get inspired.
LEARN MORE
D","(300, 250)"
"THE LIQUOR STORE
Add Old Fashioned Fun
to Every Gathering
with this Curated Kit
GET YOURS NOW
FREE
SHIPPING
INCLUDED","(300, 600)"
"The new standard of
luxury in the Caribbean,
ST REGIS
CAP CANA
THE RESIDENCES","(300, 250)"
"METE
DRIVE REVENUE WITH OUR
Publisher First Trivia & Polling
REQUEST A DEMO
Insticator","(728, 90)"
"STARRING
KYM WHITLEY
AND
WITH SPECIAL GUEST STAR
TISHA CAMPBELL YVETTE NICOLE BROWN
A BOUNCE ORIGINAL SERIES
act
your
age
ALL-NEW EPISODE
SATURDAY 8/7c
BOUNCE
Find Where to Watch at
BounceTV.com","(300, 600)"
"SHAPE+health
Sunday
Women'shalf April 30, 2023
Central Park, NYC
REGISTER
#womenruntheworld
PESEMP
KISSIE","(300, 250)"
"2
2
3
4
app.post('/webhool
(req, res) {
switch(req.body.
case 'DASHER_DROPF
console.log
Developer
req.body.dropoff_
break
6
7 case 'DELIVERY_CAN
With a few lines of
code, add local
delivery
Learn More
Delivering more","(300, 600)"
"LAPORANE
People allrecipes
OUTSIDE
The
Making
of a
doit
YOURSELF
A
COUTCOUR
AROWERS
GRAB TOP TITLES FOR
FREE!
(UP TO $100)
JUST PAY
SHIPPING & HANDLING
Shop Now →","(728, 90)"
"GRAB TOP TITLES FOR
FREE!
(UP TO $100)
JUST PAY
SHIPPING &
HANDLING
Shop Now →
People allrecipes
OUTSIDE!
The
Making
of a
Queen
Bender
Gawicy
LAY
HARRYS no's
HOUSE
doit
YOURSELF
A
OUTOCOR
OASIS
PROPER","(300, 250)"
"pepsi.
ZERO SUGAR
GOALIE
CHALLENGE
NHL
WHO WILL YOU PICK?
REGISTER NOW","(970, 250)"
"Decanter
FINE WINE ENCOUNTER
NYC
The world-famous
Decanter Fine Wine
Encounter returns to NYC","(970, 250)"
"Download.
Listen. Dance.
Put on your dancing shoes and
follow your team all month long
on The Varsity Network app.
DOWNLOAD THE APP TODAY.
VARSITY
-NETMORE-","(300, 250)"
"MISSING
4
all the other viewpoints...
FREESPOKE
a different kind of search engine.","(300, 250)"
"ONE
LINE
amazon
Today's Deals
Shop now","(300, 600)"
"G grammarly
Writing in
English?
We can help.
Get Grammarly It's free","(300, 600)"
"Federally insured
by NCUA
13 and 26 Month
APY Certificate Special
4.75%
Communication
FEDERAL CREDIT UNION
click for details","(728, 90)"
"! DO NOT MISS THIS WEBINAR !
XYZ
THE IMPORTANCE
OF MAXIMIZING
EFFICIENCY AND
ACCURACY
6th June | 3pm GMT
SECURE YOUR SEAT >>>","(300, 600)"
"ED!
Entertainment Daily
Want the
latest & best
Royal news?
Click here
ED!
ROYALS
ce Harry
n's spee
com fom","(300, 250)"
"mpb.com
Sell cameras & lenses to MPB
Turn your camera into cash
Get an instant quote
d
WEEN","(970, 250)"
"Sell cameras & lenses to MPB
mpb.com Turn your camera into cash
Get an instant quote","(728, 90)"
"mpb.com
Sell cameras &
lenses to MPB
Turn your camera
into cash
********
ate
Just sell it.
Get an instant quote","(300, 600)"
"mpb.com
Sell cameras &
lenses to MPB
Turn your camera into cash
Just sell it.
Get an instant quote","(300, 250)"
"Hybrid Conference
WANTED: EUROPE'S ENERGY SOVEREIGNTY
24 May 2023, 9:00-17:00 (CEST), Brussels
REGISTER
NOW!
G
Phot picture CHROMORANGE CO
JUST
CLIMATE
by FES","(728, 90)"
"Ph
p
REGISTER
NOW!
Hybrid Conference
WANTED: EUROPE'S
ENERGY SOVEREIGNTY
24 May 2023, 9:00-17:00 (CEST), Brussels
CHROMORANGE
Cara Ch
JUST
CLIMATE
by FES","(300, 250)"
"Your chance to win
1 Million
Telstra Plus points.
Join and enter by 4pm AEST 30 June 2023.
Enter now
>
*
Eligibility criteria apply to join and enter. See terms and
conditions. Permit numbers NSW Authority No. TP/02126,
ACT Permit No. TP 23/00281, SA Permit No. T23/204.
+
T+","(300, 250)"
"STOP IN AND
SIGN UP TODAY!
NE
FITNESS
ONEFITNESSLUBBOCK.COM
7615 82ND ST.
806.855.2560","(300, 250)"
"HUB CITY
BODY
SHOP
MAKE IT PRETTY
CALL HUB CITY
806-791-4689","(300, 250)"
"TODINING CHARITIES™
Ask how your restaurant
or business can participate!
CLICK TO LEARN MORE","(300, 250)"
"Don't miss out!
Save up to 80% on amazing
baby products!
VIEW OFFERS
NEW OFFERS
ADDED WEEKLY SO
DON'T MISS OUT!","(728, 90)"
"Don't
miss out!
Save up to 80%
on amazing
baby products!
VIEW
OFFERS
NEW OFFERS
ADDED WEEKLY SO
DON'T MISS OUT!","(160, 600)"
"Don't miss out!
Save up to 80% on
amazing baby products!
VIEW OFFERS
NEW OFFERS
ADDED WEEKLY SO
DON'T MISS OUT!","(300, 600)"
"Don't miss out!
Save up to 80% on
amazing baby products!
VIEW OFFERS
NEW OFFERS
ADDED WEEKLY SO
DON'T MISS OUT!","(970, 250)"
"Learn to Code
your own games
THAND","(728, 90)"
"SIRODY
Learn to Code
your own games
3)
3
3
Action &
P
MINECRAFT
ROBLOX
(
uc)
rats)
CK
La Finger Dynamo Dynote
function auctor alam
what is
Learn More","(300, 600)"
"This young, very attractive,
white female is MISSING.
FARKITROL
mediazetabine OMG","(728, 90)"
"m²
MYERS
EQUIPMENT CORP.
For All Your Truck Equipment
and Accessories Needs
CLICK HERE for Sales
Questions and Parts Quotes","(300, 600)"
"2023 WORLD PORK EXPO
JUNE 7-9 DES MOINES, IA REGISTER NOW
BROUGHT TO YOU BY:
National
Pork Producers
Council","(728, 90)"
"SOURCE provides
25 lbs of N & 25 lbs of P
N
P
P
N
SOURCE","(300, 250)"
"EISERNER
STROM
M4Energy G
JETZT WECHSELN","(320, 50)"
"PREDATOR COPA
heatspawn
pack
JETZT KAUFEN","(320, 50)"
"Free Vinyl Exam Gave
Delivering medical supplies
for the government. Learn More
MCKESSON","(970, 90)"
"MCKESSON
Delivering medical
supplies for the
government.
Learn More","(300, 250)"
"Helinox
Lightweight & Packable Furniture","(300, 250)"
"WEBINAR
Reduce Site Burden
during Study Startup
June 8 | 1:00 pm ET
REGISTER NOW >>>
A ADVARRA","(300, 250)"
"KENWOOD RADIOS
INTEGRATE WITH
LEADING SCBA GEAR
Bluetooth® Pairing with Popular SCBA
Equipment is Standard with KENWOOD Radios
Wire-Free Design Eliminates Snag Hazards
ANR Locks in Clear Audio Even on the Fireground
NX-5000 SERIES
KENWOOD
MALIH
KENWOOD
LEARN MORE","(300, 600)"
"Protect Those
TS! Who Defend Us
Find Out More
NOW!","(320, 50)"
"Fire Engineering
LEARN
FROM TRUSTED
FIRE & EMS
EXPERTS
SUBSCRIBE TODAY","(300, 600)"
"REDZONE TotalCare
VERIFIED PPE MAINTENANCE
CO₂ CLEAN
powered by
Î TERSUS
BACK IN ACTION.
Read the latest success story
about removing by-products from
lithium-ion battery contamination.","(300, 250)"
"FICC
Fayetteville Technical
Community College
TRAINING AT ITS BEST!
SWIFT WATER RESCUE TRAINING IS CRITICALLY IMPORTANT
FOR FIRST RESPONDERS, BUT DIFFICULT AND DANGEROUS TO
ARRANGE IN NATURAL OUTDOOR SETTINGS.
LEARN MORE","(970, 90)"
"moneycontrol PRO
be the
Bulika
in every market.
stay ahead PRO
with","(300, 250)"
"moneycontrol PRO
be the
Bulla
in every market. PRO
stay ahead
with","(728, 90)"
"86
FIRST THINGS
VIDEO
THE
CREED
A FILM BY TIM KELLEHER
Now available on DVD and
MP4 digital download","(300, 250)"
"Donate today
to
FIRST
THINGS
Your financial support allows
us to be the voice of truth.","(300, 250)"
"FIRST
THINGS
FIRST THINGS THINGS THINGS
ROC MUNTFALL
THE WHOLD
FIRST TE FIRST TI FIRST THINGS
THE THREE
OF EVANGEL
TRAMATI
Back Issues
Shop our
books, videos,
back issues,
and more in
one location.
Click Here
FirstThings.com/Store","(160, 600)"
"AEROSWAG
Own Your Airport
Shop Now","(970, 250)"
"FS po
HOUSTON, TX. JUNE 23-25
North America's LARGEST enthusiast flight simulation conference.
Register today at www.flightsimexpo.com","(728, 90)"
"Make the Cut with Urschel
urschel.com ▶","(970, 90)"
"HEALTHSENSEⓇ
NEVER COMPROMISE
Nutritious
for Delicious
LEARN MORE
Bay State
Milling.","(300, 250)"
"Custom Medals
Free Design - Free Shipping
SOCCER
100
M
SON
www.m
TIME
GS-JJ.COM","(728, 90)"
"PAR NATURE, LA FINANCE ET LE CLIMAT
N'ONT PAS GRAND-CHOSE À VOIR.
VRAIMENT ?","(728, 90)"
"RELIABLE WATERPROOF
PROTECTION ON
CONSTRUCTION JOB SITES
RESEARCH >>
I
IRONPROS","(970, 90)"
"Get our free
newsletters.
Sign up now.
FORSYTH COUNTY NEWS
FORSYTHNEWS.COM","(300, 600)"
"Find us on
PRECISION 417-846-3723 Facebook
f
LAND SERVICES. precisionlandservicesllc.com","(728, 90)"
"joplinrvmarine.com
3535 Hammons Blvd, Joplin, MO
JOPLINRV 417-262-6277
OZARKS RV & MARINE OUTFITTERS","(728, 90)"
"PRECISION
LAND SERVICES
Le
417-846-3723
precisionlandservicesllc.com
on
f Facebook","(300, 250)"
"Mobile International
Airport
avele
Mobile to Orlando
avelo
Fares from
$29
One Way","(728, 90)"
"Mobile to
Orlando
K
Fares from
$29
One Way
avelo
Mobile International Airport","(300, 250)"
"ENTER HERE
LOVING
LOCAL LIGHT UP YOUR LIFE!
ENTER NOW FOR A CHANCE TO WIN A
$100 GIFT CARD FROM PEAK LIGHTING
PEAK LIGHTING HAS IT ALL!
LIGHTING","(728, 90)"
"LOVING
MIXT
LOCAL
LIGHT UP
YOUR LIFE!
Peak
LIGHTING
ENTER NOW FOR A CHANCE TO WIN A
$100 GIFT CARD FROM PEAK LIGHTING
ENTER HERE
PEAK LIGHTING HAS IT ALL!","(300, 250)"
"Hit the ground running
in a new Honda.
Pilot
Accord
Keystone Honda Dealers
Pilot TrailSport shown. CR-V Sport Touring Hybrid shown. Accord Sport- Hybrid shown.
CR-V
HONDA
SEE OFFERS","(300, 250)"
"Pilot
HONDA
Hit the ground
running in a
new Honda.
Accord
Keystone Honda Dealers
CR-V
SEE OFFERS
Pilot TrailSport shown CR-V Sport Touring Hybrid shown.
Accord Sport-L Hybrid shown.
Honda","(300, 600)"
"(D)
INJURY ATTORNEYS
#THANKSTODD
FROM THE
INSURANCE COMPANY'S SIDE
TO YOUR SIDE.
Visit TODDMINERLAW.COM OFFICES ORLANDO
CLICK HERE","(728, 90)"
"#THANKSTODD
TODD MINER LAW
INJURY ATTORNEYS
Visit TODDMINERLAW.COM
FROM THE
INSURANCE
COMPANY'S SIDE
TO YOUR SIDE.
CLICK HERE
OFFICES ORLANDO","(300, 250)"
"HAVE YOU HEARD?
1st
CHOICE
DENES
Paintless Dent Repair
IS NUMBER ONE
CLICK TO SAVE","(300, 250)"
"THE LAW OFFICES OF
LHP LARRY H. PARKER
INC.","(728, 90)"
"A Fox Nation Original
LAST COWBOY
STANDING
Watch Now
FOX
NATION
C","(300, 600)"
"READY TO
USE SOUND
EFFECTS
URBAN
SOUNDS
HUMAN
SOUNDS
FREE
ITEMS
INDUSTRIAL
SOUNDS
AND MORE
GAME
SOUNDS
NATURE
SOUNDS
envatoelements
START NOW","(336, 280)"
"LOEWE
FOUNDATION
CRAFT
PRIZE
Craft Prize 2023
Learn More","(970, 250)"
"oda Compact Camera
Sling
Shop Now","(728, 90)"
"CONTINUE >
2
Home Relocation
Packing & Moving
Domestics Relocation
Packers & Movers","(728, 90)"
"Cost of living is rising
but staying secure isn't.
With everyday prices on most
Arlo cameras going down,
high quality home security
can now be yours.
learn more
arlox
Protect Your Everything
INFLATION
1811
101","(300, 250)"
"FINN
JUHL
BRAZILIAN
ROSEWOOD
PLACE BIDS AT
LAURITZ.COM
LAURITZ","(728, 90)"
"ADVANCE EQUITY IN
YOUR COMMUNITY
United
Way","(300, 250)"
"You have the talent, we have the tools.
Get into the GAME.
Content Creators. Gamers. Vtubers.
AVerMedia","(970, 250)"
"NEXT
3 Easy Steps:
1. Click 'Next'
2. Download Extension
3. Get Quick Search Tool
Quick Search Tool","(336, 280)"
"HOSTINGER.COM
Try Hostinger's
Easy-to-Use
Website Editor
Create Now
Three. Two. Online
+","(300, 250)"
"HHOSTINGER
Your Property
Your Domain
(.net
Jive
Jink
.com
digital
O
Three. Two. Online
store","(300, 250)"
"The World's Leading
GRANCE Corporate Finance Magazine
GLOBAL
FINANCE
Subscribe or Renew today
Click to subscribe or
renew at no cost now
GLOBAL
GERAKICE
GREENING
THE WORLD
ECONOMY
THE BIG-BANK
COMEBACK","(728, 90)"
"GLOBAL
FINANCE
The World's Leading
Corporate Finance Magazine
GLOBAL
FINANCE
comwatny song
GLOBAL
FINANCE
GREENING
THE WORLD
ECONOMY
ECON
OBAL
FINANCE
THE BIG-BANK
COMEBACK
Subscribe
today
Click to subscribe at no charge now","(300, 250)"
"HERO
WARS
YOU HAVE ONLY
2 MOVES
TRY","(300, 250)"
"THE GIANTS SCHEDULE
SCHEDULE SCORE TICKETS AT TICKETMASTER. t ny
RELEASE
23
Buy or sell tickets at the Official Marketplace of the NFL.
ny Buy Tickets","(728, 90)"
"Continue to Movies
3 Easy Steps:
1: Click ""Continue to Movies""
2. Add MoviesToStream Extension
3: Find Out Where to Watch Movies
and Shows!
MOVIES STREAM","(300, 250)"
"PEARLS SER
ENLIGHTENMENT
PEARLS SEEKS
ENLIGHTENMENT
Collect the latest
Pearls Before Swine Treasury!
PRE-ORDER NOW!","(728, 90)"
"G
GOLD DERBY
WE WANT TO HEAR FROM YOU!
GOLD DERBY IS CONDUCTING A
SHORT SURVEY AND WE'D
LOVE YOUR FEEDBACK.
ENTER FOR A CHANCE TO WIN
A $100 AMAZON.COM GIFT CARD.
START SURVEY
See survey page for official sweepstake rules.","(300, 250)"
"MORE
HOUSE
SCHOOL
KNIGHTSBRIDGE
A greenhouse... not a hothouse
Click here to book an Open Morning","(300, 250)"
"Independent
SCHOOLS
now
11+/13+
ANSWERS
23 MAY 0930-1600
@THE HURLINGHAM CLUB
1m","(300, 250)"
"Sleep well, knowing
they are too...","(300, 250)"
"EEN ETHELBUFE
FORK
ENGLAND
QUEEN ETHELBURGA'S
COLLEGIATE
An Excellent rated (ISI) school welcoming children aged 3 months to 19 years.
Call or visit www.qe.org to arrange a private tour","(728, 90)"
"FCW
INSIDER
CHAT
Interviews with the 2023
Federal 100 award winners.
LISTEN NOW","(300, 600)"
"FCW
INSIDER
CHAT
Interviews with the 2023 Federal 100 award winners.
LISTEN NOW","(970, 250)"
"GreenTech
AMSTERDAM 13-15 JUNE 2023
GET YOUR VISITOR TICKET
WITH A 50% DISCOUNT
UNTIL 5 JUNE
NORMAL PRICE 95EUR","(728, 90)"
"EVO AC®
8-layer greenhouse films
Brighter greenhouse
Healthier plants
Higher profits
Longest lasting No mist
anti-drip
Superior
strength
More &
better light
sunmaster
www.sunmasterfilm.com","(300, 600)"
"Jobs2Careers
Hiring Now
Full Time Jobs Part Time Jobs Remote Jobs
+ View All Jobs","(728, 90)"
"GUN RUGER WRANGLER
BROKER.COM
SHOP THE RUGER STORE
RUGER","(970, 90)"
"FIERCE
FIREARMS
w
THE FIERCE RANGE
DISTRIBUTED IN UK NOW AT: WWW.RAYTRADEUK.CO.UK
CLICK HERE TO
FIND OUT MORE
ABOUT THE
FIERCE RANGE","(970, 90)"
"FIERCE
FIREARMS
CLICK HERE TO
FIND OUT MORE
ABOUT THE
THE FIERCE RANGE FIERCE
RANGE
DISTRIBUTED IN UK NOW AT: WWW.RAYTRADEUK.CO.UK","(320, 50)"
"X-BOLT PRO CARBON 2
IT'S YOUR TIME
BROWNING","(320, 50)"
"JUNE 25
MAY 5 -
aren age
EXCLUSION
A NEW COMEDY ABOUT
WHAT'S TRUE VS. WHAT SELLS","(970, 250)"
"AP!
API INSPECTION TRAINING
American
Petroleum
Institute
UPCOMING
VIRTUAL COURSES
API 510 & 572: June 12-13
API 570 & 574: June 14-15
Register
Now","(970, 250)"
"Capital One Shopping
$89
saved
Automatically
Apply Coupons
At No Cost
Savings may vary. Savings
found on 03/30/23.
UNLOCK FREE
COUPONS
The coupon-finding
browser extension","(160, 600)"
"Microsoft 365 empowers you to do more with less
Increase efficiency, enhance security, and boost productivity
PACXA.COM/M365
Pacxa","(728, 90)"
"HIFIMAN
222
HIMALAYA
EF400
Balanced Desktop DAC/Amplifier
$529
g","(300, 250)"
"2014
CVS
HERE
Healthier happens together
Learn more","(970, 250)"
"Trying to
eat healthy?
Sign up to our
nutrition newsletter
SUBSCRIBE
healthline","(300, 250)"
"Slim
your wallet
SHOP NOW
bellroy","(728, 90)"
"NEW!
Crystal Cable®
DIAMOND
SERIES 2
NEW!","(728, 90)"
"$100,000
VETERAN
HOME GIVEAWAY
Enter to Win
PRESENTED BY:
Veterans United realtor.com
Home Loans
No purchase necessary. See Official Rules for eligibility, how to enter and all important details. Ends 06/13/2023. *NMLS # 1907. Not a government agency. Equal Opportunity Lender.","(970, 250)"
"Woodspars.
Yachting
FABRICANT DE
MAT EN BOIS
OBTENIR UN
DEVIS GRATUIT
www.WOODSPARS.COM","(300, 600)"
"CANADA
ACTION
PLAN
TO IMPROVE CANADA'S GAME
READ NOW ►","(300, 250)"
"FINALLY AN INVESTING
COMMUNITY
FOR YOU!
CLE
THE
INVESTING
CIRCLE
11","(300, 250)"
"WHITE
LABS
PURE YEAST & FERMENTATION
WHITE
LARS
PUREPITCH
NEXT GENERATION","(728, 90)"
"K
Find The Rent to Own Home for You!
A new path to
home ownership
SEARCH NOW
Note: Stock Image","(728, 90)"
"OFFICIAL MERCHANDISE
This AVAILABLE ON
Esme YOUNGRIDER.COM
ORDER NOW
STAR
Esse
This
Cone
Rider
your","(728, 90)"
"THE
HOSPITALITY
SHOW
Business
accelerates
when the
right people
are in
the room.
June 27-29, 2023
The Venetian
Resort Las Vegas
I WANT IN","(160, 600)"
"HITEC. 2023
WHERE HOSPITALITY & TECHNOLOGY MEET
June 26 - 29
TORONTO","(728, 90)"
"Finding Certainty
in times of Uncertainty
A Revenue Management Guidebook
DOWNLOAD NOW
Ideas","(320, 50)"
"S
HSMAI
Commercial
Strategy Week
20 Years Leading the Way
REGISTER TODAY
Toronto, June 26-29th","(320, 50)"
"54TH ANNUAL
STREET
ROD
NALS
IMO
es
STREET RO
ROD
TAON
#L
AUTOCROSS
2023
Louisville, Kentucky
Kentucky Exposition Center
August 3rd, 4th, 5th & 6th, 2023
CLICK HERE
NSRA","(300, 600)"
"A DAILY NEWSLETTER
FROM YOUR HOUSTON PUBLIC MEDIA
NEWSROOM
TODAY IN
HOUSTON
houstonpublicmedia.org/today","(300, 250)"
"2023 FORD F-150* TRUCK
Ford TEXAS TOUGH Learn More","(728, 90)"
"ARGONAUT
A NOBLE HOUSE HOTEL
Complimentary
Parking in SF
BOOK NOW","(728, 90)"
"SHOTGUN PISTOL
NO FFL REQUIRED
NO LICENSE REQUIRED","(300, 250)"
"12 GAUGE SHOTGUN PISTOL
SHIPS TO
YOUR DOOR
AMERICANGUNCRAFT.COM","(300, 250)"
IBIZA 300 FORMENTERA,"(970, 90)"
"International Business Times
IBT Fast Start
Let the best of International News come to you.
Sign up and stay up to date with our daily newsletter.
van die man 15, 2
IBT. FAST START
3 things you must know
QUE VA A POUR LES
g","(970, 250)"
"IBTimes Fast Start
Let the best of International
News come to you.
SIGN UP NOW","(300, 250)"
"YOUR BEST COMES
OUT OF THE BLUE.
EXPLORE BOISE STATE
B
BOISE STATE
UNIVERSITY","(728, 90)"
"WATER'S EDGE
APARTMENT
COMMUNITY
STUDIO / 1 BED/ 1 BED + DEN FLATS/ 2 BED TOWNHOMES
B
Stellect fe
BE
LEASE YOUR APARTMENT NOW","(970, 250)"
"IDSA
Infectious Diseases Society of America
Guidelines App
Point-of-care guidelines
at your fingertips.
DOWNLOAD
NOW
DSA
in Practice
Guidelines","(728, 90)"
"SUBSCRIBE TO OUR
NEWSLETTER
SUBSCRIBE
IFLSCIENCE
|||","(300, 250)"
"MUENCH WORKSHOPS
2017
Our focus is you.
muenchworkshops.com","(300, 250)"
"WILDGALAPAGOS
AMAZING WILDLIFE & LANDSCAPE
PHOTOGRAPHY WITH THE BEST...
WILDSIDENATURE TOURS","(300, 250)"
"Crazy
Largest Selection In Indiana No-Dud Guarantee
OPEN Thursday - Saturday
10 A.M. - 7 P.M
574-858-0088.
www.crazyjoesfireworks.us
Toes.co
FIREWORKS
2549 N 800 W - WARSAW. IN
VISA
P","(728, 90)"
"FINTECH. ENERGY. ROBOTICS. RESILIENCY.
ALL THIS. AND COLLEGE TOO.
STEVENS
INSTITUTE OF TECHNOLOGY
LEARN
MORE","(728, 90)"
"SIGN UP FOR OUR FREE WEEKLY
NEWSLETTER WITH HAND-PICKED
RECIPES, GIVEAWAYS + COOKING
INSPIRATION.
CLICK HERE TO GET FREE
RECIPES BY EMAIL
INSPIRED
TASTE","(728, 90)"
"FUN + EASY
COCKTAILS
CLICK HERE FOR
COCKTAIL RECIPES","(300, 250)"
"Explore disciplined
opportunities
Freddie Mac
SINGLE-FAMILY
Credit Risk
Transfer","(970, 250)"
"Look for challenges.
See opportunities.
Experience the Heitman difference.
KHEITMAN","(970, 90)"
"The More Radar to Love
Weather
Channel with 24-Hour Future Radar
Get the app","(728, 90)"
"Fresh tips for all the plants you
want to grow. Or grow better.","(728, 90)"
"START
3 easy steps
1. Click on 'Start'
2. Create Free Account
3. Access Your Content
Movies, Music, Games, Apps and more
Online Activation","(300, 250)"
"The Best of Irish Design
20% OFF*
KILKENNY
DESIGN
With coupon: CENTRAL20
DISCOVER NOW","(728, 90)"
"CELEBRATING
IRISH DESIGN
C
SOLVAR
IRISH JEWELLERY SINCE 1941","(160, 600)"
"GOT COUPONS?
Get promo codes
automatically applied
at checkout
GET FREE CODES
Capital One Shopping
The coupon-finding
browser extension","(300, 600)"
"#NXTNOW
Experience the
future. Now.
TECH
mahindra
Know More","(728, 90)"
"SCAN HERE
TO APPLY TODAY
YOUR DREAM
WEDDING
AWAITS
Celebrate your love with a
Courts Ready Cash Loan
of up to $1.5M
Conditions apply. May 1 - June 3, 2023.
www.readyfinancecaribbean.com
COURTS
READY CASH
Ready when you are!","(300, 250)"
"Despite devastation, Ukraine, Fukushima show
promise of recovery with continued support.
2023
HIROSHIMA
SUNMIT","(728, 90)"
"Hospitality &
Corporate Event
PLANNING GUIDE
COMING THURS.,
JUNE 29
Daily
JACKSONVILLE
JaxDailyRecord.com
Reserve your space >","(970, 250)"
"1900
TACMED
SOLUTIONS
LEADERS IN PRE-HOSPITAL EQUIPMENT
15%
OFF
ANY ORDER FOR
FIRST RESPONDERS
HEMOR
TACMEDSOLUTIONS.COM","(300, 250)"
"EXPERIENCED SOLUTIONS
Custom designed and built emergency vehicles
RESCUE
PLCUSTOM.COM
RESCUEIMFG.COM","(320, 50)"
"national
PET MONTH
WEEKENDER
HOME DELIVERY
24/7 FULL
DIGITAL ACCESS
PAID MONTHLY THROUGH OUR
EASY PAY PROGRAM
Johnson City Press
12
PER
MONTH
→ SUBSCRIBE","(300, 250)"
"Johnny Moris
WONDERS OF WILDLIFE
NATIONAL
MUSEUM & AQUARIUM
EXPERIENCE,
AMERICA'S BEST AQUARIUM
LEARN MORE","(300, 600)"
"Johnny Maris
WONDERS OF WILDLIFE
NATIONAL
MUSEUM & AQUARIUM
EXPERIENCE
AMERICA'S BEST AQUARIUM
LEARN MORE","(300, 250)"
"Change Make a move. Make a difference.
your
future
APPLY NOW
O
ZEST VIRG","(728, 90)"
"It's better because it all works together
QuickBooks Online Accountant > ProConnect Tax > Intuit Tax Advisor
INTUIT Accountants
Learn more","(728, 90)"
"Intro to Xero
May 18th at 1pm EST
Earn 1 CPE for attending
Register here
xero
th","(300, 250)"
"DELVE INTO JEWISH HISTORY
On an all-inclusive, luxury river cruise
UNIWORLD.
BOUTIQUE RIVER CRUISES
LEARN MORE","(728, 90)"
"A Jewish
coming-of-age adventure
0
The Witch
Woodland
LAURELSNYDER
ART 2023 BY CORNELIA LI
BUY
NOW!","(300, 250)"
"Alaska, it's construction season!
Visit 511.alaska.gov or
the 511 Alaska mobile
app for traffic delays
Dig into project details on
our construction map at
dot.alaska.gov/construction
LANE
CLOSED","(970, 250)"
"AWARD WINNING
International
Moving Services
BEST
US.News
RANKINGS
BEST
CUSTOMER
Newsweek","(970, 250)"
"TOYOTA S
ROCHESTER
MOTOR CARS
Ford CHEVROLET CADILLAC
Explore our
inventory
CLICK HERE","(300, 600)"
"TOYOTA Mazda
ROCHESTER
MOTOR CARS
Ford
-
B
CHEVROLET CADILLAC
Explore our
inventory","(970, 90)"
"bluespace
INTERIORS
Elevate Your Workforce
with a Workplace Redesign
Learn More >>","(300, 250)"
"BITE BACK
FIELDING LAW
ACCIDENT INJURY ATTORNEYS","(728, 90)"
"Free Appraisal
LET US DETERMINE THE VALUE OF YOUR COINS,
CURRENCY, JEWELRY AND FINE ART! NO OBLIGATION!
Always buying
collections, accumulations,
Individual Certified or
un-Certified Rare Coins
TANGIBLE
INVESTMENTS, INC.
KARE COS CURRENCY PRECIOUS METALS JEWELRY FINEART & ANTIQUES","(300, 250)"
"ONE TICKET.
ENDLESS ADVENTURES.
HIT TH
Read
HOSPICE OF ACADIANA
$20
LIVE DRAWING
JUNE 1 AT 6:30PM
TICKETS HOSPICE OF ACADIANA FACEBOOK PAGE","(300, 250)"
"KATC
3 LEGAL SPECIALIST
abc
FREE LEGAL ADVICE
CLICK HERE
THE
GLENN ARMENTOR
LAW CORPORATION
LAFAYETTE","(970, 250)"
"GOLF & GO
ON SALE
NOW!
GOLF OVER
700 HOLES FOR $119!
ACROSS MONTANA
AND THE NORTHWEST
BUY
MTNdeals.com NOW!","(728, 90)"
"Jude Frances
at
Robert Lance Jewelers
$
RoBeRt lance
Jewelers
5217 82nd Street Suite #400,
Lubbock, TX","(300, 600)"
"Jude Frances
at
Robert Lance Jewelers
Robert lance
Jeaxlens
5217 82nd Street Suite # 400,
Lubbock, TX","(728, 90)"
"THE
ZIM
IMMERMAN
LAW FIRM P.C.
1-800-INJURIES
No Fee If No Recovery","(300, 250)"
"bodies
The stories
we used to
keep to
ourselves.
Season 4
Listen Now!
KCRW
npr
Network","(300, 600)"
"bodies
The stories we used Season 4
to keep to ourselves.
Listen Now!
PCRW pr
Network","(728, 90)"
"4.50%
Month
9CD
Learn
More
SECURITY BANK
OF KANSAS CITY.
*Annual Percentage Yield. Member FDIC","(300, 250)"
"4.50%9CD
*Annual Percentage Yield. Member FDIC
Month
SECURITY BANK
OF KANSAS CITY.
Learn More","(728, 90)"
"Recipes, gardening, rural
news- it's all here!
Sign up for one of our FREE newsletters.
GRIT
SEURA
Sign Up Today!","(300, 250)"
"We Are
Community
Driven
KELOWNA
TOYOTA
1624 Cary Road | kelownatoyota.com","(300, 600)"
"KENKEN
Puzzles That Make You Smarter
THE MORE YOU PLAY,
THE BETTER YOU GET!
▸ 100% Ad free playing
▸ Expert puzzles
▸ Save your puzzles
> Track your progress
► Join the Leaderboard
Start KenKen Premium","(728, 90)"
"MGM
WINE & SPIRITS
CLICK HERE TO SEE
OUR SPECIALS!
Best of 2020
IST PLACE
MANKATO
MAGAZINE
The Free Press","(728, 90)"
"MGM
WINE & SPIRITS
Ⓡ
CLICK HERE
TO SEE
OUR SPECIALS!
Mankato, North Mankato,
St. Peter
Best of 2020
1ST PLACE
MANKATO
MAGAZINE
The Free Press","(300, 600)"
"Priority
URGENT CARE
OUT OF TIME?","(728, 90)"
"Priority
URGENT CARE
TIME SAVING
Online appointment
scheduling.
Location
Near You
WIE
6.00
Ok
19:00
PA
est
CHER DON
PIDGE FORGED","(300, 250)"
"Relationship MAX
BALANCES OF $100,000+
RATES AS HIGH AS APY
Learn More
*
HAWAII STATE
FEDERAL CREDIT UNION
always right by you","(728, 90)"
"SEASON TICKETS
ON SALE NOW
stcu
BEST of BROADWAY
BY WESTCOAST ENTERTAINMENT
BROADWAYSPOKANE.COM
ORDER NOW","(728, 90)"
"NIKE
GOLF
CAMPS
Now available
Learn more","(160, 600)"
"HIT BY A TRUCK?
JEFF'S
HERE
U
Allarmy consultation by appointment only
WRONGFUL DEATH / COMMERCIAL VEHICLE ACCIDENT
RESULT:
DAVIS RECUNT $6 MILLION
LAW FIRM NEN: $3,509,864
444-4444
AUSTIN
SAN ANTONIO","(300, 250)"
"kitele
+5000 TVs,
the best price
DA
10","(160, 600)"
"DOZER DAY
May 20th & 21st, 2023.
SEATTLE DOZER
DAY 2023 PRESENTING
SPONSORS
Dozer Day
Weet Drive
NUCA PIVETTA
PURCHASE YOUR
TICKETS TODAY!
BOOK NOW
seattle.dozerday.org","(300, 250)"
"The
Geriatric
Pilgrim
Tales from the Journey
by Richard Wile
""One man's personal journeys offer universal
truths in this effective, reflective account.""
-Kirkus Reviews
BUY THE BOOK","(970, 250)"
"7 days
7 ways
NATIONAL
SALVATION
ARMY
WELL
Make a Difference -
CLICK NOW TO
FEED A FAMILY!
You Can ""Do the
Most Good""
May 15th-21st
THE
SALVATION
ARMY","(728, 90)"
"UP TO 60% OFF
ROSELINLIN","(300, 600)"
"AVIVA
SENIOR LIVING
umited Time Only
Terms & Condition Apply
Savings Up To
$ 20,000
&","(300, 250)"
"Greg O'Donnell
CEO & Founder
DO'Donnell
FINANCIAL GROUP
odfigroup.com
Loans, investments,
and insurance...
How about a
complimentary,
second opinion?
LET'S TALK","(300, 250)"
"VANCOUVER
INTERNATIONAL
JAZZ FESTIVAL
JUNE 23 - JULY 2, 2023
COASTAL
TICKETS ON SALE NOW!","(300, 250)"
"IN NEED OF A NEW ROOF?
LET US HELP YOU EVERY
STEP OF THE WAY!
(100%
SATISFACTION
COMMITMENT TO
EXCELLENCE
SUPERIOR SERVICE
WEATHER PRO
ROOFING
THE WEATHER PROTECTION COMPANY
LEARN MORE","(728, 90)"
"ASPEN
Auto Clinic T
Full Synthetic
Oil Change Special
AS LOW AS
$49.95
See website for details
GET APPOINTMENT","(728, 90)"
"TIMS TOYS
DISCOVER
NEW ROADS
Largest RV
Inventory in New
Mexico.
CHECK
INVENTORY
127 Utah St. NE, Albuquerque
505-297-9728","(728, 90)"
"Largest RV Inventory
in New Mexico.
wann
Than Nur
DISCOVER
NEW
ROADS
127 Utah St. NE, Albuquerque
505-297-9728
CHECK
INVENTORY
TIM'S TOY'S
USED RV","(160, 600)"
"Custom laser cutting
is only the beginning!
Cutting, routing,
bending & more.
Explore Services
SendCutsend","(300, 600)"
"NOW THROUGH MEMORIAL DAY
$1,000 OFF
IN-STOCK BMW iX
IX M60
4
M
W
KUNI BMW
View Inventory","(728, 90)"
"NOW THROUGH MEMORIAL DAY
$1,000 OFF
ALL-ELECTRIC
IN-STOCK BMW ix
Plus, a FREE home charger station!
RO
M
KUNI BMW
View Inventory
iX M60","(300, 600)"
"SAVE UP TO
20%
*Exclusions
apply.
ETHAN ALLEN
Reno 9065 S. VIRGINIA ST.","(300, 250)"
"TO20%
SAVE UP TO
ETHAN ALLEN
Reno
9065 S. VIRGINIA ST.
*Exclusions apply","(728, 90)"
"→ Your business
may qualify for
up to $26k per
employee
Innovation
R Refunds","(300, 250)"
"$610,490
3 Bds | 2.5 ba | 1,920 sqft - Model Home For Sale
1135 Futurity St. Frederick, MD 21702
Keystone Custom Homes","(300, 250)"
"LENDER
A better way to bank.
www.campbellfetterbank.com
MEMBER
FDIC
G
Campbell &
Fetter Bank
ESTABLISHED IN 1863
TM","(728, 90)"
"YOUR ADVENTURE STARTS HERE:
DISCOVERNEWPORT.COM
DISCOVER
NEWPORT OREGON","(728, 90)"
"Q,OneRail
Evaluate Last
Mile Delivery
Technology
with GartnerⓇ
Market Guide
Download
Gartner.","(300, 250)"
"5.25%
LIMITED TIME
6-Month Certificate
Take advantage
of one of the best
rates around
before it is gone!
DESERET
FIRST
CREDIT UNION
START EARNING","(970, 250)"
"NEBRASKA
H₂O
Our Water... Our Responsibility
KEEPING
NEBRASKA
Waterways
Pollutant-Free","(728, 90)"
"NEBRASKA
H₂O
Our Water... Our Responsibility
KEEPING
NEBRASKA
Waterways
Pollutant-Free","(300, 250)"
"KANSASLAND GET YOUR RIDE Red Hot
SUMMER READY STOO OFF
TIRE AND SERVICE
24 CONVENIENT KANSAS LOCATIONS
with
our
CLICK
HERE!","(728, 90)"
"GET YOUR RIDE
SUMMER READY
our
with Red Hot
$100 OFF
SALE
FOR ALL YOUR TIRE & AUTO SERVICE NEEDS
KANSASLAND
TIRE AND SERVICE
INSTANT
$100 OFF
When you purchase any set of four tires
•Any mechanical service over $500
See store for details!
CLICK
HERE!
24 CONVENIENT KANSAS LOCATIONS","(300, 250)"
"IN A WRECK?
NEED A CHECK?Ⓡ
GET HELP NOW
R
!!!!
PATTERSON
LEGAL GROUP","(728, 90)"
"IN A WRECK?
NEED A CHECK?'
PATTERSON
LEGAL GROUP..
GET HELP NOW
WIE
INES.","(300, 250)"
"RODERT SUPER-MANN BLOUNT
FIT LIFE
Health & Wellness
EXPO
ENTER FOR A CHANCE TO WIN A
VIAGGIO DEL MAR 20C
PONTOON BOAT
PROVIDED BY
Quality
OUTDOOR
SUPERSTORE
SHREVEPORT LOUISIANA
6
KTAL","(728, 90)"
"VISIT
ACHERT
MANIN ALCUNT
FIT FOR LIFE
Health & Wellness
EXPO
JUNE 3RD
6
KTAL
ENTER FOR A CHANCE TO WIN A
VIAGGIO DEL MAR 20C
PONTOON BOAT
PROVIDED Quality
BY
OUTDOOR
SUPERSTORS
RAPORT MANA","(300, 250)"
"KTSM
LEARN MORE
PEAK
DIGITAL SERVICES
BRING YOUR
BUSINESS
TO ITS PEAK.","(300, 250)"
"MODELS Saturday
and Sunday,
OPEN! 11am-1pm
ELCOR Realty CREEKVIEW
MEADOWS
CALL
Randy Reynolds (507) 254-4029
Todd Lampman (507) 990-2260
Tamı Timbeross (507) 951-0601","(728, 90)"
"YELLOW PINE
2023
YELLOW PINE
MUSIC &
HARMONICA
FESTIVAL
AUGUST 3RD - 5TH
Yellow Pine, Idaho
IDAHO McCall
JOIN THE FUN","(300, 250)"
"FUTURE ENGINEERS
Learn MORE
WANTED
LAKE WASHINGTON INSTITUTE OF TECHNOLOGY
LWTech","(728, 90)"
"CAPITAL
FARM CREDIT
capitalfarmcredit.com
Together we're better. 877-944-5500","(300, 600)"
"Partnership that
really pays.
CAPITAL
FARM CREDIT
877-944-5500
capitalfarmcredit.com
Together we're better.","(300, 250)"
"THE FUTURE YOU STARTS HERE
HUTCHINSON
COMMUNITY COLLEGE","(728, 90)"
"BAG
DRIVE
OVER 20 DONATION BOXES
ACROSS THE WICHITA AREA
We Are Collecting New
Suitcases, Backpacks, & Duffel Bags
in a variety of sizes & colors
Susan's Kids DONATE TODAY","(300, 250)"
"Advanced
Cooling
(903) 231-9468
PAYMENTS AS LOW AS $120 A MONTH
PLUS A
10 YEAR LABOR WARRANTY
Amana
Advantage
SPECIALIST","(728, 90)"
"Spring Brides Day Out
Inland NW Bridal
WEDNI
Learn More","(728, 90)"
"TNT
QUICK SHOP
Your One Stop Lake Shop
417-282-1561
PM 17","(728, 90)"
"There's no good reason to wait.
We have new and pre-owned inventory and are
New Hampshire's largest volume Audi Dealership.
Every day. Every season.
Audi Nashua
DON'T WAIT
CLICK HERE","(300, 250)"
COME SOAR WITH US,"(728, 90)"
"A Dressy Occasion
wedding bridesmaids formal
temple. casual
Find your perfect dress today! www.adressyoccasion.com","(728, 90)"
"SWEET SALT
MODEST FASHION
FIND THE perfect
SPRING DRESS
BUY
NOW","(728, 90)"
"Paint
Your
All Paint by Numbers Kits
Faith PaintsForSaints.com
GET 20% OFF
Use Code: LDSLIVING20","(728, 90)"
"Custom laser
cutting is only
the beginning!
Cutting, routing,
bending & more.
Explore Services
SendCutSend","(160, 600)"
"2023 GRAND
DEPART T-SHIRT
TOUR DE FRANCE
PAYS BASQUE
GRAND DEPART 2023","(728, 90)"
"2023 GRAND
DEPART T-SHIRT
TOUR DE FRANCE
PAYS BASQUE
GRAND DEPART 2023","(300, 250)"
"3D
PRINTING
Upload. Quote.
Order. Ship.
mmmm
Learn More
mar
Digi-Key
ELECTRONICS","(300, 600)"
"REAL SIMPLEX *News
Make Every Day Better & SIMPLER!
Follow Now →→","(728, 90)"
"Always
Dreaming
SOLD
Better
and Gardens
REAL ESTATE
BHGRE.COM
EXPECT BETTER®
FIND A HOME >
Each Franchise is independently
owned and operated.","(300, 600)"
"Gott A
get to the
Permain Basin?
Book Now!
Affordable flights from
Denver and Houston.
Gotta
FlyHobbsX","(728, 90)"
"FOR THE LOVE OF
memorizing every song.
for the love of progress™
Use your Citi® Card to get special access to purchase tickets to
thousands of events, including presales, exclusive experiences and more.
citientertainment.com
citi
©2022 Citigroup Inc. All rights reserved.","(728, 90)"
"20
fest
MAY 20
TENNESSEE RIVERPARK
11:00AM
GATES OPEN","(300, 250)"
"RRUBENSTEIN LAW
Your Florida Law Firm™
INJURED?
1-800-FL-LEGAL","(728, 90)"
"NIPPENOSE
-Valley Village &
EMBRACE
a Vibrant life...
NIPPENOSE VALLEY VILLAGE CARES FOR YOU...
So You Can Focus On Enjoying Life!
Schedule a Tour Today! Call Virla at 570-745-2400","(300, 250)"
"DISCOVERY
DREAM HOMES
LOG & TIMBERFRAME
B
ww
Start Living Your Dream
WITH DISCOVERY DREAM HOMES
VIEW HOME
PLANS","(728, 90)"
"Take a
3D Virtual Tour
Of This Home
Timberhaven
LOG TIMBER HOMES
www.timberhavenloghomes.com","(728, 90)"
"DISCOVERY
DREAM HOMES
LOG & TIMBERFRAME
Start Living Your Dream
WITH DISCOVERY DREAM HOMES
VIEW HOME PLANS","(300, 250)"
"NEW!
S
RUSH
The full amazing story
The song The amal The conceptul
W
137
Beden
ON SALE
NOW","(970, 250)"
"CAVE HILL
CEMETERY HERITAGE FOUNDATION
175 years of excellence
CALL TO SCHEDULE
YOUR APPOINTMENT TODAY
502.451.5630
wwwww","(300, 250)"
"502-451-8802
HIGHLAND
BASEMENT WATERPROOFING
Locally owned and
operated.
Lifetime warranty.","(300, 250)"
"MOROSO
GM IS &LT
Billet Aluminum Valve Covers
LEARN/SHOP HERE","(300, 250)"
"Join us for an
evening with
Lidia Bastianich
NORTHAMPTON COMMUNITY COLLEGE
FOOD & WINE
GALA
Friday June 2, 2023
NORTHAMPTON
COMMUNITY COLLEGE
Foundation
Buy tickets at nccgala.org","(300, 600)"
"An evening with Lidia Bastianich
June 2, 2023. nccgala.org
FOOD & WINE
GALA","(320, 50)"
"ANG REMS
THE HIGHLANDS
A GRACE MGMT COMMUNITY
Spring into a
New Beginning
at The Highlands
Offering spring savings
in The Maine Lodge!
Learn More","(300, 250)"
"First
THE CROSSING
in Europe - Indian Haute (Fine Dining) Cuisine","(300, 600)"
"HOME I
CLICK T
ENTER!
OVEMENT
$5.000 SweePSTAKES
GIVEAWAY
For a chance to win either
a $5,000 National Home Improvement Giveaway
OR a $750 Leaf Rejector Protection
Gift Certificate. Exclusions Apply.
SPONSORED BY
SIDING
AWDCOMSI.
The Free Press
MEDIA","(300, 250)"
"DIGITAL PAYMENTS
[PayTM, Axis Pay, etc )
accepted at all our Locations
KERALA
Alappuzha, Kazhakootam,
Kozhikode
Garuda Vega
WWW.GARUDAVEGA.COM","(300, 250)"
"m4marry.com
Where families find each other
Call: 7594812340 Missed Call: 7859874999","(300, 250)"
"G
Same faculty, same
degree,
same Penn State - all while you serve
Request Info
2
Penn State
World Campus","(970, 90)"
"BARRON'S
Save. Plan.
Invest.
Subscribe with Google","(300, 250)"
"Support Hillsdale College
Join the Liberty & Learning Society today!
LEARN MORE","(728, 90)"
"GET
FREE GOLD
WHEN YOU OPEN A
GOLD IRA
D STATES OF AMERIC
UNITGL
WATE
GET FREE GOLD >>>
APM
G","(300, 250)"
"GET
FREE GOLD
WHEN YOU OPEN A
GOLD IRA
UNITOL
AVES
OF
WATE
GET FREE GOLD >>>
AMELIC
APM
G","(300, 250)"
"The Maui News
YOUR TRUSTED NEWS
for Maui.
Subscribe Today","(300, 250)"
"20
PGA
DAK HILL
23
G
FOLLOW
THE
ACTION
Visit Site
9:41
2023 PGA
Championship
Leaderboard
Leaderboard
Starting Times
13
MC","(300, 250)"
"INTERNET
STARTING AT
$25/mo
ALL-IN!
2-YEAR PRICE LOCK!
Astound
Broadband
Powered by RCN
*See website for detalls.","(300, 600)"
"STAND
UP FEST
.THE SERIES.
Springst
Ticket Available at:
site.medcom.id/standupfestseries","(970, 90)"
"FIESTA
READY
TO GO
ORIGINAL
BARU!
2010
FIESTA
READY
TO GO
HIGH
SESINAL
FIESTA
READY
TO GO
FIESTA READY-TO-GO
SOSIS SIAP SANTAP
JUICY BANGET
GAK PAKE RIBET
(35)
HALAL","(300, 250)"
"IBTimes
IBT Fast Start
Let the best of
International News
come to you.
SIGN UP NOW","(300, 250)"
"Messenger
YOUR TRUSTED NEWS
for Fort Dodge.
Subscribe Today","(300, 250)"
"Hit The
Peak
DISCOVER MORE
S
✔
Peak
NEMACOLI
NEMACOLIN
SINCE 1987","(970, 250)"
"A The Art Of
CUSTOM FRAMING
CUSTOM FRAMING FINE ART | PRINTING
DESIGN MEMORABILIA
FRAMINGART.NET 3863 ROCHESTER RD. TROY, MI 48083 248-435-3726","(728, 90)"
"MOVEMENT
SKRILLEX. UNDERWORLD
BASEMENT JAXX (DJ SET)
.
.
THREE 6 MAFIA - CARIBOU
MOODYMANN - KASH DOLL
BONOBO (DJ SET). DJ MINX
CYBOTRON TSHA + MANY MORE!
MAY 27-29 HART PLAZA DETROIT
GET TICKETS AT MOVEMENTFESTIVAL.COM","(300, 250)"
"Get your
weather
on the go.
Download the free
MetService NZ Weather App
Get the app
STAY HEALTHY","(300, 600)"
"NORDIC
NATURALS
ULTIMATE
omega
a heart, bien
#1 Fish Oil & Algae Oil Brand in the U.S.
Get the Ultimate Omega-3
Shop Now","(728, 90)"
"mindfulness
programs at Brown
Explore short 8-week programs designed to
cultivate your mindfulness skills and competencies.
Learn
more!
K","(728, 90)"
"M
HEINZ C. PRECHTER BIPOLAR
RESEARCH PROGRAM
MICHIGAN MEDICINE
This month, our Mindful Practice Podcasts
are brought to you in part by the Heinz C.
Prechter Bipolar Research Program
at the University of Michigan. Be a
source of hope for bipolar disorder, visit
prechterprogram.org
LEARN MORE","(300, 250)"
"POINT-PALISADES
WW
www
Discover great specials on your new
apartment home by visiting our website","(728, 90)"
"Funisgood
IT'S WHAT WE DO
TICKETS ON
SALE NOW!
T PAUL
Sairita
651.644.6659
saintsbaseball.com","(300, 600)"
"TICKETS NOW
HØSTFEST ON SALE!
NORSK
TOWN & COUNTRY
CREDIT UNION
JOIN US SEPTEMBER 27 - 30 IN MINOT, ND
PRESENTED BY
• MILLION DOLLAR QUARTET
• DANIEL O'DONNELL. THE OAK RIDGE BOYS
• TERRY FATOR. DAUGHTRY BROTHERS OSBORNE
BUY TICKETS","(728, 90)"
"JOIN US THIS SEASON!
FOX HILLS
GH Curso
WATFORD (TIT ND
BOOK YOUR
THE TIME
ONLINE!
CLICK HERE FOR MORE INFO!
18 Holes
Par 72","(728, 90)"
"A weekly newsletter of
POSITIVE STORIES about our state's
most beautiful and delicious.
Lo able
Michigan
m
LIVE
SIGN
UP","(300, 250)"
"Stories we
to share
fy ✔ MLive MIBest
# I Tried MIBest
MICHIGAN'S BEST
This Is MIBest.com
m MLive.com/Michigans Best","(300, 250)"
"MOBILE HOME
PARK FUND
Learn More","(300, 250)"
"Put some
love in your
community!
Love Our Community Checking
Learn more!
mocse
CREDIT UNION
Federally insured by the NCUA","(728, 90)"
"COST LESS
FOR
FOOD COMPANY
Groceries at EVERY DAY LOW PRICES
Including Meat & Produce
SAVE EVEN MORE With This Week's Specials!
Click Here to View Our Ad
8 Locations to Serve You","(728, 90)"
"CIGIES ▷
SKYLINES
ELDA
MAY 18-22
FREE TO PLAY
PLAY NOW
LIMITED TIME ON
STEAM","(970, 250)"
Get business finance from,"(728, 90)"
"MONTANA
FOLK
FESTIVAL
JULY 14-16, 2023
BUTTE, MONTANA
SEE THE PERFORMERS","(728, 90)"
"ΜΟΝΤΑΝΑ
FOLK
FESTIVAL
JULY 14-16, 2023
BUTTE, MONTANA
SEE THE PERFORMERS","(300, 250)"
"New Items
2023
Jungseed.com
From Our Garden to Yours SHOP NOW!","(728, 90)"
"Backyard
Beekeeping
Your Best Source for Beekeeping Information
Honey, pollination, education, and more!","(728, 90)"
"th
45
SINCE 1978
V58N
GN
GIVI
ANA
GIVI
M
givimoto.com fo
Lank
AADIGA
V58NN
MAXIA
FIVE","(300, 600)"
"ARROW
STORAGE PRODUCTS
Shelter from
any storm.
SHOP NOW","(728, 90)"
"INDIE SHORTS AWARDS
CANNES
Click to Submit on
FilmFreeway
TOP 15
MOST POPULAR
FILM FESTIVAL","(728, 90)"
"FilmFreeway
Discover the world's
best film festivals
APLIC","(300, 250)"
"Songtradr
Claim unlicensed
use of your catalog
SmartSync
BY SONGTRADR","(300, 250)"
"S
+
Revelator
Built to power
labels & distributors
O
Join us
+
O","(300, 250)"
"V VIBERATE
Music Data
Analytics
$9.90
/month
TRY IT FREE","(300, 250)"
"POINT BLANK
ONLINE MUSIC PRODUCTION DEGREES
Fully Funded
Courses
Click for courses","(970, 250)"
"Realizing Our Potential as
Psych NPs When Treating the
Adult Schizophrenia Community
PRESENTED BY:
Jonathan Llamas
DNP, PMHNP-BC
Listen now
Janssen Neuroscience
www.feben-febrven","(300, 250)"
"LAKE D'ARBONNE
K&M SPORTSMAN'S
ONE-STOP SHOP!
Coffee, C÷rks, & Camo
FARMERVILLE, LA
1012 S MAIN ST","(728, 90)"
"K&M
Coffee, C÷rks, & Camo
FARMERVILLE, LA
LAKE D'ARBONNE SPORTSMAN'S
ONE-STOP SHOP!
K&M
Cirks &
1012 S MAIN ST.
MAIN ST","(300, 250)"
"VIVAIA
01
""Walk With Ease,
No Tired Or Pain""
SHOP NOW >","(300, 250)"
"Lokeys
BODY SHOP
2800 CLIMER CIR, AMARILLO, TX 79124
806-352-8399
FAMILY OWNED. QUALITY WORK. GREAT SERVICE.","(728, 90)"
"LOCAL No spin. No agenda. No bias.
NEWS
The Truth","(728, 90)"
"Lokeys
BODY SHOP
FAMILY OWNED. QUALITY WORK. GREAT SERVICE.
806-352-8399
2800 CLIMER CIR, AMARILLO, TX 79124","(300, 250)"
"okey
keyp
BODY SHOP
FAMILY OWNED. QUALITY WORK. GREAT SERVICE.
806-352-8399
2800 CLIMER CIR, AMARILLO, TX 79124","(300, 600)"
"2022 SILVERADO 1500
FOR WELL-QUALIFIED BUYERS
TRUCK
SEASON 0% APR
la
Must finance with GM Financial.
Some customers may not
qualify. Length of contract
limited. Not available with lease
and some other offers. Take
new retail delivery by 4/3/23.
CHEVROLET
Learn More","(728, 90)"
"iD
(İD) iD Tech
|
For ages
7-18
Coding, Game Dev,
Robotics, Creative
FIND A COURSE","(728, 90)"
"PREDATOR
miss nothing
17","(728, 90)"
"CHRISTOPHER_RUFO
WINNING BATTLES
AGAINST WOKENESS.
Now exclusively on Substack.
SUBSCRIBE","(970, 250)"
"Never Draft a
Demand Again.
Learn More
Even Up","(728, 90)"
"Get a high-quality
Penn State education
while you serve
PennState
World Campus
Request Info","(970, 250)"
"FIND YOUR DESIGN
dh
DON'S HOME
FURNITURE
BROWSE AMISH DESIGNS
& MORE
Todd Drive and the Beltline
MADISON, WI
www.donshomefurniture.com
MADISON
2022
GOLD
Madison
BEST OF","(300, 600)"
"FIND YOUR
DESIGN
2008
dh
DON'S HOME
FURNITURE
BROWSE AMISH DESIGNS & MORE
Todd Drive and the Beltline
MADISON, WI
www.donshomefurniture.com
2022
GOLD
Madison","(728, 90)"
"Everything you need for
NFM SUMMER FUN
Start Shopping","(970, 250)"
"T
Franciscan
School of Theology
at the UNIVERSITY
OF SAN DIEGO
Master of Theological Studies - Franciscan Theology
3
Fully
Accredited Start times
24
months
36
Credits
100%
Online
Learn
More","(728, 90)"
"GET 6
FREE
ISSUES
""If I want to take my time and
really savor the stories,""
NATIONAL CATHOLIC
REGISTER","(728, 90)"
"Spiritually, What's Next?
Climb Higher...
Go Deeper...
Discerning Hearts
Catholic Podcasts","(300, 250)"
"It's the Newspaper
I Read Faithfully
POLITICS FEATURES
BUSINESS EDUCATION
NATIONAL CATHOLIC
REGISTER
GET 6 ISSUES FREE","(300, 250)"
"From Hello
to Help,
211 is Here
2.1.1
Get Connected. Get Help.""
PE
ANNE","(300, 250)"
"● Association d
Health Care,
NEVADA
Reed's Worm Care
Center for
isted
Living
Nevada seniors deserve
access to long term care.
Learn More >","(300, 250)"
"THE SPIRIT
of NEVADA
ⒸJT HUMPHREY
American Wild HorseCampaign.org
PAID FOR BY THE AMERICAN WILD HORSE CAMPAIGN
A","(970, 250)"
"NEVADA
Assisted
Nevada seniors deserve access
to long term care.
Get the facts >","(728, 90)"
"PRECISION.
Customized Cataract Surgery. Lasik Surgery
opi
Ophthalmic
Physicians
Incorporated
CLICK HERE >>","(300, 250)"
"JEETKAM
GET 250%
WELCOME BONUS!
IⓇ
PLAY NOW!
PARI
MATCH
This game involves an element of financial risk and
may be addictive. Please play responsibly and at your own risk.","(300, 250)"
"PARI
MATCH
GET 250% WELCOME BONUS!
This game involves on terment of fresca rex and ray be active. Pecs play reasonable and at your own risk
PLAY NOW!","(320, 50)"
"PADDY
GOWER
HAS ISSUES
D
VERE
STARTS WED 7.30PM
+HR=E
+HR-E now","(970, 250)"
"REMI School of Real Estate
Digital Learning Centers
1st And Best
Online Real
Estate School
In Hawaii
Renew Your CE
With REMI School
REGISTER NOW","(300, 250)"
"cons KOWN
Thank You For Voting For Us!
117 E. High St. (573) 635-2712
●","(728, 90)"
"READERS'
CHOICE
WINNER
2023
#1 REALTOR®
Thank You!
B
BETH MCGEORGE
TEAM
RE/MAX
JEFFERSON CITY
BethMcGeorge.com
573-761-3489
Ⓒf","(300, 250)"
"Thank You
FOR VOTING US YOUR
#1 TANNING SALON!
READERS
CHOICE
WINNER
201
TAN CLUB
CT
DESIGNER SKIN swedish beauty CALIFORNIA TAN
3279
Australian
Cold","(300, 250)"
"$52 MILLION
Truck Wreck | Wrongful Death
GLASHEEN, VALLES
INDERMAN, LLP
INJURY LAWYERS
NewsWest
Beator THE
BASIN
2
GVILAW.COM
TALK TO AN ATTORNEY NOW
Results depend on the facts of each case","(300, 250)"
"NEW YORK
JETS
SINGLE GAME TICKETS
ON SALE NOW
BUY NOW
Jets prefer
VISA
ticketmaster","(728, 90)"
"HCLTech
Supercharging
Progress™
Learn more","(728, 90)"
"ELEBRATIONS
Catering
EMPLOYEE APPRECIATION
OFFICE LUNCHEONS
TEAM BUILDING
more information","(728, 90)"
"ELEBRATIONS
Catering
EMPLOYEE APPRECIATION
OFFICE LUNCHEONS
• TEAM BUILDING
How Hampshi
BEST
NH
2403
more information","(300, 250)"
"PALACE
THEATRE
St. Mary's Bank
2002-2003
PERFORMING AT SER
JOSEPH
JUNE 225, 2023
BUY TICKETS
and the Amazing Technicolor Dreamcoat PALACETHEATRE.ORG | 603.668.5588","(728, 90)"
"NEAR
NIVERSARY
NH PBS
50TH ANNUAL
SPRING
AUCTION
YOUR GOLDEN
OPPORTUNITY
May 8 - June 12
nhpbs.org/auction","(300, 600)"
"NEW HAMPSHIRE
STATE
PARKS
Jobs with a
new point of view
Apply today
OPEN POSITIONS","(300, 250)"
"ROAD SCHOLAR
Educational
Travel Adventures
for Adults 50+
EXPLORE NOW","(300, 250)"
"Harmony
A new playing
experience awaits
Learn More","(300, 250)"
"Heritage
Guitar Inc.
THE FINEST
AMERICAN-MADE
GUITARS
LEARN MORE","(300, 600)"
"SCHON AB
251 € IM MONAT.
JETZT BEI IHREM
AUTOHAUS BOBRINK.
MEHR DAZU
MINI","(300, 250)"
"35TH ANNIVERS
CLINTON COUNTY
Speedway
MILLHALL-PR
www.clintoncountyspeedway.com
WHERE ACTION IS THE ATTRACTION
ON FRIDAY NIGHTS!
JUST $12/ KIDS FREE (12 & under with a paid adult)","(970, 90)"
"Blaise
Savings Your Mom Will Love! Alexander","(970, 90)"
"Life changing is...
the small things
UPMC
LIFE CHANGING MEDICINE
Learn More >
Tex
UPIC","(300, 250)"
"THE 6TH NTD INTERNATIONAL
FIGURE PAINTING COMPETITION
Reviving the pure authenticity, beauty,
and goodness in art
Call for Global Entries
Deadline: 6/15/2023","(300, 250)"
"5 STAPLES TO GET MORE LEADS
1
2
3
4 PROGRAMMATIC ADVERTISEMENTS
5 AN AUTOMATED CRM SYSTEM
A FULLY OPTIMIZED WEBSITE
GOOGLE ADS & LOCAL SERVICE ADS
SOCIAL MEDIA ADS
LET US DO
THE WORK!
479-202-9903
www.customerswhostick.com
Flypaper","(300, 250)"
"G
Meet the newest
Pixel devices
Learn more Devices sold separately.
wwwwwww","(970, 250)"
"Look Who's Back!!!
3 Fan Favorites are Back in Stock.
A
Pemin
NE
Pomic
Fote
SHOP NOW","(320, 50)"
"ALEXEI RATMANSKY'S THE
GISELLE
WEST COAST PREMIERE
UNITED
UKRAINIAN
BALLET
JUNE 29-JULY 2
SEGERSTROM HALL
Buy tickets","(320, 50)"
"THE
UNITED
UKRAINIAN
BALLET
PET
ALEXEI RATMANSKY'S
GISELLE
WEST COAST PREMIERE
JUNE 29 - JULY 2
SEGERSTROM HALL
scfta.org","(300, 250)"
"Fates. G-FORCE
FIND OUT MORE
3X RELIABILITY
3X
PERFORMANCE
3X G-FORCE™
CATAN
Horosty
apres
TATA
PROCESE
NEZATE","(728, 90)"
"EKU
ONLINE
Learn More
Take Your Career to New Levels
100% Online Criminal Justice Degrees
Free Textbooks | Flexible Schedule | Accelerated 8-Week Terms","(728, 90)"
"Redefining the Value of Digital Evidence
in Creating Actionable Intelligence
By Larry Wolter
Senior Product Marketing
Manager, Cellebrite
Read More","(970, 90)"
"Hefty
STAY
ONE STEP
AHEAD
OF STINKY
Hefty
A STROME
Mason
Y","(160, 600)"
"(K)
KENSINGTON
TOURS
River Cruising, Reinvented
Learn More","(728, 90)"
"$349⁹⁹
$319⁹⁹
Shop now
00
elvie
stride plus","(160, 600)"
"Hard-to-find products, direct from the FROM THE EDITORS OF
makers: •Kitchen & bath furniture OLDHOUSE
JOURNAL
.tile lighting & hardware • walls
• textiles • construction products
ORDER NOW!
OLD-HOUSE JOURNAL
renovation
LOOKBOOK
INSIDE
Inspired desion","(728, 90)"
"Go Beyond with CryptoniteNXT
Tired of
Enforce Security
Request a Free Demo Now >
Monitoring?
CRYPTONITE NXT","(300, 250)"
"FREE CONVERT
PDF TO WORD
JPG
FREE CONVERT
PDF TO JPG
JPG
TO
FREE CONVERT
JPG TO PDF
FREE CONVERT
PNG TO PDF","(970, 90)"
"THE WATER
NO
TRIPER CUP","(300, 250)"
"Start
3 simple steps
1. Click on ""Start""
2. Activate your account
3. Access your content
Movies Series Sports Fitness
find it on alldigimedia.com","(300, 250)"
"Two-month ramp
closure:
northbound
OR 99W onto
OR 217 north
Starts May 31
of Transportation
Oregon
Department
OR 217
AUXILIARY LANES","(300, 250)"
"Barks
City
WHERE YOU & YOUR DOG PAWTY!
INFO AND TICKETS-BARKSINTHECITY.COM
Barks
City","(320, 50)"
"PICK UP WEEK
CARBEL JAPÃO
NISSAN CARBEL JAPÃO
DE 15 A 20 DE MAIO SAIBA MAIS
FRONTIER
CROEN","(970, 250)"
"MILLWOOD
NOW
accepting
new members
417.889.4200
millwoodgolf.com","(728, 90)"
"MILLWOOD
NOW
accepting
new members
417.889.4200
millwoodgolf.com","(300, 250)"
"G PACKERS
PRO SHOP
20% OFFSEN BAY
a $100 purchase*
PACKERS
SHOP NOW","(728, 90)"
"THE PACKERS SCHEDULE IS HERE.
SCHEDULE SCORE TICKETS AT TICKETMASTER. t G Buy Tickets
RELEASE Buy or sell tickets at the Official Marketplace of the NFL.
'23","(728, 90)"
"Hv
GLACIER, YELLOWSTONE
&GRAND TETONS
Join Tom Williams
click to SAVE $100 per person","(728, 90)"
"GLACIER,
YELLOWSTONE
& GRAND
TETONS
click to
Join Tom Williams
SAVE $100 HV August 17-26, 2023
per person","(300, 250)"
"R
Zen Pool + Bar is the
place to meet. Indulge
with friends in a modern
cabana or relax under
the sun in a poolside
lounger. Either way, the
summer is yours to
enjoy.
LEARN MORE
MAKE A SPLASH","(300, 600)"
"R
MAKE A SPLASH
Zen Pool + Bar is the place to meet. Indulge with friends in a
modern cabana or relax under the sun in a poolside lounger.
Either way, the summer is yours to enjoy.
LEARN MORE","(970, 250)"
"GET THE PAPER
★WEEKLY★
NEWSLETTER
SIGN UP HERE","(970, 250)"
"Anxious Parents, Anxious Kids:
Parenting Advice From
the 'World's Worst Mom'
With author Lenore Skenazy
SIGN UP ►
FREE EVENT
JUNE 6
Parent Ed
Talks","(300, 250)"
"Major savings, major
style, & free candy
(I can't help myself!)
BOB'S FURNITURE
MYBOBS.COM
Official Furniture Store of the New England Patriots","(728, 90)"
"AUTOMATED SECURITY PATCHING.
NO HOLES, NO RANSOM. Seal it up","(728, 90)"
"THE PATRIOTS SCHEDULE IS HERE.
SCHEDULE SCORE TICKETS AT TICKETMASTER. t
RELEASE
23
Buy or sell tickets at the Official Marketplace of the NFL.
Buy Tickets","(728, 90)"
"THE
Shampo
OFF
PEDESTRIAN
AND
The BETOOTA ADVOCATE
ROUND UP THE
BIGGEST
ENTERTAINMENT
YARNS OF THE WEEK
SUBSCRIBE","(160, 600)"
THE OUOFF,"(728, 90)"
"TOYOTA
Let's Go Places
Shepard Toyota
Your hometown connection to Toyota
19
VIEW INVENTORY
US Route 1 - Thomaston - 594-8424","(300, 250)"
"1891
MAINE
Town of
ROCKPORT
BID
OFFICIAL
Property located at 280 Rockland St., Rockport ME
BID's due and opened by June 5th at 1pm to
Rockport Town Office or email to
amcgowan@rockportmaine.gov
with subject line 280 Rockland BID.
TOWN","(300, 250)"
"See What's Cooking
Food &
Dining
Filled with tasty trends, tips
from local foodies, restaurant
reviews, recipes, and more!
PENN LIVE PA Patriot-News","(300, 250)"
"Pinny Arcade
INCLING GET
Splatoon
MAKE A SPLASH
00
NEW OCTOLING & INKLING PIN SETS
AVAILABLE NOW AT STORE.PENNY-ARCADE.COM
TM & © 2023 Nintendo.","(970, 250)"
"Splatcon
Pinny Arcade
OCTING SET
Pinny Arcade
INST
MAKE A SPLASH
NEW OCTOLING & INKLING PIN SETS
AVAILABLE NOW AT STORE.PENNY-ARCADE.COM
TM & © 2023 Nintendo.","(300, 600)"
"OLT
COMBAT ELITE
STILL
MAKING
HISTORY.","(728, 90)"
"Arthur
Arthur Shield:
The First Firewall
for LLMs
LEARN MORE","(160, 600)"
"POWERED BY
Petivity XPURINA
Give Your Cat a Voice
Learn More","(300, 250)"
"GEAR UP FOR THE
2023 PGA CHAMPIONSHIP
20
PGA","(970, 90)"
"Download the
PostgreSQL
editor with the
highest user
satisfaction*
for free.
/* FULL POSTGRESQL SUPPORT */
/* QUICK & EASY INSTALLATION */
/* OVER 5 MILLION DOWNLOADS */
*Rated 1st place on G2.com (4.6/5)
DbVisualizer","(300, 600)"
"FANDUEL
BET FROM THE
POCKET
BET
NOW
IN PARTNERSHIP WITH VALLEY FORGE
CAUNDREKOR
21+ and present in PA.
Gambling Problem?
Call 1-800-GAMBLER.","(728, 90)"
"Our roots run deep. Keystone First
Coverage by Vista Health Plan, an independent licensee of the Blue Cross and Blue Shield Association.
www.keystonefirstpa.com","(728, 90)"
"Our roots
run deep.
www.keystonefirstpa.com
Ong
me of the Word and Mc
Bars in
Over 35 years
serving neighbors,
friends, and family.
Keystone First","(300, 250)"
"If you or
someone you
know is in
immediate
crisis, call 988.
988
SUICIDE & CRISIS
LIFELINE
City of Philadelphia
DBHIDS
DEPARTMENT REHAVIORAL HEALTH
and INTELLECTUAL ABILITY SERVICES","(300, 250)"
"Facing eviction or foreclosure?
nfcc We can help.","(300, 250)"
"Death leaves a heartache
no one can heal,
Love leaves a memory
no one can steal.
CLICK HERE to leave a lasting
message of sympathy for
someone on PhillyTrib.com's
obituary section.","(300, 250)"
"P&I CONFERENCES
The Evolution of OCIO Virtual Series
November 2-4, 2021
REGISTER NOW","(728, 90)"
"INTERESTED IN
SUSTAINABLE INVESTING?
FIND THE LEADERS IN
SUSTAINABLE FIXED INCOME
Learn more
In Partnership with
Pensions Investments
GLOBALFUND
SEARCH","(300, 250)"
"CLOSERS
With
BEST-EVER
Benefits!
27
+90 MAXLV. JUMPING &
NEW Character Pre-Creation!
PLAY NOW","(300, 250)"
"*PokerAtlas $1,000,000+
TOUR MAY 18-30
TEXAS CARD HOUSE
-HOUSTON-","(320, 50)"
"LEXIPOL
POLICY MANAGEMENT MADE SIMPLE
LEGISLATIVE MONITORING, UPDATES & MOBILE APP","(728, 90)"
"PATIO PAGES
The Mercury's Guide to Outdoor Dining","(970, 250)"
"Aging
Edge
A RESOURCE FOR
OLDER ADULTS","(300, 250)"
"G
CITY OF
GLENWOOD
SPRINGS
WATER/WASTE WATER
The 2023
City of Glenwood Springs Consumer Confidence Report
for the City's drinking water is available.
Click Here","(300, 250)"
"45% of Airbnb Hosts in
Colorado say hosting helped
them afford to stay in their
Learn more
Source: Self-reported via survey to Hosts
@","(970, 250)"
"Connecting Top Talent with
the Best Opportunities
EXPLORE >
POWER
CAREER CENTER","(970, 250)"
"CREATIVE
SHARP EDGES
SIMPLE
envatoelements
THE BEST POWERPOINT TEMPLATES
PITCH DECKS
BUSINESS
SLIDEWERK
START NOW
Brainstorm
EDUCATION
MEDICAL
MULTI-
PURPOSE","(970, 250)"
"PREACHINGtoday
Holy Bible
Fresh Ideas for Your
Father's Day Sermon
Explore >>","(728, 90)"
"Cruise U.S. Rivers GET $100 LEARN
MORE
Travel WITH AMERICAN QUEEN VOYAGES
1-877-898-5791
Onboard Credit
per person, and more! CST 1016202-80","(320, 50)"
"TECE ADDU
DAMAC
Jagoons
LEARN MORE","(300, 250)"
"Improving patient lives
MI life sciences is not what we do,
knowledge that matters
it is who we are.
Explore more","(728, 90)"
"Case-Based
Psych Perspectives
Psychiatric Times
Don't miss out!
Narcolepsy Management
and Treatment
Check out latest episodes","(300, 250)"
"ACERA
HEALTH
A
Mental Health
Treatment
Inpatient & Outpatient
Major Insurance Accepted
Learn More","(300, 250)"
"We Are
One
Outside
AMELIAS
Window
Ruby and
Lonely
Willen
ad Bunny
cond
MARKER
e
THE
UNSTOPPABLE
JAMIE
A Great
Big World
For All
two lions
amazon publishing","(728, 90)"
"A Great
Big World
For All
We Are
One
Willen
and Bunny
MARKER
Two lions
Ruby and
Lonely
UNSTOPPABLE
JAMIE
Ostide
AMELIAN
Wide
amazon publishing","(160, 600)"
"SERAPHIM
INNOVATION
INSPIRES THE LIMITLESS","(300, 250)"
"DASOLAR
A Leader of
N-type PV Technology","(300, 250)"
"Take the effort out of indulgence
Firen ICE
Fire-Roasted IQF Vegetables
Let's Talk!
Van Drunen Farms","(300, 250)"
"STAND THE EFF OUT
DO IT","(728, 90)"
"RADIOWORLD Get the latest news, product reviews, and
insights you need to keep informed
engineering extra
about the evolving radio industry.
SUBSCRIBE TODAY!","(728, 90)"
"PREPLAN
S Sanders
Frederick L. Sanders, Supervisor
Funeral Home and
Cremation Service, Inc. 610-372-1624 | www.sandersfuneral.com","(320, 50)"
"CLICK HERE
Join Our Newsletters
RealClear Politics","(300, 250)"
"PROPⓇ
GRV MEDIA-
WANT TO BOOST
YOUR AD REVENUE?
FIND OUT MORE","(300, 250)"
"BCM
GUNFIGHTERS
SOME COMPANIES HAVE SHOOTING TEAMS
LEARN MORE >","(300, 250)"
"OLT
STILL
MAKING
HISTORY.
COMBAT ELITE","(300, 250)"
"PULSAR
THERMION DUO
Thermal Night Vison Riflescope
DISCOVER MORE
THERMAL","(300, 250)"
"CLO
RECORD EAGLE
SENIOR SHOUT OUT
HONOR AND CELEBRATE YOUR SENIOR IN
THIS KEEPSAKE PUBLICATION!
SUBMIT YOUR
GRADUATE NOW!","(300, 250)"
"RECORD EAGLE
2023 SENIOR SHOUT OUT
SUBMIT YOUR GRADUATE NOW!","(970, 90)"
"Paradise City Arts Festival
220 JURIED ARTISTS & MAKERS
GREAT FOOD, MUSIC & MORE!
MAY 27, 28 & 29
3 COUNTY FAIRGROUNDS | NORTHAMPTON, MA
INFO-TICKETS-DISCOUNT COUPON","(300, 250)"
"PARKLAND
FUNERAL HOME
(BLACKFALDS, ECKVILLE & RED DEER)
RED DEER'S ONLY LOCALLY OWNED AND OPERATED FUNERAL HOME AND CREMATORIUM
Our pledge is to honour you, your loved one's
and your family with dignity, respect, and
personal attention to every detail.
www.parklandfuneralhome.com","(970, 90)"
"The best of
Redmine
Most wanted plugins
Server, cloud, integrations
With Rails 6
TRY IT FREE
easyredmine.com","(728, 90)"
"University
of Dayton
WE
ARE
UD
Discover the
Power of →
Community","(300, 250)"
"INTRODUCING
Faster. Brighter.
BOHA! TERMINAL 2 Sharper. Smarter.
See it at NRA
& IDDBA","(970, 90)"
"BREW A BATCH
OF COLD BREW
IN MINUTES!
ANCH
BUNN","(300, 250)"
"The Daily
Docket
A newsletter by
Westlaw Today
POWERED BY REUTERS
A smart look at the day's most
important headlines from the courts,
law firms, and practitioners.
Subscribe now >
E
THOMSON REUTERS","(970, 250)"
"0
aramco
powered by how
Discover how","(728, 90)"
"how
can you help shape the world's energy future
and accelerate your career?
IMIRME
aramco
powered by how
Discover how","(300, 250)"
"aramco
powered by how
how
can you engineer
the future of energy,
and have time for family?
Discover how","(300, 600)"
"aramco
powered by how
Discover how","(970, 90)"
"IT'S TIME TO
GET GNARLY!
KIM","(320, 50)"
"1609
BAR & RESTAURANT
Dining with a Latin Twist!","(300, 250)"
"Lucid
The only
visual
collaboration
platform that
covers your
entire
workflow","(160, 600)"
"EcoOnline
UNLOCK THE FULL POTENTIAL
OF BEHAVIORAL-BASED SAFETY
OBSERVATIONS
TUESDAY, JUNE 6, 2023 1PM ET
REGISTER NOW
◆safeopedia
WEBINAR
FREE","(728, 90)"
"EcoOnline
UNLOCK THE
FULL POTENTIAL OF
BEHAVIORAL-BASED
WEBINAR
FREE
SAFETY OBSERVATIONS
TUESDAY, JUNE 6, 2023 1PM ET
REGISTER NOW
safeopedia","(300, 600)"
"000
www.
We are here for you.
O'DONNELL
CREMATIONS I FUNERALS I CELEBRATIONS
odonnellfuneralservice.com
SALEM I DANVERS","(300, 250)"
"LESTER J. BROWN
ANTIQUE
TRUCK
SHOW
NORTH CAROLINA
TRANSPORTATION
MUSEUM
MAY 20, 2023
NCTransportation Museum.org","(300, 250)"
"Advanced TMS Treating Depression
CLINIC, INC.
at its Source
NeuroStar
Advanced Therapy","(728, 90)"
"HR that adapts to
new possibilities
Insperity
LEARN MORE
BA","(970, 250)"
"Sanfoundry Certification
Arts
Maths
Science
Language
Free! Get started now!","(300, 250)"
"INDULGE YOUR HOUSE WITH
THE TREATMENT SHE DESERVES.
Tesugue
ATLERCE
GET A QUOTE","(300, 250)"
"P
Parkinson's
Foundation
dive
Moving Day Santa Fe
A Walk for Parkinson's
In honor of Rob Barteletti
Saturday, May 20
The Montecito. 500 Rodeo Rd.
Registration Begins: 9:30 am | Walk starts: 11:00
Parkinson's
Foundation
Southwest","(300, 600)"
"PANCAKES
THE PLAZ
July 4, 2023
Purchase Tickets or
Volunteer Now!","(300, 250)"
"3D
PRINTING
Upload.
Quote.
Order.
Ship.
Digi-Key
ELECTRONICS
Learn More","(160, 600)"
"invest529
Save $50,
Get $50
MIN
50
MACHIN
50
the
Hi
50
t
Juri
Learn more
529
2013","(300, 600)"
"invest™
529
529
DAY
→
2023
Save $50,
Get $50
50
50
B
501
Learn
more","(728, 90)"
"On track or off,
we've got you
covered
HAGERTY
Insurance
Quote now","(728, 90)"
"TRUTH, TRUST
AND HOPE
Nobel Prize Summit
May 24-26, 2023
nobelpríze.org/summit","(300, 600)"
"RSA Conference 2023
CyberRisk
erRisk SC MEDIA Security Weekly
Watch exclusive interviews
from Broadcast Alley
WATCH NOW","(728, 90)"
"RSA Conference 2023
Cyber Risk
SC MEDIA Security Weekly
ALLIANCE
Watch exclusive interviews
from Broadcast Alley.
WATCH NOW","(300, 250)"
"هيئـة الأفـــــــــلام
Film Commission
Kingdom of Saudi Arabia
film.sa
SHOOT YOUR NEXT FILM IN SAUDI ARABIA
THE KINGDOM OF OPPORTUNITIES","(300, 250)"
"U TU
150
IT compliance is
a moving target.
Stay on top of every
framework with ease.
150
AUDITBOARD
Learn More","(300, 250)"
"M Introducing the Forge, the first heated ice press of its kind.
MONOGRAM
DISCOVER MORE","(728, 90)"
"M
MONOGRAM
LUR AFFIL
Introducing the Forge,
the first heated ice press
of its kind.
DISCOVER MORE","(300, 250)"
"He Gets Us
INSPIRE YOUR
CHURCH TO
SURPRISING
REMARKABLE,
UNCOMMON LOVE.
LEARN MORE","(300, 600)"
"AT HOME...
Hear
SEVEN DAYS
read
aloud","(300, 250)"
"Do you play
word games?
Try your luck at:
DAYSLE
from SEVEN DAYS","(300, 250)"
"SAN FRANCISCO
DOCUMENTARY
FESTIVAL
JUNE 1-11
SFINDIE.COM
WE
NEFEST","(300, 250)"
"LOVE +
PROPA
GANDA
THE MUSIC YOU LOVE
EVERY FRIDAY NIGHT","(300, 250)"
"San Francisco Celebrates
Asian American &
Pacific Islander
Heritage Month
Get your Celebration Guide for
events in May 2023
Ⓒapasf.org","(300, 250)"
"UPDATE YOUR
BOOSTER
RECONNECT TO
CELEBRATIONS Public Health","(300, 250)"
"ExpressVPN
Take control of your
online security
Get ExpressVPN
30-day money-back guarantee","(300, 250)"
"THE LEADER IN LONG RANGE
A LEGACY TO
UPHOLD BARRETT.
FOUR DECADES OF ICONIC FIREARMS. barrett.net","(728, 90)"
"HashiCorp
Scale your
secrets
management
with Vault
Enterprise
Learn more →","(160, 600)"
"TAMRON
MOTHER'S DAY SALE
Save up to $200 USD/ $300 CAD instantly on select lenses ►
TAMRON","(728, 90)"
"TAMRON
Mother's Day
SAVINGS
UP TO $200
INSTANT SAVINGS
[$200 USD/ $300 CAD]
SHOP TAMRON LENSES ‣","(300, 250)"
"TAMRON
Mother's Day
SAVINGS
UP TO $200
INSTANT SAVINGS
SHOP TAMRON LENSES
[$200 USD/ $300 CAD]
50
35
28
TAMRON","(300, 600)"
"What Does
Your Future
Call You
to Do?","(300, 250)"
"LiteForm
The Best Way to Build
I'M
BACK!
Room
PREVENT HEAVING & CRACKING
in your concrete WITH FLEXXBOARD25
FLEXXBoard 25 LEARN MORE HERE
INSULATING FOAM BOARD","(728, 90)"
"LiteForm
The Best Way to Build
PREVENT HEAVING & CRACKING
in your concrete
BACK! WITH FLEXXBOARD25
LEARN MORE HERE
PLA
gre Puccord
FLEXXBoard 25
INSULATING FOAM BOARD","(300, 250)"
"عالم
Marcus Lumber
DE
TAI
Decking
TRAG Uber Event &
Sale
TRAEGER
Grill & Smoker
BLOWOUT
CHECK IT OUT!
EA
MAY 25
from 4-7 pm
DAY OF DEALS","(300, 250)"
"Try the #1 actor recommended
performance
TV.
M
mntn
Demo Now","(970, 250)"
"2nd VIP
Wine Pairing
ADDED!
JARVIS
ESTATE
SALT CITY
WINE & DINE
Boar's Head
SINCE 1905
VIP TICKETS + PAIRING RSVP >>
*Must select VIP Pairing at Checkout*","(970, 250)"
"2nd VIP
Wine Pairing
ADDED!
JARVIS
ESTATE
Boar's Head
VIP TICKETS +
PAIRING RSVP »","(300, 250)"
"Looking for Televisions?
PHILIPS LG SONY
LED □ OLED QLED
Compare Before You Buy
Compare Now
AMSUNG
LCD","(300, 250)"
"TM
A NEW SPECIEST
OF IWB HOLSTERS
SAFARILAND
SPECIES
IWB HOLSTER
GET YOURS NOW","(728, 90)"
"NORTH BAY
Business
Journal
ECONOMIC
OUTLOOK
Building a
Resilient
Workforce
June 1
@SSU Ballroom
GET TICKETS","(728, 90)"
"A Program of
SEBASTOPOL
FOR THE
CENTER
ARTS
· Arto
at the Source
June 3/4
+ 10/11
10AM - 5PM
OPENSTUDIOS
CLICK to Plan Your Tour","(970, 250)"
"Introducing Dymension Series
The Evolution of Extraordinary Speakers
D.
DEFINITIVE TECHNOLOGY
Learn More","(728, 90)"
"Милли
THE SHOW
June 9-11, 2023 | The Hilton Orange County Costa Mesa, CA","(728, 90)"
"Introducing
Dymension
Series
The Evolution of
Extraordinary Speakers
Learn More
D.
DEFINITIVE TECHNOLOGY
www.","(336, 280)"
"21
Linstrument
""The LinnStrumentalists III""
Watch the video
4000+
Sold!","(300, 250)"
"TOM BRADY'S
LEGENDARY CAREER
GREATNESS
hardcover book
SHOP NOW
USA TODAY
SPORTS","(728, 90)"
"TODAY'S POLL:
Should illegal immigrants
receive social security?
a) Yes
b) No
c) Unsure
VOTE NOW RIGHT WING","(300, 250)"
"*sparknotes
Sign up
for PLUS!
You'll thank us later.
and so will your GPA.
0:0
W
Start your 7-day FREE trial
lu","(300, 250)"
"TOTAL TONE UP
FIRM. LIFTED. VOLUMIZED.
FACE AND BODY.","(728, 90)"
"truth
be
told
WITH
TONYA MOSLEY
LISTEN NOW
APMstudios","(300, 250)"
"INTRODUCING
IGUANA BIO-
BLUD™
BLUD
RACING
LUBRICANTS
IGUANA BIO-BLUD SAE 10W-40
100% SYNTHETIC, 25% PLANT MOTO/UTVOLL
OFF ROAD-ROAD-ATV-UTV
NET 32 FLOZ(1-QUART)/946","(300, 600)"
"KORN FERRY
BE MORE THAN
There's no
such thing as
HIDDEN TALENT
LEARN MORE","(728, 90)"
"DOLLAR
SHAVE
CLUB
Duel
with the Dan Le Batard Crew
$5,000 IN CASH PRIZES
THEY FACE OFF. YOU CASH IN.
PLAY FREE
Eligibility restrictions apply. Void where prohibited.
JUNE 4 See terms at draftkings.com/dollarshaveclub","(300, 250)"
"Start
3 simple steps
1. Click on ""Start""
2. Activate your account
3. Access your content
Movies Series Sports Fitness
find it on alldigimedia.com","(300, 600)"
"FANATICAL
SAVE BIG
ON THOUSANDS
OF PC STEAM GAMES
SHOP NOW
Trustpilot
All trademarks are the property of their respective owners.","(300, 600)"
"N
Webinar
Reduce Inventory Surplus
and Improve Cash Flow
Tuesday, May 23, 2023
11am EST","(300, 600)"
"CROWDSTRIKE
2023
GLOBAL
THREAT
REPORT
FALCON OVERWATCH
CASE STUDY
wy
DESEN
RETR
S
COPROD
EDERE S
HIB RETURN
RUSSIAN CYBER
OPERATIONS ARE
SUPPORTING THE
WAR IN UKRAINE
LIMITED
Prevail Over
Cyber Adversaries >","(300, 600)"
"SENIOR
INTERNET
NOW ONLY $10/MONTH
bh
SEE CURRENT OFFERS","(300, 250)"
"70%
20
STION CAL
Ta
OF
REVOLUTIONARY SAVINGS
ACCOUNTS OFFERING UP TO 9%
APY TO SENIORS","(300, 250)"
"O SPACE-COMM
EXPO
REGISTER FOR FREE
THE UK'S LARGEST EXHIBITION
FOCUSED ON THE COMMERCIAL
FUTURE OF SPACE","(728, 90)"
"D
Jimmy Dean
Jimmy Dear 12
Biscuit
Sange,
& C
129
BARKA
PUT MORE MMM
IN YOUR MORNING
Jimmy Dean
Sweet Maple
Griddle Cake
SHOP NOW
www
REAL
8
Jimmy Dear 12
Croissant
As, Fer
ZACIA
Available at
sam's club <>","(336, 280)"
"SPORTSFEEDDAILY
by VISION INSIGHTS
MUST-HAVE MORNING READ
THE HOTTEST STORIES
IN SPORTS BUSINESS
TWO EDITIONS CURATED
DAILY: MAIN EDITION &
COLLEGE EDITION
FREE TO SUBSCRIBE","(970, 90)"
"SPORTSFEEDDAILY
VISION INSIGHTS
MUST-HAVE MORNING READ
THE HOTTEST STORIES IN SPORTS BUSINESS
TWO EDITIONS CURATED DAILY: MAIN EDITION & COLLEGE EDITION
FREE TO SUBSCRIBE","(300, 250)"
"SPORTSFEEDDAILY
VISION INSIGHTS
MUST-HAVE MORNING READ
THE HOTTEST STORIES IN SPORTS BUSINESS
TWO EDITIONS CURATED DAILY: MAIN EDITION & COLLEGE EDITION
FREE TO SUBSCRIBE","(728, 90)"
"D
PROMO CODES
AVAILABLE
SEE FREE CODES
Capital One Shopping
The coupon-finding
browser extension","(300, 250)"
"LEARN MORE
Build Your
loT
Prototype
for Free
+ PARTICLE","(300, 250)"
"PLURALSIGHT
Tap the untapped potential
of your employees","(728, 90)"
"ENTER TO WIN A
SWEET SUMMER
SKIN CARE BUNDLE
FROM
SILVER
HONEY
ENTER
NOW
SILVER
>Z
REPAIR
NI
Antal O
zu MX
Strength
ANORITY
SILVER
HONEY
RAPID SKIN RELIEF
Medicated Shampoo
SILVER 0000
HONEY
BFL 02 (2366)
Artfungal & Artbacterial
Quickly Skin Conditions
SAA","(300, 600)"
"flyexclusive
Fractional with no monthly
management fee.
Up to $100k flight credits included for limited time.
EXPLORE FRACTIONAL OWNERSHIP
Robb Report
BEST OF
THE BEST
WINNER
2022","(970, 250)"
"flyexclusive
8
Robb Report
BEST OF
THE BEST
WINNER
2022
Take control
of your flying.
Fly your way, with Jet Club.
EXPLORE JET CLUB","(300, 600)"
"LAST CHANCE!
+90 MAX JUMPING
JUMP NOW
With
BEST-EVER
Benefits!
CLOSERS
DIMENSO ARE COLLEVA","(300, 600)"
"H Hedera
How to Set Up
Foundry to Test
Smart Contracts
on Hedera
START LEARNING","(300, 250)"
"Reach the right person,
at the right time,
no cookies required
D/Cipher
Learn More","(300, 250)"
"Always
Dreaming
EXPECT BETTER®
FIND A HOME >
Each franchise is independently owned and operated.
SOLD
Better
Homes
REAL ESTATE
BHGRE.COM","(300, 250)"
"E-ICEBLUE
Spire.Doc
for .NET
TRY FOR FREE
Use Word Reporting Library
for .NET to Improve Workflow Efficiency","(728, 90)"
"PERICA
adventure
Your Room
With a View
Start Planning Now","(728, 90)"
"SO
SPORTSMAN'S
GUIDE
YOUR TRUSTED
OUTDOOR RESOURCE
SPORTSMANSGUIDE.COM","(970, 250)"
"Guidance and tools
for Home Buyers.
LEELOU
Learn More","(728, 90)"
"LLEELOU
Guidance and tools
for home buyers
Learn More","(728, 90)"
"Guidance and tools
for home buyers
Learn More
LOLEELOU","(300, 250)"
"LexisNexis
The
successful
in-house
counsel's
best kept
secret.
Lexis+Ⓡ
General
Counsel Suite
FREE TRIAL >","(160, 600)"
"OMNI
FINANCIAL
OMNI your trusted company
to insure your Restaurant business since 1985","(728, 90)"
"FISHER INVESTMENTS
When to Retire: A Guide for Investors With $500k+
Learn More","(728, 90)"
"flyexclusive
Lock in your hourly rates.
No peak day premiums.
Join Platinum Jet Club.
BUILD MY CLUB
N783JS
8
Robb Report
BEST OF
THE BEST
WINNER
2022
✓","(970, 250)"
"HERO
WARS
YOU HAVE ONLY
2 MOVES
(The lost)
IS ALIE
TRY","(300, 250)"
"people
playground","(728, 90)"
"14,000+
REVIEWS
Organi
Magnesium 7
Complete Full-Spectrum Daily Magnesium Supplement
BUY NOW
Organb
MAGNESIUM
SPECTRUM 7 ALASNE SA
Dietary Suppl
VEGGIE CAPS
Supplements You Trust
Organixx
Results You Love","(728, 90)"
"NaviLink Lite
Wi-Fi remote control system
Easily Communicate to any Navien
tankless water heater, combi-boiler,
or boiler with your smartphone
•10.10
Learn More!
NAVIEN","(300, 250)"
"PROVEN 30-YEAR
BOILERS
FASTER INSTALLS AND QUIET SAVINGS
THAT MAKE EVERYONE SMILE!
ACCELCS
RESOLUTERT
SYSTEM 2000
ENERGY
KINETICS JOIN OUR TEAM AS A DEALER","(300, 250)"
"SupplyHouse.com
THE RIGHT SUPPLIES,
RIGHT ON TIME
Get HVAC supplies fast this season!
LG","(300, 250)"
"Environmentally Friendly,
Safe & Reliable.
Check.
B100
COMPLIANT
Beckett
LEARN MORE >
Beckett","(728, 90)"
"rbh
SI Series
Signature Quality
Discrete In-Wall solution
Full Range of options
to customize your
theater experience.","(300, 250)"
"BE THE CENTRE OF
THE CONVERSATION
temperat
1000
(10)
get
(60)
P
000
ARENDAL 1723","(300, 250)"
"包
RSL
1/2.5E
The Happiest Days
Another Brick In The Wall
Mother
NO MORE
BRICKS,
IN THE WALL.
LEARN MORE","(728, 90)"
"Pro Tip: Find the Best
On-Trend Layouts at
→ Houseplans.com
BEDROOM
BAK
H HOUSEPLANS","(728, 90)"
"Instant
Logo
Maker
Gaming
Logos
Clothing
Brands
Sports
Teams
AR
Animated
Logos
YouTuber
Logos
COWOUTS
CAnd Mores
Placeitbyderwato
Create Now","(728, 90)"
"fr
Grand
Fiesta Americana. A TRULY GRAND EXPERIENCE
LOS CABOS
All Inclusive Golf & Spa
BOOK NOW","(728, 90)"
"Lightology
X
domino
LET'S GLOW!
Win a $2,000 credit at Lightology.
ENTER NOW","(728, 90)"
"Google AdSense
H5 Games Ads:
Same great gameplay,
but with brand new revenue
streams.
Learn more","(300, 250)"
"FANATICAL
V₁ RISING
BUY NOW
T
ALL IMAGES ARE THE PROPERTY OF THEIR RESPECTIVE OWNERS.
ALL RIGHTS RESERVED. AGE RESTRICTIONS APPLY.
REND SEE SITE FOR FULLT&C'S.","(300, 250)"
"H
A
JONGG
Arkadium
ADVANTAGE
All of the fun..
None of
the ads.
Learn More
LUM
W","(336, 280)"
"Don't let your whiteboard
app box you in.
Lucid","(728, 90)"
"3DAYBLINDS*
YOU'LL LOVE THE TREATMENT
FREE CONSULTATION
BUY 1 GET 1
50%*
OFF
on Custom
Blinds, Shades
and Drapery
Book Now >","(300, 250)"
"DON'T JUST
ADVERTISE.
Storewide
Sales
Event
Through August
genius
monkey
Learn More","(728, 90)"
"READY TO
USE SOUND
EFFECTS
NATURE
SOUNDS
FREE ITEMS
HUMAN
SOUNDS
GAME
SOUNDS
FUTURISTIC
SOUNDS
URBAN
SOUNDS
AND MORE
INDUSTRIAL
SOUNDS
envato elements
START NOW","(970, 250)"
"ibotta
There's cash back in
everything you buy
Learn more
ibotta
$2.75 back O","(970, 250)"
"ibotta There's cash back in
everything you buy
Learn more
ibotta
12.15
NOL","(300, 250)"
"LAVA ME 3
Acoustic-Electric
Guitar Reimagined
LAVA MUSIC
DS","(970, 250)"
"LAVA ME 3
All-In-One Creative Device
SHOP NOW
LAVA MUSIC","(300, 250)"
"T
www
RIDGE GRAPPLER LEARN MORE ▸","(300, 250)"
"LIVE
AND
LET LIVE
with a national leader in transplant
See Adriana and Nicole's story
Montefiore
EINSTEIN","(970, 250)"
"B&WORLD REFONT
U.S.News
A Doctor For Every Step of Your
Health Journey
Find the doctor that is the right fit for you.
Search Now","(728, 90)"
"Find a forest or
a park near you.
PER
Ad QUAS
Council SREDIN
Discover The Forest.org","(300, 250)"
"Higher Quality
Precision Parts
Crusader Rotary Die Cutter","(300, 250)"
"HERO
WARS
TRY NOW","(300, 250)"
"BioRebalance
Quitting drinking
doesn't have to
be hard.
LEARN MORE
B
BioRebalance
00XX0","(300, 250)"
"DEARONCES
Shop Now >>","(160, 600)"
"PROPSTREAM
What is Pre-Probate?
Learn how to access over 3.5 million Pre-Probate
properties nationwide.
Learn More","(728, 90)"
"flyexclusive
$
Robb Report
BEST OF
THE BEST
WINNER
2022
Up to $100k
in flight credits
with a share purchase of
a brand new Citation CJ3+.","(300, 600)"
"SiteGround
BIRTHDAY DEAL
86% Off Hosting
% (
|||
●
●
From $1.99/mo.
GET NOW","(728, 90)"
"T20win
BORN FOR YOU
T20win will pursue
your dreams with you.
This game may be habit-forming or financially risky, Play responsibly.","(300, 250)"
"be the
moneycontrol PRO Bula
in every market.
stay ahead
with
PRO","(970, 90)"
"CAT
SHOP YOUR CAT DEALER
ON YOUR SCHEDULE
CAT
BE
CAT
462-1171
9.
SHOP CAT
PARTS ONLINE","(728, 90)"
"Insticator
PUBLISHER FIRST
Full Ad Management
LEVEL UP YOUR AD INVENTORY
$120,103
CONTACT US
Ad Managment Analytics
GAL","(300, 600)"
"VISUALIZE
PERFECT CURB APPEAL
TRY OUR DESIGN TOOL
ProVia","(728, 90)"
"MINIMALIST
MODERN,
LIVING
LIVE
WORK
====
ROWON 25TH
LUXURY RENTAL HOMES
713.974.4292
WWW.ROWON25TH.COM
Exclusively Managed By:
Tarantino Properties, Inc
Tarantino","(300, 600)"
"Beli
Perfect payroll, every time.
LEARN MORE
paycom","(728, 90)"
"FAN
ESSENTIALS
NHLSHOP.COM
A Fanatics Experience
BOOOOO
SHOP NOW
Tab","(300, 250)"
"DCIG
Tintri
DOIG
the be
Tintri Analytics Make
the Invisible Visible","(300, 250)"
"Mary be
=4
ROSELINLIN","(160, 600)"
"of
Need
a
Coupon?
Get Now
Coupert","(160, 600)"
"Miele
Express yourself
in Miele
DISCOVER MORE","(300, 600)"
"Start
PDFtab.com","(970, 250)"
"AMERICAN FRENDS
MAGEN
DAVID
ADOM A
Saving lives. It's in our blood.
TIT
אדום
Make an impact on
the lives of Israelis.
Support Magen David Adom.
Israel's paramedic and
Red Cross service.
DONATE NOW","(970, 250)"
"BY WELL+ GOOD
SPONSORED BY OUR PARTNERS
How To Tweak Your
Eczema-Care Routine
Based on the Season
READ MORE","(300, 250)"
"ManageEngine
Service Desk Plus
FREE
IT Help Desk
>Software
Try for free
....","(300, 600)"
"Capital One
Shopping
Coupon codes found!
Capital One Shopping is a free browser
extension that applies coupon codes in seconds.
Apply Free Codes","(728, 90)"
"O
DOWNLOAD APLIKASINYA
16:57
Tribunnews.com
a
SEKARANG
Available on the
App Store
GET IT ON
Google Play
Tribunnews.com
News Bisnis Super Skor Sport
87%
|||
Seleb +","(300, 250)"
"STATION 19
NOVOS EPISODIOS TODA TERÇA ÀS 21H50
C
AO VIVO SOMENTE NO
SONY CHANNEL
UOL PLAY","(728, 90)"
"Royaura
The Shirt Can Breathe","(300, 600)"
"GIG speeds everywhere.
Tomorrow's internet, today.
Learn More
COX","(728, 90)"
"Capital One
Shopping
Coupon codes found!
Capital One Shopping is a free browser
extension that applies coupon codes in seconds.
Apply Free Codes","(300, 250)"
"Your gift fortifies
fact-checked news
Donate
KUOW Opr
Network
969","(728, 90)"
"Sustain local journalism Donate
KUOW
npr
Network","(970, 90)"
"jumpfactor
66
Our traffic
and leads have
increased over
500%
ره
boonto™
THE FUTURE OF TOUCH
Avanindra Utukuri
CTO of Baanto","(300, 600)"
"Earn money
by sharing
your opinions
SIGN UP
Mis
REWARDS
$
$","(300, 250)"
"Place an Obituary
Get Started
Legacy.com","(300, 250)"
"CROWDSTRIKE
NOWHERE
TO HIDE
2022 Falcon OverWatch
Threat Hunting Report
Get the Report","(300, 250)"
"L LEELOU
Guidance and tools
for home buyers
Learn More","(970, 90)"
"CREEDMOOR
SPORTS
CHASING PRECISION TOGETHER - SINCE 1979!
800-273-3366 CREEDMOORSPORTS.COM","(300, 250)"
"STOP ADVERSARIES.
STOP BREACHES.
CROWDSTRIKE
Get the 2023
Global Threat Report >
CASE
VERWATCH
FALCON OY
RETURN
LONGITED EFFORT
HIGH
KODIC
OPERATIONS
SUPPORTING THE
WADKA","(728, 90)"
"Singing Birthday Cards
It Sings Their Name!
HAPPY BIRTHDAY TO YOU!
Happy Birthday
To You
Have a fAB birthday
The
Birthdays
Fab Birthday
Card
Send One Now","(300, 250)"
"AN
NTD ORIGINAL
DOCUMENTARY
VACCINE STORIES
YOU WERE NEVER TOLD
THE
UNSEEN
CRESTE
GOT
MY COVID-19
VACCINE!
MAY 19
EPOCH TV
WATCH NOW >","(300, 600)"
"ROSELINLIN
・ Chic
LINEN FASHION
SHOP NOW","(300, 600)"
"CROWDSTRIKE
Get the MDR Buyer's Guide >
Extend your security team
with experts,
24/7.
MANAGED
DETECTION AND
RESPONSE M
PYER'S GANGE","(728, 90)"
"CROWDSTRIKE
Small Business
Cybersecurity
Survival Guide
Identify threats and
how to stop them.
Download Now","(300, 250)"
"Complete Your
Bachelors, Masters,
and Certificates
Online
100% Online at a
Top-Ranked University
APPLY FOR FREE →
D
University College
UNIVERSITY OF DENVER","(300, 250)"
"Lightinthebox.com
Up to 90% Off","(160, 600)"
"Tickets as low as $39
TAPE FACE
Funniest Show
Ein Las Vegas
Buy Tickets
Shows
Nightly
Harrah's
LAS VEGAS","(300, 250)"
"IT'S A PARTY
EVERY NIGHT!
Menopause
The Musical
Buy Tickets
Harrahs
LAS VEGAS","(300, 250)"
"JACKPOT
CHANNING TATUM PRESENTS
MAGIC
MIKE
LIVE
GET TICKETS
SAHARA
NEW 5PM SHOWS ADDED
FROM
$55","(300, 250)"
"ALL SEVEN HARRY POTTER BOOKS
IN SEVENTY HILARIOUS MINUTES!
""WILDLY
INVENTIVE!""
Houston Press
POTTED
POTTER
""CASTS THE
PERFECT SPELL""
The New York T
TICKETS FROM $59
BUY TICKETS","(300, 250)"
"TO
U.S. AIRLINES
800,000 people
working for you.
Airlines for
America
(20","(970, 250)"
"Xi charts course for China-Central Asia
cooperation
Chinese President Xi Jinping on Friday charted the course for
China-Central Asia cooperation in the new era at a milestone
summit with leaders of five Central Asian countries.","(970, 250)"
"BlackPlanet
The Original
is back.
Download Now!
Download on the
App Store
GET IT ON
Google Play","(300, 250)"
"DEVELOPERS LIVE
Join us virtually on
May 23, 2023.
Register for free
A
Adobe","(300, 250)"
"PCBWay Christmas Big Sales
Free Christmas Coupons Special discount for HDI/Flex PCB orders","(728, 90)"
"QUALITEST""
Get Healthcare quality engineering solutions
can bet your life on.
Let's talk","(728, 90)"
"EPICPLAY
Play Games","(728, 90)"
"AIM
Aviation
Maintenance
Training","(336, 280)"
"Compliant Ready Multiple
Attribute Methodology
Workflow
Read
Technical Note
SCIEX
The Power of Precision","(728, 90)"
"FISHER INVESTMENTS
When to Retire:
A Guide for Investors
With $500k+
Learn More","(300, 600)"
"WHICH OFFICE
IS RIGHT FOR YOU?
W
X
P
Get the best prices on
Microsoft Office.","(970, 90)"
"QUALITEST™
Al-powered engineering-driven
software Quality Assurance services
CONSULT OUR ENGINEERS","(728, 90)"
"P
Hit
The Peak
BOOK NOW
NEMACOLIN
SINCE 1987","(160, 600)"
"Continue
1. Continue to Site.
2. Looking for Digital Marketing Service.
3. Contact Us & Save on Packages.
www.mbryolay online","(728, 90)"
"Unlimited Background Music
Corporate
Cinematic
Ambient
Hip-Hop
Electronica
And more
envatoelements
Start now","(728, 90)"
"PREMIUM WIRELESS
$15.
SHOP NOW
mintmobile
Addrestrictions apply Temse & to corre
New activation red. Min.2 mo. parches Semintable.com","(728, 90)"
"это
SONIC
FRONTIERS
A ZURICH,
100
XXX
ox
3
RELUDI
online games","(300, 250)"
"2022/2023
CITY EDITION
Los
TEMPHIS MILWAUKEE ANGELES
12 34 6
NBA Store
A Fanatics Experience
SHOP NOW >>","(300, 250)"
"Managed Dedicated Hosting
✔Linux or Windows Available
✔ 100% Network & Power
Uptime Guarantees
24/7/365 Support
From
$99
SHOP NOW
Liquid W
25
Liquid Web™","(300, 250)"
"WELCOME,
1,2 OR 3
MONTHS
Summer NO
SUMMER MEMBERSHIPS AVAILABLE! ENROLLMENT
FEES
ST. LOUIS JEWISH COMMUNITY CENTER
CREVE COEUR I CHESTERFIELD
314.442.3124
JOIN NOW
OR get a 6-month
standard membership
with no commitment and
no enrollment fees!","(300, 250)"
"PROCEEDINGS
PODCAST
JOIN US EACH WEEK
for new and
engaging interviews
with Proceedings
authors about issues
facing the Sea
Services.
THE
PROCEEDINGS
PODCAST","(160, 600)"
"Add some flavor to your inbox.
Sign up for our Deep Dish food newsletter.
Deep Dish
wttw","(300, 250)"
"LIDIA
CELEBRATES
-AMERICA-
FLAVORS That DEFINE US
TUE MAY 30 wttw
PBS
VIDEO
APP","(300, 250)"
"MCGRATH
EVANSTON SUBARU
When you do the math, you choose McGrath
SUBARU
3.9%
2023 Subaru Outback FINANCING","(300, 250)"
"EXCLUSION
A NEW COMEDY
ABOUT WHAT'S TRUE
VS. WHAT SELLS
arena
stage
MAY 5 -
JUNE 25","(160, 600)"
"THE CITY
The first book
to explore
AUTHENTIC how our cities
gentrify by
becoming
HOW THE ATTENTION ECONOMY
BUILDS URBAN AMERICA
DAVID A. BANKS
social media
influencers-
and why it
works.
UNIVERSITY
of CALIFORNIA
PRESS","(300, 250)"
"仓
Grow Your Money!
4.50%
Balances $250,000-$1,000,000
Maximum balance: $1,000,000
GOLD Money Market Account
*Learn More
INSTITUTION FOR SAVINGS
BUILDING STRONGER COMMUNITIES TOGETHER SINCE 1820.
Member FDIC
Member DF","(300, 250)"
"goodness
Celebrating all that's good.
PG
Sponsored by
HIGHMARK.
AHN","(728, 90)"
"COUPONS AVAILABLE
Capital One
Shopping
3 Easy Steps: 1: Click ""See Codes"" 2: Download Shopping Extension 3: Apply Coupon Codes! bestpromocodes.co","(970, 250)"
"FAN
ESSENTIALS
NHLSHOP.COM
A Fanatics Experience
(OILERS
SHOP NOW","(300, 250)"
"G
Take the Guesswork
out of Citing Sources
Grammarly takes care of citations, in seconds.
☆
Download Grammarly","(728, 90)"
"Rethink how to
stop cloud breaches.
Register for
Cloud Threat
Summit
7
CROWDSTRIKE","(728, 90)"
"UNLIMITED AUDIO FOR MUSIC VIDEOS
FREE
ITEMS
MUSIC
TRACKS
LOGOS &
IDENTS
PHEMERH
SOUND
EFFECTS
START NOW
VOCAL
SAMPLES
envato elements
AND
MORE","(970, 250)"
"styra
Accelerate Secure
Infra Deployments
Use the broadest Authz policy library for Kubernetes,
Terraform and CloudFormation.
LEARN MORE >","(300, 250)"
"Don't Miss Out on Breaking
Stories & Content You Love
Plus lots
more!
People
News+
FOLLOW US ON APPLE NEWS →","(728, 90)"
"BEST OF
Summer
-SWEEPSTAKES
Visit SouthernLiving.com/
BestOfSummer to enter for a
CHANCE TO WIN $2,000
to put toward
your summer travels.
NO PURCHASE NECESSARY. Ends: 11:59 p.m. ET on 7/20/23. Subject to Official Rules
available at www.SouthernLiving.com/BestofSummer. Void where prohibited.","(300, 250)"
"yp The Real
ур
Yellow Pages
Find cheap
gas near you!
Right here in
YP app.
Download Now
Q. Gas Stations | Los Angeles, CA
Johnny's Gas & Food
Rocket Gas Station
Cheap Gasto Ge
USA Mart & Gas
Quick Gas
30M
Cheap Gato Go
289
291
291
291
297
305","(300, 250)"
"Start Now
Click start
Create Account
Access Content
Download
Free for 5 days.
Find it on Clickplay.io","(970, 250)"
"Arthur
Arthur Shield: The First Firewall for LLMs
LEARN MORE","(970, 250)"
"WHICH OFFICE
IS RIGHT FOR YOU?
W
X
P
O
Get the best prices on
Microsoft Office.","(728, 90)"
"Please come and
be my family!
DEVIL'S ARROW THAT
SEEKS FOR SALVATION
AERI
PRE-CREATION
CLOSERS
COMPL","(300, 600)"
"Continue to Recipe
3 Easy Steps: 1) Click ""Continue to Recipe"" 2) Add RecipeForMe Extension. 3) See Delicious Recipes!","(970, 250)"
"Spring forward
with expert resources
from the AAP
Pediatrics in Review
NICU Neal Care
P
2023
Coding
Webinars
Ralierit
Clinical Practice
Guidelinesces
American Academy
of Pediatrics
DAN
DEDICATED TO THE HEALTH OF ALL CHILDREN","(970, 90)"
"YOUR MINISTRY AMPLIFIED
Further your ministry with an online degree. Develop strategies for local
+ global outreach. Graduate prepared for licensing and ordination.
CROWN
COLLEGE
REQUEST INFO","(728, 90)"
"Golookup
SEARCH ANYONE BY ENTERING NAME BELOW 1. Enter Name 2. Click Search 3. Wait Results
First Name
Last Name
SEARCH","(728, 90)"
"DESCUBRE
EL NUEVO CANAL DE RECETAS
► YouTube","(300, 250)"
"Spring
has arrived at
SHOPICO.ca
VIEW LOCAL OFFERS","(300, 250)"
"California Coastal.
A TRADITION IN THE MAKING
JUNE 4-8, 2023
RESERVE
CALIFORNIA
Robb Report
COASTAL
2035","(300, 250)"
"HERO
WARS
re
TRY NOW","(300, 250)"
"SAVE
20%
AASHLEY
FURNITURE
ON
ALL
0% INTEREST
FOR 24 MONTHS*
MIN PURCHASE $1499
NOSALES TAX!
SHOP NOW","(160, 600)"
"Canto
Ranked #1
DAM Platform by G2
Start Your Free Trial
Leader
SPRING
2022
Ⓡ","(336, 280)"
"ANU
Enroll in our
ESL PROGRAM
TODAY.
ele
Learn
More","(728, 90)"
"WHICH OFFICE
IS RIGHT FOR YOU?
W
X
P
A
FIND OUT WITH OUR
EXCLUSIVE OFFER!","(728, 90)"
"Managed
Dedicated
2.5
Liquid Web Hosting
100% Network & Power
Uptime Guarantees
24/7/365 Support
From
$99
SHOP NOW","(728, 90)"
"train
WITH VERY SPECIAL GUEST
BETTER THAN EZRA
M
FRIDAY, JULY 21 OXBOW RIVERSTAGE","(300, 250)"
"BUILD REALTIME
FEATURES FOR
YOUR APP
without the complex
infrastructure
PUSHER
A MessageBird company
MM
Project notes
Shared with 5 others","(300, 250)"
"HOUSTON
Methodist
LEADING MEDICINE
WE SALUTE OUR
NURSES
MAGNET
RECOGNIZED
AMERICAN NURSES
CREDENTIALING CENTER
M","(300, 600)"
"2023
Developer
Survey
Calling all who code
↑","(728, 90)"
"ar
randstad
human forward.","(300, 600)"
"Give Hope, Get Cookies
cookies
for kids cancer
Let's get Baking","(728, 90)"
"WESTERN
CONFERENCE FINAL
20231
STARS
GAME 2
GOLDEN KNIGHTS
TOMORROW 3:00PM ET
abc ESFT+","(300, 250)"
"Live webinar
Overcoming
Obstacles to
Automation
Challenges
Learnings from
the 2023 State
of Process
Orchestration Report
February 15, 2023
10am ET | 4pm CET
SI
C","(300, 600)"
"Amphenol
COMMUNICATIONS SOLUTIONS
ExaMAX® Connectors & Cables
High-speed Performance of 112Gb/s and Beyond
Click Here","(728, 90)"
"FAN
ESSENTIALS
NHLSHOP.COM
A Fanatics Experience
SHOP NOW","(300, 250)"
"HIGH POINT
UNIVERSITY
MBA - Business Analytics
ENGAGE WITH
THE LATEST TECH
LEARN
MORE","(728, 90)"
"styra Accelerate Secure Infra Deployments
Use the broadest Authz policy library for Kubernetes, Terraform and CloudFormation.
LEARN MORE >","(970, 90)"
"DKMS
WE DELETE BLOOD CANCER
We've helped
more than
78,000+
patients to find
a blood cancer
cure.","(300, 600)"
"MINECRAFT
อ
▬▬▬▬▬▬
of
www.","(728, 90)"
"CLEAN. HEALTHY. HYDRATE LIKE
USE CODE: BIOUSAHOCKEY
FOR 30% OFF
BIO HYDRATION.
STEEL
USA
HOCKEY
WAR","(728, 90)"
"ден
Hinge
Health™
MSK PAIN: The BILLION dollar
health care burden.
Download the State of MSK Care →","(728, 90)"
"Introducing
Telegraph
WINE CELLAR Wine Cellar
Save £10 on
your first order
MEINERT
Explore now","(970, 250)"
"ManageEngine
Service Desk Plus
FREE
IT Help Desk
Software E
Try for free","(728, 90)"
"Start
1. Click on ""Start""
2. Activate your account
3. Access your content
Movies, Music,
Games, Audiobooks
Find it on topcontent-entertainment","(970, 90)"
"2023 HR Calendar
Never miss
key date.
July
MAY
FEBRUARY
Namely","(300, 250)"
"VIVAIA
VIVAIA
Designed for Bunions
Up to
40% Off
Free Returns
VIVALAⓇ
SHOP NOW
Ships Same Day + Fast Delivery","(300, 600)"
"Vacation is a state of mind
10% OFF 1st Order","(300, 600)"
"SARGENTO
SARGENTO
WHOLE MILK
MOZZARELLA
----
& C
REAL CHEESE
BRINGS GREAT
HAPPINESS
GET RECIPE","(160, 600)"
"A Lyme vaccine like no other
Copyright © 2023 Merck & Co., Inc., Rahway,
NJ, USA and its affiliates. All rights reserved.
US-NOV-230300004 725353
LEARN MORE
Nobivac:Lyme
MERCK
Animal Health","(728, 90)"
"STARS ON MARS
FROM THE RED CARPET TO THE RED PLANET
www
JUNE 5 FOX
NEXT DAY
hulu","(728, 90)"
"HERO
WARS
HOW TO LOOT?
iq:155
TRY","(970, 250)"
"Ace Hotel Brooklyn
WITH MORE OOMPH
U","(728, 90)"
"petco
We Love
Happy &
Healthy Pets!
petco
OPEN","(300, 600)"
"ROSELINLIN
• Chic
LINEN
FASHION
SHOP NOW","(300, 250)"
"Advance your career
with a certificate from
10000100) Harvard
Business
School
Online
Learn More →","(728, 90)"
"Healing Power Solutions
With lives on the line, medical technology cannot fail!
Explore our
TDK
Products","(728, 90)"
"Your Complete
Guide to the
Find FDA
Feed Troteoblity
Bule
DOWNLOAD YOUR GUIDE
YOUR
COMPLETE GUIDE
TO THE
FINALIZED
FDA FOOD
TRACEABILITY
RULE
SAFETYCHAIN","(300, 250)"
"✰✰✰✰✰
GREAT VALUE
00000
Great value for the price
every piece looks wonderful.
William G.
LIGHTBOX
LABORATORY GROWN DIAMONDS
SHOP NOW","(970, 90)"
"RIDEL
WRAP
PROTECT YOUR BIKE FRAME
WRAP BEFORE YOU RIDE","(970, 250)"
"AIM
RATION TIVES OF MAINTENANCE
Aviation
Maintenance
Training","(300, 600)"
"ADVANTAGE
HOME
CONTRACTING
The Leader in Home Repain & Project
ARE YOU
CONSIDERING
ADDING AN ADDITION,
A GARAGE OR
A SUN ROOM
TO YOUR HOME?
CURRENT SPECIALS","(336, 280)"
"Discover
GOLF'S GOLDEN STANDARD
TH
Golden Horseshoe Golf Club
COLONIAL WILLIAMSBURG
AMERICA'S TOP 50 COURSE
BOOK YOUR STAY & PLAY","(970, 250)"
"Unlock the world of WUSF and NPR
with your Smart Speaker!","(300, 250)"
"Webinar
Reduce Inventory
Surplus and Improve
Cash Flow
Tuesday, May 23, 2023
11am EST
N","(300, 250)"
"PHELAN AUDIOLOGY
HEARING AID CENTER
PHELA AUDIOLOGY
CEC
Dedicated to the
Hearing Health of
Southeast Texas
Since 1968.
BEAUMONT NEDERLAND","(300, 250)"
"""I look
amazing?
I feel even better.""
CHRISTUS.
SOUTHEAST TEXAS
Bariatric Center
St. Elizabeth
Schedule a consultation.","(300, 250)"
"BLACKBURN ROMEY
TRUSTED INJURY LAWYERS
833.FOR HELP
THANK YOU
FOR THE VOTES!
JULY
FORT WATHE NEWSPAPERS
READERS
CHOICE
VOTED BEST LAW FIRM & BEST LAWYERS
4203 W. Jefferson Blvd. - Fort Wayne","(300, 250)"
"ZOLUCKY
shop now >","(160, 600)"
"intel.
How wonderful is that?
Learn More","(728, 90)"
"Uof SC
FULL-TIME MBA PROGRAMS","(728, 90)"
"SPECIALISED
www.TUFFSTUFF.CO.ZA
424
GET AN
OBLIGATION
FREE QUOTE
SPECIALISED
4X4 INSURANCE
PRODUCT
www.tuffstuff.co.za","(160, 600)"
"(15)
ATLANTA BRAVES
AMERICAN
BLOOD DRIVE
+
American
Red Cross
JUNE
2023
Visit RedCrossBlood.org
and enter sponsor code:
DeltaATL for a list of dates,
times and locations.
B
ADELTA","(300, 250)"
"START
Three simple steps
1. Click on ""START""
2. Activate your account
3. Access your content
Movies, Music,
Games, Audiobooks
Topcontent-entertainment","(160, 600)"
"80
NEWS
NOW
YOU HAVE OPINIONS
8 WE WANT TO
NOW HEAR THEM
NEWS
CLICK TO BE HEARD","(970, 250)"
"C
80
NEWS
NOW
YOU HAVE OPINIONS
8 WE WANT TO
NEWS
NOW HEAR THEM
CLICK TO BE HEARD","(300, 600)"
"8.
NEWS
NOW
YOU HAVE OPINIONS
8 WE WANT TO
NEWS
NOW HEAR THEM
CLICK TO BE HEARD","(300, 600)"
"America's Carpet Bar
FREE window treatment CLICK
installation going on now! HERE
Shades Blinds Drapery Shutters. Motorization
Where P","(728, 90)"
"A MODERNIZED ELECTRIC GRID
MEANS FEWER OUTAGES
FORCE FOR YOU
FORCE OF CHANGE
LEARN MORE
Consumers Energy
Count on Us","(728, 90)"
"YOU SERVED YOUR
COUNTRY. NOW LET
US SERVE YOU.
FREE & DISCOUNTED SERVICES HERE
VETERANS
RESOURCE
STATION
Williams","(300, 250)"
"Accelerating neurological
advancements, from
development to delivery.
Setting the pace for
improved patient care.
LEARN MORE
HOUSTON
Methodist
NEUROLOGICAL INSTITUTE","(300, 250)"
"Accelerating orthopedic advancements,
from development to delivery.
Setting the pace for improved patient care.
LEARN MORE
HOUSTON
Methodist
ORTHOPEDICS &
SPORTS MEDICINE","(728, 90)"
"abc27 university
TOY","(728, 90)"
"ICE CUBE
MAY 28
TOO HORT TICKETS >>
WTHESPECIAL GUEST
ROLLING HILLS
- CASINO RESORT -","(728, 90)"
"ADA
Accepted
American
Dental
Association
Tell your patients to look for oral care products with the
ADA Seal of Acceptance","(728, 90)"
"RAGE CITY ROLLER DERBY
SILENT AUCTION
& Gala
RAGECITYROLLERDERBY.ORG
SAT, MAY 20, 6-10 PM @ THE NAVE
PHOTO BY CORA SIEBERT","(300, 250)"
"Bold ideas need
bold careers.
Join us
Capital One
EOEducing disebility/vets","(300, 250)"
"2022 Product Range | Check out what's new!
MACHINERY DESIGNED FOR YOU
Mowers Mower Conditioners • Mergers
Wrappers
Rakes. Tedders • Balers.
VIEW 2022
PRODUCTS
COA
KUNN
2022 PRODUCT RANGE
BUTTO
26 MAY
RAKES
KUHN","(970, 250)"
"SHOPAFA
New Arrivals
B-21
UAM FORE
NEVER
FORGET
AFA
Service.
• Valor
• Sacrifice","(970, 250)"
"Find better
campgrounds.
Get exclusive access to better reviews.
¶
RVTRIP
WIZARD","(300, 250)"
"MEMORIAL DAY
Mountain WEEKEND AT THE ROCK
MAY 26-29
PARKIM
GET YOUR
TICKETS >","(970, 250)"
"allkpop
STRAIGHT
OUTTA
SEOU
THE
HOTTEST
KPOP
MERCH
CLICK
HERE","(300, 250)"
"DOYDS
HARDWOOD GUNSTOCKS,
BETTER PERFORMANCE.
BETTER ACCURACY
WITH
14
HARDWOOD GUNSTOCKS
TM
TM
BOYDSGUNSTOCKS.COM
Since 1981","(300, 600)"
"28
SANDBIL
Bath & Body Works
ather Body AWARD
OCEAN
SY RATH & BODY WOR
HE COLLEC
CHOICE
allure
THE PARTY FEST
2023
MA
You like us, you really like us!
THANKS FOR VOTING US
BEST HAND SANITIZER","(728, 90)"
"The coupon-
finding browser
extension
O
Savings may vary. Sample results shown.
You saved
$50.37
automatically!
Capital One Shopping
DE
Apply Free Coupons
As You Shop
Get Exclusive Deals","(970, 250)"
"AMERICAN BANKER
DIGITAL BANKING
June 12-14, 2023 | The Boca Raton, FL
Regulation, inflation, competition:
insights for a pivotal year
in banking
REGISTER NOW","(300, 250)"
"Bethpage
BEST CITY
OF
THE
HEMENTED I
BETHPAGE FEDERAL CREDIT UNION
BESTOFNEWYORKCITY.COM
2023
CLICK HERE
TO VOTE","(300, 250)"
"The Shirt Can Breathe
***
Royaura","(970, 250)"
"Мимилли
приготу
THE SHOW
June 9-11, 2023
The Hilton Orange County Costa Mesa, CA","(336, 280)"
"PETER SOMMER
TRAVELS
AWARD-WINNING EXPERT-LED ARCHAEOLOGICAL
& CULTURAL TOURS FOR SMALL GROUPS
TOUR OPERATOR OF THE YEAR 2015, 2016, 2017, 2018, 2019 & 2022
WWW.PETERSOMMER.COM | INFO@PETERSOMMER.COM","(300, 250)"
"Before
COOK BROS.
DESIGN/BUILD REMODELING
After
Since 1987
Arlington's #1
design-build remodeling contractor
(703) 536-0900 | info@cookbros.org","(300, 600)"
"★
30 Days to a
BETTER MAN
BECOME A BETTER MAN
IN 30 DAYS
BUY NOW
★","(300, 250)"
"Download a FREE
5-Step Book
Marketing Guide
()
Kirkus Reviews
5-STEP BOOK
MARKETING
GUIDE
GET STARTED","(300, 250)"
"St. Jude Dream Home
St. Jude Children's
Research Hospital Giveaway
ENTER
HERE","(728, 90)"
"TENNIS POINT
ש
0
SHOP NOW","(300, 250)"
"Australian
There's
O
HOME OF THE KELPIE
WHERE ALLSTRALIA E
20
SAVE OVER $26
when you subscribe to Australian Geographic","(970, 250)"
"JABRAKŁOGRAPHIC.COM.AU
Australian
GEOGRAPHIC
The very best of Australia's nature, culture, people and places
ESTA
Whirds Cont
Cat
TEEMING
WITH LI
Autok
STINSON
WALK
Ay
HOME OF THE KELPIE
WHERE AUSTRALIA'S FAVOURITE
FARM DOG BEGAN
SAVE
OVER $26
when you subscribe to
Australian Geographic","(300, 600)"
"Information to Help You
Get an Auto Loan
» Ways to Improve Your FICO Score
>> Tips on Dealing With The Dealer
» Been Denied on a Car Loan?
www
AUTOLOANDAILY...
Let Us Help YOU Get the Car You Deserve!","(300, 250)"
"MITSUBISHI
PAJERO
SPORT GSR
SUSH CHL
TEK-706
ISUZU
MU-X LS-T
FORD
EVEREST
SPORT
WHICH
4WD
WINS?
carsguide","(300, 600)"
"Coors
LIGHT
UNTRACKED
CONCERT SERIES
Sunshine
Village","(300, 250)"
"Discover
VAL
Saddle Hills
COUNTY
saddlehills.ab.ca | @saddlehillscounty","(300, 250)"
"DOSEC
JustFashionNow FREE SHIPPING","(300, 600)"
"EVIDENT OLYMPUS
SZX-AR1 Augmented
Reality Microscope
Simplify
Complex
Manufacturing
Tasks","(300, 250)"
"IDEAL
IDEAL POULTRY
BREEDING FARMS
EST 1937
Supplying the
Finest Backyard
Poultry Since 1937.
SHOP NOW","(300, 250)"
"BOWLUS
The Ultimate Travel Trailer
LEARN MORE","(300, 250)"
"STATE
The CA State Controller may be safeguarding your unclaimed property!
Bank accounts, uncashed paychecks, safe deposit box contents,
and insurance benefits are just some types of unclaimed property.
SEARCH NOW","(728, 90)"
"CALIFORNIA CORRECTIONAL
HEALTH CARE SERVICES
HIRING EVENT
MAY 24 9AM - 6PM
MAY 25 8AM - 5PM
LEARN MORE >
EDE","(300, 250)"
"MC2® Pistols
OPTIC-READY.
CARRY-READY.
MC2c® Compact
14+1/16+1 Capacity
MC2sc
Micro-Compact
11+1/14+1 Capacity
LEARN MORE
MOSSBERGⓇ","(300, 600)"
"Top of the Food Chain
RISE, now the #1 selling
aftermarket AR trigger!
ARISE
TRIGGERS","(300, 250)"
"ALL BRANDS
ALL MODELS
ALL BUDGETS
Dec 550
M
MONOGRAM
VISIT OUR SHOWROOM
IN OWINGS MILLS!
9616 REISTERSTOWN RD. OWINGS MILLS, MD 21117
SHOP ONLINE
TOWN
APPLIANCE
-SINCE 1979-","(728, 90)"
"MedStar Health
Trusted by the Ravens
for more than 18 years.
B","(728, 90)"
"Royal Bangkok Symphony Orchestra R
RBSO
European Tour
2.0.2.3
May 18
Vienna
May 20
Munich
May 22
Paris","(300, 250)"
"(42)
(
II,
Royaura
CO-LINE
C
10% OFF 1st Order","(300, 250)"
"DREAM JOBS IN BASEBALL START HERE!
SPORTSMANAGEMENT WORLDWIDE
CLICK HERE TO
START TODAY!","(728, 90)"
"BBC
earth
Get face to face with nature
Watch Free
on YouTube.com/BBC Earth","(970, 250)"
"HAVANA
DX-
ONLY $7
YOUR FIRST MONTH
BONGD
BRB
MAYA
CONMEBOL
LIBERTADORES IN SPORTS
WATCH LIVE sling","(300, 250)"
"ONLY $7
YOUR FIRST MONTH
LIGUE 1
Uber Eats
18
beIN SPORTS
WATCH LIVE sling","(300, 250)"
"SUPPORT A
LOCAL CHURCH
GIVE THANKS
FOR MOM
Ovens
007
10
I'M HONORING
BY SUPPORTING
MY CHURCH
UMC
A
#I Give
UMC
LEARN
MORE","(970, 250)"
"Grow Your Savings with CD Specials
4.30% 4.25% First Fed
Member FDIC | Equal Housing Lender
*APY is Annual Percentage Yield
for 13 months
for 25 months","(728, 90)"
"We aspire to lower our
carbon emissions to net
zero by 2045 and help
others do the same.
See how
PUGET
PSE SOUND
ENERGY","(300, 250)"
"We aspire to lower our carbon emissions to net zero by 2045
and help others do the same.
See how
PUGET
PSE SOUND
ENERGY","(970, 90)"
"TEST YOUR WIT AND
3D PRINT TANUKI
SUBSCRIBE NOW
STUDIOS","(300, 600)"
"BENZINGA
TITANS
SPORTS BETTING SUMMIT & AWARDS
MAY 24 | 11 AM ET
INVEST IN THE GAME
REGISTER NOW
Join us virtually - and for free!","(970, 250)"
"PAHL.com
LECTRIC
VEHICLE SHOW
X
YYA
SAATNYA
BERALIH
MENGGUNAKAN
KENDARAAN
LISTRIK!
www.pewid.com
x","(300, 250)"
"welcome
MOVING TO THE BERKSHIRES? SPONSORED BY
CHECK OUT THESE LOCAL BUSINESSES!
Animal Inn of
The Berkshires
MAYTAG
LEARN MORE
neni The Berkshire Eagle Mike's
DIGITAL","(728, 90)"
"Excellence in
Health Care for
You and Your
Family.
CHP
COMMUNITY HEALTH PROGRAMS
healthy people families. communities","(728, 90)"
"580
N
Grey Day 2023
new balance","(300, 250)"
"START
3 Easy Steps:
1: Click ""Start""
2. Add MoviesToStream Extension
3: Find Out Where to Watch Movies and Shows!
MOVIES STREAM","(970, 90)"
"PROMACH
CAN WITH
CONFIDENCE
Carbonated or non-carbonated, hot
or cold, the ProFill V volumetric filler
cans your beverage with unmatched
consistency and accuracy.
ProFil 200v
ᎢᏥᏅᎢ
APOL
PERFORMANCE, PACKAGED
TECHNIBLEND
Helping Make Beverages to Serve the World","(970, 250)"
"II PROMACH
PERFORMANCE, PACKAGED
CAN WITH
CONFIDENCE
ProF 200v
Carbonated or non-carbonated, hot
or cold, the ProFill V volumetric filler
cans your beverage with unmatched
consistency and accuracy.
TECHNIBLEND
Helping Make Beverages to Serve the World","(300, 600)"
"B
novozymes
Biosolutions:
Fit for Life, Fit
for Food!","(300, 600)"
"Sotheby's
The
YES Collection
DUBAI 10 MAY - 7 JULY
LEARN MORE","(970, 250)"
"57 48 12 61 1
Wh
1.3 81
1/5 2
HAMMERHEAD
See the
road ahead.
SHOP KAROO 2","(300, 250)"
"SAVE ON ALL
CLOTHING
CCC
CINETTICA
T
UP TO 50%
OFF!","(970, 250)"
"VANGUARD
Vanguard VEO birding optics provide clarity,
ease of use, and unmatched value.
Click here to learn more!","(300, 250)"
"2? FREEQUIZGAMES
Which Squishmallow Are You?
START TEST","(336, 280)"
"G4
KEGS
KEG CONSULTANTS WHO CARE
ABOUT YOUR EXPERIENCE
GET A
QUOTE","(728, 90)"
"Prevu
Get Cash Back When
You Buy a Home
Learn More","(300, 250)"
"Office DEPOT.
Office Max
Achieve more with the right tools.
Solutions for you to stay connected
& collaborative.
Learn More","(970, 250)"
"Butler County
2022
FREE
Butler County, PA
Visitor Guide
Request your copy today!","(300, 250)"
"CHERISH YOUR
PHOTOS FOREVER
Mugs, puzzles,
coasters and more.
Order reprints
of your
favorite
photos and
more from the
Butler Eagle
photos.butlereagle.com","(300, 250)"
"Lutheran
SeniorLife
VNA Western
Pennsylvania
HIRING Visiting Nurses / RNs / LPNs
$6,000 Sign-on Bonus / Flexible Schedule / Vehicle Program Available
VNA.COM/ 724-720-9209
Lutheran SeniorLife and its affiliates are equal opportunity employers.","(728, 90)"
"CROWDSTRIKE
THE
MUST-READ
CYBERSECURITY
REPORT OF
THE YEAR
Learn the
Latest Trends
FALCON OVERWATCH
CASE STUDY
HIGH-EFFORT,
LIMITED RETURN
MUSHAN CYS
OPERATIONS
SUPPORTWA
WAR NUR","(300, 250)"
"Upgrade the SPEAKERS in your Camaro
CRUTCHFIELD Shop now","(728, 90)"
"Address critical
safety issues K-12
students face
SAFE AND SOUND
SCHOOLS
Download the
Full Report
Lightspeed SystemsⓇ
Safety, security, and equity. At the speed of light.","(970, 250)"
"KENWOOD
ESSENTIAL
COMMUNICATIONS
RELIABLE
SECURE
AFFORDABLE
BISPRICH
KENWOOD
TWO-WAY RADIOS
LEARN MORE ►","(300, 250)"
"2023 Campus
Safety
BEST
AWARDS.
SUBMISSION
DEADLINE: JUNE 2
APPLY NOW!
Campus Safety
BEST
2023","(300, 250)"
"WE CAN ALL EXPERIENCE
A DREAM RIDE
can-am","(728, 90)"
"elevar
therapeutics
2023 Elev Therapeutics
All rights reserved.
US-RIVO-23-0018 05/2003
See the #ElevarBigPicture at
#ASCO2023 in person or online
LEARN MORE >","(728, 90)"
"Exquisite
Hand Made Rugs
On Sale Now","(300, 600)"
"MARCH
SAVINGS!
CUSTOM
DESIGN BY
MILL END
Shops
40%FF
GRABER
WINDOW
TREATMENTS
BUY ONE,
GET ONE
50%F
HunterDouglas
SHADES!","(300, 250)"
"AMERICAS
CARDROOM
GET A
100%
BONUS
UP TO
$2,000
ON YOUR FIRST DEPOSIT
+","(160, 600)"
"AMERICAS
CARDROOM
GET A 100% BONUS
UP TO $2,000
ON YOUR FIRST DEPOSIT
+","(728, 90)"
"CROWDSTRIKE
Extend your
security team
with experts,
24/7.
Get the MDR Buyer's Guide >
MANAGED
DETECTION AND
RESPONSE (MOR)
BUYER'S GUIDE
BORDA
www","(160, 600)"
"LILICL TH
BE CAREFUL WHO YOU HATE.
IT COULD BE SOMEDINE YOU LOVE.
FLASH SALE
-UP TO-
OFF","(160, 600)"
"With
BEST-EVER
Benefits!
+90 MAX LV.UUMPING &
NEW Character Pre-Creation!
PLAY NOW","(300, 600)"
"THE ALL-NEW, ALL-ELECTRIC
NISSAN ARIYA
TEST DRIVE
NISSAN ELLICOT CITY
8569 BALTIMORE NATIONAL PIKE
ELLICOTT CITY, MD 21043
(410) 465-5550
NISSAN","(300, 250)"
"STREAM THE BEST
CARTOONS EVER!
BOOK
ERANG
START YOUR
FREE TRIAL","(970, 90)"
"It's the Newspaper
I Read Faithfully
POLITICS FEATURES BUSINESS EDUCATION
all from a Catholic Perspective
GET 6 ISSUES FREE REGISTER
NATIONAL CATHOLIC
REGISTE","(970, 250)"
"the SHEPHERD KING
The Life of David by Pat Robertson
GET YOUR AUDIOBOOK","(970, 90)"
"Alabama
Adventure
Annemet Park
SPLASH
Aderatury
New Park
Buy Tickets
Ready for some fun in
the sun?","(728, 90)"
"Alabama SPLASH
Adventure &
Amusement Park
Adventure
Water Park
Buy Tickets
Ready for some fun in
the sun?","(300, 250)"
"exp
REALTY
DAISY CARRILLO
TX Real Estate Agent
If you're ready to buy your
dream home,
CALL DAISY
CARRILLO,
powered by EXP Realty, today
LEARN
MORE","(728, 90)"
"STEVE
BRANNAN
ATTORNEY, P.C
11
4-k
""Call Me.""
432-333-4138","(300, 250)"
"CBS ORIGINAL
NCIS
SEASON FINALE MONDAY 918c
OCBS Paramount+","(300, 250)"
"CHRISTIAN MUSIC NEWS
DELIVERED TO YOUR
INBOX WEEKLY!
CCM
THIS WEEK
CLICK HERE TO
SIGN UP FOR FREE","(300, 250)"
"WIN A TRIP TO
NASHVILLE!
ONO
SOUNDS
RYMAN
HALTIME
SIGN UP AT:
CCM
MAGAZINE.COM","(300, 250)"
"SAY THANK YOU
TO DEPLOYED
TROOPS
OPERATION GRATITUDE","(300, 250)"
"0
DEXERTO
INFLUENCER & GAMING
NEWS
CLICK TO FOLLOW","(728, 90)"
"Make the
forest
part of
your
story.
DISCOVERtheFOREST.org
DOD
ad AS","(970, 250)"
"SK
hot tubs & swimspas
OKYVIEW
Our Biggest Hot Tub Sale in 35 years!
Save up to 30% off MSRP
Click here for more info","(300, 250)"
"PAST. PRESENT. PROUD.
LADILA
MUS
TELSE FOOTBALL CLUB","(970, 90)"
THE BRING YOUR BOOTS TOUR EXPERIENCE,"(970, 90)"
"Maintenance, on us.
You're welcome.
The 2023 Hyundai TUCSON.
It's your journey.
locate yours
hown.
HYUNDAI","(728, 90)"
"RIVERS
THE
CASINO
OFFICIAL CASINO
PARTNER OF THE CHICAGO BEARS","(300, 250)"
"RIVERS
CASINO
THE
OFFICIAL CASINO
PARTNER OF THE CHICAGO BEARS","(728, 90)"
"CABARET
ᏃᎪᏃᏫᏓ","(728, 90)"
"Must-attend events
VIP LIST and special promotions CHICAGO","(320, 50)"
"CHICAGO
MAGAZINE
Get the latest from
Chicagomag.com sent
to your inbox. Sign up for
our newsletters today!
Subscribe","(320, 50)"
"VIP LIST
Must-attend events and
special promotions
CHICAGO
JOIN THE
PARTY NOW!","(728, 90)"
"CHICAGO
MAGAZINE
Get the latest from Chicagomag.com
sent to your inbox. Sign up for our
newsletters today!
Subscribe","(728, 90)"
"VIP LIST
Must-attend events
and special promotions
JOIN THE PARTY NOW!
CHICAGO
MAGATINE","(300, 250)"
"20 RAM 1500
23
BIG HORN CREW CAB
4X4 5'7"" BOX
RECEIVE
$6,000
CASH ALLOWANCE
CLICK HERE FOR MORE INFO
RAMO
Memorial Day
SALES EVENT
CHRYSLER
DODGE Jeep
RAM
RED BLUFF
DODGE
545 Adobe Road, Red Bluff | 530.366.3166
www.RedBluff Dodge.com","(970, 250)"
"OFFICIAL STORAGE
PROVIDER
Rent A Unit Today!
Storage Mart","(728, 90)"
"2024
SUPER BOWL
LAS VEGAS
ALL THE ACCESS. ALL THE EXPERIENCES.
ALL YOURS. GUARANTEED.
PLACE DEPOSIT
INFL
OCATION.
ON LOCA
MIKIL","(728, 90)"
"GSPANN
Se Selenium
Vs
cypress
Which Test
Automation
Tool Works
Best for You?
Top 10 Test
Automation Tools
Compared
Learn More","(160, 600)"
"MASTER OF
DIVINITY
Online & Hybrid Delivery
ra
LEARN MORE!
LANCASTER BIBLE COLLEGE
CAPITAL SEMINARY & GRADUATE SCHOOL","(728, 90)"
"f
STUDENT LIFE
APPLICATION STUDY BIBLE
27,000+ IN-PRINT & IN-APP STUDY NOTES!
SLASB.COM","(728, 90)"
"GO MAKE DISCIPLES
WE ARE TO BE ABOUT FULFILLING
THE GREAT COMMISSION, FOR IT
IS THE HEARTBEAT OF OUR LORD.
DANNY AKIN, PRESIDENT
S
Baptist Theological Seminary","(300, 250)"
"IRISH STAR
NEWS
SPORT
CULTURE
ENTERTAINMENT
VISIT NOW >>>","(300, 250)"
"M
www
HARGIN
SPE
Pant
EZWORTE3TREZ CANADEZING SUAM
TELEV
FURTROUGATT
CINEMATIC TIMELAPSE
WITH DREW GERACI
Mzed by","(970, 250)"
"MARS 4K
A 4K Wireless Video Transmission System
MARS-K
HOLLYLAND
4K
Ⓒ
AK","(300, 250)"
"flexcolor
New technologies,
profound effects.
0000
Flexolo
courth
flexoolor
NEX
FOMEX","(300, 600)"
"HOME
OWNERSHIP.
No longer just
a dream.
A fair & equitable gaming
compact will continue
to provide homes in WNY.
LEARN MORE
#STAND
WITH
SENECA","(300, 600)"
"HERE FOR ANYONE.
SAFER FOR EVERYONE.
PARKER Parker Jewish Institute
TUTO
HEALTH CARE AND REHABILITATION
LEARN MORE
877-727-5373 | parkerinstitute.org","(300, 250)"
"The Seneca Nation spends over
$502 million annually with more
than 6,500 businesses
#STANDWITHSENECA
LEARN
MORE","(970, 250)"
"ALL NEW MEMBERS GET
$20-$1,000
FREE PLAY!
TURFWAY
=Park=
RACING & GAMING
LEARN MORE
Warralder.Gambling problem? Call 1-800-MELER
NEWPORT
RACING & GAMING","(970, 250)"
"YOU CAN BET ON
C OUR COVERAGE.
CLAY
SISLAND
C
SIGN
UP
C
SLAVE
Stay up to date
with the Guardians.
Get the latest team news delivered to your inbox.","(300, 250)"
"LAME
ENTER TO WIN
$1,000 IN CASH
FROM Allied One Property Maintenance. Contest ends 5/31 >>> ENTER TODAY <<<
Allied One
PROPERTY MAINTENANCE
AVAILABLE 24/7","(728, 90)"
"Live TRIUMPHantly.
Tune in to WDIV-TV 4 this Sunday at 11:30am.
TRIUMPH
CLICK HERE","(728, 90)"
"Disney
THE
LITTLE
MERMAID
IN CINEMAS
MAY 24
BOOK TICKETS NOW
€2023 Diney","(970, 250)"
"02023 Cny
Disney
THE
LITTLE
MERMAID
IN CINEMAS MAY 24
BOOK TICKETS NOW","(300, 600)"
"AIM
REATION BEVES OF MAINTANCE
Aviation
Mechanic
Training","(160, 600)"
"DALI'S DRAWINGS
WHERE
IDEAS
COME FROM
Now at The Dalí","(300, 250)"
"Angi
Your home for
everything home.
Find Pros Now
27-0","(300, 250)"
"ContentLab
Write Code or write
Content Marketing?","(300, 250)"
"Go Digital and SAVE!
One year (12 monthly DIGITAL EDITION issues) of Coin World for only $19.99! SUBSCRIBE NOW","(728, 90)"
"INFL
THE COLTS SCHEDULE IS HERE.
SCHEDULE SCORE TICKETS AT TICKETMASTER. t Buy Tickets
t/
Buy or sell tickets at the Official Marketplace of the NFL.
23","(728, 90)"
"Euge
TONS OF
TRUCKS
May 24 | 4-7 p.m.
Columbia Mall Parking Lot
This event is Columbia
coordinated by:
Click here for more info","(728, 90)"
"Digital tools so impressive,
you just can't stop banking.
$25.00
DONE
BANK OF AMERICA
Learn more
Member FDIC","(728, 90)"
"5G Plus
One family. One home.
Then why multiple mobile recharges?
Get 2 SIMs at *599
Airtel
Family
Plan","(728, 90)"
"5GPlus
Family of 2?
Airtel Family Plan is for you
Get 2 SIMs at 599
TC Apply Femal, siswa baru bela/tous-conditions","(728, 90)"
"5GPlus
Family of 2?
Airtel Family Plan
is for you
Get 2 SIMs at €599
THC Apply For orcare alatalla, which mulirta Lin/remikallio, /'on armar un","(300, 250)"
"5G Plus
One family. One home.
Then why multiple mobile recharges?
Get 2 SIMs at *599
Airtel
Family
Plan","(970, 90)"
"Ultimate loT implementation
guide for businesses
ComputerWeekly.com
DOWNLOAD","(728, 90)"
"IRWIN View All Special Offers at:
www.irwinzone.com
603-524-4922
AUTOMOTIVE GROUP
HYUNDAI
TOYOTA
Super
SPRING TRADE IN","(728, 90)"
"MOVING? We'll help you plan
your next steps
Expert
packing
& crating
Learn More
Daniels
MOVING SPECIALISTS
When Your Move Counts, Count on Us!","(300, 250)"
"Learn to code your very own mods on
MINECRAFT
Then bring them to life with our
Beginner friendly code editor
CK","(300, 250)"
"€
Centric
Six Steps to Improve
Document Management
SPREADT
Learn More 0%","(728, 90)"
"CORROSIONPEDIA™
Join 13K
industry professionals.
Sign up to the Best of
Corrosionpedia newsletter!
Subscribe today >>","(300, 600)"
"CORROSIONPEDIA™
Join 13K
industry professionals.
Sign up to the Best of
Corrosionpedia newsletter!
Subscribe today >>","(728, 90)"
"letzshop
shop now
Be
1
h1 minut
hair mu
2007.44 11
PUGAZA
unbox
vour
beauty","(970, 250)"
"HOLY CITY
HVAC &
PLUMBING
111----
We provide solutions for every season.
EPA-CERTIFIED PROFESSIONALS
PRIORITY SAME-DAY SERVICE
LIFETIME WARRANTY ON REPAIRS
CALL US TODAY 843-580-1238","(970, 250)"
"CPA
Practice Advisor
The Technology Lab Podcast
Featuring Randy Johnston and Brian Tankersley
Listen Now","(970, 90)"
"GRAND CANYON
TRUST
Dedicated to protecting
the Grand Canyon and
the Colorado Plateau for
future generations
LEARN MORE","(300, 600)"
"Helping Michigan
businesses thrive
for 100 years.
YEO & YEO","(300, 250)"
"We are business
success partners.
CPAS & ADVISORS
TECHNOLOGY
MEDICAL BILLING
& CONSULTING
WEALTH MANAGEMENT
YEO & YEO","(300, 600)"
"Hunt down ransomware.
Proactively secure your
backups with Tigris.
LEARN HOW
asigra","(728, 90)"
"P
FULL PLATE
Your go-to destination for
all things culinary in our state!
Cook. Watch. Listen. Grow.
Sign Up for Our
Foodie Newsletter!","(300, 250)"
"돈을
YNDI
de New Episodes Now Streaming","(300, 250)"
"MEL
TRENTA 3K CARBON Mips AIR
The most advanced road cycling helmet
we have ever made.
Upgraded.
Get Air
MET
Tadej Pogačar 2 times winner of Le Tour de France.","(970, 250)"
"ROEDE
NED I VEKT & BLI DER
98%
LYKKES
hos ROEDE
BLI MEDLEM","(160, 600)"
"Column
Submit your public notices in just a few clicks
https://dailycalifornian.column.us/place","(970, 90)"
"NCH
NORTHBROOK CHAMBER
ANNUAL GOLF OUTING
& DINNER
Presented by First Bank Chicago
Friday, June 9, 2023
Heritage Oaks Golf Club
Register at
northbrookchamber.org","(300, 250)"
"POWER UP 3.50PY
YOUR SAVINGS!
POWER Savings Account
$10,000 Minimum
FRANKLIN MINT
FEDERAL CREDIT UNION
The Credit Union of
Learn More","(320, 50)"
"POWER UP
YOUR SAVINGS!
3.50%PY*
O
POWER Savings Account
$10,000 Minimum
Learn More
FRANKLIN MINT
FEDERAL CREDIT UNION
The Credit Union of Choice!
*Annual Percentage Yield (APY) accurate as of 3/13/23.
Membership eligibility applies. Federally insured by NCUA.","(300, 600)"
"POWER UP
YOUR SAVINGS!
%
3.50 APY*
POWER Savings Account $10,000 Minimum
Learn More
FRANKLIN MINT
FEDERAL CREDIT UNION
The Credit Union of Choice!
O
*Annual Percentage Yield (APY) accurate as of 3/13/23.
Membership eligibility applies. Federally insured by NCUA.","(300, 250)"
"Daily Mail
Did That Just
Happen?!
NEW EPISODE EVERY DAY
LIKE ON FACEBOOK WATCH ►
——","(970, 250)"
"The Bodacious Bazaar
June 2-4
Hampton Roads
Convention Center
Over 200 Vendors,
Artists, Crafters
THE
Bodacious
BAZAAR","(300, 250)"
"DALLAS COWBOYS
RHYTHM & BLUE
innovative
unique
eaching
entertaining
COWBO
CO BOYS
GET THAT GAME DAY
ENERGY AT YOUR NEXT EVENT!
BOOK DALLAS COWBOYS RHYTHM & BLUE TODAY
DALLAS COWBOYS
RHYTHM
RECEGREE
00
R
RENG
F
JOOOOO
100002
TOODE
TORONTO
CENT
DURER
m
=
POKUS
D
KU
333333
BIL
NE
33333","(300, 600)"
"0888
818.co
www.
* 8.8
www.
****
8:88
BD DD
BD DD
888
888
A
RENOWNED POWER MEETS
REVOLUTIONARY INTELLIGENCE
LEARN HOW
Server
Technology.
A brand of Dingd","(728, 90)"
"Server
Technology.
RENOWNED POWER
MEETS
REVOLUTIONARY
INTELLIGENCE
LEARN HOW","(300, 250)"
"Veteran Owned
Free Estimates
Military discount available
937-673-1661
QUALITY
WATERPROOFING OD
Serving Dayton
for over 17 years!
BBB
ACCREDITED
BUSINESS","(300, 250)"
"WINE FOOD. MUSIC
FLEURS
DE FÊTE
at Carillon Park
MAY 21
1:00PM - 4:00PM
FLEURS DEFETE.COM","(300, 250)"
"מגן דוד
MAGEN
DAVID
ADOM
DITX
Savings. It's in our blood.
Support Israel's fastest
lifesaving service.
Donate Now
→","(300, 250)"
"T
ROSELINLIN
FREE SHIPPING
-2","(970, 250)"
"POWER UP 3.50%PY*
YOUR SAVINGS!
POWER Savings Account
$10,000 Minimum
Learn
More
O
FRANKLIN MINT
FEDERAL CREDIT UNION
The Credit Union of Choice!
*Annual Percentage Yield (APY) accurate as
of 3/13/23. Membership eligibility applies.
Federally insured by NCUA.","(728, 90)"
"SIGN UP
TO RECEIVE TEXT UPDATES
FROM THE DENVER BRONCOS!
STANDARD EME AND DATABATAA MAY APPLY
Con
Special offers
and so much more!","(300, 250)"
"A big sale for your
ûdemy big opportunity
With savings up to 85% on courses, it's
the right time for the right skills and you.
Shop the sale","(728, 90)"
"Step 1:
ENTER
PHONE
NUMBER
Step 2:
See Name,
Current Location,
Photos & More!
Example: (617) 555-1234
TRACE
FastSearchFind.com","(728, 90)"
"ACADEMY of ART
UNIVERSITY
2023
SPRING
SHOW
RSVP NOW!","(970, 250)"
"DILE A LOS TUYOS
QUE AHORREN LAS
REMESAS QUE RECIBEN
Y PARTICIPEN PARA
GANAR EL DOBLE DE
SUS AHORROS EN
BANCO VIMENCA
Banco
Vimenca
Western
Union
Vimenca","(160, 600)"
"SARGENTO
SARGENTO
THE BLE
WHOLE MILH
MOZZARELLA
B & C
REAL CHEESE
BRINGS GREAT
HAPPINESS
GET RECIPE","(300, 600)"
"DRIVEN
DIESEL
DODGE FAN CLUTCH ACCELERATOR SWITCH
FOR '03-'07 5.9L MANUAL TRANSMISSION & 075-20 AUTO OR MANUAL TRANSMISSION
GET YOURS
TODAY!
STRICTLYDIESEL.COM
ENGAGE YOUR
AT
COOLING FANALE
FLICK OF A SWITCH
THE
OLDOGO
Strictly
DIESEL
ID
DRIVEN DIESEL","(300, 250)"
"XR SERIES TURBOS
DROP-IN REPLACEMENT
UPGRADE TURBOCHARGERS TURBOCHARGERS
CUMMINS | POWER STROKE | DURAMAX
SERIES
INDUSTRIAL
INJECTION","(300, 250)"
"100%
USA MADE
RIFFRAFF DIESEL HPOP BILLET
RESERVOIR COVER 99-03 7.3L
PERFECTING YOUR
POWERSTROKE
TM","(300, 250)"
"TOWING DOMINANCE
ROADIAN ATX
NEXN
NEXEN TIRE
we got you","(300, 250)"
"LUMIX S5IIx
LUMIX
wwx
5.8K BlackMagic RAW
ProRes RAW
All-Intra Internal
SSD Recording
SHOP NOW >
BUNDLE & SAVE
SAVE $400
on S Series Lenses
with purchase of SSM2X or SSM2","(728, 90)"
"Join the
Celebration
Learn More
25
DISNEY CRUISE LINE
©Disney","(300, 600)"
"Ⓒ2029 MARVEL
MARVESTAS
GUARDIANS
THE GALAXY
OF
VOLS
COMPORT
ALL-NEW SOUNDTRACK OUT NOW
AVAILABLE ON 2-LP VINYL AT
DISNEY MUSIC EMPORIUM
FILM NOW IN THEATERS","(728, 90)"
"D
D
Dividend.com
High-Yield
Powerhouse:
Why This
Energy MLP is
a Must-Have in
Your Dividend
Portfolio
LEARN MORE ▸","(300, 600)"
"ZHIYUN
MOLUS X100
Rivals even Heavier Cinematic
Lights/Impressive Feat
NAB2022
Best of Show
CAMERA JABBER","(728, 90)"
"EW-DP
Production sound.
simplified.
Learn More
SENNHEISER","(300, 250)"
"TUPEL
PUBLIC SCHOOL DISTRICT
tupeloschools.com","(300, 250)"
"S
D
E
E
T
THI
U
May 203
EST
SUB
SUBSCRIBE NOW
D
WHY WE LOVE THE
SUBURBS
HEW
PLUS
OROTOROTOS
20000220
D.
CONCO
PLUS
WHY WE LOVE THE
SUBURBS
********
www","(970, 250)"
"D
Our stories carry weight.
Subscribe Now","(728, 90)"
"TANG SUV
med Executive pack
spar kr. 92.000
ED 28541
34D
Les mer
ED
KAMPANJE-
DAGER","(300, 600)"
"Fuel the lip licking fun!
Veterinarian Recommended, Dog Approved
DOGSTERS
ACUPS
A
DOGSTERS
ACUPS
COUNCEN
DOGSTERS","(728, 90)"
"A short walk goes a long
way for your health
N","(728, 90)"
"SAVE
UP TO 32%
WITH
BIGGER MEAL
DEALS
& BETTER
Camile","(728, 90)"
"3D
PRINTING
E
Upload. Quote. Order. Ship.
Learn More
Digi-Key","(728, 90)"
"1st Grade
2nd Grade
3rd Grade
4th Grade
5th Grade
6th Grade
7th Grade
8th Grade
High School
AdaptedMind","(728, 90)"
"125
GENERAL
PALMER Hotel
YEARS
CELEBRATING 125 YEARS
Saturday May 20th - 11AM - 3PM
500 BLOCK of Main
CLICK HERE FOR MORE INFORMATION","(300, 250)"
"FUPERLY
Custom Homes Designed and Delivered Worldwide
5
NO
A Lindal
CEDAR HOMES","(728, 90)"
"INNOKIN ENDURA S1
Built To Endure
10","(970, 250)"
"Advance
your career
with a
certificate
from
Harvard
Business
School
Online
Learn More →","(300, 250)"
"CARPET TILE* VINYL
HARDWOOD
RESIDENTIAL & COMMERCIAL
HEATICA
is
Turning
a house into
a home -
one room
at a time
HASTINGS Family owned
Floor Covering
since 1976
919 Salem St. Groveland, MA 978-521-8848
www.hastingsfloor.com","(300, 250)"
"ACOUSTICS
5040
Ahead of the curve.
SHOP NOW","(300, 250)"
"WAGO
PCB TERMINAL BLOCKS
& CONNECTORS
For Power Electronics
DETI
0000
Request a
sample!","(300, 250)"
"VE
Earn a
certificate from
108: 120 100
Harvard
Business
School
Online
42% of learners got an average
$17K increase in pay
Learn More →","(300, 600)"
"FULL TIME JOBS
PART TIME JOBS
IMMEDIATE HIRE
ENTRY LEVEL JOBS
HigherIncome Jobs","(728, 90)"
"POWERUP
VIRTUAL EXPO
A ROADMAP TO NEXT-GENERATION
Power Electronics
Design
June 27-29, 2023
POWER
ELECTRONICS NEWS
EE Times
REGISTER","(300, 250)"
"POWERUP
VIRTUAL EXPO
WIDE-BANDGAP SEMICONDUCTORS:
The Golden Age of
Power Electronics
June 27-29, 2023
POWER
ELECTRONICS NEWS
EE Times
REGISTER","(300, 250)"
"THE
INTRODUCING
BODIES
PRESENTED BY
ISSUE
Exploring the ways we care for our
bodies and all they can do
EXPLORE NOW","(970, 250)"
"Join Our Free Webinar
Why FPGA is the Best Platform for
Deployment
of Machine Learning
on the Edge from
Applications
Smart Cities to Space
June 6, 2023 (Tue)
MICROCHIP
WG","(300, 250)"
"POWERUP
VIRTUAL EXPO
A ROADMAP TO
NEXT-GENERATION
Power
Electronics
Design
June 27-29, 2023
POWER
ELECTRONICS NEWS
EE Times
2
REGISTER NOW","(300, 600)"
"ELECTRONICS NEWS
POWERUP
A ROADMAP TO NEXT-GENERATION
Power Electronics Design
June 27-29, 2023
EETimes
VIRTUAL EXPO
REGISTER NOW","(970, 250)"
"Sealy
SAVE UP TO
$500*
on select adjustable mattress sets
TEMPUR-PEDIC
SAVE UP TO
$500*
on select adjustable mattress sets
STEARNS
& FOSTER
SAVE UP TO
$800*
on select adjustable mattress sets
BUY NOW
MATTRESS
EL PASO & LAS CRUCES
RM
Thank You For Buying Local For 25 Years","(728, 90)"
"EMS1
ACADEMY
EMS1 Academy has one
of the easiest custom
course-building tools I
have ever used. We use
it regularly with very
good results. It has
really stepped up our
personnel in-house
quality training.
- Steven Murphy
Training Division Manager
East Baton Rouge Parish (LA) EMS
LEARN MORE","(300, 600)"
"Offer Same-Day
Delivery on
Shopify
Try it Free
In
OneRail","(300, 250)"
"""Doing something new.
That's the adventure.""
Adventurer, Naomi Uemura
Keep Going Forward
XPROSPEX
DE
...10
...20
SEIKO
SINCE 1881","(300, 600)"
"Ignore real-time Al
and customers will do
the same to you.
Our vector database is
AI-ready and proven at scale.
DATASTAX","(300, 250)"
"All-new marketers.
All-new stories.
All-new season.
SEASON 5
the
Current LISTEN NOW
PODCAST","(300, 250)"
"Can Read/
BOOK
CLUB
I Can Read! 1
Pete the Cat
GOES CAMPING
BAC
HSIMA
The BOOK CLUB
for EARLY READERS
50% OFF
5 BOOKS
TO START
JOIN TODAY
USE CODE READ50","(300, 250)"
"audible
The
home of
story
telling
Listen now
DAISY JONES
& THE SIX
TAYLOR JENKINS RED","(300, 250)"
"Hands full? Go hands free.
""Alexa, turn on the lights""
alexa
Shop now","(300, 250)"
"AIM
AVIATION INSTITUTE OF MAINTENANCE
Aviation Maintenance
Training","(728, 90)"
"Pay it forward to 5.05%
future you with up to
""Annual Percentage Yield
START HERE
First Tech
federal credit union
Insured by NCUA","(728, 90)"
"[NEWSNATION]
NEWS FOR ALL AMERICA
NEWSNATION IS A PLACE THAT
PEOPLE CAN
TRUST
WE'RE BEING STRAIGHT WITH THEM.
- DAN ABRAMS
99
TO FIND NEWSNATION
CLICK HERE","(728, 90)"
"AIM
AVIATION INSTITUTE OF MAINTENANCE
Aviation Mechanic
Training","(728, 90)"
"[NEWSNATION]
NEWS FOR ALL AMERICA
66
TRUST
IS SOMETHING YOU EARN OVER
TIME, BUT IT'S SOMETHING YOU
ALSO EARN EVERY NIGHT.
- ELIZABETH VARGAS ⁹⁹
TO FIND NEWSNATION
CLICK HERE
THE TEC","(728, 90)"
"[NEWSNATION]
NEWS FOR ALL AMERICA
TRUST
THAT'S WHAT IS
NEEDED AND CRAVED.
THAT'S WHY NEWSNATION
IS GETTING TRACTION.
- CHRIS
CUOMO
99
TO FIND NEWSNATION
CLICK HERE","(300, 250)"
"[NEWSNATION]
NEWS FOR ALL AMERICA
TRUST
THAT'S WHAT IS NEEDED AND CRAVED.
THAT'S WHY NEWSNATION IS
GETTING TRACTION.
- CHRIS CUOMO
TO FIND NEWSNATION
CLICK HERE","(728, 90)"
"AIM
REATION BEVES OF MAINTANCE
Aviation
Maintenance
Training","(160, 600)"
"CATCH LIVE
COLLEGE BASEBALL.
Stream live games of your favorite teams.
DOWNLOAD THE APP >
VARSITY
NETWORK-
POWERED BY LEARFIELD","(728, 90)"
"(
HERO
WARS
0
TRY NOW","(300, 250)"
"Capital One Shopping
Promo Codes AVAILABLE
Get FREE promo codes
automatically applied at checkout.
SEE FREE CODES
The coupon-finding browser extension","(970, 250)"
"PROMO CODES AVAILABLE
I
SEE CODES
Capital Shopping
The Coupon-Finding
Browser Extension","(728, 90)"
"HERO
WARS
YOU HAVE ONLY
2 MOVES
IS ALIE
TRY","(300, 250)"
"Michelob
ULTRA
ORDER ULTRA NOW
ENJOY RESPONSIBLY
2025 Anheuser-Quich, Michalob Ultra Light Beer, St. Louis, MO
28 CAR
95 CA
28 CAR
95 CA
28 CARS
95 CA
28 CARS
95 CAL
28 CAR
95 CA","(728, 90)"
"CATCH LIVE
COLLEGE BASEBALL.
Stream live games of your favorite teams.
DOWNLOAD THE APP >
VARSITY
-NETWORK-
POWERED BY LEARFIELD","(970, 90)"
"Hefty STAY ONE STEP
AHEAD OF STINKY
Hefty","(728, 90)"
"Streamline Your Team's
File Sharing and Collaboration
S ShareFile
Buy Now","(728, 90)"
"Capital One
Shopping
Coupon codes found!
Capital One Shopping is a free
browser extension that applies
coupon codes in seconds.
Apply Codes","(970, 250)"
"[NEWSNATION]
NEWS FOR ALL AMERICA
THIS IS A PLACE WHERE
YOU ARE GOING TO
TRUST
WHAT YOU HEAR.
- ASHLEIGH ⁹⁹
BANFIELD
TO FIND NEWSNATION
CLICK HERE","(300, 250)"
"HOW TO LOOT.
ORGGGGG
See
25
100
TRY
50
HERO
WARS
1Q:155","(300, 250)"
"online components.com
ALWAYS
COUNTED ON.
BUY ONLINE","(728, 90)"
"RIDE OR DIE
FAST
IN THEATERS
NOW","(970, 250)"
"CLICK!
Hefty
CONFIDENCE
CLOSE
WITH
Hefty
SLIDER
BAGS","(300, 250)"
"ACE HOTEL NEW ORLEANS
WITH MORE OOMPH","(728, 90)"
"[NEWSNATION]
NEWS FOR ALL AMERICA
66
TO BE PART OF
NEWSNATION IS A
PRIVILEGE, AND THE
TRUST
OF OUR VIEWERS IS
HARD TO EARN.
99
- LELAND
VITTERT
TO FIND NEWSNATION
CLICK HERE","(300, 250)"
"Astrology Answers
CHOOSE
YOUR SIGN
TO SEE WHAT IS COMING NEXT
3
ARIES
LIBRA
TAURUS
SCORPIO
GEMINI
CANCER
SAGITTARIUS CAPRICORN
LEO
(2₂)
AQUARIUS
VIRGO
PISCES","(970, 250)"
"CATCH LIVE
COLLEGE BASEBALL.
Stream live games of
your favorite teams.
✔ DOWNLOAD THE APP >
VARSITY
NETWORK
POWERED BY LEARFIELD","(300, 250)"
"FAST
IN THEATERS
NOW","(300, 250)"
"HERO
WARS
YOU HAVE ONLY
2 MOVES
O
18:155
TRY","(970, 250)"
"SHEIN
WEAR YOUR WONDERFUL
***
***
000
Free Return
SHOW OFF
YOUR STYLE
SHOP
NOW >","(728, 90)"
"Need a Coupon?
Get Now
Coupert","(970, 250)"
"ONEWHEEL
TREAT
YOURSELF
Destroy Boredom
Shop Now
GT","(300, 600)"
"CLICK!
Hefty CLOSE
WITH
CONFIDENCE
Hefty
SLIDER
BAGS","(300, 250)"
"[NEWSNATION]
NEWS FOR ALL AMERICA
THIS IS A PLACE WHERE
YOU ARE GOING TO
TRUST
WHAT YOU HEAR.
- ASHLEIGH BANFIELD ⁹⁹
TO FIND NEWSNATION
CLICK HERE","(728, 90)"
"[NEWSNATION]
NEWS FOR ALL AMERICA
66
TO BE PART OF NEWSNATION IS A
PRIVILEGE, AND THE
TRUST
OF OUR VIEWERS IS HARD TO EARN.
99
- LELAND VITTERT
.
TO FIND NEWSNATION
CLICK HERE","(728, 90)"
"WHO'S TARGETING YOU?
CROWDSTRIKE
Read the Latest
Cybersecurity Trends","(728, 90)"
"AIM
Aviation
Mechanic
Training","(300, 250)"
"Capital One Shopping
The coupon-finding
browser extension
Promo Codes AVAILABLE
SEE FREE CODES
Get FREE promo codes automatically applied at checkout.","(728, 90)"
"CASUAL
ICON
grand
theft
AUGO
San Andreas
MINECRAF
RACK
OO","(970, 90)"
"grand
theft
auto
2 San Andreas
10
MINECRAFT
BAS","(728, 90)"
"AIM
Aviation
Maintenance
Training","(300, 250)"
"Hefty
STAY
ONE STEP
AHEAD OF
STINKY
Hefty","(300, 250)"
"CATCH LIVE
COLLEGE SOFTBALL.
Stream live games of your favorite teams.
DOWNLOAD THE APP >
VARSITY
-NETWORK-
POWERED BY LEARFIELD","(970, 90)"
"Xfifteen
when milliseconds count.
20
SHOEI
SHOEI","(300, 250)"
"SHOEI
SHOE
X-fifteen
when milliseconds count.","(728, 90)"
"HISTORIC HEART. MODERN BEAT.
""IF I CAN DO IT,
CAN
YOU DO IT.""
-W.C., A GED GRADUATE","(728, 90)"
"1.
2.
3.
Continue
We Provide Digital Marketing
Services
Save up to 40% on Combo Packages
Contact Us and Get Quote
www.mbryolay.online","(300, 250)"
"AIM
RATION TIVES OF MAINTENANCE
Aviation
Mechanic
Training","(300, 600)"
"[NEWSNATION]
NEWS FOR ALL AMERICA
66
NEWSNATION IS A PLACE
THAT PEOPLE CAN
TRUST
WE'RE BEING
STRAIGHT WITH THEM.
99
- DAN
ABRAMS
TO FIND NEWSNATION
CLICK HERE","(300, 250)"
"PROMO CODES
AVAILABLE
SEE CODES
Capitale Shopping
The Coupon-Finding
Browser Extension
I
I
I","(336, 280)"
"styra
Accelerate Secure Infra Deployments
Use the broadest Authz policy library for Kubernetes, Terraform and CloudFormation.
LEARN MORE >","(728, 90)"
"CATCH LIVE
COLLEGE SOFTBALL.
Stream live games of your favorite teams.
DOWNLOAD THE APP >
VARSITY
NETWORK-
POWERED BY LEARFIELD","(728, 90)"
"PROMO CODES AVAILABLE
The coupon-finding browser extension
SEE FREE CODES
Capital One Shopping","(970, 90)"
"RIDE
OR DIE
FAST
IN THEATERS
NOW","(300, 600)"
"ADVANTAGE
HOME CURRENT SPECIALS
CONTRACTING
The Leader in Home Repairs & Project
ARE YOU
CONSIDERING
ADDING AN ADDITION,
A GARAGE OR
A SUN ROOM
TO YOUR HOME?","(300, 250)"
"Tomato and Eggs Is the Flavor of
Home for This Food Ethnographer
READ MORE
ON EATER >>>","(728, 90)"
"TRUE
CRIME
BYLINE
Available Now!
Hear from the dogged reporters who hit the street,
spoke to witnesses and got to know victims' families.
LISTEN NOW
ANTICA
P POSTMEDIA
He","(970, 250)"
"Start
1. Click on ""Start""
2. Activate your account
3. Access your content
Movies
Series
Sports Fitness
find it on alldigimedia.com","(970, 90)"
"ReynoldsKITCHENS
Butcher Paper
with slide cutter
PERFECT FOR
SMOKERS
SMOKE MEATS
LIKE A PRO","(336, 280)"
"X SAVE 20%
ON AASHLEY FURNITURE
EXCHANGE
ALL
NO
SALES TAX!
SHOP NOW","(728, 90)"
"Streamline Your Team's File Sharing
and Collaboration with ShareFile
Make it easy to securely upload and download files,
set up custom permissions, and integrate with your
favorite productivity tools.
S ShareFile
Buy Now","(970, 250)"
"B
TERKSCE
grand
theft
San Andreas
MINECRAFT
OO","(970, 90)"
"CROWDSTRIKE
NOWHERE
TO HIDE
2022
Falcon
OverWatch
Threat Hunting
Report
y
LA
s
Get the Report","(300, 250)"
"2023
Developer
Survey
Calling all who code.
Take the survey","(300, 250)"
"---
GET UP TO 30% OFF
SELECT APPLIANCES
Shop Now
THE
DEPOT
HOME","(300, 250)"
Distinguish yourself as a leader,"(728, 90)"
"EASY COOK.
EASY CLEAN.
FOIL MADE IN USA
EASY PREP. EASY COOK. EASY CLEAN.
HEAVY
DUTY","(728, 90)"
"Every Kid. Healthy Food.
Every Day.
LEARN MORE
NO KID
HUNGRY","(728, 90)"
"AM
Aviation
Maintenance
Training","(300, 250)"
"THE
INTRODUCING
BODIES
PRESENTED BY
EXPLORE NOW
ISSUE","(300, 250)"
"CLICK!
Hefty
CONFIDENCE
2004
AHAL
CLOSE
WITH
Hefty
SLIDER
BAGS","(160, 600)"
"SHEIN
SHOP NOW
FREE RETURN
COAST
A A M","(728, 90)"
"THE
INTRODUCING
BODIES
PRESENTED BY
ISSUE
Exploring the ways we
care for our bodies and all
they can do
EXPLORE NOW","(300, 600)"
"School of PE
START PREPARING
FOR YOUR
FE EXAM
NOW!
WWW.SCHOOLOFPE.COM","(300, 250)"
"vizlib
Add Visual Power
to your Qlik Sense apps
Start a
Free Trial","(728, 90)"
"[NEWSNATION]
NEWS FOR ALL AMERICA
66
TRUST
IS SOMETHING YOU EARN
OVER TIME, BUT IT'S
SOMETHING
YOU ALSO
EARN EVERY NIGHT.
- ELIZABETH
VARGAS
TO FIND NEWSNATION
CLICK HERE","(300, 250)"
"Hisense
tover
#LivingGreen
with Hisense L/SER TV 4K
Hisense Laser TV with low energy consumption.
92,3% recyclability rate.
Learn more","(300, 600)"
"ARIES
Astrology Answers CHOOSE YOUR SIGN TO SEE WHAT IS COMING NEXT
TAURUS
GEMINI
CANCER
LEO
VIRGO
LIBRA
SCORPIO SAGITTARIUS CAPRICORN
Ja
AQUARIUS
bod
20
PISCES","(728, 90)"
"★2023★
CHOICE
THE OFFICIAL
AWARDS
Tri State's Best
B
NOMINATE YOUR FAVORITE BUSINESSES!
YOU COULD WIN $250! NOMINATE NOW
(632)
CITID
LATAYE","(970, 250)"
"Every Kid.
Healthy Food.
Every Day.
LEARN MORE
NO KID
HUNGRY","(300, 250)"
"Tomato and Eggs Is the
Flavor of Home for This
Food Ethnographer
READ MORE ON EATER >>
AMERICAN BORN
CHINESE
Dianept","(300, 600)"
"Free trial
Enterprise-caliber
IT service desk software
ManageEngine
ServiceDesk Plus
Learn more","(728, 90)"
"PROMO CODES
AVAILABLE
SEE FREE CODES
Capital One Shopping
The coupon-finding
browser extension","(300, 600)"
"CLOSERS
PLAY NOW
With
BEST-EVER
Benefits!
LAST Call!
+90 MAX Lv. JUMPING &
NEW Character Pre-Creation!","(728, 90)"
"JOQO
IT service desk software
for your digital enterprise
ManageEngine
Service Desk Plus
Learn more","(728, 90)"
"GOLF
GALAXY
Better
Your
Best
Improve Your Game Today LEARN MORE","(300, 250)"
"People News+
Don't Miss Out on
Breaking Stories
& Content You Love
Plus lots
more!
FOLLOW US ON APPLE NEWS →
Barbof","(300, 250)"
"1116
GOLF Better Your Best
GALAXY
285.8 300.7 46.3
20
Improve Your
Game Today
LEARN MORE","(728, 90)"
"Poda
MKA
Audiobock
www
13
Calendar
Ⓒ
Ses
STINGER'S OFF-ROAD RADIO
SAVE 10% TODAY
SPY","(970, 250)"
"Do you
support
prayer in
schools?
VOTE NOW!
CHRISTIAN
HEADLINES.com","(300, 250)"
"GENERATIONGENIUS
ALWAYS QUESTION. ALWAYS WONDER
K-8 Science & Math Videos
Kindergarten
1st Grade
2nd Grade
3rd Grade
4th Grade
5th Grade
6th Grade
7th Grade
8th Grade
All Grades
Try It Free","(300, 600)"
"The coupon-finding
browser extension
Capital One Shopping
Got Coupons?
SEE FREE CODES
Get FREE promo
codes automatically
applied at checkout.","(970, 250)"
"Tomato and Eggs Is the
Flavor of Home for This
Food Ethnographer
READ MORE ON EATER >>
AMERICAN BORN
CHINESE","(300, 250)"
"Start
1. Click on ""Start""
2. Activate your account
3. Access your content
Movies, Music,
Games, Audiobooks
Find it on topcontent-entertainment","(728, 90)"
Get an insider's perspective,"(728, 90)"
"FANATICAL
DON'T DELAY.
SAVE BIG ON PC GAMES
TODAY!
SHOP NOW
Trustpilot
All trademarks are the property of their respective owners.","(300, 600)"
"Hefty
STAY ONE STEP
AHEAD OF
STINKY
Hefty
ULTRA STRONG
CANA","(300, 600)"
"Embrace Your Bright Future
REGENT
UNIVERSITY
LEARN MORE","(970, 90)"
"CONTINUE >
IQ Test","(728, 90)"
"HERO
WARS
TRY NOW
I","(300, 250)"
"RISLONE
100
1921 YEARS 2021
EXPECT MORE FROM BETTER PERFORMANCE,
YOUR ADDITIVES PROTECTION
LONGER LIFE & BETTER CLICK HERE
TO LEARN
MORE","(728, 90)"
"NOWHERE
TO HIDE
2022
Falcon OverWatch
Threat Hunting Report
CROWDSTRIKE
Get the Report","(970, 250)"
"SHEIN
Summer Sale
SHOP NOW
B
70% OF
Save money. Live in style!","(728, 90)"
"vizlib
Add Visual Power
to your Qlik Sense apps
Start Free Trial
Expenses
$58.2k
12.3%
Queries
18,867
GRAUKTEN.
ஆதரிக்கு","(970, 250)"
"styra
Accelerate
Secure Infra
Deployments
Use the broadest Authz policy
library for Kubernetes, Terraform
and CloudFormation.
LEARN MORE >","(300, 600)"
"AIM
RATION TIVES OF MAINTENANCE
Aviation
Maintenance
Training
AM","(300, 600)"
"3DAYBLINDS*
BUY ONE
GET ONE
50%*
OFF
on Custom Blinds,
Shades and Drapery
Book Now >
FREE CONSULTATION","(728, 90)"
"Staying home saves lives.
For more info visit coronavirus.gov
#AloneTogether
ad
COUNCIL","(728, 90)"
"online components.com
ALWAYS COUNTED ON.
11
BUY ONLINE","(300, 250)"
"DOES YOUR
DATA DELIVER
THE DEEPEST
INSIGHTS?
snowflake®
Brought to
2nd Snowflake Special Edition
Cloud Data
Warehousing
LEARNING MADE EASY
snowflaker
2ND
EDITION
dummies
What is a doud
Comparing data
How to
Joe Kaynak
David Baum
FREE COPY >
a cloud","(160, 600)"
"BIG PHARMA'S PRICE GOUGING IS THE ROOT CAUSE OF OUT-OF-CONTROL RX PRICES.
In fact, Big Pharma's anti-competitive practices will cause patients to spend $167 BILLION over 7 years on just 3 branded drugs.
IT'S TIME TO HOLD BIG PHARMA ACCOUNTABLE.
for
SUSTAINABLE Rx PRICING","(970, 90)"
"2023 GLOBAL
THREAT REPORT
CROWDSTRIKE
Prevail Over
Cyber Adversaries >
VERWATCH
FALCON OY
CASE
205 BELO07
KODIC
HIGH
OPERATIONS
SUPPORTING THE
WADKA","(728, 90)"
"C
HERO
WARS
TRY
YOU HAVE
2 ONLY
MOVES
1Q:155","(300, 250)"
"S @
AA
Atti
13 Ⓒ
Carda
Stron
STINGER'S OFF-ROAD RADIO
SAVE 10% TODAY SPY","(300, 250)"
"University
of Dayton
/////
WE ARE UD
//////
Discover the Power
of Community","(728, 90)"
"CROWDSTRIKE
Extend your security team
with experts,
24/7.
Get the MDR Buyer's Guide
ROWOSTRINE
MANAGED
DETECTION AND
RESPONSE (MDR)
BUYER'S GUIDE
NO
WWREANDO EM","(970, 250)"
"$10
WELCOME
BONUS
PROMO CODES AVAILABLE SEE FREE CODES
Capital Shopping
The Coupon-Finding
Browser Extension","(728, 90)"
"WAIT,
WHAT
HAPPENED
HOSTED BY
FRANK NICOTERO
V
VERY LOCAL
STREAM FREE
y","(300, 250)"
"ONE VISE TO RULE THEM ALL
MULTI-AXIS BENCH-MOUNT VISE WITH TORQ-LOK™
MASTER GUN VISEⓇ
REAL
AVID","(728, 90)"
"Do you support prayer in public schools?
VOTE NOW!
CHRISTIAN
HEADLINES.com","(728, 90)"
"1ST TIME IN INDIA
UNLIMITED CASH REBATE ON
FUN88
EXCHANGE
POWERED BY BETFAIR
100 FREE BET to 1000 LUCKY
PLAYERS every day
FUNBB
LINE MITTO
CASH
REBATE
18%
FUNBE
38","(300, 250)"
"WERUVA
All natural
Ingredients
you can see.","(970, 250)"
"HOW TO TRADE OPTIONS CATORCENSBET
HOW TO
TRADE
OPTIONS
FREE STRATEGY GUIDE
TradeWins
ما را در این است
WENDY KIRKLAND
Our trading
guide shows
beginners
how to earn
extra income
trading options.
Get It
Free Today","(336, 280)"
"CONTINUE >
1. Home Relocation
2. Packing & Moving
3. Domestics Relocation
Packers - Movers - Cargo","(300, 250)"
"IXL Math Practice
Kindergarten
1st Grade
+ 2nd Grade
∞ 3rd Grade
% 4th Grade
5th Grade
6th Grade
7th Grade
8th Grade
x² Algebra 1&2
A Geometry
Σ Precalculus","(336, 280)"
"HPE
GreenLake
Making your cloud
as flexible as your
business is hybrid cloud,
wisely done.
Learn more","(300, 250)"
"13
HERO
WARS
TRY NOW","(300, 250)"
"YOU HAVE ONLY
2 MOVES
deve
TRY
Seot
HERO
WARS
1Q:155","(300, 250)"
"Continue to Movies
MOVIES STREAM
3 Easy Steps: 1: Click ""Continue to Movies"" 2. Add MoviesToStream Extension 3: Find Out Where to Watch Movies and Shows!","(970, 250)"
"J
Jimmy Dean
MAKE MORNINGS
DELICIOUS
IN MINUTES
12
Jumplea
Sweet Maple
Griddle Cake
ONDER
CDJ12
Croissant
SHOP NOW
Available at
sam's club <>","(728, 90)"
"PRO
20
TACHYMĚTRE
OMEGA
Sue&tathi
AL
TO
M
Shop Now
Money Back Guarantee
The watch
you want.
Now.
Cchrono24","(300, 250)"
"CATCH LIVE
COLLEGE BASEBALL.
Stream live games of your favorite teams.
DOWNLOAD THE APP >
Мариан
VARSITY
-NETWORK-
POWERED BY LEARFIELD","(970, 250)"
"BIG PHARMA'S
PRICE GOUGING
IS THE ROOT CAUSE
OF OUT-OF-CONTROL
Rx DRUG PRICES.
Big Pharma hiked prices on nearly 600
brand name drugs in just two weeks this year.
HOLD BIG PHARMA ACCOUNTABLE.
the campaign for
SUSTAINABLE Rx PRICING","(300, 600)"
"GOT COUPONS?
Get free promo codes automatically
applied at checkout
GET CODES
Capital One Shopping
The coupon-finding
browser extension","(300, 250)"
"Al Gal
wakat
MIRACLE
Receive Exclusive Teachings
from CBN Each Month
BECOME A
CBN PARTNER
C","(728, 90)"
"Atomic Force
Microscopy
Online
NanoAcademy
Live Demos,
Webinars and
Seminars from AFM
experts collected in
one place. Easily join
a live session or
review on-demand
content from home!
MA","(160, 600)"
"Go further,
FASTER.
Take the world's
premier English-
proficiency test in
less than 2 hours!
Register Now
ETS TOEFL iBT.","(300, 250)"
"Creative Cloud
Make it with Creative Cloud.
Apps for photography, design,
video, and web from US$9.99/mo.
Join now
A
Adobe","(728, 90)"
"FREE
IT Help Desk Software
ManageEngine
Service Desk Plus
Try for free","(300, 250)"
"Complete Your Bachelors,
Masters, and Certificates
APPLY FOR FREE →
100% Online at a Top-Ranked University University College
UNIVERSITY OF DENVER","(728, 90)"
"PLURALSIGHT
Develop the skills you
never knew you had","(300, 250)"
"THE ALT
NEWSLETTER
OIL
Curating crypto, NFT, real estate,
startup, commodity, hedge fund, & more
alternative investment content daily.
Subscribe for Free","(728, 90)"
"stackoverflow
FOR TEAMS
Find a solution in
minutes, not hours.
Get Stack Overflow
where you work.
Get it free →","(300, 250)"
"WHICH OFFICE
IS RIGHT FOR YOU?
W
X
P
O
Get the best prices on
Microsoft Office.","(300, 250)"
"WHICH OFFICE
IS RIGHT FOR
YOU?
W
X P
A
FIND OUT WITH OUR
EXCLUSIVE OFFER!","(300, 250)"
"Medscape
Free Point-of-Care
Medical Reference App
Install Now","(300, 250)"
"NEW WAREHOUSE SPACE ALONG 1-95
TWO PARKS IN QUANTICO & STAFFORD
LENENI
M
merritt","(336, 280)"
"SHEIN
Slow 8 day
ARCOAL BUABILI
MADQUE BALLE NIO
Summer Sale
UP TO
%
70 OFF
Save money. Live in style!
SHOP NOW","(160, 600)"
"кон
Get 3 free months of
Spotify Premium with Honey.
honey
Spotify Premium
CLAIM OFFER
Lined BibT&C Apply Offer ends 01912008. Must cancel
prior to freel period or you will become a paid subscriber","(728, 90)"
"PRESENTED BY State Farm
Planning a Wedding? Here Are 5
Food Trends to Consider
READ MORE","(970, 250)"
"Need help studying for
your NCEES exams?
Prepare with School of PE.
LEARN MORE
FEE
School of PE™","(300, 250)"
"Ľ
|||
ZEME
MENTOR A KID
IN YOUR COMMUNITY. ||
Learn How
pers
Big Brothers
Big Sisters.
OF AMERICA","(300, 250)"
"93.3 WFLS
Today's NEW Country
Turn on Today's NEW Country
LUKE COMBS, CARLY PEARCE, JASON ALDEAN,
LAINEY WILSON. AND MORE!","(300, 250)"
"CONTINUE >
wondernice.co","(728, 90)"
"QUALITEST™
Ensure your pharma computerized
systems are fully compliant.
Let's talk","(728, 90)"
"R
ロロ
41-194
brill
CASUAL
ICON"".","(160, 600)"
"COUPON CODES
AVAILABLE
GET CODES
GFC","(728, 90)"
"WR
WESTGATE
VACATION VILLAS
RESORT
Book Direct
Save
up to
20%
DIT
BOOK NOW","(160, 600)"
"KILDUT
PE
超
MINECRAFT
SOUDE
THEFT
WAR
SR
CASUAL
ICON"".","(970, 250)"
"Start
3 simple steps
1. Click on ""Start""
2. Activate your account
3. Access your content
find it on alldigimedia.com
Movies Series Sports Fitness","(970, 250)"
"Start
3 Easy Steps:
1: Click ""Start""
2: Download Shopping Extension
3: Apply Coupon Codes!
Capital One
Shopping","(336, 280)"
"CAT
SIMPLER, FASTER PARTS
SHOPPING NOW ON THE GO.
CAT
CAT)
DOWNLOAD
THE CAT
CENTRAL APP","(728, 90)"
"NEW WAREHOUSE SPACE AVAILABLE
ALONG I-95 | TWO PARKS IN QUANTICO & STAFFORD
M
merritt","(728, 90)"
"Start
3 Easy Steps:
1: Click ""Start""
2: Download Shopping Extension
3: Apply Coupon Codes!
Capital One
Shopping","(300, 250)"
"Start
3 Easy Steps:
1: Click ""Start""
2. Add MoviesToStream Extension
3: Find Out Where to Watch Movies
and Shows!
MOVIES STREAM","(336, 280)"
"Continue to Movies
3 Easy Steps:
1: Click ""Continue to Movies*
2. Add MoviesToStream Extension
3: Find Out Where to Watch Movies and
Shows!
MOVIES STREAM","(728, 90)"
"UBA AMAR IS
FIR DEP
EN
Thank you!
SHOW THEM YOUR
SUPPORT OPERATION GRATITUDE","(300, 250)"
"SARGENTO
an d
WHOLE MILK
MOZZARELLA
B
REAL CHEESE BRINGS
GREAT HAPPINESS
GET RECIPE","(300, 250)"
"START NOW
Capital One
Shopping
3 Easy Steps: 1: Click ""See Codes"" 2: Download Shopping Extension 3: Apply Coupon Codes! bestpromocodes.co","(970, 250)"
"M
MAROC
ACTUALITES","(300, 250)"
"FREE KJV BIBLE
Read the entire King James Bible anywhere-
even without an Internet connection!
/1
1:1 in the beginning God crewed
heaven and the arts
12 And the earth was without to
face of the deep And
13 And
FREE
APP
CELE
King James Bible","(728, 90)"
"Don't just manage spend, control it. All in one place.
With Stampli, the Leader in AP Automation →
STAMPLI","(728, 90)"
"Reynolds Wrap
EASY
PREP.
EASY
COOK.
EASY
CLEAN.
ZİDDD.","(160, 600)"
"Hilarious Vegas Photos Caught
On Camera","(300, 250)"
"King James Bible
FREE KJV BIBLE
Read the entire King James Bible
anywhere even without an
Internet connection!
Genesis / 1
1:1 In the beginning God created
heaven and the earth.
1:2 And the earth was without for
and void; and darkness was upon t
FREE
APP","(300, 250)"
"X VIVAIA
Designed for
All Day Walking
SHOP NOW >
1 Wide Toe Box 2 Breathable 3 Arch Support","(970, 250)"
"PROMO
CODES
AVAILABLE
320
SEE FREE
CODES
Capital One Shopping
The coupon-finding
browser extension","(160, 600)"
"bee
Scripps National Spelling Bee
may 31 &
juné 1
TWO-NIGHT EVENT
STARTING 8/7c
ionsp
spellingbee.com
Free","(300, 250)"
"POF
USA
ffftttcrccteft A
7
GGG
AZ
PHIS
EDGE
LEARN MORE >","(970, 250)"
"People News+
Don't Miss Out on
Breaking Stories
& Content You Love
Plus lots
more!
Cole Sarks of the Season
FOLLOW US ON APPLE NEWS →","(300, 600)"
"Discover New Ways to
Experience Shavuot
Find Activities for Your Family
00
TRUVIE","(970, 250)"
"Earn a certificate from
10000100)
Harvard
Business
School
Online
Learn More →","(728, 90)"
"564
TACOM
ACOMA G
貝
TACOMA4G.COM
.COM","(300, 250)"
"EXCLUSION
A NEW COMEDY ABOUT
WHAT'S TRUE VS. WHAT SELLS
arena.
Stage
ferr
MAY 5 - JUNE 25","(300, 250)"
"ReynoldsKITCHENS
Butcher Paper
with side
PINK
PONOSTAN
SMOKERS
SMOKE
MEATS
LIKE
A PRO","(300, 600)"
"AIM
Aviation
Mechanic
Training","(336, 280)"
"STR
SKYDIVE FRONT BOYAL
Enjoy the
experience
of a lifetime!
Join Us Today!","(728, 90)"
"PREMIUM
WIRELESS
Addt'l restrictions apply. Taxes & fees extra.
New activation req'd. Min. 3 mo. purchase. See mintmobile.com.
$15
/MO
SHOP
NOW
mintmobile","(970, 250)"
"HUMAN
fall Flat
ROBLOX
9
ASPHALT
CSAGO
FORTNITE
MINECRAFT
THE LAST OF US
PARTI
Terraria
Candy
COGame Club","(970, 90)"
"THE CITY
AUTHENTIC
HOW THE ATTENTION ECONOMY
BUILDS URBAN AMERICA
DAVID A. BANKS
The first book to explore how our
cities gentrify by becoming social
media influencers-and why it works
NEW FROM UC PRESS
4
UNIVERSITY
of CALIFORNIA
PRESS","(970, 250)"
"HPE
GreenLake
Turning data stuck in
silos into intelligence is
data-first modernization,
wisely done.
Learn more","(300, 250)"
"Get 3 free months of Spotify Premium with Honey.
h
CLAIM OFFER
Limited Eligibility T&C Apply Offer ends 09/30/2022. Must cancel prior to free trial period or you will become a paid subscriber","(970, 90)"
"CAUTION
Queen's Blade
LimitBreak
ⒸHobbyJAPAN","(728, 90)"
"logitech
CONTOURED
FOR COMFORT
FOR INTENSE
CODING
MARATHONS.
MX MASTER 3S
LEARN MORE >","(300, 250)"
"CATCH LIVE
COLLEGE SOFTBALL.
Stream live games of
your favorite teams.
✔ DOWNLOAD THE APP >
VARSITY
NETWORK
POWERED BY LEARFIELD","(300, 250)"
"5X YOUR
ROAS
WITH A META DSP
AD PLATFORM
Learn More
genius
monkey
S","(728, 90)"
"Streamline Your
Team's File
Sharing and
Collaboration
with ShareFile
Make it easy to securely upload
and download files, set up
custom permissions, and
integrate with your favorite
productivity tools.
Buy Now
S ShareFile","(300, 600)"
"J
Jimmy Dean
Jangler 12
Biscuit
AC
SUPE
BAZAA
PUT MORE MMM
IN YOUR MORNING
Jimmy Dean
Sweet Maple
Griddle Cake
SHOP NOW
REAL
8
Dear 12
Croissant
Jaap ge
con
Available at
sam's club <>","(300, 250)"
"We're so glad you found us.
ALSANA
Get Started Today","(728, 90)"
"Go Beyond with
CryptoniteNXT
Tired of
Monitoring?
Enforce Security
Request a Free Demo Now >
CRYPTONITE NXT","(300, 600)"
"Book Direct
WESTGATE Saveto 20%
VACATION VILLAS
up
BOOK NOW","(728, 90)"
"CBN
ISRAEL
75
ANNIVERSARY
CELEBRATION
TOUR
NOVEMBER 2-10, 2023
REGISTER NOW","(728, 90)"
"the SHEPHERD
KING
The Life of David by Pat Robertson
GET YOUR
AUDIOBOOK","(728, 90)"
"Canto
""It's made everything a lot quicker
and helped us share more.""
Start Your
Free Trial","(728, 90)"
"GENERATIONGENIUS
ATA SHETAN AWE
K-8 Science
& Math Videos
Kindergarten
1st Grade
2nd Grade
3rd Grade
4th Grade
5th Grade
6th Grade
7th Grade
8th Grade
All Grades
Try It Free","(160, 600)"
"Big Brothers
Big Sisters.
JAU
UP WITHOUT A MENTOR BECOME A BIG TODAY.
MILLIONS OF KIDS ARE GROWING
Learn How","(728, 90)"
"Streamline Your
Team's File
Sharing and
Collaboration
with ShareFile
Make it easy to
securely upload and
download files, set up
custom permissions,
and integrate with
your favorite
productivity tools.
Buy Now
S ShareFile","(160, 600)"
"ZOLUCKY
shop now >","(300, 250)"
"LSPR
LSLSPR
POSTGRADUATE
PROGRAMME
PR
POSTGRADUATE
PROGRAMME (S2)
Faculty of Communication
• Professional Programme
• Blended Learning Programme
ENROLL NOW
registration.Ispr.edu
More Info: 0817 1717 1992","(300, 250)"
"CAT
SIMPLER, FASTER
PARTS SHOPPING
NOW ON THE GO.
DOWNLOAD THE
CAT CENTRAL APP
CAT","(300, 250)"
"Managed
Dedicated
2.5
Liquid Web™ Hosting
✔Linux or Windows Available
✔ 100% Network & Power Uptime Guarantees
24/7/365 Support
From
$99
Liquid w
SHOP NOW","(970, 90)"
"DODGE
HORNET
POWER-PACKED
PLAYOFFS
$15,000 IN TOTAL PRIZES
FEEL THE BUZZ OF VICTORY
MAY JUNE BASKETBALL
PLAY FREE
Eligibility restrictions apply. Void where prohibited. See DraftKings.com for details.","(970, 250)"
"ReynoldsKITCHENS
PINK
Butcher Paper
www
Cen
HOKK
SMOKE
MEATS
LIKE
A PRO","(160, 600)"
"Light in thebox
ALL UNDER $9.99
ALL UNDER $9.99
ALL UNDER $9.99
SHOP NOW >","(300, 250)"
"Benjamin Moore paint is only
sold at locally owned stores.
Find Your Nearest Store
A1","(728, 90)"
"(W) VIVAIA
Designed for
All Day Walking
SHOP NOW >
1 Wide Toe Box 2 Breathable 3 Arch Support","(300, 600)"
"Medscape
Free Point-of-Care
Medical Reference App
Install Now","(728, 90)"
"N
Webinar
Reduce Inventory Surplus and Improve Cash Flow
Tuesday, May 23, 2023
11am EST","(728, 90)"
"Always
Dreaming
EXPECT BETTER®
FIND A HOME >
Each franchise is independently owned and operated.
SOLD
Better
Hommes
REAL ESTATE
BHGRE.COM","(300, 250)"
"Earn a BSN in Two Semesters
Continue working while you earn your degree
in our fully online RN-to-BSN program.
UNIVERSITY of MARYLAND
SCHOOL OF NURSING
APPLY NOW
FOR FALL 2023","(300, 250)"
"Get 3 free months of
Spotify Premium
with Honey.
Dh
CLAIM OFFER
(x)
8
Limited Eligibility T&C Apply Offer ends 01/31/2023. Must cancel prior to free trial period or
you will become a paid subscriber","(300, 250)"
"E-Commerce Brand
REDUCED CPA BY 66%
in 3 Months
genius
monkey
How We Did It >","(728, 90)"
"CHECK OUT TODAY'S ACTION AT
SIDEARMSTATS.COM
SIDEARMSPORTS
Go Now","(728, 90)"
"Mo
ⒸSharkZen.com
FOR THE SKILLED WATERMAN
700000
SUN PROTECTION SWIM SHIRTS FOR MEN & WOMEN SHOP NOW","(970, 250)"
"ddn
Emerging Tech Impact Radar: Artificial Intelligence
>> LEARN MORE!","(728, 90)"
"Easterns
AUTOMOTIVE GROUP
Any Cat, Any Way For Everyone
Easterns
AUTOMOTIVE GROUP
SHOPPING FOR A CAR?
LET US EARN YOUR BUSINESS AGAIN
SHOP
NOW","(728, 90)"
"MIVOKOS
FELM
LACTOSE FREE
EUROPEAN STYLE
· SALTED.
MIYOKO'S
CREAMERY®
PLANT MILK
BUTTER
Phenomenally Vegan
OS CRE
[cht)
SONDA
CASHEW &
COCONUT OIL SPREAD
NETWIT802 (2276)
Artfully CRAFTED.
DELICIOUSLY Madeo
MIYOKO'S
CREAMERY
LEARN MORE","(970, 250)"
"Ad S
Council
Find a forest or
a park near you.
Discover The Forest.org","(728, 90)"
"U.S.ARMY
No challenge,
no change.
BE ALL YOU CAN BE.
GOARMY.COM →","(970, 250)"
"AN
THOR 4 SERIES
SMART HD THERMAL
RIFLE SCOPE
BUY NOW
MI
micro
SD
FREE GIFT
AIN
AT","(300, 250)"
"3 Easy Steps:
1) Click ""Continue to Recipe""
2) Add RecipeForMe
Extension.
3) See Delicious Recipes!
Continue to Recipe
RecipeForMe","(970, 90)"
"Ad
Council
PARTNERSHIP FOR
Healthy Mouths
Healthy Lives
ei
17
2min2x.org","(728, 90)"
"Lightinthebox
SHOP NOW >
UP TO 70%OFF","(160, 600)"
"SPONSORED CONTENT
We're Leading the Charge to a
Net-Zero Future
BY BORGWARNER","(300, 250)"
"petco
We Love Happy
& Healthy Pets!
0
OPEN","(728, 90)"
"Continue to Recipe
3 Easy Steps:
1) Click ""Continue to Recipe""
2) Add RecipeForMe Extension.
3) See Delicious Recipes!","(300, 250)"
"PROMO
CODES
AVAILABLE
SEE FREE CODES
Capital One Shopping
The coupon-finding browser extension","(336, 280)"
"JONI
IT service desk software
for your digital enterprise
Learn more
ManageEngine
Service Desk Plus","(970, 90)"
"EPSON
BE
cool
Syf
g
000
MENDUKUNG
KEBERLANJUTAN
TANPA PENINGKATAN
BIAYA.","(300, 600)"
"BE
cool
मे
MENDUKUNG KEBERLANJUTAN
TANPA PENINGKATAN BIAYA.
EPSON
GI","(300, 250)"
"MINI
LSLSPR POSTGRADUATE Faculty of Communication
PROGRAMME (S2)
Professional Programme
• Blended Learning Programme
POSTGRADUATE
PROGRAMME
ENROLL NOW
registration.Ispr.edu
More Info:
Ⓒ0817 1717 1992","(728, 90)"
"PLAY NOW
ENTROPIA
UNIVERSE
WILL YOU SURVIVE THE ANNIHILATION WARLOCK?","(728, 90)"
"AN
NTD ORIGINAL
DOCUMENTARY
VACCINE STORIES
YOU WERE NEVER TOLD
THE
SEEN
CRISIS
EPOCH TV MAY 19
WATCH NOW >","(300, 250)"
"NTD ORIGINAL
DOCUMENTARY
THE
UNSEEN
CRISIS
EPOCH TV MAY 19
WATCH NOW >","(970, 250)"
"ANNIVERSARY
th
BOLA COM
#SEWINDU
Bikin Rindu","(300, 250)"
"WHICH
OFFICE
IS RIGHT
FOR
YOU?
W
X
P
Get the
best prices on
Microsoft
Office.","(160, 600)"
"Third of Life
BYE-BYE
CELLULITE
glatte Beine mit
Cellulite Leggings","(300, 250)"
"CROWDSTRIKE
Small Business
Cybersecurity
Survival Guide
Identify threats and
how to stop them.
Download Now","(160, 600)"
"1 Stick.
1 Ball.
Any Course
FLING GOLF","(300, 600)"
"GOLF GALAXY
Better
Your
Best
Improve Your
Game Today
LEARN MORE","(160, 600)"
"IN BIG PHARMA'S GAME, OUT-OF-CONTROL
RX PRICES WIN AND PATIENTS LOSE.
IT'S TIME TO HOLD BIG PHARMA ACCOUNTABLE.
A
the compaign for
SUSTAINABLE Rx PRICING","(728, 90)"
"QLOCKTWO
ITLISASAMPM
ACQUARTEROC
WENTYFIVEX
HALFSTENFTO
PASTERUNINE
ONESIXTHREE
FOURFIVETWO
EIGHTELEVEN
SEVENTWELVE
TENSEOCLOCK
The
Major
German
Brands","(300, 600)"
"Gartner.
Gartner Security &
Risk Management
Summit
June 5 - 7, 2023
National Harbor, MD
Learn More","(300, 250)"
"APPLY
ONLINE 24/7!
Low Rate. Low Fees!
%
5.500 15.644%
INTERES
RATE
30-YEAR FIXED RATE RESIDENTIAL MORTGAGE
Purchase or Refinance Loans up to $2 Million, 1 Point*
*Learn More
INSTITUTION FOR SAVINGS
BUILDING STRONGER COMMUNITIES TOORTHER SINCE 1820,
Member FDIC. Member DIF-NMLSID. 42478201","(300, 250)"
"P
Hit The
Peak
BOOK NOW
NEMACOLIN
SINCE 1987","(300, 250)"
"2023
GLOBAL
THREAT
REPORT
CROWDSTRIKE
Prevail
Over Cyber
Adversaries
FALCON OVERWATCH
CASE STUDY
.
S
HIGH-EFFORT.
LIMITED RETURN
RUSSIAN CYBE
OPERATIONS
SUPPORTING
WAR IN UKS
are","(970, 250)"
"Atomic Force Microscopy
Online NanoAcademy
Live Demos, Webinars and Seminars from
AFM experts collected in one place. Easily
join a live session or review on-demand
content from home!","(336, 280)"
"NOWHERE
TO HIDE
2022
Falcon
OverWatch
Threat Hunting
Report
CROWDSTRIKE
Get the Report 7","(728, 90)"
"Start
1. Click on ""Start""
2. Activate your account
3. Access your content
Movies,
Music,
Games,
Audiobooks
Find it on topcontent-entertainment","(970, 250)"
"2@optris
MORE INFO >
Affordable and fixed
installed IR cameras
for industrial and
R&D applications
UP TO +5432 °F","(160, 600)"
"24optris
optris MORE INFO >
Affordable and fixed
installed IR cameras
for industrial and
R&D applications
OBEC
UP TO +5432°F","(300, 250)"
"Manage Your Auto Repair Shop
at any time, from anywhere on
any device.
REQUEST A DEMO
A
H
www
pr
Hand","(728, 90)"
"Education.com
Free Worksheets & Games
PRESCHOOL
KINDERGARTEN
1ST GRADE
2ND GRADE
3RD GRADE
4TH GRADE
5TH GRADE
6TH GRADE
7TH GRADE
8TH GRADE","(970, 90)"
"University
of Dayton
112
// 11111
UD FEELS
LIKE HOME
Join Us →","(300, 250)"
"GEORGETOWN
UNIVERSITY
School of Continuing Studies
This is your
moment.
GET
STARTED","(728, 90)"
"START
3 Easy Steps:
1: Click ""Start""
2. Add MoviesToStream
Extension
3: Find Out Where to
Watch Movies and
Shows!
MOVIES STREAM","(300, 600)"
"honey
Get 3 free
months of
Spotify
Premium
with Honey.
Spotify Premium
CLAIM OFFER
h
کو
33
||
Limited Eligibility. T&Cs Apply Offer
ends 01/31/2023. Must cancel prior
to free trial period or you will
become a paid subscriber.","(160, 600)"
"DPUT MORE MMM
IN YOUR MORNING
Jimmy Dean
Biscuit
12
CD Amber
Sweet Maple
Gridlile Cakhe
CEDA
Croissant
12
SHOP NOW
Available at
sam's club <>","(728, 90)"
"Start
3 Easy Steps:
1: Click ""Start""
2: Download Shopping Extension
3: Apply Coupon Codes!
Capital One
Shopping","(728, 90)"
"MAKE YOUR FAMILY CAR
SMART&CONNECTED! Subscribe Now >
Rash Driving Alerts
●Live location
Driving Report","(970, 90)"
"online
components
.com
AUTHORIZED
DISTRIBUTOR
AUTHORIZED DISTRIBUTOR
STE
AUTHORIZED DISTRIBUTOR","(728, 90)"
"PROMO CODES
AVAILABLE $10
WELCOME
BONUS
SEE FREE CODES
20
Capital Shopping
The Coupon-Finding
Browser Extension","(300, 250)"
"(
Citations,
Grammarly auto-generates your citations
instantly for free, so you can maximize
in Seconds your effort and maximize your grades.
Get Grammarly for Free","(728, 90)"
"Catalent
Delivering Excellence in UK & EU Clinical Supply
COLD CHAIN SUPPORT | QP RELEASE SERVICES
CROSS-DOCK BREXIT SOLUTIONS
LEARN MORE","(728, 90)"
"QLOCKTWO
ITLISASAMPM
ACQUARTERDC
TWENTYFIVEX
HALFSTENFTO
PASTERUNINE
ONESIXTHREE
FOURFIVETWO
EIGHTELEVEN
SEVENTWELVE
TENSEOCLOCK
The
Major
German
Brands","(300, 600)"
"cvent
Create.
PROFESSIONAL WEBINARS
easier than ever
Sign up for free
IN I 12 12","(728, 90)"
"me opta
Best
price and
performance
WW
****
Camera Land, Inc.
SPORTS OPTICS","(728, 90)"
"THE
GAP
DECADE
WHEN YOU'RE TECHNICALLY
AN ADULT BUT REALLY DON'T
PREL LIKE IT YET...
CATIE SCHNACK
ivp
""KATIE'S
VULNERABILITY
AND COMEDIC
HUMOR CAPTURES
YOUR HEART IN
A WAY THAT MAKES
YOU LAUGH
AND CRY!""
-KIM DOLAN LETO, AUTHOR AND
FITNESS COACH
Pre-order now at
amazon >","(300, 250)"
"HUNGARY
AMAA
wwww
Europe's
investment magnet","(300, 250)"
"Ponce Bank
OF
BESTTH BRONX
PRESENTED BY
PONCE BANK
BESTOFSXTIMES.COM
2023
VOTE TODAY!
CLICK HERE","(300, 250)"
"EQUIPMENT. MUSIC.
ACCESSORIES.
musicdirect","(728, 90)"
"CROWDSTRIKE
NOWHERE
TO HIDE
2022 Falcon OverWatch
Threat Hunting Report
Get the Report 7","(300, 600)"
"GOLF GALAXY
Better
Your
Best
Improve Your Game Today
LEARN MORE","(300, 600)"
"cante
WWW.EXPERIENCES.LIFESTYLEASIA.COM
tolalay
EXCLUSIVE LUXURY TRAVEL EXPERIENCES
EXPLORE DESTINATIONS","(970, 250)"
"SHOTGUN + OPTIC
940Ⓡ Pro Tactical
MICRO DOT COMBO
MOSSBERG LEARN
MORE","(970, 90)"
"styra
Accelerate
Secure Infra
Deployments
Use the broadest
Authz policy library for
Kubernetes, Terraform
and CloudFormation.
LEARN MORE >","(160, 600)"
"AM
Aviation
Mechanic
Training","(300, 250)"
"US
YOUR SIGN
TO SEE WHAT IS COMING NEXT
ARIES
Astrology Answers
CHOOSE
CANCER
LIBRA
TAURUS
LEO
BROK
GEMINI
CAPRICORN AQUARIUS
VIRGO
SCORPIO SAGITTARIUS
^
PISCES
Old","(300, 600)"
"TODAY'S POLL:
Should illegal immigrants
receive social security?
a) Yes
b) No
c) Unsure
→ VOTE NOW
RIGHT
WING","(336, 280)"
"REAL SIMPLEX News
Make Every Day
Better & SIMPLER!
Enjoy time-saving life
hacks, easy organization
tricks, and more from
the pros.
Follow Now →","(300, 250)"
"ALERT
Senior
Internet
For Just
$10 A
Month
Don't Pay More Than
$10/Month For Internet
And Cable
SEE CURRENT OFFERS
Wallet Genius","(300, 600)"
"BIG PHARMA'S
PRICE GOUGING IS
THE ROOT CAUSE OF
OUT-OF-CONTROL
Rx DRUG PRICES.
Nearly half of all brand name drugs now
cost more than $150,000 PER YEAR
when brought to market.
the campaign for
SUSTAINABLE RX PRICING","(300, 250)"
"as the
Click It. Don't Risk It.
Watch Now
NHTSA
FOR TICKET
CLICK IT
DAY & NIGHT","(300, 250)"
"FREE GUIDE
Find Jesus
in every book
of the Bible
Get my copy!
LEADING
WAY
Jesus
in Every Book of the Bible
+","(300, 250)"
"ATTEND
CSO's Future of Cybersecurity Summit
Smart Choices in a Fast-Changing World
JUNE 8, 2023
REGISTER
il
CSO","(728, 90)"
"ATTEND
CSO's Future of
Cybersecurity Summit
Smart Choices in a
Fast-Changing World
CSO
JUNE 8, 2023
REGISTER","(300, 250)"
"AEROSTAR
Manufacturing
CNC Machining Services
Request a Quote","(728, 90)"
"A
s
All-in-one
Endpoint Management & Security
for your organization
ManageEngine
Endpoint Central
Free Trial","(728, 90)"
"The best shows
digital
trends on Netflix right now
12:41 M
NETFLIX
Series
VPREPPERS
Dramas
CHEER
READ MORE
PRAKY","(728, 90)"
"3 Easy Steps:
1) Click ""Continue to Recipe""
2) Add RecipeForMe
Extension.
3) See Delicious Recipes!
Continue to Recipe
RecipeForMe","(728, 90)"
"SAVE ON TWO SPECIAL
SUMMER OFFERS
WALT Disney World
CDisney
Get Details","(300, 250)"
"IT service desk
software for your
digital enterprise
JOQO
Try Service Desk Plus!
ManageEngine
Service Desk Plus","(336, 280)"
"POWERUP
VIRTUAL EXPO
A ROADMAP TO NEXT-GENERATION
Power Electronics
Design
June 27-29, 2023
POWER
ELECTRONICS NEWS
EE Times
REGISTER","(728, 90)"
"HIT BY A TRUCK?
JEFF'S HERE
WRONGFUL DEATH / COMMERCIAL VEHICLE ACCIDENT
$6 MILLION
DAVIS LAW FIRM
davislaw.com
SAN ANTONIO
RECENT
RESULT:
TO
CLIENT: $3,509,864
444-4444
IT","(970, 250)"
"blue california
SPECIALTY INGREDIENTS
Preservation the
Natural Way
Download the
inforgraphic","(300, 600)"
"bee a
champion
2023 Scripps
National Spelling Bee
may 31 &
june 1
TWO-NIGHT EVENT
STARTING 8/7c
60.00
ion
Find Where to Watch ION:
spellingbee.com","(300, 600)"
"Paradise City Arts Festival
MAY 27, 28 & 29
3 COUNTY FAIRGROUNDS | NORTHAMPTON, MA
220 JURIED ARTISTS & MAKERS
GREAT FOOD, MUSIC & MORE!
SHOW INFO+ TICKETS
+ DISCOUNT COUPON","(728, 90)"
"University
of Dayton
Love wits
//////
UD FEELS LIKE HOME
11111
Join Us →","(728, 90)"
"PATEK PHE PRE
28
Shop Now
The watch
you want.
Now.
Cchrono24","(300, 250)"
"John Hancock
Investment Management
Governance
is about
perspective.
Read our Q&A
II Manulife Investment Management","(300, 250)"
"Seed Savers
EXCHANGE..
19 NEW VARIETIES FOR 2023, INCLUDING:
Seed Savers
EXCHANGE
HONEY BEE
MIXTURE
Seed Savers
CRSERANGE
THE COLLECTIONS
ASPARAGUS
Seed Savers
RECRANCE
THE COLLECTIONS
PEPPER","(300, 250)"
"*
Try our FREE Tarot reading to find out!
Pick cards","(300, 250)"
"CASH
REBATE
marcall
FUN88
1st time in India for 2023
UNLIMITED
WEEKLY CASH REBATE
on
FUN88
EXCHANGE
POWERED BY *betfair","(970, 90)"
"Continue to Recipe
3 Easy Steps:
1) Click ""Continue to Recipe""
2) Add RecipeForMe Extension.
3) See Delicious Recipes!","(336, 280)"
"Online NanoAcademy
Atomic Force Microscopy
Live Demos, Webinars and Seminars from AFM experts collected in one place.
Easily join a live session or review on-demand content from home!
牌","(728, 90)"
"THIS IS
UNCOMFORTABLE.
STORIES ABOUT LIFE AND
HOW MONEY MESSES WITH IT
NEW EPISODES
LISTEN NOW","(300, 250)"
"Work the way you want S ShareFile
Try Free for
30 Days","(728, 90)"
"1ST TIME IN INDIA
UNLIMITED CASH REBATE ON
FUN88
EXCHANGE
POWERED BY BETFAIR
**100 FREE BET to 1000 LUCKY
PLAYERS every day
FUNDE
EAD
CASH
REBATE
FUNDO","(970, 90)"
"SEE CODES
3 Easy Steps:
1: Click ""See Codes""
2: Download Shopping Extension
3: Apply Coupon Codes!
Capital One
Shopping","(300, 250)"
"micetro
Bring order
to your IPAM
Try for free","(728, 90)"
"stackoverflow Find a solution in minutes, not hours.
Get Stack Overflow where you work.
Get it free →","(728, 90)"
"CAPITALIZE ON A
ON A GREAT DEAL
LINDSAY
You'll Love It At Lindsay","(728, 90)"
"LET HEFTY
DO THE DISHES
Hefty
EVERYDAY
Hefty
PARTY ON!
Hefty
Hot Cups
Hefty
ECOSAVE
COMPOSTABLE PLATES
SHOP NOW
Ⓒ2023 Reynolds Consumer Products LLC","(300, 250)"
"G
Write With Grammarly
It's Free
Send every email with confidance.
confidence","(728, 90)"
"Don't Overpay For These Walk-In Tubs
AMERICANS UNDER 85 CAN use these medicare
hacks to get a walk in tub at no cost.
walletgenius.com","(300, 250)"
"ROSELINLIN
SHOP NOW
Chic
LINEN FASHION","(728, 90)"
"ICNA
CON
2023
48th Annual
ICNA-MAS
CONVENTION
FAITH FAMILY FUTURE
SUCCESS IN DIVINE GUIDANCE
YOUNG MUSLIMS
CONFERENCE
QURAN RECITAL
COMPETITION
MATRIMONIAL
EVENT
TECHNOLOGY
TRACK
JUMP &
FUN
CHILDREN WITH
SPECIAL NEEDS
27-29th | BALTIMORE
CONVENTION
MAY 2023 CENTER
MEMORIAL DAY WEEKEND","(728, 90)"
"START
1. Click ""Start""
2. Add Extension
3. Drag & Drop File!
PDFtab.com","(970, 250)"
"Back us
on KICK
STARTER
ELEGCO
ELEGOO
PHECDA LASER ENGRAVER
20W only
$399.99!!!","(970, 250)"
"SOVOL
Prints Benchy in 23min56s with High Quality
Sovol SVO? Klipper
Early Bird Price - Quantity Limited
ONLY $339$399
Buy Now
Release
L
23min56s","(970, 250)"
"CREALITY
K1 Flagship
3D Printer
Speed Rules All
凸
600mm/s
Hands-free
Printing Speed Auto Leveling
Free Gift
Buy Now
Limited Stock
CITALTY
Solve Ringing
with G-sensor
CREALITY","(300, 600)"
"HERO
WARS
31
TRY NOW","(300, 250)"
"bitrise
Reduce build times
with Bitrise
Release to the
App Store faster
Start for free","(300, 250)"
"SE
RI
RID
SE
aramco
team series
ROUND TWO
$1
$1
LEXI THOMPSON
SER
FI
RIDA SERIES TWO FLORIDA SERIES
Titi","(300, 250)"
"THE
TUMI
DAD DESERVES IT
Shop Gifts ▸","(970, 90)"
"DAD
YOFA
TUMI
DAD DESERVES IT
Shop Gifts","(300, 600)"
"TUMI
DAD DESERVES IT
Shop Gifts","(300, 600)"
"HPEI
GreenLake
Connecting your different data
silos is connected edge,
wisely done.
Learn more","(728, 90)"
"UNLOCK
THE REAL JAPAN
A SPECIAL MAGAZINE BY Nikkel Asla
Read the latest
issue click here","(728, 90)"
"ALL BRANCHES OF MILITARY
ALL DMS EMPLOYEES
TUMI
Luggage & Bags
20% OFF
MSRP
SHOP NOW
Authorized patrons only.
COAST GUARD EXCHANGE
//CGX
shopCGX.com
TUMI
FREE SHIPPING OVER $50","(300, 250)"
"W
University of
CINCINNATI
ONLINE
Master of Science in
Business Analytics
GET STARTED
NOW ►","(728, 90)"
">SYNTHEGO
Precision IPSC CRISPR Editing
for Disease Modeling Studies
CRISPR Editing
of IPS Cells
Tech Note
Download
Tech Note","(728, 90)"
"""The ring is perfect and is
exactly what I was looking for.
Even now, a month later, it still
dazzles me every time I look at it.""
BRILLIANT EARTHⓇ
SHOP NOW >","(728, 90)"
"FISHER INVESTMENTS
How Far Does $1 Million Go in Retirement?
Learn More","(728, 90)"
"Education.com
Free Worksheets & Games
PRESCHOOL
KINDERGARTEN
1ST GRADE
2ND GRADE
3RD GRADE
4TH GRADE
5TH GRADE
6TH GRADE
7TH GRADE
8TH GRADE","(300, 600)"
"$
Say GOODBYE to your privacy...
The Digital Dollar is here!
FIND OUT WHAT YOU CAN DO LEARN MORE
BEFORE ITS TOO LATE","(970, 250)"
"VetR
RESPIRATORY AID.
VetR
Respiratory illness can spread at a
rapid rate ... don't wait until
it's too late!
FIND OUT
MORE ▶","(728, 90)"
"Yesterday's Endpoint Security,
Can't Stop Today's Attacks
Partner with an innovative leader,
not a vendor that's falling behind
CROWDSTRIKE
Modern Endpoint
Security Toolkit
기","(970, 250)"
"MARYMOODY
Chaturbate
ULTRA HD LIVE VIDEO","(728, 90)"
"convera
Expanding internationally?
Overcome FX challenges
Explore","(728, 90)"
"PATEK PHILIPPE
28
Shop Now
Money Back Guarantee
€
The watch
you want.
Now.
Cchrono24","(300, 250)"
"XRP LEDGER LEARN
Interested in web3?
Learn crypto
coding basics
Access Free Course
P","(300, 250)"
"mosaic
See who's working on
what, when
Start Your Free Trial
11.MACAM
TAMAAN
PRU.
ES","(728, 90)"
"Talon.One
Save thousands of dev hours building
in-house promotions capabilities
Integrate with Talon.One instead
Get developer access","(728, 90)"
"Talon.One
Focus on your
core product
while we take
care of your
promotions
Talon.One: API-first, flexible and scalable
Get developer access","(300, 250)"
"Live your
best life.
ULTIMATE
TOYS
Learn More","(970, 250)"
"JOURNEY TO A PLACE
WHERE DRIVING
IS AN ART FORM.
CLUB TRACK
Track Long
350 ாய்C63.80p/
Change
1844
TURN 22
TURN T
LEARN MORE
TANK
TURN
FLATROCK MOTORCLUB | TENNESSEE
MK
MOTORCLUB
FLATROCK","(300, 600)"
"Find a scout
camp JOB!
search for a summer JOB
at a BSA camp or high-adventure base.","(300, 250)"
"Low Bo
BlackPlanet
The Original
is back.
Download Now!
Download on the
App Store
GET IT ON
Google Play","(728, 90)"
"14,000-
REVIEWS
Organixor
Magnesium 7
Complete Full-Spectrum Daily
Magnesium Supplement
BUY NOW
Organix
MAGNESIUM 7
FULL SPECTRUM 7 MAGNESIUM
Breagh Stress & A
Proses Sleep
Dietary Supplement
60 VEGGIE CAPS
0
Supplements You Trust...
Results You Love","(970, 250)"
"Your first trade. Up to $1,000!
On us. Open and fund an account with a little as $2,500 and g
get your
first trade, worth up to $1,000, on us!*
BROKERAGE
BENZINGA
OPTIONS
TRADING
Jptions A","(728, 90)"
"BY WELL+GOOD
SPONSORED BY OUR PARTNERS
How To Tweak
Your Eczema-Care
Routine Based on
the Season
READ MORE","(300, 600)"
"1 Meat All Dogs Should Avoid
Top Vet explains one mistake dog owners
make that could be cutting their dog's
lifespan.
DR.MART","(300, 250)"
"SOLVE MY TASK
1. Press the button
2. Upload your task
3. Get solution","(300, 250)"
"p
PROMO CODES
AVAILABLE
SEE FREE CODES
Capital One Shopping
The coupon-finding
browser extension","(300, 250)"
"2023 COMPACT SUV
cars.com CHALLENGE
Six Contenders.
Only 1 Champion.
See the scores","(970, 250)"
"Turn Off All Ads
Block Ads Now
TOTAL Adblock","(970, 250)"
"Lansweeper
14 Days of Unlimited
IT Asset Scanning","(728, 90)"
"FISHER INVESTMENTSⓇ
WHEN TO RETIRE:
A GUIDE FOR INVESTORS
WITH $500K","(970, 250)"
"CSB
CHRISTOPHER AND BANKS
MISSY | PETITE | WOMEN
Exclusive patterns
from Christopher
& Banks. Find
flattering styles in
captivating hand-
crafted prints.","(300, 250)"
"Take a break from
'the usual'
VISIT UPTOWNCHARLOTTE.COM","(300, 250)"
"Take a break from
the usual
PLAN YOUR VISIT
UPTOWN","(300, 250)"
"PAT ROBERTSON'S
the
SHEPHERD
KING
The Life of David
GET YOUR AUDIOBOOK","(300, 250)"
"FREEBIES & DEALS
Save BIG on the stuff
you need the most.
GET DEALS
S
S
Poj","(300, 250)"
"The TOEFL iBT Test
An even better
experience
Take the test In
LESS THAN 2 Hours!
Register Now
ETS TOEFL.","(300, 250)"
"PROFICIENCY
meets
EFFICIENCY
Take the world's
premier English-
proficiency test in
less than 2 hours!
Register Now
ETS TOEFL iBT.","(300, 250)"
"ZAKL
GROCERY WORKER'S
APPRECIATION FUND
KENDALL-JACKSON
United
Way","(728, 90)"
"Provider Solutions
& Development
Recruitment Reimagined
Matches Made to Last
Find and Hire the Right Physicians for
Your Organization.
Partner With Us","(728, 90)"
"Get an
insider's
perspective
Get started ►
WashU
AT BROOKINGS","(160, 600)"
"The world's best
selling pods and
office phone booths.
GET A QUOTE
089
framery","(970, 250)"
"The world's best
selling pods and
office phone booths.
GET A QUOTE
000
framery","(970, 250)"
"H Hedera
How to Set Up Foundry to Test
Smart Contracts on Hedera
START LEARNING","(728, 90)"
"How to
Set Up
Foundry
to Test
Smart
Contracts
START LEARNING
H Hedera","(300, 600)"
"2023
Developer
Survey
Calling all who code.
Take the survey","(728, 90)"
"Custom Pins
Free Design - Free Shipping
1973
PLANO
BORS
BOTH DIG
GS-JJ.COM","(728, 90)"
"ANTHROPOLOGIE
(laps in the
Bright Sich
OPEN","(300, 250)"
"CAT
SHOP YOUR
CAT DEALER
ON YOUR
SCHEDULE
CAT
Cat ELC"" (Extended Life
Coolant) Extender
16-1
01 GALI
ot
CAT
462-1171
0
F
SHOP CAT PARTS ONLINE","(300, 600)"
"FRIDAYS al FRESCO
4:30-8:30PM, DMA Patio on Eagle Family Plaza
800
DALLAS
MUSEUM
OF ART
Enjoy drinks, food, games,
and music!
Visit dma.org","(300, 250)"
"DALLAS
MUSEUM
OF ART
FRIDAYS al FRESCO
4:30-8:30PM, DMA Patio on Eagle Family Plaza
GRAB
and 60","(728, 90)"
"DALLAS
MUSEUM
OF ART
FRIDAYS
al FRESCO
OUR PATIO
IS OPEN
FRIDAYS, 4:30-8:30PM
DMA Patio on Eagle Family Plaza
Enjoy drinks, food,
games, and music!
DALLAS MUSEUM OF ART
dma.org","(300, 600)"
"CBTnuggets
On-demand
IT training
Make IT happen","(300, 600)"
"Madame
Butterfly
BY GIACOMO PUCCINI
100
SAN FRANCISCO YEARS
OPERA
ON STAGE
JUNE 3-JULY 1, 2023
GET TICKETS","(970, 250)"
"Madame Butterfly
BY GIACOMO PUCCINI
100
SAN FRANCISCO YEARS
OPERA
all
ON STAGE JUNE 3-JULY 1, 2023
GET TICKETS","(300, 250)"
"On-Demand
FREE for 30 days with code ""STACK""
Expert-Led Python Courses
ANACONDA.","(728, 90)"
"See World War II from
a whole new perspective.
Search now
ancestry","(728, 90)"
"MarketScreener Premium
Follow our Three Outperforming Portfolios
In real time","(728, 90)"
"WHO'S
TARGETING
YOU?
CROWDSTRIKE
Read the Latest
Cybersecurity Trends
CROWDSTRIKE
2023
GLOBAL
THREAT
REPORT","(970, 250)"
"Sotheby's
19th Century Works of Art
FEATURING THE BUTKIN COLLECTION
NEW YORK 17-24 MAY
LEARN MORE","(300, 250)"
"FAN
ESSENTIALS
NHLSHOP.COM
A Fanatics Experience
C
SHOP NOW","(300, 250)"
"Let's Talk WordPress and Web
Design For Your Law Firm.
Get Started
888.830.5089
M
Attorney
Marketing
Network","(728, 90)"
"MOOSE
UTILITY DIVISION
GRAPNEL
0
ATV/UTV
OFFROAD TIRES
WITHSTAND THE MOST RIGOROUS CONDITIONS","(728, 90)"
"stackoverflow
FOR TEAMS
Quit scouring
clunky wikis.
Find solutions faster in
Stack Overflow for Teams.
Get it free →","(300, 250)"
"indeed
Build your career in Software
Engineering with
Cloud Python Al/ML
DevOps Kubernetes
Start Searching","(300, 250)"
"MOVADO
$100 Off Select Movado Watches*
Rogers &Hollands SHOP NOW","(300, 250)"
"MCALISTER'S
DELI
Made fresh
MADE TO
ORDER
ORDER NOW","(300, 250)"
"Discover best sellers
and top picks for you
Shop now
amazon books
GRL
Hir
HIP","(300, 250)"
"INSIDER
One-month
trial for only $1
TRY FOR $1","(300, 250)"
"Original
JOE
PICKETT
NEW SEASON
NOW STREAMING
EXCLUSIVELY ON
Paramount+
TRY IT FREE
WITH PROMO CODE: PICKETT","(300, 250)"
"ACCESS THE HIGHEST CONCENTRATION OF
ENGINEERING TALENT AND SKILLED TRADES.
MICHIGAN
PURE OPPORTUNITY
DISCOVER MORE","(320, 50)"
"PEARL iZUMi
The Time
Is Now
New Road Arrivals
for Spring ¹23
Shop New Arrivals","(300, 250)"
"Try Snapshot® today
The better you
drive, the more
you could save
Get a quote
PROGRESSIVE","(300, 250)"
"Keep
heading
in the
right
direction.
Start saving
today.
T. Rowe Price
COLLEGE SAVINGS PLAN Open an Account
Offered by THE EDUCATION TRUST OF ALASKA
19","(300, 250)"
"RANGE USA
FREE Tumbler
with every
membership
purchase
Plus Unlimited Shooting
Sign Up
RANGE
+USA","(300, 250)"
"MAYBELLINE
NEW YORK
FIT ME
MATE+PORELESS
FOUNDATION
BUY NOW
Walmart
MATEMME MAYRAMM
FIT FIT
me
me
MATTE
FOLLE
T
MATTE
HÀ
MANDAON","(300, 250)"
"maurices
summer
SHOP SIZES 0-24 is in the feel-good details","(320, 50)"
"20
IT WAS A
JOURNEY TO
ANOTHER
TIME
EXPLORE
m MINNESOTA","(300, 250)"
"Ocircle
week
Learn more
coming
July 9-15
TM","(300, 250)"
"That's what
U.S. Bank is for.
us bank
We'll get there together.
LENDER Equal Housing Lender. Member FDIC.
Learn more","(300, 250)"
"€2023 BIC USA Inc.
FLONGER
LASTING
PLEAS
1-2
Flex 5
TITANIUM
2 RAZORS
BIC
Flex5
FLEXIBLE BLADES
THAT LAST.
So your paycheck does too.
SHOP NOW
Available at
Walmart","(300, 250)"
"AMERICAN
SS
EXPRESS
AMERICAN EXPRESS
Watch your
savings grow
Learn More
EARN MORE
with a High Yield Savings Account
WORLD SERVICE
AMERIC
American Express National Bank,
Member FDIC. Terms apply.
wo
NOR
$/0
ad
WOR
AMERIC","(300, 250)"
"TICKETS
STARTING
AT $39
AUGUST 4-6
MICHIGAN
INTERNATIONAL SPEEDWAY
NASCAR
BUY NOW","(160, 600)"
"TH
45.85
INSIDER
I =
How They Got Here
A series on the innovations that
made everyday life more sustainable.
VIEW NOW
temes
En","(300, 250)"
"PAT
Get More out
of Your i-Ready
Reading Data
Explore Magnetic Reading
i-Ready Learning
Magnetic
Reading
m","(300, 250)"
"Finance automation
that puts you in charge.
LEARN MORE
tipatti","(320, 50)"
"THE DESIGN DESK
at Crate&Barrel
TRY IT FREE","(300, 250)"
"The Elder Scrolls
-ONLINE.
PLAY NOW
Ⓒ2023 ZENIMAX MEDIA INC.","(320, 50)"
"DAYS THAT
DELIGHT
Bring the Fam
visit
detroit","(320, 50)"
"OPEN A HIGH YIELD
SAVINGS ACCOUNT Member FDIC
Terms apply
AM
EX
LEARN MORE >","(320, 50)"
"PRIUS
Vehicle shown with options
uning visual effects.","(320, 50)"
"SPINRAZA
(nusinersen)
For US audiences
anly. ©2020 Bogen
All rights reserved.
08/20 SPZ-US-3339
DISCOVER
SPINRAZA
>","(320, 50)"
"AUG
17
EXTREME
WITH VERY
SPECIAL GUEST
Living COLOUR
BUY TICKETS
Hard Rock
LIVE
NORTHERN INDIANA","(300, 250)"
"Is something missing
in the treatment of stage II (NO, N1)
HR+/HER2-eBC?
NOVARTIS
11/22 248085-1","(320, 50)"
"LG
PERFECT
LAUNDRY
PAIR REBATE OFFER
SAVE
$100*
VIA ONLINE REBATE
when you bundle eligible
LG Front Load Washer
and Dryer appliances
*Terms and conditions apply. Subject to availability See details
ot LG-Promos.com/frontload523. Volid 5/4/23-7/19/23
SAVE NOW","(300, 250)"
"TOYOTA CROWN
LET'S GO ROLLING","(320, 50)"
"CERTIFIED BY VOLVO
The Volvo S60
Get a limited time offer today
VIEW INVENTORY","(300, 250)"
"PS5
FINAL FANTASY XVI
OUT NOW
""PlayStation Family Mark"", ""PlayStation"", ""PSS Lage"" and ""Play Has No Limits are registered
trademarks of Sony Interactive Entertainment Inc. © 2023 SQUARE ENIX CO., LTD. All Rights Reserved.","(300, 250)"
"We're here for LGBTQ
young people, 24/7
THE TREVOR PROJECT
Donate Now","(320, 50)"
"SERAPHIM
INTERSOLAR EUROPE 2023
BOOTH: A1.460
""GLOBAL PV MARKET OUTLOOK ""
PRESENTATION 14 Jun 14:45PM (Munich Time)
Jenny Chase
BNEF Solar Specialist
17.","(300, 250)"
"Western Foodservice
& Hospitality Expo
AUGUST 6-8, 2023 | ANAHEIM, CA
Where the restaurant and foodservice
community gathers for:
PRODUCTS NETWORKING
EDUCATION
DETAILS AT WESTERNFOODEXPO.COM
REGISTER WITH CODE QSR TO SAVE $15!","(300, 250)"
"CARBONE
LAWYERS
Heard from your lawyer lately?
1800 369 888
www.carbonelawyers.com.au","(728, 90)"
"THE STRONGEST PLAY IS
ASKING FOR HELP
Score Points for Mental Wellness Here
RAIDERS
Intermountain
Healthcare","(728, 90)"
"Golf Canada Members, save up to 35%
off base rates with PAY NOW with
AWD # S662200.* *Terms apply.
AVIS
AVIS
RESERVE NOW","(728, 90)"
"Four Stroke
TurboHeader Muffler
and Adapters
www.rcspecialties.net","(300, 250)"
"Cavitron Ultrasonic Scaling
REMOVES 50%
MORE
active biofilm than hand scaling alone*
""When equal strokes applied in an
in-vitro study. Abstract which has
been reviewed and presented at
IADR
Learn More
Dentsply
Sirona","(300, 250)"
"RealClear Media Fund
A GIFT FOR OUR
DISCERNING READERS
Unum free digest from RealClear, dedicated
to independent coverage of the most
pressing political, economic & cultural issues of our time.
GET YOUR
FREE COPY
NOW","(728, 90)"
"Enjoy all
the best from
Cooking Light with
CookingLight
All Access
Start Today
Coolinglights
5-ingredient
15-minute 95
E
C
THURSDAY
Cookinglig","(300, 600)"
"OLT
COL
com
COLT DATENGER
COMBAT ELITE
STILL MAKING HISTORY.","(300, 600)"
"RECORD EAGLE
FISHING PHOTO CONTEST
PRESENTED BY
JAY'S
SPORTING GOODS
CLICK HERE TO SUBMIT YOUR PHOTO
FOR YOUR CHANCE TO WIN A $100 GIFT
CARD FROM JAY'S OR DOWNTOWN TC
GIFT CARDS!","(300, 250)"
"RECORD EAGLE
FISHING PHOTO CONTEST
PRESENTED BY
JAY'S
SPORTING GOODS
CLICK HERE TO SUBMIT
YOUR PHOTO
FOR YOUR CHANCE TO WIN
A $100 GIFT CARD FROM
JAY'S OR DOWNTOWN TC
GIFT CARDS!","(728, 90)"
"RECORD EAGLE
FISHING PHOTO CONTEST
PRESENTED BY
JAY'S
SPORTING GOODS
CLICK HERE TO SUBMIT YOUR
PHOTO
FOR YOUR CHANCE TO WIN A
$100 GIFT CARD FROM JAY'S OR
DOWNTOWN TC GIFT CARDS!","(970, 90)"
"ESTEC
WHERE RESTAURANTS
AND TECH CONNECT
SEPT 13-15, 2023 I HILTON ANATOLE, DALLAS, TX","(300, 250)"
"ORIGIN
SPALING BERRIES
00
CRAFT YOUR COCKTAILS & MOCKTAILS
WITH
ORIGIN
SPARKLING SPRING WATER
AVAILABLE FOR
YOUR MENU NOW
*Drink responsibly. Please be aware of your surroundings.
2023 BlueTriton Brands, Inc.","(300, 250)"
"Is Your Merchandising Strategy Customer-Centric?
Learn the 5 most important steps to get started.
Get the Guide >>
EDITED","(970, 90)"
"CHRISTIAN, real Demodex blepharitis (DB) patient and ophthalmologist","(300, 250)"
"SEW
ENGL
LOOKING FOR NEW ENGLAND REVOLUTION TICKETS?
YOU'LLSCORE AT TICKETMASTER
REVOLUTION The Official Ticketing Partner of the New England Revolution.
t
Buy Tickets","(728, 90)"
"THESE INNOVATIVE AR-15 BARRELS
OFFER PERFORMANCE AND VALUE
LEARN MORE","(300, 250)"
"API
INVEST IN
YOURSELF
WITH AN ICP
CERTIFICATION
American
Petroleum
Institute
API's Individual
Certifications
Programs
APPLY
TODAY","(300, 250)"
"VOTE FOR YOUR FAVORITES
The
BEST OF
San 23
Antonic","(728, 90)"
"The
BEST OF
San 23
Antonio
CURRENT","(300, 250)"
"Fisher Greene
INSURANCE AGENCY
WKEYSTONE®
Providing quality insurance
and excellent service...
...at competitive prices
since 1914
Granite Quarry
704-279-7234
China Grove
Salisbury
704-856-0250 704-636-2923","(300, 250)"
"Click now for
$3 OFF
your 1st online
order of
$15 or more
CAGNEY'S
KITCHEN
THE NEIGHBORHOOD'S BEST KEPT SECRET
215 N Salisbury Ave, Granite Quarry
(Located beside GQ Police Station)
(980) 332-0220
cagneyskitchen.com","(300, 600)"
"KAYAK
The
CAVES","(300, 250)"
"USE CODE
23DM000 TO
SAVE $10
SPARK YOUR
CURIOSITY
WITH A FLEET MEMBERSHIP
JOIN TODAY
FLEET
SCIENCE
CENTER","(728, 90)"
"SANFOUNDRY CERTIFICATION
C.....
C#......
C++..
bio
Java........
Python...
FREE! GET STARTED NOW!","(300, 250)"
"IFAM
2023
International
Folk Art Market
The Official Guide
Coming
Sunday, June 25
Don't forget to pick up your copies inside
SANTA FE NEW MEXICAN","(300, 600)"
"invest529
Grow your
savings
with a
$100 bonus
Learn more
$₂","(300, 600)"
"Invest Grow your savings
529
with a $100 bonus
Learn
more","(728, 90)"
"SC Cloud Security The most current articles, analysis and
Email Newsletter
research involving cloud security.
Sign Up","(728, 90)"
"SC Identity
Weekly insights and
best practices to
help security teams
strengthen their
IAM programs.
SIGN UP TODAY
SC Media | scmagazine.com","(300, 250)"
"SC Identity
Email Newsletter
Weekly insights and best practices to help
security teams strengthen their IAM programs.
Sign up","(728, 90)"
"Galway Film Fleadh
IRELAND'S LEADING FILM FESTIVAL
35th GALWAY FILM FLEADH
11-16 JULY 2023 WWW.GALWAYFILMFLEADH.COM","(970, 250)"
"MIA
MERCATO
INTERNAZIONALE
AUDIOVISIVO
2023
Roma, October 9-13
THE CALL FOR
PROJECTS
IS OPEN
ANIMATION - DOC -DRAMA -FILM","(970, 250)"
"REWARD YOUR INNER
EXPLORER WITH SKYMILES.
SkyMiles Program rules apply.
ADELTA
SKYMILES
JOIN FOR FREE >","(728, 90)"
"TD
Follow us
f","(728, 90)"
"CISO FORUM
VIRTUAL SUMMIT
2023
An Exclusive Executive
Forum Focused on
Cybersecurity
Leadership
and Strategy
JUNE 13-14, 2023
REGISTER NOW
SECURITYWEEK
CECEMS, INSINTSAN","(300, 600)"
"Regent University
D
Activate
Your Purpose
Filled Future
E
REGENT
UNIVERSITY
LEARN MORE","(300, 600)"
"Г
orchidromance
TAP TO BROWSE
orchidromance","(300, 250)"
"Light in thebox
SHOP NOW >
UP TO 70%OFF","(160, 600)"
"For the future. For them.
It's time to pull together. Join us today.
BASC
Best in the field","(970, 250)"
"12 MONITOR AUDIO)
NEW Platinum 3G
Objects
of Desire","(728, 90)"
"TAMRON
150-600mm
[For Sony and Fujifilm]
$200
INSTANT SAVINGS","(300, 250)"
"TAMRON
150-500mm
Di III VC VXD
[Model A057 for Sony and Fujifilm]
C
$200 INSTANT SAVINGS
SHOP TAMRON TELE LENSES NOW ►","(300, 600)"
"TAMRON 150-500mm Di III VC VXD
[Model A057 for Sony and Fujifilm]
AD
Ce
$200
INSTANT
SAVINGS ►","(728, 90)"
"The Catechetical
Institute at
Saint Charles
Borromeo Seminary
Register now for
non-credit online sessions
starting in July!
www.scs.edu","(300, 250)"
"THE SUMMER PARTY
SALT CITY
WINE & DINE
Aug. 19 | La Caille
21+ EVENT
40+ FOOD AND DRINK
VENDORS
VIP EXPERIENCES
LIVE ENTERTAINMENT
WITH NIGHT CONCERT
GET TICKETS >>
Vida lok
Yoko lamen","(970, 250)"
"THE SUMMER PARTY
SALT CITY
WINE & DINE
Aug. 19 | La Caille
21+ EVENT
40+ FOOD AND DRINK
VENDORS
VIP EXPERIENCES
LIVE ENTERTAINMENT
WITH NIGHT CONCERT
GET TICKETS >>
SA
Vok","(300, 250)"
"Searching for Speakers?
Compare
Before You Buy
Compare Now
boat ZEBRONICS
Portronics
PHILIPS","(300, 250)"
"Taiwan
THE HEART OF ASIA
TW
Welcome to Taiwan!
NT$5,000
Terms and Conditions Apply
REWARDS AWAIT!
Taiwan
the LUCKY
LAND","(728, 90)"
"AMERICAN QUEEN
VOYAGES™
Experience
the wonder of
North America's
most iconic
waterways
LEARN MORE
AMERICAN QUEEN","(300, 600)"
"EXCLUSIVE
HAWAII REHAS
EXPERIENCE TRUE HEALING
BEGIN YOUR JOURNEY (808) 725-2350","(728, 90)"
"EGETA JUMP ON THE NEW SEASON!
REGISTER
NOW!
PREMIER
CUP
5th Annual
LOUDOUN
PREMIER
CUP
August 18-20, 2023
U9-U19
Boys & Girls","(300, 250)"
"LOUDOUN
SOCCER
*
PREMITA LOUDOUN PREMIER CUP
CUP","(728, 90)"
"Helping your
business grow.
How can we help you?
EXCHANGEBANK.COM >
Member
FDIC
NMLS ID 643948
EB Exchange
Bank","(970, 250)"
"tu
K
FERRARI-CARANO
Your table awaits you.
KANDY
RESOR
Open daily. RESERVE NOW","(300, 250)"
"ROTH
ESTATE
ADULTS AT PLAY
FIRST FRIDAYS
OF THE MONTH
JOIN THE FUN","(300, 250)"
"SUBSCRIBE AND SAVE
Print | Desktop
Phone / Tablet
+ Bonus PDF
SOUND ON SOUND
STUDIO BUSINESS
NE
AUTO","(300, 250)"
"Abbott
TO FIND A
PAIN SPECIALIST
NEAR YOU
CLICK HERE","(336, 280)"
"SHOW YOUR
THE
LOVE FOR
OCEAN
Take the pledge
to eat sustainably.
MSC
www.w
CHOOSE
CERTIFIED
SUSTAINABLE
SEAFOOD","(300, 250)"
"SportsPro
1-2 AUGUST 2023
MARINA BAY SANDS, SINGAPORE
Book now & save 20%","(728, 90)"
"SportsPro
DAILY
PHO
How is the
Sp
NEWS
INSIGHTS
ANALYSIS
MOD
SIGN UP","(300, 250)"
"Laureus
SportsPro
SPORT FOR GOOD
INDEX.
Championing the brands making
a positive impact through sport
Nominations close July 21st
NOMINATE NOW","(728, 90)"
"Whose
TEXT UNCLE LARRY (415) 548-9135
LARRY'S
MARKET RUN
2023
WORLD TOUR
NORTH AMERICA
WITH MONROE FLOW & DVME
JUNE 27
THE FILLMORE SILVER SPRING
LIVE NATION","(728, 90)"
"LARRY'S MARKET RUN
2023
WORLD TOUR
Whose
TEXT UNCLE LARRY (415) 545-0125
NORTH AMERICA
LIVE NATION
WITH MONROE FLO
FLOW ADVE
JUNE 27
THE FILLMORE SILVER SPRING","(300, 250)"
"LARRY'S MARKET RUN
2023
WORLD TOUR
WHose
9
TEXT UNCLE LARRY (415) 548-9125
NORTH AMERICA
LIVE NATION
ATM
WITH MONROE FLOW & DVME
JUNE 27
THE FILLMORE
SILVER SPRING","(300, 600)"
"BAUDIOVECTORS
Ꮎ
AUDIOVECTOR
Handmade in Denmark since 1979
stereophile
RECOMMENDED
RC2023
COMPONENTS","(336, 280)"
"CLICK HERE TO SEE AVAILABLE
JOBS IN SUMMIT COUNTY & BEYOND!
COLORADO MOUNTAIN JOBS","(728, 90)"
"37th ANNIVERSARY
Sentimental
Journey
2023
A Family-Oriented Fly-In, William T. Piper
Airport, Lock Haven, PA 17745. (LHV)
Tue., June 20 - Sat. June 24, 2023
Gates Open 9:00 am - 10:00 pm
daily, Free admission after 5pm,
and all day Saturday.","(300, 250)"
"S
FECAR
*T&Cs apply
SAFETY C
Win a Set of Sport Maxx
060+ SUV tyres*
STICK WITH
DUNLOP
ENTER NOW","(728, 90)"
"✔novation
50%
off
Ableton
Live Suite
11 Upgrade
Find out more","(160, 600)"
"syracuse.com
Advertise on the
number one
E#
1
newspaper website
in the USA*
2017 Nielsen Penetration Report
LEARN MORE","(300, 250)"
"Yout
July 3
PARADE
////|||||||||
CITY OF
SOUTH LAKE TAHOE JULY 4 | 9AM","(300, 250)"
"Sunday,
July 16
Noon - 4 p.m.
Florida State Fairgrounds
4800 US 301, Tampa FL
TAMPA BAY
Featuring the
BRIDAL ared's top wedding
SHOW
professionals
Presented by Tampa Bay Times $5 Admission","(300, 250)"
"TAMPA BAY
Brat
SHOW
Fri., June 23. 10 AM - 5 PM
Sat., June 24 • 10 AM - 6PM
Sun., June 25 10 AM - 5 PM
●
FREE
ADMISSION
Florida State
Fairgrounds","(728, 90)"
"HO
Tampa Bay Times
Their decisions
affect you.
Stay informed.
Get the latest Florida
political news.
Read now","(300, 250)"
"LEARN HOW TO DISPOSE
& RECYCLE YOUR WASTE
GET YOUR FREE LOCAL GUIDE TODAY
Taos County
Backyard &
Household Waste
Management Guide
Pick up your copy at:
AMIGOS
BRAVOS
114 Des Georges Place, Taos
OR
CLICK
HERE","(300, 250)"
"ENHANCE YOUR EXPERTISE WITH DREXEL'S SCHOOL OF EDUCATION
Online Education Degree and Certificate Programs
Drexel
UNIVERSITY","(728, 90)"
"ENHANCE
YOUR EXPERTISE
WITH DREXEL'S
SCHOOL OF
EDUCATION
Online Education
Degree and
Certificate Programs
Drexel
UNIVERSITY","(300, 600)"
"Lead the future of
education
Quinnipiac
UNIVERSITY
START HERE","(300, 250)"
"CHECK NOW
700W AC-DC
CINCON PDF700S BRICK POWER
MODULE","(728, 90)"
"Learn the
requirements
and use best
practices for
asuccessful
lot deployment
E-Guide
Ultimate IoT
implementation
guide for businesses
ComputerWeekly.com","(300, 250)"
"ONE BY
Season 4
WILLIE Streaming Now
Listen on Apple Podcasts or
wherever you get your podcasts.
L
Apple Podcasts
SUPPORTED BY
STILL
AUSTIN
WHISKEY C","(728, 90)"
"ONE BY
WILLIE
4
Season
Streaming Now
Listen on Apple Podcasts or
wherever you get your podcasts.
Listen on
Apple Podcasts
WITH SUPPORT FROM
STILL
AUSTIN
WHISKEY Co","(300, 600)"
"10x
GENOMICS
Chromium Gene Expression Flex
Flex your single
cell muscle
More samples, more insights,
more savings
Learn how","(300, 250)"
"Cadarette
COLLISION
PUT
YOUR TRUST
IN US!
3456 US 23
SOUTH ALPENA
989-356-4778","(728, 90)"
"MYKA
Father's Day
is
June 18th
com
Laria
Sar","(300, 250)"
"ENOCH FRATT free LIBRARY
SUMMER
BREAK
BALTIMORE
June 1 - August 31
All ages | Build your home library!
One FREE book per month | FREE t-shirt upon registration*
Register at any Pratt location or prattlibrary.org/summerbreak
""While supplies lost","(300, 250)"
"Like this article?
Support journalism like this become a
Daily Beast subscriber for less than 11¢ per day.
Subscribe Now
DAILY BEAST","(970, 250)"
"ETS
TREE CARE
607 226-8444
Free Estimates and
Consultations","(728, 90)"
"OCHEN
TVIS
COCOUNTINL
1798
CHENANGO COUNTY
NOW HIRING
CASE WORKER &
SOCIAL WELFARE
EXAMINER
APPLY HERE","(300, 250)"
"ONC
BOCES
NOW HIRING
MULTIPLE
POSITIONS
CLICK HERE
TO APPLY","(300, 250)"
"QC KineTIX
NON-SURGICAL REGENERATION
Pain due to arthritis or a sports injury? We can help!
Relieve pain without surgery!
319.349.2815
MORE INFO
Financing
Available
No Down
Time!
90
✓ Non-Steroidal
Treatments
EMMITT SMITH
Pro Football Legend & QC Kinetix National Spokesperson","(970, 250)"
"mimecast
The only
copilot M365
really needs.
An extra layer of security
to keep your email safe.
FREE TRIAL","(970, 250)"
"ISRAEL
(360
CLICK HERE
TO SIGN UP FOR THE
ULTIMATE
CHALLENGE
AND SAVE MORE LIVES!
1104
JORDAN
4TH-12TH NOVEMBER 2023
JC
SAVING","(300, 250)"
"Nation.CLIMATE
A biweekly newsletter of The Nation's
top climate coverage
#46
SIGN UP NOW!","(970, 250)"
"Nation.CLIMATE
+4
of The Nation's
top climate
coverage
1444
UPDATE
A biweekly
newsletter
SIGN UP
NOW!","(300, 600)"
"The
NEWS
Minute
Like our Journalism?
Support us.
Become a Member
The
NEWS
Minute","(970, 250)"
"How
allta
de
TARGET IDENTIFIED:
KIRSTY, WAREHOUSE OPERATIVE","(300, 250)"
"TIMESRADIO
INTELLIGENT RADIO FROM THE TIMES","(970, 250)"
"ISTAG ARMSI
BIG THINGS ARE COMING
STAGARMS.COM","(300, 250)"
"Plan goals for life.
RBC
Wealth
Management","(300, 250)"
"VOTE
FOR US!
2023
TIMES-CALL
READERS'
CHOICE
PRECISION
PLUMBING HEATING
COOLING ELECTRICAL
Precision
Plumbing
AC/Heating Service
Plumber
Electrician
TimesCall.com/VOTE","(300, 250)"
"testim
Testim
SOURCEFORGE
Customers
Love Us
Modernize test
automation with Al to
release mobile apps
faster
Deliver quality software
at DevOps speed
Learn More","(300, 600)"
"testim
Testim
SOURCHFORGE
Customers
Love Us
Modernize test automation with Al to
release mobile apps faster
Deliver quality software at DevOps speed
Learn More","(300, 250)"
"testim
SOURCE FORGE
Customers
Love Us
Testim
Modernize test automation with Al to release mobile apps faster
Deliver quality software at DevOps speed
Learn More","(728, 90)"
"DOWNLOAD
TO GET THE
DOWN LOW!
GET IT ON
Google Play
DUT
NEWS
07/10/2019 6:55 AV POT
TMZ
VIDEOS PHOTOS
NBA'S ANDRE DRUMMOND
BIKINIS, BOOTY
AND BOOZE
.IN NEW RAP VIDEO
07/26/2010 10:31 AM POT
63 co
SPORTS","(300, 250)"
"HERO
WARS
A6024
12
3
2
TRY
DEFEAT THE BOSS!","(300, 250)"
"Fly to Europe
from Haneda
Book now
LKUTHI
QATAR
AIRWAYS
oneworld","(970, 250)"
"THE BLADE
What are you
wading for?","(300, 250)"
"THE BLADE
What are you wading for?","(728, 90)"
"Driving Texas
business forward.
Learn more
TexasMutual
WORKERS' COMP INSURANCE","(728, 90)"
"PRINCESS CRUISES
come back new
HEART OF ALASKA
ESCORTED CUSTOM
CRUISETOUR
13 Nights
2024 voyages
starting at $2999pp*
1-800-576-2378
cruisestoalaska.com
CRUISES
TO ALASKA","(300, 250)"
"Wild Alaska Travel
BEST NORTHERN
LIGHTS VIEWING TOURS
WILDALASKATRAVEL.COM","(300, 250)"
"PRINCESS CRUISES
Heart of Alaska Escorted Castor Craise toar
13 Nights
2024 voyages
starting at $2999pp
Visit
CRUISES
TO ALASKA
.com","(728, 90)"
"Lindblad
Expeditions
Π
Discover Expedition 360°
GROW YOUR SALES WITH OUR
ADVISOR TRAINING PROGRAM
GEOGRAPHIC
LEARN MORE","(970, 250)"
"Discover
Expedition 360°
GROW YOUR SALES WITH OUR
ADVISOR TRAINING PROGRAM
Lindblad
Expeditions
NATIONAL
GEOGRAPHIC
LEARN MORE","(300, 250)"
"Sponsored by Bell
FREE TEXTING FOR
AEROPLAN MEMBERS
Message friends, family and
colleagues, over Wi-Fi, while flying.
Sponsored by Bell.
AIR CANADA
LEARN MORE","(970, 250)"
"Sponsored by Bell
FREE TEXTING FOR
AEROPLAN MEMBERS
Message friends, family and
colleagues, over Wi-Fi, while flying.
Sponsored by Bell.
AIR CANADA
LEARN MORE","(300, 250)"
"TAKE
SAVE
GET
SPRINGINTO 75% +800+ $800
OFF
SUMMERSALE
PER
ONBOARD
2ND GUEST
STATEROOM
CREDIT PER
STATEROOM
Celebrity Cruises
LEARN MORE","(728, 90)"
"Tribune Chronicle
YOUR TRUSTED NEWS for Trumbull County.
Subscribe Today","(728, 90)"
"Kimic
MARKET
WHOLESOME,
NATURAL
KOREAN
ONLINE-
GROCERY>>>
H
MAKKEES
모두랑달콤쑥
bat Tradis","(336, 280)"
"fetch
COMPRA
Descarga la app
Download on the
App Store
GET IT ON
Google Play","(728, 90)"
"Mis
Extra
Lan
Watch on
TUKO Extral","(320, 50)"
"WATCH
THE UMC VIDEO UPDATES
RECAP IN THE BLINK OF AN EYE! NOW","(728, 90)"
"Give hope and healing to the world
PARTNER WITH MISSIONARIES AROUND THE WORLD
The Advance
balties The United
GIVE NOW","(728, 90)"
"FIND THE NEXT
STOP ON YOUR
EDUCATIONAL
JOURNEY
SCHOOL
SHOWCASE
EXPLORE
NOW >>>","(728, 90)"
"Register for the 74th
International Astronautical
Congress
2-6 October 2023
Baku, Azerbaijan
azercosmos
IAC
2023
BAKU","(728, 90)"
"NORTH COUNTRY
SEPTIC
DISPOSAL
TRANSFER STATION
NORTH
COUNTRY
DISPOSAL
Solid waste collection,
recycling and septic waste
disposal services
LOCALLY OWNED
CALL US
TODAY","(728, 90)"
"2023 gear is here.
us open
2023
us ope
Be among the first to get the new apparel
SHOP
USTA 2023.","(970, 90)"
"HSBC Mutual Fund
See
opportunity
where
others don't.
HSBC Small Cap Fund
Invest Now","(970, 90)"
"vetstreet.com
Need help finding a vet?
FIND A VET NEAR YOU >","(728, 90)"
"Shar
music
Your one-stop shop for
everything string.
R","(300, 250)"
"Lowbrow Eats & Drinks For
Vegans to Carnivores","(320, 50)"
"SAVE
SUMMER
Sale 50%
Save 50% off
on all reservations!0
RAMADA
PLAZA RESORT & SUITES
International Drive - Orlando
BOOK
NOW","(300, 250)"
"SHIMANO NONSTOP CONFIDENCE
TECHNOLOGY
NEXT-LEVEL STOPPING POWER
ICE
TECHNOLOGIES","(728, 90)"
"24/7
Backup
Power
Protection
GENERAC
GENERAC
ACT NOW","(300, 250)"
"Sotheby's
THE
SUMMER
SEASON
LONDON
JUNE - JULY
LEARN MORE
SUCCESSIONALBERTO GIACOMETTI/DACS2023","(300, 250)"
"HOME VALUES ARE CHANGING.
GET YOUR FREE HOME VALUATION
MI
C
MATT
CURTIS
REAL ESTATE","(728, 90)"
"All
of Us
RESEARCH PROGRAM
Together
We can change
the face of medicine.
Contact All of Us
Research Huntsville","(728, 90)"
"Friendly Service,
FARM
BUREAU Dependable Coverage
INSURANCE
Get A Quote
FARM
BUREAU
POK
Lu","(300, 250)"
"SCOTT
Scott
Swimming Pools
www.scottpools.com","(300, 250)"
"ORO
PUTNAM
ADVENTURE AWAITS
Discover Putnam
Family Fun Beating
THE GREAT OUTDOORS
I♥NY
WWW.VISITPUTNAM.ORG
Biking
YORK","(300, 250)"
"Agri-Fab
Lawn Care Made Easy
SWIVEL CART
ESTD 1960
RURAL KING
AMERICA'S FARM & HOME STORE
Purchase yours
today at Rural King","(728, 90)"
"MULLINS
WHEY
100% Whey
Protein Isolate
rBGH | Gluten | Antibiotic | Soy FREE
LEARN MORE
store.mullinswhey.com
V
MULLINS WHEY
100%
Whey
A
protein 4
Isolate
VANILLA
882
25 persen","(970, 250)"
"BRAGG
WEIGHT LOSS
BRAGGING
RIGHTS
CLICK HERE
FOR MORE INFO!","(728, 90)"
"STRAWBERRY
FROSTY
Limited time only at participating U.S. Wendy's","(728, 90)"
"The kids won't be young forever.
NOW is the right
time to get a pool.
Vande Hey
Company, Inc
LEARN MORE","(728, 90)"
"GRAB YOUR
FAVORITE
WBEZ GEAR AT
SUMMER
CLEARANCE
PRICES
WBEZCHICAGO
SHOP NOW
WBEZ
2005
PUBLIC
RADIO
NERD
Wbez
Chicago
Wale","(300, 250)"
"sissiparks.
CLARKSBURG
SPLASH
ZONE
SUMMER
FUN","(728, 90)"
"sityparks
CLARKSBURG
SPLASH
JE ZONE
GREAT SUMMER FUN
FOR THE ENTIRE FAMILY","(300, 250)"
"Decas
BEACH
IN YOUR
BACK YARD
BOOK
NOW
BRETT/
ROBINSON
GULF SHORES
& ORANGE BEACH","(728, 90)"
"Food GIANT
EMPLOYEE OWNERS SERVING YOU BETTER
From our family of stores
to your family!
VIEW DEALS!","(728, 90)"
"ROUTE
66
SOLAR
American Made Products $0 Down Financing
Get Your
Free Estimate
Locally Owned
Begin Saving with Solar Today","(728, 90)"
"REDUCE your energy bill and
INCREASE your SOLAR SAVINGS!
ROUTE
66
SOLAR
Locally Owned,
Built with American
made Products
Schedule a Free Estimate","(300, 250)"
"FESTIVALSOUTH 2023
NOW THRU JUNE 24
FESTIVALSOUTH.ORG","(728, 90)"
"WDAM LawCall
answers your
legal questions
WDAM7
Have Questions? Click Here
Free background information available upon request.","(300, 600)"
"Challenge
422
PARK
POINT THURSDAY, JULY 13 | 6:30 p.m.
FREE KIDS RACES KIDS 12 & UNDER
REGISTER AT GRANDMASMARATHON.COM
M.I.L.E.R","(728, 90)"
"LOTTERY
WESTVIMA
POWER..
NASCAR
VICTORY POWERL
LAP COLLECT 'N WIN
PLAYOFF
NASCAR with expressed pe
CLICK FOR DETAILS
Please play responsibly.","(728, 90)"
"NEWS
AT 10:00","(728, 90)"
"Veterans Job Fairs
IN-PERSON
& ONLINE
REGISTER TODAY
DAV RECRUIT/ILITARY","(970, 250)"
"View Codes
3 Easy Steps:
1: Click View Codes
2: Download Shopping Extension
3: Apply Coupon Codes!
Capital One
Shopping
bestpromocodes.co","(728, 90)"
"A
ALFRED STATE
COLLEGE
THE
PLAY: OF
WEEK
ALFRED STATE
PIONEERS
WENY
SPORTS
VOTE HERE!","(728, 90)"
"AAL
ALFRED STATE
COLLEGE
OF
PLAY THE
WEEK
WENY
SPORTS
ALFRED STATE
PIONEERS
VOTE HERE!","(300, 250)"
"A₁
MENER STATE
PIONERS
OF
THE
ALFRED STATE
PLAY:
COLLEGE
WEEK
VOTE
HERE!","(320, 50)"
"Capabilities
Upholstery Services
CLICK HERE TO LEARN MORE
With over 40 years of upholstery Experience, Capabilities
can custom make the seating you truly want for your customers
and breathe new life into your cherished antiques or flea market finds!","(728, 90)"
"The Butler
Institute
OF AMERICAN ART
EXHIBITIONS, ART LECTURES, FAMILY EVENTS, MUSIC,
MEMBER PERKS, WEDDINGS, MEET THE ARTIST EVENTS
ADMISSION IS FREE AND ART IS FOR EVERYONE","(728, 90)"
"SAVE the DATE
SUMMER 2024
PARIS
2024
CHROM
PARIS
2024
BANANS
for the
MARRIAGE of SPORT & CULTURE
in the heart of Paris","(300, 250)"
"BLOODLINE:
The Butler The Art of John Mellencamp
Institute
OF AMERICAN ART
& Speck Mellencamp
May 7th-July 2nd","(728, 90)"
"Spring into Savings with the WhatsOnStage Theatre Club!
Join today for access to exclusive club rates for theatre in London! Save 20% on an annual membership now.
THEATRE CLUB
PRESENT","(728, 90)"
"Spring into Savings with the
WhatsOnStage Theatre Club!
Join today for access to exclusive club rates for theatre in London!
Save 20% on an annual membership now.
THEATRE CLUB
PRESENTED BY WHATSONSTAGE","(970, 250)"
"Long Lighting
Consulting Group
Illuminating your way since 1996
2111 SW Belle Ave, Topeka
(785) 272-0404","(300, 250)"
"PUHS
YOUR CARE
your way
HEART & VASCULAR SERVICES","(300, 250)"
"WHEN YOUR HAIR DRYER WON'T CUT IT...
CALL PEARSON FOR FAST, FRIENDLY SERVICE!
Pearson
PLUMBING HEATING/AC. PEST • DRAINS
www.pearsonguy.com
Call 815-398-8312","(300, 250)"
"Back River Valley
BLOOD CENTER
WE NEED BLOOD.
LIKE PUMPKIN SCHEDULE
YOUR
NEEDS SPICE! DONATION","(728, 90)"
"When you need a financial
partner in Lansing, Mere is here.
Mercantile BankⓇ
FDIC","(728, 90)"
"Leaders in White Burgundy Since 1926
LEARN MORE
cipatedby Deutsch Family Wine & Spis Samba CT. Please Dirk P
CAVE DE LUGNY","(728, 90)"
"Don't miss the best campgrounds.
Get exclusive access to the best data from Campground Reviews.com
RV LIFE
Trip Wizard","(728, 90)"
"Make RV trip
planning easy.
RV LIFE
Trip Wizard","(300, 250)"
"Find better
campgrounds.
Get exclusive access to better reviews.
B RV LIFE
Trip Wizard","(300, 250)"
"KALTIR
TA
JOIN THE CFL'S LOUDEST FANS ATIG FIELD
W
BUY TICKETS TODAY >>","(970, 250)"
"JUNETEENTH
FREEDOM FOR ALL
Presented by
P&G","(300, 250)"
"LIVE
KELLY
MARK
335
FROM COSTARS IN LIFE
TO COHOSTS ON LIVE
WEEKDAYS AT 9AM 27
WKOW","(728, 90)"
"LOCAL
-2
Guest!
HALF PRICE
NEW EVERY WEEK
GIFT CERTIFICATES! Local on 2
CLICK HERE
TO GET YOURS!","(728, 90)"
"WASTE PRO®
Caring For Our Communities""
$10,000 Driver / $5,000 Helper
Awards
WASTE PRO
1000","(728, 90)"
"WASTE PRO
Caring For Our Communities
GROW WITH US!
Excellent Benefits
APPLY
TODAY
WASH P","(300, 250)"
"Limited Time!
Debt Consolidation
Learn More
Loans
ADVENTURE
CREDIT UNION
NCUA","(728, 90)"
"A
ADVENTURE
CREDIT UNION
Debt Consolidation
Loans
Limited Time!
As low as
8.99%**
Learn More
*Restrictions apply. Click for details.
NCUA","(300, 250)"
"INJURED
BY A TEXTING DRIVER?
WAYNE HARDEE LAW 800-INJURED","(728, 90)"
"SERIOUS INJURY?
WE CAN HELP!
800-INJURED
WAYNE HARDEE LAW.","(300, 250)"
"HELP US CELEBRATE 30 YEARS
OF CONNECTING
HOOSIERS
Must be 18 or older to play. Please play responsibly. Problem Gambling Helpline: 1-800-994-8448.
Learn more
ΤΗ
LOTTERY.
ANNIVERSARY","(728, 90)"
"Congratulations
to the Graduates of 2023!
df
Dort Financial
CREDIT UNION","(728, 90)"
"Webinar: Advanced Nesting Techniques
to Make You More Productive
June 21@ 2pm ET
With Kenny Belfatto, CIM-TECH'S
National Sales manager, learn to:
CIM-TECH
• Save time
REGISTER NOW
Boost productivity
Reduce costs","(300, 250)"
"Woodworking
Network
Give us a like on Facebook","(300, 250)"
"Continue to Movies
3 Easy Steps:
1: Click ""Continue to
Movies*
2. Add
MoviesToStream
Extension
3: Find Out Where to
Watch Movies and
Shows!
MOVIES STREAM","(160, 600)"
"I
I
Verified Coupons Available
SEE CODES
Capital One
Shopping
bestpromocodes.co
I
I","(970, 250)"
"Simplifying Stoma
Management:
There's No Mystique
to Fix the Leak
Catherine T. Milne, APRN, MSN,
ANP/ACNS-BC, CWOCN-AP
Sponsored by
convatec
WATCH TODAY!","(300, 250)"
"FPL HOME
No Money
Down
on a new HVAC
3 MONTHS FREE
CALL NOW","(728, 90)"
"℗ Cares
84) LUMBER CLEARVIEW
CLC HIGHMARK.
WHOLECARE","(300, 600)"
"SERVPRO
SERVPRO of Columbus
706-568-1934
Cleaning. Restoration. Construction.
24/7/365","(728, 90)"
"RACE TO JUNE 30TH
Contribute Now
Curti","(300, 250)"
"PREVENTATIVE SCREENINGS
SAVE LIVES
SCHEDULE YOUR SCREENING TODAY
Buddy
Check
Z","(728, 90)"
"PREVENTATIVE SCREENINGS
Buddy
SAVE LIVES Check
SCHEDULE YOUR SCREENING TODAY","(300, 250)"
"NISSAN
Steve Rayman Nissan
Mall of Georgia","(300, 250)"
"INJURED
IN A CAR
WRECK?
We'll fight
the insurance
companies
for you!
JOHNNY ADAMS
CALL 500-5000
NO
FEE
JOHNNY
ADAMS
Hargdane
UNTIL
-->>>>>>>
WE WIN
BIG
INSURANCE
COMPANY
No representation is made that the quality
of the
greater than the quality of legal services
performed by","(300, 250)"
"THIS IS
PRESERVATION
GANNON
UNIVERSITY
APPLY TODAY","(728, 90)"
"M
WEST VIRGINIA
POWER""
VICTORY.
LAPCOLLECT 'N WIN
POWERGR
WES
(VIRGOMA))
LOTTERY
MIXINASCAR
POWER BALL
PLAYOFF
NASCAR ed with expressed permission
NASCAR LLC
CLICK FOR DETAILS
Please play responsibly.","(300, 250)"
"Quality New & Pre-Owned Homes For Sale
• Financing Available • Lifetime Warranty
Mills Home
de
CHAD MILES WAS THE DEAT
-
G
LG","(728, 90)"
"9
TRANSFORM
YOUR GARAGE
GarageExperts
Epoxy Flooring Cabinets - Storage
LEARN MORE","(728, 90)"
"abc
36
ON YOUR SIDE
DEAL OF
THE WEEK
BUY NOW
$50 $30
40% off
ZEN
SUSHI Buy This Deal VALUE FOR
SAKE","(728, 90)"
"The vehicle is all electric.
The feeling is all Mercedes.
a
Mercedes-Benz of Dothan","(728, 90)"
"A
Gentleman's Guide
Love
Bock and Rotterda
Robert L. Freedmander
Med Tyksy
Steven Lutvak
Roy Horniman
WINNER
Tony Award for
Best Musical
2014.
HIPPODROME THEATRE
THEHIPP.ORG | 352 375 4477
Previews
May 31 - June 1
June 2
July 9
Gainesville CAINESVILLE
560","(300, 250)"
"Proud to support
the community
► Fair housing reporting
and analysis
► Housing market
data and insights
TRIANGLE MLS™
MULTIPLE LISTING SERVICES","(300, 250)"
"Y
NEW BEGINNINGS
Therapy Services, LLC
304-487-3487
P","(728, 90)"
"SENIORS
WWAY
EX
PO
the
Humana.
INDEPENDENCE MALL
JUNE 22ND | 11AM-3PM","(300, 250)"
"Rex & Sons
66
RVS
Sales Rentals Parts - Service
WWAY€
CAMPING WEEK ENTER NOW","(728, 90)"
"THE LAW OFFICES OF
CHIP
FORSTALL
-PERSONAL INJURY-
CF
THE
FORSTALLS
Take Care of it All
| JONATHAN & CHIP FORSTALL
CALL - 504.483.3400
NEW ORLEANS
CHIPFORSTALL.COM
CONTACT
OUR FIRM","(300, 250)"
"UNDER
ARMOUR
SUP
SPEED
Shop UA.com","(728, 90)"
"SEE STUNNING
4RUNNER
BUILDS & SPECS
TARZAN AND
31
35x12.5 NG
SEE BUILDS →
REVKIT Build it. Track it. Share it.","(300, 250)"
"FIND YOUR PERFECT FIT TODAY
AT WWW.GOBIRACKS.COM
GOB","(728, 90)"
"DISCOVER
COASTAL LUXURY
MAKE YOUR ESCAPE
HE
PEAAL","(300, 250)"
"Power & Paradise
FREE trip for 2 to Bali or a
FREE SolarEdge Battery
SimplySolar","(728, 90)"
"FREE GIFT
with any solar appointment
Must schedule and attend
your solar consultation.
SimplySolar","(300, 250)"
"0
KNOW WHAT'S AROUND
THE CORNER WITH
ZERO HEDGE PREMIUM
GO PREMIUM NOW","(300, 250)"
"LIED
CENTER lied.ku.edu/785-864-2787
OF KANSAS
Air Supply
THE LOST IN LOVE EXPERIENCE
Legendary soft-rock duo
Wed 7:30
OCT 4
CHERRY HILL
PROPERTIES","(300, 600)"
"FREE H
BULLETS Midway
with qualifying
purchase of
HornadyⓇ
reloading
products.
SHOP NOW","(300, 250)"
"SOUNDCLOUD
FOR ARTISTS
SUBSCRIBE TO
NEXT PRO TODAY
THERE'S AN ARTIST
IN EVERY FAN","(728, 90)"
"TOYO TIRES
TOYO
TIRES
OVERALL DOMINATION
MENZIES WINS THE SCORE BAJA 500.
TOYO SWEEPS OVERALL.
#TEAMTOYO
LEARN MORE","(300, 250)"
"TOYOTHES
OVERALL DOMINATION
MENZIES WINS THE SCORE BAJA 500.
TOYO SWEEPS OVERALL.
TOYO TIRES
#TEAMTOYO
LEARN MORE","(728, 90)"
"Cabela's
YOUR HUNTING GEAR
HEADQUARTERS
SHOP NOW","(300, 250)"
"DIG IN M
pepsi RESTAURANT ROYALTY
SHOW LOVE
TO YOUR FAVORITE
BLACK-OWNED RESTAURANT
AND YOU COULD
WIN THE ULTIMATE
FOODIE EXPERIENCE
NOMINATE
+
✔ @PEPSIDIGIN","(728, 90)"
"We're donating $25
to the Red Cross for
every new mosquito
customer
ORKIN
+
American
Red Cross
SIGN UP
2002 OFNLLC THE AMERICAN RED CROSS NAME AND LOGO ARE USED WITH
ITS PERMISSION WITH NO EXPRESS OR IMPLIED ENDORSEMENT","(300, 600)"
"a new era of sleep
ASHLEY All-new Tempur-Pedic® mattresses.
shop now
TEMPUR-PEDIC","(728, 90)"
"DIG IN M
pepsi. RESTAURANT ROYALTY
SHOW LOVE
TO YOUR FAVORITE
BLACK-OWNED RESTAURANT
AND YOU COULD
WIN
THE ULTIMATE
FOODIE EXPERIENCE
NOMINATE
@PEPSIDIGIN","(300, 600)"
"THERE'S
IN EVERY FAN
AN ARTIST
SOUNDCLOUD
FOR ARTISTS
SUBSCRIBE TO
NEXT PRO TODAY","(728, 90)"
"The Big Bang Theory
the one to watch
for chemistry
INTRODUCING
max
SIGN UP NOW
STARTING AT $9⁹9/MONTH
Subscription Required. Visit max.com","(970, 250)"
"VOYAGES
Kotor
100
AIRFARE CREDIT
$1200 FREE
DRINKS
PER CABIN UP TO $600
BOOK BY JUNE 29TH","(970, 250)"
"Cabela's FREE SHIPPING OVER $50
SHOP NOW","(728, 90)"
"A NEW WAY
TO PLAY
MERENG
URGENTENKINER
?
?
Codes 4 ma
WHENDERS
SUPER
NINTENDO
WORLD
NOW OPEN
Learn More
UNIVERSAL STUDIOS
HOLLYWOOD","(970, 250)"
"Cabela's
BARGAIN
CAVE
CLEARANCE
SAVE UP TO 60%
ON HUNTING GEAR!
SHOP NOW","(300, 250)"
"DIG IN
pept RESTAURANT ROYALTY
SHOW LOVE
TO YOUR FAVORITE
BLACK-OWNED RESTAURANT
Ⓒ
@PEPSIDIGIN
M
AND YOU COULD
WIN THE ULTIMATE
FOODIE EXPERIENCE
NOMINATE","(300, 250)"
"Cabela's BARGAIN
CAVE
CLEARANCE
SAVE UP TO 60%
ON HUNTING GEAR!
SHOP NOW","(728, 90)"
"You okay?
Reach out to a friend
about their mental health.
Learn more
SEIZE THE AWKWARD
ad
CONCL
The
JED","(300, 250)"
"Original
STAR TREK
STRANGE NEW WORLDS
NEW SEASON NOW STREAMING
EXCLUSIVELY ON
TRY IT FREE
+","(728, 90)"
"Cabela's
RELOADING
SUPPLIES
SHOP NOW","(300, 250)"
"Cabela's
HIGHEST
RATED
GEAR
SHOP NOW
RAVIN® CROSSBOWS
R10 CROSSBOW PACKAGE","(300, 250)"
"Building a brand?
makes it
Bluehost
happen.
W
Get Started
bluehost","(336, 280)"
"ORACLE
NETSUITE
Strong CFOs
Practice
These 5
Habits
Download eBook","(300, 250)"
"nickelodeon
The TIDAL ZONE
Sponde Ba, Universa
SPECIAL
FAMILY FUN ON
Paramount+
STREAM NOW","(728, 90)"
"Cabela's
RELOADING
SUPPLIES
SHOP NOW","(728, 90)"
"Sharing old stories
and a Coca-Cola
Learn More","(728, 90)"
"Building a brand?
Bluehost makes it happen.
W
T
bluehost
Get Started","(728, 90)"
"CADILLAC
UNDENIABLY ME
LEARN MORE","(300, 600)"
"THE YAMAHA
GET OUT AND RIDE
SALES EVENT
WOLVERINE®
RMAXIM 21000 XT-RD
WOLVERINE
RMAXIM 4 1000 LE
WOLVERINEⓇ
RMAXI 2 1000 SPORT
Revs Your Heart
$2000
AS LOW AS
5.99
FOR 84 MONTHS¹
CUSTOMER
LEARN MORE","(970, 250)"
"VOYAGES
Kotor
AIRFARE CREDIT
$1200 FREE
DRINKS
PER CABIN UP TO $600
UP TO
BOOK BY JUNE 29TH","(728, 90)"
"Cabela's
FREE SHIPPING
OVER $50
SHOP NOW","(300, 250)"
"Cabela's
YOUR HUNTING GEAR
HEADQUARTERS
SHOP NOW","(728, 90)"
"ORACLE
NETSUITE
How To Create A
Lasting Legacy As CFO
Download eBook","(970, 250)"
"WHO DO YOU TRUST?
MARVEL STUDIOS
SECRET
INVASION
June 21 DISNEY+
SIGN UP NOW
22YSURVION REQURED 18-TO SUBSCRIBE","(970, 90)"
"DRYSHOD. DungHo
WATERPROOF FOOTWEAR
DRYSHODUSA.COM
barnyard tough
work boot","(728, 90)"
"WELL-FED FOR YOUR WELL-BEING.
Give back to yourself by giving your hens Purina® Layena®
layer feed for better eggs.
Learn More >
FEED GREATNESS","(728, 90)"
"VOLVO
The fully electric Volvo EX30
Serene Scandinavian Design
LEARN MORE","(970, 250)"
"ORACLE
NETSUITE
4 Skills CFOs Need Now
Download
Guide","(728, 90)"
"artventurous
Cruising through
vibrant, eye-catching
street art before
exploring lush
tropical landscapes.
LEARN MORE
FIND YOUR
MIAMI.
GREATER MIAMI AND MIAMI BEACH","(300, 600)"
"CARLISLE GM
NATIONALS
JUNE 23-24
CARLISLE PA FAIRGROUNDS
SPECTATOR
TICKETS
BUY NOW AND SAVE!
LEARN MORE","(728, 90)"
"CARLISLE GM
NATIONALS
JUNE 23-24
CARLISLE PA FAIRGROUNDS
SPECTATOR TICKETS
BUY NOW AND SAVE!
LEARN MORE","(300, 250)"
"Original
JOE
PICKETT
NEW SEASON
NOW STREAMING
EXCLUSIVELY ON
TRY IT FREE
WITH PROMO CODE: PICKETT","(728, 90)"
"LEGO
100% Art
+100% re-usable
Arts & Crafts
with a bit extra
LEARN MORE
Ⓒ2023 The LEGO Group.","(970, 250)"
"ASHLEY
TEMPUR-PEDIC
shop now","(970, 90)"
"RULE THE GAME
astro A30 WIRELESS
XBOX / PS / SWITCH / PC / MOBILE / +
SHOP NOW
G
logitech","(970, 250)"
"logitech
889
JEEE::
O
DESIGNED FOR
MAC. MADE
FOR YOU.
High-performance
accessories crafted for
MacBook and iMac.
LEARN MORE","(728, 90)"
"VOYAGES
AIRFARE CREDIT
$1200 FREE
DRINKS
PER CABIN UP TO $600
UP
BOOK BY JUNE 29TH
Kotor","(300, 600)"
"HONDA
IT'S BIG.
MEET THE ALL-NEW
PIONEER 1000-6 DELUXE CREW","(728, 90)"
"IT'S BIG.
HONDA
MEET THE ALL-NEW
PIONEER 1000-6 DELUXE CREW","(300, 250)"
"WHITE MOTORS, INC
BUICK GMC
THVARKET
SHOP NOW
See dealer for details.","(300, 250)"
"SIMSOIL
TOYOTIRES
TOYO TIRES
OVERALL
DOMINATION
MENZIES WINS THE
SCORE BAJA 500.
TOYO SWEEPS OVERALL.
#TEAMTOYO
LEARN MORE","(970, 250)"
"LEGO
100% Lion
+ 41% helicopter
Animals
with a bit extra
LEARN MORE
Creative builds made of multiple sets.
Free building instructions on LEGO.com
Ⓒ2023 The LEGO Group.","(970, 250)"
"The new 2023 Sprinter
All-Wheel-Drive
LEARN MORE","(300, 250)"
"B
Cheers
EVERY SEASON
Th
STREAMING ON
TRY IT FREE
+","(300, 250)"
"FIERCE
GIRL
LET ME
TELL YOU
PRESENTED BY
TAMPAX
DISCOVER TAMPAX
TAMPON TRUTHS","(160, 600)"
"Cabela's
INTENSITY
PERFORMANCE.
CLARITY. VALUE.
UPGRADE YOUR
OPTICS
SHOP NOW
Am
S","(300, 250)"
"WHO DO YOU TRUST
MARKEL STIDES
SECRET
INVASION
June 21 DISNEY+
SIGN UP NOW
AND","(300, 250)"
"WELL-FED
FOR YOUR
WELL-BEING.
Give back to yourself by giving
your hens Purina* Layena
layer feed for better eggs.
Learn More >","(300, 250)"
"bluehost
Building a brand?
Bluehost makes it happen.
Get Started","(336, 280)"
"The future
starts now
xfinity
10G
network
Learn more","(300, 250)"
"CARLISLE
CHRYSLER
NATIONALS
JULY 14-16
CARLISLE PA FAIRGROUNDS
SPECTATOR TICKETS
BUY NOW AND SAVE!
RLISLE
Exits
.COM/CARLISLE, P
LEARN MORE","(300, 250)"
"Laird
CONNECTIVITY
Learn More >>
Sub-GHZ FlexPIFA
Antennas
Coverage Performance Reliable
Laird
CON
FlexPIFA
EFREMSA
MFA
Digi-Key
AUTHORIZED
DISTRIBUTOR
Schedule Shipments","(728, 90)"
"ANALOG
DEVICES
AHEAD OF WHAT'S POSSIBLE
ANALOG
DEVICES
MAX25263
Digi-Key
ELECTRONICS
AUTHORIZED DISTRIBUTOR
Reduce Both
Automotive
Battery Drain and
System Noise
MAX25263/2
Mini Buck
Converters
Access to Your Stock Now!
Learn More >>","(300, 250)"
"Laird
CONNECTIVITY
Sub-GHZ
FlexPIFA
Antennas
Coverage
Performance Reliable
Laird
FlexPIFA
Cressa
AGEN
Digi-Key
ELECTRONICS
AUTHORIZED DISTRIBUTOR
Schedule Shipments
Learn More >>","(160, 600)"
"Original
CHALLENGE
WORLD
CHAMPIONSHIP
ALL EPISODES
NOW STREAMING
EXCLUSIVELY ON
TRY IT FREE","(160, 600)"
"Get your Whopper
BURGER
KING your way.
Order Now
At participating U.S. Burger King"" restaurants.
TM & © 2033 Burger King Company LLC","(970, 90)"
"HBO Original | Game of Thrones
the one to watch
for every kind of gamer
max SIGN UP NOW
STARTING AT $900/MONTH
Subscription Required. Visit max.com","(300, 250)"
"HBO® Original | Winning Time: The Rise of the Lakers Dynasty
the one to watch when you got game
max
SIGN UP NOW
STARTING AT $999/MONTH
Subscription Required. Visit max.com","(970, 90)"
"Wharton
Strategy
and Innovation
PROGRAMS
Apply Now >
EXECUTIVE
EDUCATION
LIVE ONLINE AND ON CAMPUS","(300, 250)"
"NEXT LEVEL
SCOPRILA
RANGE ROVER
SPORT","(970, 250)"
"Canva extend
/* The _first_
Canva
Developers
event */
Register now","(300, 250)"
"ORACLE
NETSUITE
CFOs,
Improve
Your
KPIs and
Business
Processes
Download Guide","(160, 600)"
"APEIN
EXPAND YOUR
OPTIONS KNOWLEDGE
with advanced analysis tools on Option Station® Pro.
TradeStation
Learn More","(728, 90)"
"TradeStation
EXPLORE OPTIONS
ON LARGE CAP
STOCKS AND MORE
with advanced analysis tools
on Option Station Pro.
Get Started","(300, 250)"
"ALL EPISODES
TRUE L
SO HELP ME TO00
EAST NEW YORK
OCBS
STREAMING ON
TRY IT FREE","(728, 90)"
"CBS ORIGINAL
FIRE COUNTRY
ALL EPISODES
STREAMING ON
Paramount+
TRY IT FREE","(728, 90)"
"All-day hydration
with broad spectrum
sun protection
BUY NOW!
CeraVe
DEVELOPED WITH DERMATOLOGISTS
MIDES
CeraVe
AM
Facial
Moisturizing
Lotion
SPF 30","(300, 250)"
"Original #IYKYK
iCarly
NEW SEASON
NOW STREAMING
EXCLUSIVELY ON
mount+
TRY IT FREE","(728, 90)"
"Original
STAR TREK
STRANGE
NEW WORLDS
ПЕШ
NEW SEASON
NOW STREAMING
EXCLUSIVELY ON
Paramount+
TRY IT FREE","(300, 250)"
"Shazam! Fury of the Gods
the one to watch with your squad
STUDE
SY VZZ
INTRODUCING
max
SIGN UP NOW
STARTING AT $9⁹9/MONTH
Subscription Required. Visit max.com","(970, 250)"
"Cozy night in
and a Coca-Cola
Learn More","(300, 250)"
"W
‒‒‒
▬▬
Get Started
bluehost
Building a brand?
Bluehost makes it happen.","(970, 250)"
"SIEMENS
SIRIUS Modular
Modular and
Easy-to-Integrate
Digi-Key Schedule Shipments
Learn More >>
AUTHORIZED DISTRIBUTOR","(300, 250)"
"Book Now
city
cruises
by Hornblower
ΤΗ","(728, 90)"
"logitech
optimal 57° angle
for day-long
comfort
DISCOVER LIFT
Vertical Ergonomic Mouse
LEARN MORE","(300, 250)"
"CATCH UP ON THE
LATEST SEASONS
THE EQUALIZER
CSI: VEGAS.
. S.W.A.T.
OCBS
STREAMING ON
TRY IT FREE","(728, 90)"
"VOLVO
The Volvo XC60
Mild-Hybrid
Go the extra mile
LEARN MORE","(300, 600)"
"TOYOTA
New Vehicles Arriving Daily
ex
SEE OFFERS","(728, 90)"
"TOYOTA
New Vehicles Arriving Daily
SEE OFFERS","(300, 250)"
"ORACLE
NETSUITE
How To Create A Lasting Legacy As CFO
Download eBook","(728, 90)"
"CAN-DO COMES
IN RED
CASE","(300, 250)"
"STAR
SPANGLED
SUMMER
SAVE UP TO 35%
NOW-JULY S
SHOP NOW
Cabela's
TRACK","(300, 250)"
"THREAT-STOPPING
PERFORMANCE
BONDSO
Remington
BONDED
20
SHOP
NOW","(728, 90)"
"VOLVO
Get a limited-time offer
on a Volvo XC90
Mild-Hybrid today.
LEARN MORE","(300, 600)"
"See dealer for details.
WHITE MOTORS, INC
BUICK GMC
REARE OFTALOFACE
CHEVROLET
SHOP NOW","(728, 90)"
"Elanco
Rumensin.
GENERATIONS OF LOCAL SUPPORT
COMMITTED TO YOUR OPERATION.
Contact your sales representative to learn more
or visit Trusted ByGenerations.com.
MADE IN
USA
Elanco
Rei, Ranc and the diagonal har logo are trackermark of an orien
PM-US-21-0412(2)","(728, 90)"
"AIRFARE CREDIT
$1200 FREE
DRINKS
PER CABIN UP TO $600
Kotor
VOYAGES
BOOK BY JUNE 29TH","(300, 250)"
"Enter for
a chance
to win
a trip
MEDALLA
stiality
LEARN MORE","(160, 600)"
THE TOBACCO COMPANIES DON'T WANT YOU TO KNOW...,"(728, 90)"
"THE TOBACCO
COMPANIES DON'T
WANT YOU TO
KNOW...","(300, 250)"
"NYC Public
Schools
Speak Your
Language!
Apod
NYC
Public
Schools
Office of Language Access
Learn More!
schools.nyc.gov/Hello","(300, 250)"
"Default Private
Accounts
when teenagers
set up their
Instagram profile.
LEARN MORE
Erion","(300, 600)"
"""EVOCATIVE, BEAUTIFUL AND SMART.
THE ANIMATION IS STUNNING.""
Roger Ebert.com
FOR YOUR EMMY CONSIDERATION
OUTSTANDING ANIMATED PROGRAM
ENTERGALACTIC","(300, 250)"
"Cabela's
STAR SPANGLED
SUMMER
SHOP NOW","(728, 90)"
"ORACLE Strong CFOs Practice
NETSUITE
These 5 Habits
107
Download
eBook","(728, 90)"
"Plan your momentous
European trip early.
Reserve. Relax. Hertz. Let's Go!
Book Now
Hertz","(970, 250)"
"nickelodeon
The
TIDAL
ZONE
SpondeBo Universa
SPECIAL
FAMILY FUN ON
STREAM NOW
4","(300, 250)"
"Microsoft Security
Optimize your
security operations
with Microsoft XDR
LEARN MORE >
HORTEN","(300, 250)"
"Naked.
100% REAL
FRUIT JUICES
Naked
GREEN
MACHINE
ARRYING FANCE AZAYAN
TOCENES
Naked
Naked","(728, 90)"
"View Public Records E.G John
E.G Smith
All States
OPEN REPORT
truthfinder","(728, 90)"
"CbM REFERENCE DESIGN
Data Acquisition
platform analyzes
vibration events
synchronously
CN0582
ANALOG
DEVICES
BUY NOW","(300, 600)"
"INFINITI
30
LUXURY THAT
LETS YOU FEEL
INFINITELY YOU
LEARN MORE","(728, 90)"
"Amphenol
Single Pair
Ethernet (SPE)
IP67 Cables
and Connectors
Compatible
with IEC
63171-6
interconnect
Digi-Key Schedule Shipments
Learn More >>
AUTHORIZED DISTRIBUTOR","(300, 250)"
"New beginnings are in season
max ORIGINAL
JUST
LIKE
AND THAT
A NEW CHAPTER OF Sex and the City
NEW SEASON max
STREAMING THURSDAY
WATCH TRAILER","(300, 600)"
"The FAMILY
STALLONE
NEW REALITY SERIES
NOW STREAMING
EXCLUSIVELY ON
mount+
TRY IT FREE","(728, 90)"
"Wharton
EXECUTIVE
EDUCATION
Powerful Programs for Senior Executives
Apply Now >
LIVE ONLINE AND ON CAMPUS","(728, 90)"
"PROTECT WHAT YOU LOVE
Columbia Proud protector of the skin on your back and waters you love
www
Shop Now","(728, 90)"
"IG
Switch to IG to
receive up to a
$5,000 funding
bonus
Open, fund & trade.
See how you qualify.
Get started
Forex trading involves risk.
Losses can exceed deposits.","(160, 600)"
"Wharton
EXECUTIVE
EDUCATION
Be WHARTON READY.
ON CAMPUS AND ONLINE
Find Your Program >","(728, 90)"
"FEDERAL
PRAIRIE STORM
PREMIUM
NOW WITH
FLITECONTROL FLEX
12 GAUGE
H
palter
FEDERAL PREMIUM
25 UPLAND
PRAIRIE
STORM X
FS LEAD
GAUGE
FEDERAL PROTE
25 UPLAND
BUY NOW
PRAIRIE
STORM
FS STEEL
X","(970, 250)"
"You're ready, start
your mortgage
application today.
Apply now
TRUIST
Equal Housing Lender.
Mortgage","(300, 250)"
"New beginnings are in season
AND THAT
max ORIGINAL
JUST'
LIKE
A NEW CHAPTER OF Sex and the City
NEW SEASON max
STREAMING THURSDAY
WATCH TRAILER","(970, 250)"
"Cabela's LEATHERMAN
THE PERFECT GIFT
FOR THE
ADVENTURE READY DAD
EXPLORE MORE","(970, 250)"
"Whole Fruit
Whole Friul
cox dans
Whole Fruit
FRUIT BARS
Strawberry 70
6BARS
Whole Fruil
FRUIT BARS
Whole Fruit
FRUIT GARS
(Fried
Whole Fruil
FRUIT EARS
F 18
ADD TO CART","(160, 600)"
"CANCER PATIENTS NEED ANSWERS.
Invest in the NIH.
Paid for by Research!America, ACT for NIH.
and partner organizations","(728, 90)"
"On
Delivering
critical
data faster.
Learn More
XRapidDeploy","(300, 250)"
"Wharton
EXECUTIVE
EDUCATION
Strategy and Innovation Programs
LIVE ONLINE AND ON CAMPUS
Apply Now >","(728, 90)"
"WHO DO YOU TRUST?
SE MERE
RSS
50
MARVEL STUDIOS
SECRET
INVASION
©2003 MARVEL DISNEY- SUBSCRIPTION RENDREDS TO SURSTRIBE
June 21 DISNEY+
SIGN UP NOW","(300, 600)"
"A
B
Run ad for property A
when it has vacancies.
Advertise any
property, anytime
Apartments.com
GET STARTED","(300, 250)"
"ad
O
Call your friend
who hasn't been
themself lately.
Learn more
Preved
JED
SEIZE THE AWKWARD","(300, 250)"
"The Power of One | Cox Automotive
Marketing isn't
clicking?
Connect your solutions >
DEALER.COM
Autotrader
Kelley Blue Book","(300, 250)"
"AT&T
Learn how new and existing customers
get our best deal on
every Google Pixel
Learn more
Google Pixel
Offers vary by Pixel phone. Terms & restrictions apply.","(300, 250)"
"MAYBELLINE
NEW YORK
BRAVE
TOGETHER
resources for anxiety & depression
text TOGETHER to 741741
for free 24/7 support
in partnership with
CRISIS TEXT LINE","(728, 90)"
"Explore new settings as a
locums psychiatrist.
GET
EXPERT HELP >
Weatherby
HEALTHCARE","(300, 600)"
"Explore new settings as a
locums psychiatrist.
GET EXPERT HELP >
Weatherby
HEALTHCARE","(728, 90)"
"Run your way.
new balance
Explore","(300, 600)"
"SARATOGI
THE perfect
PAIRING.
SARATOGA
SPRING WATER
AVAILABLE NOW
02023 BLUETRITON BRANDS INC.","(300, 250)"
"Run your way.
new balance","(300, 250)"
"TORO.
SUMMER
SALES
-EVENT-
UP TO
$50 OFF
SELECT 60V MAX BATTERY
HANDHELD YARD TOOLS**
SHOP NOW
VJENE1-JULY 31, 201
in apply State Walt
ay maacturing Vmaxman & SWV typical
Adala","(160, 600)"
"Sprite
CELEBRATING SO YEARS OF HIP
LEMON-LIME
THE CLEAR
FAVORITE
© 2023 The Coca-Cola Company.
Sprite","(970, 250)"
"fiverr.
Find a
freelancer
that fits
your needs
Find a freelancer","(300, 250)"
"The all-electric
EQE SUV","(320, 50)"
"NEW
N&P 5.7
MAP,
PICK UP
THE TEMPO
smith-wesson.com/mp57
Smith & Wesson
EMPOWERING AMERICANS™","(300, 600)"
"NEW
MAR,
N&P 5.7
PICK UP
THE TEMPO
smith-wesson.com/mp57","(300, 250)"
"CELEBRATE
Disney100
SAVE
5%
ON
DISNEYLAND® RESORT
TICKETS
PLUS HOTEL
PARKING INCLUDED
BOOK NOW
&
Hilton
ANAHEIM","(160, 600)"
"BETMGM
$1,000 FIRST BET
NEW CUSTOMER OFFER - PAID IN FREE BETS
BET NOW","(728, 90)"
"Enjoy a 15%
Newlywed discount.
CREATE YOUR REGISTRY
Crate&Barrel
THE WEDDING REGISTRY","(970, 90)"
"STRUTET BEAUTY | TREEDOM I LOVE
MOULIN ROUGE!
THE HUSICALLO
BROADWAY'S MOST
SPECTACULAR NIGHT OUT!
GET TICKETS","(300, 250)"
"2NDX ALCHEMY STARS
FON
Google Play
App Store
ALCHEMY STARS 2-YEAR ANNIVERSARY
GET UP TO 70 DRAWS FOR FREE!","(728, 90)"
"2ND
ALCHEMY STARS
用税销我
ALCHEMY STARS 2-YEAR ANNIVERSARY
GET UP TO 70 DRAWS FOR FREE!
PLAY NOW
OTTON
Google Play
App Store","(300, 600)"
"Continental
GET UP TO A
$220 REBATE*
Yes, really.
Purchase 4 qualifying
Continental Tires from
6/1/23 to 6/30/23 and get
up to a $220 rebate.
Apply Today
200 0000 0000
03/04
www
LEARN HOW
*See Terms
THE SMART CHOICE IN TIRES","(300, 600)"
"SEE MIAMI IN THE COLORS OF LOVE
bilulains
MIAMI
SHEATER &","(728, 90)"
"LOVE COMES
IN ALL COLORS
MIAMI
GREATE
Mate","(300, 250)"
"LOVE
COMES
IN ALL
COLORS
МІАЛІ.
GREATER MIAMI & MIAMI BEACH","(300, 600)"
"LOVE COMES
IN ALL COLORS
MIAMI.
GREATER MEANT & BEACH","(336, 280)"
"NEW CHEVY SILVERADO HD
OWN WORK.
OWN PLAY.
OWN
LIFE.
CHEVROLET
Explore
C","(300, 600)"
"CBS ORIGINAL
FIRE COUNTRY
ALL EPISODES
STREAMING ON
TRY IT FREE","(300, 600)"
"Pella
Window & Door
Replacement
G
OUR SUMMER SALE ENDS SOON.
GET A FREE CONSULTATION.
BOOK NOW >","(728, 90)"
"ESSENTIAL ONLINE
SAFETY TRAININGS
LEARN MORE
safetynow.com","(970, 90)"
"TOPTIER TRADER NOW SUPPORTS
Tradelocker
Streamline Your
Trading Process
TRY IT NOW","(728, 90)"
"Bowers & Wilkins
Discover more
Studio Sound
comes home.
704 S3.","(300, 250)"
"PDF
SAMTEC - AcceleRate® HD Multi-Row Mezzanine Strips
AcceleRate® HD ultra-dense, slim body multi-row mezzanine strips are rated for 56 Gbps PAM4 on a 0.635 mm pitch.
Sponsored By: Newark, An Avenet Company
LEARN MORE","(728, 90)"
"Age of
Learning
Creators of ABCmouse
EFFERSE
COUNT
Personalized
Learning on a
Whole New Level
My Math Academy
My Reading Academy
Learn More >","(970, 250)"
"MARKET RESEARCH REPORT
embedded
Survey
Powered by ASPENCORE
Insights and Data on the current
state of Embedded Development
FREE DOWNLOAD","(300, 250)"
"Scalefusion Windows Management
Effortless
Management
Effortlessly
Simple
Windows","(300, 600)"
"SUPPORT
INDIE BUCKEYE
COVERAGE
13
12th WARRIOR
AESCULUS EXCELLENTIAM
CLICK HERE →","(300, 250)"
"BAD BOY
CAROLINA HERRERA
NEW YORK
BAD BOY EXTREME
THE NEW EAU DE PARFUM","(970, 90)"
"BAD BOY
CAROLINA HERRERA
NEW YORK
BAD BOY
EXTREME
THE NEW EAU DE PARFUM
SHOP NOW","(300, 600)"
"LARGEST
IN STOCK
SELECTION
BEST
+
Free Same Day Delivery
MATTRESSFIRM
EL PASO & LAS CRUCES
Thank You El Paso For Buying Local For 25 Years","(970, 250)"
"API
MANAGEMENT
MONITORING
SECURITY
FREE TRIAL >
Nevatech","(160, 600)"
"ENTER TO WIN A
EMS1) $250 GIFT CARD
TAKE SURVEY","(728, 90)"
"Roblox
Snake.io
Garena Free F
Poppy Playtin Subway Surfe Among Us","(300, 250)"
"Your Guide
To Building
A Better
Engine
New!
2023 Edition
ARR
automotive products
2023
CLICK
FOR
CATALOG","(300, 250)"
"AFR
INSURANCE
Bolenbaugh Insurance
Agency, Inc.
Agent Geneva Bolenbaugh
Home • Auto
• Farm & Ranch
• Life • Dwelling
Click for
Quote","(728, 90)"
"IS YOUR COVERAGE
UP-TO-DATE?
• Home • Auto
• Farm & Ranch
• Life • Dwelling
Bolenbaugh Insurance
Agency, Inc.
Agent Geneva Bolenbaugh
Click for Quote
INSURANCE","(300, 250)"
"ED!
Entertainment Daily
Want the
latest & best
True Crime
news?
Click here
ED!
TRUE CRIME
Pey
Ly
Land","(300, 250)"
"AFFINITY
Photo 2
No subscription needed
Free trials available","(728, 90)"
"AFFINITY
Photo 2
The only editing
software that works
the same on desktop
and iPad.
BUY NOW","(300, 250)"
"GOT
i COUPONS? i
Get promo codes
automatically applied
at checkout
GET FREE
CODES
Capital One Shopping
The coupon-finding
browser extension","(160, 600)"
"Kinzua
Country GET THE
104.3
APP
HINCAPEAUX
Lountry
104.3
HUMES
Jeep
HumesForCars.com","(728, 90)"
"Kinzua
Country
104.3
GET THE
APP
Arzua
Country
104.3
HUMES
Jeep
HumesForCars.com","(300, 600)"
"Digi-Key
ANALOG
DEVICES
AHEAD OF WHAT'S POSSIBLE
When Your Design starts
with Analog Devices,
Start with Digi-Key
LEARN MORE
O START","(728, 90)"
"ROALD DAHL
Matilda
EL MUSICAL
TE TRAE DESDE
LONDRES LA","(300, 250)"
"WORLD
REFUGEE DAY
CELEBRATE
THE CREATIVITY
OF REFUGEES
Rescue.org/EU K
nto
اسن","(300, 250)"
"IAI. A World Leader in All Commercial
Aircraft Cargo Conversions.
IAI
A Meet us at Paris Air Show
BFF7-300ER
BIG TWIN
Discover More >","(728, 90)"
"in
MIESTETISK
17
9","(300, 600)"
"BANK
PEOPLES
People That You Know.
PEOPLES BANK HOME LOAN CENTER OFFERS FREE
PRE-QUALIFICATION TO PROSPECTIVE HOME BUYERS.
CLICK HERE -","(728, 90)"
"WE
CUSTOM HOMES
2021 PARADE OF HOMES
PEOPLE'S CHOICE AWARD
W.E. BUILD TOGETHER!","(728, 90)"
"CROWDSTRIKE aws
How secure
is your cloud?
Get a Free Health Check","(300, 600)"
"AMD® EPYC™ 9004 SERIES SYSTEMS
Boost performance and get support for PCIe®
Gen5 & 12 DDR5 channels with THINKMATE
CUSTOMIZE YOURS!","(728, 90)"
"IT'S THE #1 KILLER IN THE U.S. TODAY...
Learn How You Can Protect Your Heart!
021
PROTECT
HEART!
TECT
ART!
GET YOUR
FREE DVD!
CBN.COM","(970, 90)"
"family
friend
POEMS
Download
Our
Mobile App
The Power Of The Dog
his dogs in this pos
that dog's loyalty
and dining ama
the power to break m
htt
and The
of tune with the varying
""
FASTER.
SMOOTHER.
BETTER
DOWNLOAD NOW","(160, 600)"
"LoanBack
smarter friend & family lending
Live Loan Counter
Personal loans formalized through LoanBack
$1,790,581,228
and counting
Join the tens of thousands who trust LoanBack","(300, 250)"
"abe
7ப
MERICAN
Tim & Faith Leave Fans Stunned With Announcement","(728, 90)"
"BIOFRESH & BIOFRESH
MICROBIAL
June 1- July 31, 2023
BUY 5
GET 1 FREE
HELP YOUR HERD
ENHANCE FEED INTAKE
IMPROVE RUMINAL FERMENTATION
SUPPORT IMMUNE FUNCTION
Microbial Gel
Microbial Bolus
COBA
614-878-5333
SELECT
BIOFRESH
Since 1946
www.cobaselect.com
SIRES","(300, 600)"
"FARM COLLECTOR Sign up
newsletter today!
Old Iron News features: original online articles.blogs
• expert answers to readers' questions and more.
START HERE >","(728, 90)"
"Dedicated
Wood Chippers
FEDDER
MIGHTY MAC
CHIP
RECYCLE
A
TREE!
MIGHTY MAC
""RES""
Shredder-
Chippers
Click For More Info!
Mackhssic 1-800-348-1117
www.Mackissic.com
Proudly Made
in the USA","(300, 600)"
"Farms.com The latest agriculture news. Delivered right to your inbox.
NEWSLETTERS","(728, 90)"
"O
Pride of the Form
SAM
USA
M
| Нарри
4
TH JULY
ΤΗ
*****
✰✰✰
USA Farmer
Use Fireworks30
to get free shipping
on orders over $30
Promotional offer only available in the Continental US.
A Farms.com Company
shop.usfarmer.com","(300, 250)"
RICAMBI AMERICA,"(728, 90)"
"ELECTRIC CALLBOY
AVATAR
POWERWOLF
CRADLE OF FILTH
EPICA
BEAST IN BLACK
CHECK OUT
THE LINE-UP!","(728, 90)"
"CAMELBAK
CAMELBAN
MORE
THAN JUST
A COOLER
CHILLBAK™
SOFT
COOLERS
SHOP NOW","(300, 250)"
"CHILLBAK™
SOFT COOLERS
CAMELBAK
SHOP NOW","(728, 90)"
"FINE
ARDENING'S
GROWING
KNOWLEDGE
ONLINE LECTURE SERIES
Sustainability in the Garden","(300, 250)"
"Gardening
Get more of what you love in your inbox
discover our newsletters.
Never miss a video, article, or tip.
SEE NEWSLETTERS","(728, 90)"
"IT'S WHAT YOU DON'T
SEE THAT COUNTS.
20
De
Santis
GUNHIDE
SHOP NOW","(728, 90)"
"City of Dodge City
BECOME OUR NEW FIRE CHIEF","(728, 90)"
"ENTER TO WIN A
FIRE RESCUE 1) $250 GIFT CARD
TAKE SURVEY","(728, 90)"
"ANCIENT ORDER
RADVO
- RADICAL VOCATION
RADVO Conference 2023
September 21-23
Dallas, Texas
A Communion Partners Event
Register Today at radvoco.org","(300, 250)"
"FIRST
THINGS
PRINT
SUBSCRIPTION
INCLUDES UNLIMITED
WEB ACCESS
FIRST THE FIRST TE FIRST THINGS
SUBSCRIBE
TODAY!","(728, 90)"
"SUMMER
COURSES
Join us this summer for a unique
opportunity to immerse yourself
in the thought of John Paul II!
JULY 17-21: THEOLOGY OF THE BODY
JULY 24-28: FAITH & AMERICAN CULTURE
PONTIFICAL JOHN PAUL II INSTITUTE
FOR STUDIES ON MARRIAGE & FAMILY","(300, 250)"
"13.0
Riverside
uw
Ready for a New
Adventure
SPORTSMAN
410-686-1500","(300, 250)"
"SUZUKI
MARINE
ULTIMATE
THE
OUTBOARD MOTOR","(300, 250)"
"Energizing
the future of flight
Join us in Hall Five
Find out more →
BAE SYSTEMS","(970, 250)"
"5
SAMPO
1-800-SWIVELS Sampo Swivels.com SWIVELS
Put a new SPIN on it.
Made SA","(728, 90)"
"Aircraft shopping the way it should be.
In Print and Digital
Get Early Access
AIRCRAFT
FOR SALE
by FLYING","(728, 90)"
"• Transparent Pricing
• Listing History
• The way aircraft buying
should be
AIRCRAFT
FOR SALE
by FLYING
Get Early Access
DAL PRITIN KARKEA KARL LIL WAY
A
AIRCRAFT FOR SALE
FLYING
MARCH","(970, 250)"
"infor
Why do customer tastes matter? They're your bread and butter.
Our food & beverage business cloud software optimizes supply chain planning
to help meet consumer demands.
Learn more","(970, 90)"
"infor
Why do
customer
tastes
matter?
They're your
bread and butter.
Learn More","(300, 250)"
"Vertis™
Plant Proteins
that create an
impact for...
DSM","(300, 600)"
"M
MAROC
ACTUALITES","(300, 600)"
"WEATHER Tite
WINDOWS
$O DOWN!
NO INTEREST FOR 12 MONTHS
AND 12 MONTHS PAYMENT-FREE!
• 24/7 HURRICANE RESISTANT, ENERGY EFFICIENT
WINDOWS & DOORS
Click here
for your
FREE
Estimate! >>","(728, 90)"
"8)
9 to 13 are the
MAGIC
NUMBERS
Parents****
Empowered
LEARN WHY","(728, 90)"
"Caring for women at every stage of life.
TriHealth
Find care now","(728, 90)"
"We can.
Corewell Health™","(728, 90)"
"A FOX NATION ORIGINAL
DUCK FAMILY
TREASURE
Family Values
FOX
NATION
Watch Now","(300, 250)"
"THE OFFICIAL
INTERNATIONAL
STREAMING
PARTNER OF
THE NRL
WATCH
NRL
PREMIERSHIP
Not available in Australia,
NZ or Pacific Islands","(300, 250)"
"Historic City + MODERN HOMES
It's the BEST of both worlds in Gettysburg!
GLE
PATIO: $300s SINGLES $400s
HOMES
LEARN
MORE","(728, 90)"
"0
copydoc
BUSINESS SOLUTIONS
imageRUNNER
ADVANCE
Click Here","(300, 250)"
"ASTROLOGY ANSWERS
CHOOSE YOUR SIGN TO FIND OUT
YOUR FATE
ARIES
TAURUS CAPRICORN AQUARIUS PISCES
SCORPIO
CANCER
LEO
VIRGO GEMINI
LIBRA SAGITTARIUS","(728, 90)"
"CONTINUE >
Lets Move Easy
Move with us..","(970, 90)"
"nationwide
marketing
group
WEBINAR
The Nationwide Advantage
July 11 | 2:00 pm EST
A look at the business advantages of buying group membership
Register Today!","(728, 90)"
"CREATE YOUR OWN
ZOMBIE
GAME STUDIES
GAME ART AND ANIMATION
GAME DESIGN
GAME PRODUCTION AND
MANAGEMENT (MS)
GAME PROGRAMMING
of
versity
Learn. E
Advancing
Technology
UAT
Experience
Innovate
LEARN MORE >>","(300, 600)"
"CONTINUE >
TV Shows","(728, 90)"
"Strength for LifeⓇ
Chiropractic Clinic &
Fitness Center
5 Doctors of Chiropractic
150 Years of Clinical Experience
Dr Daniel Godbout
Dr Aaron Drouin
Dr Roger Berman
Dr Gary Gorman
Dr Josef Arnould
Dr. Aaron Drouin
DISCOVER HOW
WE CAN HELP YOU
116 Pleasant St, Suite 125, Easthampton
529-0700","(728, 90)"
"""Your call is very
important to us.""
Really? Then why am
I on hold so long?
WHALEN
INSURANCE
71 King Street | Northampton
LOCAL PEOPLE | LOCAL SERVICE | LOCAL INSURANCE","(300, 250)"
"aws
AWS Silicon Innovation Day
DISCOVER HOW AWS-DESIGNED SILICON FUELS CUSTOMER OUTCOMES
Wednesday, June 21, 2023 | 9:00AM - 4:00PM PDT
Register now
'0₁","(970, 250)"
"aws
AWS Silicon Innovation Day
DISCOVER HOW AWS-DESIGNED SILICON
FUELS CUSTOMER OUTCOMES
Wednesday, June 21, 2023 | 9:00AM - 4:00PM PDT
Register now","(300, 250)"
"aws
AWS Silicon Innovation Day
DISCOVER HOW AWS-DESIGNED SILICON
FUELS CUSTOMER OUTCOMES
Wednesday, June 21, 2023 | 9:00AM - 4:00PM PDT
6.
Register now","(300, 600)"
"Watch
Videos
SUBSCRIBE
GLEA","(300, 250)"
"Capital One
Shopping
Coupon codes found!
Capital One Shopping is a free browser
extension that applies coupon codes in seconds.
Apply Codes","(300, 250)"
"?
?
?
?
?
?
?
a.
?
?
?
?
?
More
like a startup,
less like a bank.
Enabling our people to question and
create innovative solutions.
DBS
Live more,
Bank less","(970, 250)"
"Quest ny
Buy your own lab tests at Quest.
Proud partner in health of the New York Giants.
questhealth.com","(728, 90)"
"GET FUELED UP AND READY TO TEE OFF WITH JOURNIE™
REWARDS
GOLF
CANADA","(728, 90)"
"MEMBER-OWNED
so much more than electricity...
THAIN georgiaemc.comYSAFETY
ADVOCACY
VOLUNTEERISM LEADERSHIP
EXCURONMENTAL
Georgia's EMCs
• Official Energy Provider of GHSA since 1999","(728, 90)"
"FARM Support Georgia
BUREAU
GEORGIA Agriculture Join Now","(320, 50)"
"t
GERBER
EASY DOESN'T","(728, 90)"
"Lock
Ransomware
Out of Your Enterprise
THREATLOCKERⓇ
ZERO TRUST ENDPOINT PROTECTION PLATFORM","(728, 90)"
"CREEDMOORⓇ
SPORTS
800-273-3366 | CREEDMOORSPORTS.COM
RELOADING
AMMO OPTICS
ACCESSORIES
1 2 3 4 5 6 7 8 9 10 11 12 13 14 15 16 17 18 19 20 21 22 23 24 25 26
BEBERBEDDE","(728, 90)"
"CARBON & ESG
STRATEGIES
powered by HARTENERGY LIVE
REGISTER NOW
AUGUST 30-31 | HOUSTON, TX","(970, 250)"
"See how our
clients are
getting over
500%
RETURN
on their
ad spend
Discover →
genius
monkey.","(160, 600)"
"MOONDROP
moononie
BLESSINGS
2DD+4BA
Hybrid triple-range
frequency division earphone","(300, 600)"
"(and)
ZMFHEADPHONES.COM","(300, 600)"
"healthyfcod
Web Membership
C","(300, 250)"
"$AVER
LOOK AFTER YOUR
WALLET WITH OUR
LOW-COST RECIPES!","(300, 250)"
"Love Kami
Useless Goddess
Play Now!","(728, 90)"
"FISHER INVESTMENTS
Blunder #10:
Mismanaging Retirement
Withdrawals
You've accumulated a large nest-egg-
are your portfolio withdrawals putting it
at risk? If you have a $500k+ portfolio,
you should read 13 Retirement
Investment Blunders to Avoid.
Learn More","(300, 600)"
"SENIORS
MARY
Stay
Connected
Through The
Internet For
Just $10 a
Month
Start Saving Money Now and
Don't Pay More Than $10 a
Month For Internet and Cable
SEE CURRENT OPTIONS >
KOLIMBA","(300, 600)"
"The Converter
www.ferrum.audio
WANDLA
Prepare to be converted
by the real thing!","(300, 250)"
"PMC®
prodigy
BRING
THE STUDIO
HOME","(300, 250)"
"You don't
need
money to
make
money
Here's how
THE
INVESTING
CIRCLE","(160, 600)"
"YOU DON'T NEED MONEY
TO MAKE MONEY
Here's How
THE
ic) INVESTING
CIRCLE","(728, 90)"
"V
Breguet
Type XX
2067
Make History
with us.
> Discover","(970, 250)"
"TRAVEL
Js
INSURANCE
Travel
Insurance
for your
Holiday","(160, 600)"
"Cheap Airport Car
Rentals Rates From
$6/day
LADYBUG.COM
Search Now
29","(728, 90)"
"YOUR NAME
FINE
ALESPIRITS
YOUR PLACE
PERSONALIZED
BEER GEAR
GET STARTED
www.inkpixi.com","(728, 90)"
"YOUR ONE STOP
LIFT & EQUIPMENT SHOP
866-774-7743 www.mechanicsuperstore.com
MECHANIC SUPERSTORE
Your One Stop Shop
BROWSE OUR PRODUCTS","(728, 90)"
"MSG 21+
BUD LIGHT
SINCE
BREWED
IN TEXAS
1982
BUD LIGHT
TEXAS EDITION
TEXAS","(728, 90)"
"Check your Tarot prediction
Pick Cards","(300, 250)"
"AON
Risk
Ninth Edition Risk
Global Risk Management Survey
Take the Survey
Risk
Risk","(970, 250)"
"Since 1961
Free
AFSTAR
Steel for a solid future
Serving Nation's Infra Aspiration
for Generations to come.
AF Star FE 550D TMT Steel Rebars
7331110039 www.afstar.in","(336, 280)"
"Double Engine Ki Sarkar
Double Speed Se Vikas
AYUSHMAN UTTAR PRADESH
Medical insurance cover of
* 5 lakh to 8.9 crore beneficiaries
Under Ayushman Bharat and
Mukhyamantri Jan Arogya Yojana","(728, 90)"
"RBT
filean
ROUND BARN THEATRE
1600 W MARKET ST NAPPANEE, IN 46550
The Secret
Garden
May 11-June 17, 2023
BUY TICKETS
HERE
(574) 773-4188 | roundbarntheatre.com
THE BARNS
NAPPANEE","(728, 90)"
"WORLD LACROSSE
MEN'S CHAMPIONSHIP
SAN DIEGO 2023
Rady Children's
JUNE 21 - JULY 1","(300, 250)"
"Pediatric
Therapy
Studio
ABA Therapy Speech & Language Therapy. Occupational Therapy
تحليل السلوك التطبيقي
علاج النطق واللغة
العلاج الوظيفي
www.pediatrictherapystudio.com 703-633-4808","(728, 90)"
"Because someone
found a way out
of the yard this
morning.
66 Express
Outside the Betway
SIT LESS. LIVE MORE. >>","(300, 250)"
"The Heart
of Lake Ridge
www
TACKETTS
MILL
Enjoy your favorite
restaurants and shops
at Tackett's Mill.","(300, 250)"
"AlphaEdge
Recognition Dinner
JULY 25-27, 2023
NEWPORT MARRIOTT
NEWPORT, RI
II Institutional
Investor
Join us for a
celebratory evening
to recognize
distinguished allocators
LEARN MORE","(970, 250)"
"AlphaEdge
Recognition Dinner
Join us for a celebratory evening
to recognize distinguished allocators
JULY 25-27, 2023
NEWPORT MARRIOTT /NEWPORT, RI
LEARN MORE
II Institutional
Investor","(300, 250)"
"2
EQUITIES FIRST
Progressive Capital
INVEST WITH
CONFIDENCE Global Equity Markets
The near-term and mid-term
outlook amid inflation, rising
rates, global conflict, and
pandemic recovery
Get Insights from
300+ investment
decision-makers
READ MORE","(300, 250)"
"NEVER TODAY, TECH IS NEVER
DONE DONE AND NEITHER ARE WE.
Aladdin. by BlackRock
SUBSCRIBE FOR FREE >","(970, 250)"
"Talk
of
Towar Every lowan has a story to tell...
LISTEN ►","(728, 90)"
"Isn't
Laugh Out
Loud With
Friends,
Better Than
LOL With
Your Phone?
Engage in
the Largest Irish
American Social
Network
Join the AOH","(160, 600)"
"Isn't Laugh Out Loud With Friends,
Better Than LOL With Your Phone?
Engage in the Largest Irish
American Social Network
Join the AOH","(728, 90)"
"Sumner Tunnel Closed
July 5 to August 31
Learn more","(320, 50)"
"GET A CHANCE TO
WIN YOUR $50,000
LOAN FREE
You Are Automatically Entered When You Take A Loan.
48
WIK
V
20 Winners!
Authorized Under Section 58 (3) of
the Betting, Gaming & Lotteries Act.
COURTS
READY CASH
Ready when you are!","(970, 90)"
"UP
TO
GET A CHANCE TO
WIN YOUR
LOAN FREE
$50,000!!!
You Are Automatically Entered
When You Take A Loan.
20 Winners!
Authorized Under Section 58 (3) of
the Betting, Gaming & Lotteries Act.
000
0005
6000
COURTS
READY CASH
Reudy Machan you aral","(300, 250)"
"ZOLUCKY
shop now>","(300, 250)"
"Panasonic
Global
Views
$28","(300, 250)"
"S&P Global
Market Intelligence
Is climate
resilience on
your radar?
Explore sustainability solutions> Seek & Prosper","(300, 250)"
"Farnell
AN AVNET COMPANY
WE HAVE
UN-BEE-LIVEABLE NEWS!
With every order
you place, we adopt bees.
SEE MORE","(300, 250)"
"EMS RIG
PREMIUM RESOURCE FOR
ALL THINGS AMBULANCE
SPONSORED BY:
EAEVE
CLICK HERE
*","(728, 90)"
"Portfolio Valuation
Forum
Attend in-person at KPMG's NYC
office or virtually via live broadcast.
June 28, 2023 | 3-5pm ET
AICPA & CIMA
Together as the Association of international
Carte Profesa Account","(300, 250)"
"Turbo-charge your skills
and network with
industry pros.
Register
July 27, Austin, TX
August 3, Atlanta, GA
August 17, Los Angeles, CA
ROADSHOW
xero 2023
ACCELERATE","(728, 90)"
"BOARDWALK
HOTEL GROUP®
ENJOY YOUR
VIEW
Stay Oceanfront!
WATCH LIVE
WEBCAM
OCEAN CITY, MD","(970, 250)"
"BITE BACK
FIELDING LAW
ACCIDENT INJURY ATTORNEYS","(300, 250)"
"SOLD
Your home. Our help. FirstSecurity
Bank Better.
Apply Now
Member FDIC | NMLS 414458","(728, 90)"
"AUTO
FLASH
SALE
RATES AS LOW
AS 5.0% APR
NCUA
(June 1-30)
CENA 318.445.7388
cenlafcu.org
Federal Credit Union","(300, 250)"
"NO CHILD
SHOULD
$10 = 40 MEALS
Give to our local food banks and
GO HUNGRY be entered to win a Gator!
EVE
JOHN DEERE
GREENWAY
Donate Now!
No donation necessary to enter","(728, 90)"
"OWN DEERE
JOHN DEERE
GREENWAY
Temples
Quiry
Tove
Donate Now!
CMAVIMAS
NO CHILD SHOULD GO HUNGRY
$10=40 MEALS Give to our local food banks and
be entered to win a Gator!™M
No donation necessary to enter","(300, 250)"
"OWN THE
ROAD
WITH ✔AutoTrader
A podcast making
car stuff simple.
Learn more
N","(300, 250)"
"P.K.CONSTRUCTION
SINCE 1992
Get 50% off
Installation of
New Windows!
HE
T
1035 US HIGHWAY 180 E
SEMINOLE, TEXAS 79360
(432) 209-1747
ACCREDITED
BUSINESS","(728, 90)"
"TCR
THEATRE
JUNE 23
ROCKFAGES A
-THROUGH-
JULY 23
at TCR
BOOK
NOW","(728, 90)"
"SEEKING A
SCIENTIST...
BROUGHT
TO YOU BY
O
Swe
npr
Network
2
kit
KATE THE
CHEMIST
A SCIENCE PODCAST FROM KCUR
SUBSCRIBE NOW","(300, 250)"
"OWN YOUR HEALTH
Get a yearly checkup.
Learn More
Avera","(728, 90)"
"OWN
YOUR
HEALTH
Get a yearly checkup.
Learn More Avera","(300, 250)"
"How do you price a legacy?
Talk to us about your succession plan
Grant Thornton Audit | Tax | Advisory","(300, 250)"
"wilcon
TIME TO BUILD A
HOME","(728, 90)"
"Start
1. Click on ""Start""
2. Activate your account
3. Access your content
Movies Series Sports
find it on contentlists.com
Fitness","(970, 90)"
"JUNE
TEENTH
FREEDOM DAY
JUNE 19
PROUDLY
PRESENTED
BY
Tel-Tec
security systems, inc.","(728, 90)"
"JUNE
TEENTH
FREEDOM DAY
PROUDLY PRESENTED BY
Tel-Tec
security systems, inc.
JUNE 19","(300, 250)"
"WHY WAIT?
GREAT RATES,
SHORTER TERMS!
Term Share Specials for Consumer and Business Accounts.
5 MONTH TERM 9 MONTH TERM
3.25% 4.25%
de
Learn More
HAWAII STATE
FEDERAL CREDIT UNION
always right by you","(728, 90)"
"WHY WAIT?
GREAT RATES,
SHORTER TERMS!
5 MONTH TERM 9 MONTH TERM
3.25% 4.25%
Term Share Specials for Consumer and Business Accounts.
HAWAII STATE
FEDERAL CREDIT UNION
always right by you
Learn More
*Click for disclosure
Federally insured by NCUA","(300, 250)"
"JUNETEENTH
1865-2023
Freedom to Learn
Watch the Award-Winning series
commercial-free.
STREAMING NOW ON KHOU-11+
Roku firety","(300, 250)"
"Want to support your community's
health and wellness needs?
Apply to join Evergreen Health's Board of Commissioners!
EvergreenHealth
Your Community-Owned Hospital","(728, 90)"
"Evergreen Health
Your Community-Owned Hospital
Committed to serving everyone
in our community. LEARN MORE >>","(728, 90)"
"VIRTUE
THE GOLDEN VIRTUE:
UNVEILED
BY TANJA MURGEL-SUBOTIC
UNVEIL THE TRUE ESSENCE THAT LIVES WITHIN
THERE IS NO GREATER POWER
THAN THE POWER OF LOVE
ENTER
TO WIN","(970, 90)"
"A JOURNEY
MUST BE
TAKEN
H. L. HOWARD
True Love Knows No Age
""An offbeat romance with an intriguing premise that
will leave readers guessing right until the very end.""
-Kirkus Reviews
▸ BUY THE BOOK","(970, 250)"
"SEATTLE PRIDE PARADE
GALACTIC
LOVE
Celebrate Seattle's
LGBTQIA+ Community
Seattle Pride Parade
Sunday, June 25th | 11am
Downtown Seattle","(300, 250)"
"St. Jude Children's
Research Hospital
St. Jude Dream Home
Giveaway
TICKETS ON SALE NOW!","(728, 90)"
"PURPLE We're helping abuse survivors
LEASH
PROJECT
& their pets escape & heal together.
PURINA + RedRover
LEARN MORE","(728, 90)"
"We're the team that
cares for the team.
The GIANTS Official
Health Care Provider
Dignity Health.","(728, 90)"
"knkx
npr
Network
help build
what's next
GIVE NOW","(728, 90)"
"knix npr
Network
help build
what's next
GIVE NOW
in
MEDIA","(300, 250)"
"Do it in public.
Download the app and start doing it now.
Blake's
LOTABURGER.
Google Play
Down the
App Store","(728, 90)"
"WATERFRONT
FESTUAL
Sound Check
OPEN TO THE PUBLIC!
Featuring LO STEELE
Friday, June 30th • 4:30-6pm
1355 SW 2nd Ave.
.
THE
PORTER
X
xport
bar & lounge","(728, 90)"
"WATERFRONT
Sound
FESTIVAL Check
THE
PORTER
OPEN TO
THE PUBLIC!
X
xport
bar & lounge
Featuring LO STEELE
Fri, June 30. 4:30-6pm
1355 SW 2nd Ave","(300, 250)"
"Better for your cocoa. Better
for your body. Just plain better.
LEARN MORE
{
NEVADA
DAIRYMEN
& Dairy Council of Nevada","(728, 90)"
"GetKimsHelp.com
Live Tech Experts
24/7
TRY IT NOW!
Satisfaction guaranteed.
If you're not 1,000% happy,
you don't pay a cent!","(300, 250)"
"KOTAKU AUSTRALIA
PODCAST
With David and Ruby
the biggest gaming news of the week
bid","(160, 600)"
"Wha
Community Driven
Healthcare for
Great Plains
Tribal Members
Get Your iFOB Test TODAY!
Test for colorectal cancer in
the comfort of your own home!
GET A
$35
FUEL CARD
While supplies last","(728, 90)"
"Expert Neuroscience & Spine LOGAN
care offered in Montana.
HEALTH","(728, 90)"
"SUPPORTING
VETERANS
in the
MOMENTS
that ma
maller
CAL VET
California Department
of Veterans Affairs","(300, 250)"
"THE
SORAYA
New Season Now On Sale","(300, 250)"
"▶KSAT
COMMUNITY
University RBFCU
CURTAIN UP
CU CANCER
FOUNDATION
ENERGY
TRANSFER
CLICK HERE FOR
MORE INFORMATION","(300, 250)"
"KSAT
abc2
Expect more.
FROM LIVING IN SILENCE TO
LIVING OUT LOUD!
WITH
TALLI","(728, 90)"
"WRAY
Ford
Benton Road @1-220 Bossier City
$1,000 CASH BACK 0%
*On select models w/ approved Ford financing
APR
Financing","(728, 90)"
"Brentwood A Behavioral Health
Hospital
Shreveport, LA
Brentwoodbehavioral.com|318-678-7500
DID YOU KNOW...
We have
. Children's
Programs
• Adolescent
Programs
System Providing Help
and Hope Since 1971","(300, 250)"
"ERGINEERED For over 15 years we have been a leader in
Systems
automated lubrication installations
LINCOLN
AFEX
FRE SUPPRESSION SYSTEMS CLICK HERE","(728, 90)"
"Se
LINCOLN
22233
For over 15 years
we have been
a leader in automated
lubrication installations
the Systems
Tall
Authorized Distributor
LINCOLN
AKP
AFEX
FIRE SUPPRESSION SYSTEMS
Dani
CLICK
HERE
Servicing Kansas, Colorado, Nebraska, Iowa,
Illinois, Missouri, Arkansas and Oklahoma","(300, 600)"
"STAY AHEAD OF THE STORM
with the KSNT Storm Track Weather app
Download for FREE today!
KSNT
STORM
TRACK
8.4***
********
⠀⠀⠀⠀⠀⠀
KSNT
STORM
TRACK","(728, 90)"
"NEW DONORS
RECEIVE UP TO $800
YOUR FIRST MONTH.
Biomat USA
2120 Southwest 6th Ave, Topeka
(785) 233-0079
2002 Gr All nights
Scan to
learn more!
GRIFOLS
Network of Plasma
Donation Centers","(300, 250)"
"Are you
Walmart RFID
compliant?
Prepare your
business for the
new requirements.
Get started now →
A
COME
LANCOME
all
AVERY
DENNISON
3336
IN
3333
LCOME
DRINK
W
LINCO
INCOMAT
DMCOMT","(300, 600)"
"ANTI PEST
MOSQUITO REDUCTION
TEXT US! 221-6181","(300, 250)"
"TURN YOUR CONTENT INTO A FAST CHANNEL
Give your content the home it deserves.
FRANKLY
MEDIA
LEARN MORE","(728, 90)"
"BEYOND THE HEADLINES
HUMAN TRAFFICKING IN OUR COMMUNITY
AIRING JUNE 22 AT 9PM
6 FOX
33
KTAL
READ
4.5
REHV
news.com
WO
GM
PRESENTED BY
Brentwood
Hospital
EDWARD MOUTON
Attorney at Law","(728, 90)"
"BEYOND THE HEADLINES
HUMAN TRAFFICKING IN OUR COMMUNITY
AIRING JUNE 22 AT 9PM
6 FOX
33
KTAL
KMBH
V45
KISHV
news.com
BEYOND PRESENTED BY
Brentwood wo
Hospital
GM
EDWARD MOUTON
Attorney at Law","(300, 250)"
"FRANKLY
MEDIA
YOUR AUDIENCE IS WAITING
Get a FAST Channel for your
content - 3 months FREE.
SIGN UP","(728, 90)"
"FRANKLY
MEDIA
TURN YOUR CONTENT
INTO A FAST CHANNEL
Give your content the
home it deserves.
LEARN MORE","(300, 250)"
"M
MORNINGSIDE
UNIVERSITY
M
MORNING
UNTER
Mustangs
ARLE
STUDENT CLICK
OF THE MONTH
HERE
M
NINGSIDE
IVERSITY
INT
ROTARY","(300, 250)"
"NEWS
KTOO
GIVE & WIN
TANDEM KAYAK RENTALS
ABAK
WILDERNESS TRIPS
www
JUNE
MEMBER
DRIVE","(300, 250)"
"Thanks to our
very cool mom! Winsupply
OF EL PASO
0704
Congrats to Winsupply's
Coolest Mom contest winner
Veronica Esparza.","(728, 90)"
"Winsupply
OF EL PASO
357
Thanks to our
very cool mom!
Congrats to Winsupply's
Coolest Mom contest winner
Veronica Esparza.","(300, 250)"
"CUSTOM COMMUNICATIONS
custom
alarm,
SINCE 1968
PROTECTING
YOUR
BUSINESS
Access Control
✓ Fire Alarm Systems & Inspections
✓ Video Surveillance
✓ Intrusion Detection
✓ Water/Temperature Sensors
507.288.5522
custom-alarm.com
Get Started Today","(728, 90)"
"YOUR VOICE CAN BE A
CHILD'S ONLY CHANCE.
CLICK TO VOLUNTEER","(320, 50)"
"now playing
austin
Your Ticket
to Austin
Arts and Culture","(300, 250)"
"hias.org
This World
Refugee Day
help HIAS
provide vital
services to
refugees and
asylum seekers
HIAS","(300, 250)"
"Be an
Adoptive Home
For Preston
AND OTHER CHILDREN IN FOSTER CARE
LEARN MORE ABOUT ADOPTION
Susan's Kids
SPONSORED BY BRANDON STEVEN MOTORS","(300, 600)"
"HIT BY A TRUCK? JEFF'S HERE
WRONGFUL DEATH / COMMERCIAL VEHICLE ACCIDENT
RECENT
RESULT:
$6 MILLION
$3,509,864
doviles.com
444-4444)
LAW FIRM
DAVIS
AUSTIN SAN ANTONIO
NET TO
CLIENT:
egonsultation by appen","(728, 90)"
"HIT BY A TRUCK?
JEFF'S
HERE
Vo
U
my consultation by appointment only
WRONGFUL DEATH / COMMERCIAL VEHICLE ACCIDENT
DAVIS
RESUNT $6 MILLION
$3,509,864
LAW FIRM
CLIENT:
NETTO:
444-4444
AUSTIN
SAN ANTONIO","(300, 250)"
"Great American
FLAG SWAP DAY
Brought to you by BECU
June 23rd, 2023,
from 9am -1pm.
While Supplies Last
LEARN
MORE","(728, 90)"
"forest
WWW.COMPLEJOFOREST.COM
EVENTOS
SOCIALES &
CORPORATIVOS
EN EL COMPLEJO MAS BELLO DE LA CIUDAD","(300, 250)"
"forest
CENTRO DE EVEN
EVENTOS
SOCIALES &
CORPORATIVOS
EN EL COMPLEJO MAS BELLO DE LA CIUDAD
Kayany
0
0:0
V
WWW.COMPLEJOFOREST.COM","(300, 600)"
"Earn 40,000 bonus points
with the JetBlue Plus Card.
Apply now
Terms Apply
jetBlue
mastercard
jetBlue","(300, 250)"
"f
DataFeedWatch
by cart.com
Manage all your product feeds
from one place
Learn more","(970, 90)"
"MORROW
SODALI
Proxy Season
Shareholder
Proposal Summary
Here we outline
the state of play
for over 600 proposals
so far this proxy season,
broken out by category
to enable peer-to-peer
comparisons.
REQUEST REPORT","(970, 250)"
"The Law
Society
3rd Annual International
Summer Antitrust
Conference 2023
Wednesday 21 and Thursday 22 June
113 Chancery Lane, London, WC2A 1PL","(300, 250)"
"Learn how reciprocating
vs. drum style aeration
can maximize productivity
30"" HYDRO
AERATOR
25"" HYDRO-DRIVE
AERATOR
BILLY
GOAT.","(300, 250)"
"I♥GROWING MARIJUANA.com
Buy 10 Seeds & Get 10 Free
100% Germination Guaranteed
SHOP DEALS!","(728, 90)"
"I♥GROWING MARIJUANA.com
Buy 10 Seeds & Get 10 Seeds Free!
New Deals Every Week On Premium Strains","(728, 90)"
"I♥GROWING MARIJUANA.com
Save $15 with code LEAFLY15
Germination Guaranteed + Free Shipping!","(728, 90)"
"BLUE THE
WARMEST
COLOR
ORDER NOW
ON DVD
Wolfe","(160, 600)"
"NEXT
REGION
The Lima News
mahiom
N
ST. H
ST. H
TECHNICAL
LLC
NOMINATE Best Roofing
Company
US TODAY!","(300, 250)"
"Buckeye FURNITURE
& Mattress Center
Nominate Us for
✰✰✰✰ Best Furniture and
REGION
Best Mattresses
The Lima News
limaphic.com
3790 Harding Highway Lima OH","(300, 250)"
"Get The
Best Of
BOTH
WORLDS!
PRINT NEWS DIGITAL
Wednesday and Saturday Print
Plus Unlimited Digital Access to our website
Access our enhanced local content on
ANY DEVICE, ANYWHERE AND ANYTIME!","(728, 90)"
"DOWNTOWN
FARMERS
MARKET
eat fresh. buy local.
★★★
LIMA
KA
SNAP
OPEN TUESDAYS
1:00pm-5:00pm
LOCATED AT
VFW HALL #1275 PARKING LOT CORNER MAIN & ELM STS.
JUNE 6TH THRU SEPT. 26
NOW ACCEPTING:
OHIO
WIC Senior Coupons
OUR SPONSORS:
MERCYHEALTH Nutrien CHAMBER Act County
Feeding the Future","(970, 250)"
"Best of
Northern Spain
Escorted 2024
Perry Golf
EST 1984
ESCORTED TOURS
8 Nights | 4 Rounds including Basozabal Golf Club
May 6 - 14, 2024","(300, 250)"
"AIDAN BRADLEY
Play Royal Portrush &
Royal County Down
in 2024
PerryGolf™
EST 1984
ESCORTED TOURS
8 Nights | 5 Rounds 10-15 Golf Couples
June 6-14, 2024","(728, 90)"
"EL DORADO
FURNITURE
Shop Now","(728, 90)"
"Preserving Nature's Beauty with
WOODguard ITF
WOODguard SWO
WOODguard®
& BEE Gone
WOOD
1-800-238-2523
www.iskbiocides.com
dan segitored takmark
WOODeward
ISK BIOCIDES, INC.","(300, 250)"
"untcastle.
Plastic Surgery & Vein Institute
2023
BEST OF
000000
LOUDOUN
Best Plastic
London Times Mur
Surgery Practice WINNER
44095 Pipeline Plz Suite 270, Ashburn, VA 20147-7516
571-266-1776
https://www.MountcastleMedicalSpa.com
https://www.Mountcastle Plastic Surgery.com","(300, 250)"
"FORGELINE
CUSTOM BUILT, LIGHTWEIGHT, FORGED ALLOY WHEELS
#NeverCompromise","(300, 250)"
"OneRail
Evaluate
Last Mile
Delivery
Technology
with GartnerⓇ
Market Guide
Download
Gartner.","(160, 600)"
"TAKE
THE CAT
TO
Between Maine and Nova Scotia
in Just 3.5 Hours
THE CAT","(728, 90)"
"HIGH-QUALITY LARGE PRINT MAPS
for Zip codes of every City, County, and
US State or customized to your location
BUY HERE","(728, 90)"
"LISTED SERIES
EXCHANGE TRADED FUNDS
[w
Build the perfect
portfolio with
ASX listed products
VIEW SERIES >","(300, 250)"
"PayPal
Save money like
MrBeast.
It pays to pay with PayPal.
Start Saving
""BEAST
Individual received compensation for their
participation. Individual results may vary.","(300, 600)"
"FEEDBACK
SPORTS
FEEDBACK
PROFESSIONAL
CALIBER TOOLS
LEARN MORE →","(300, 250)"
"LOOKING FOR YOUR
NEXT YACHT?
PRINCESS
BROKERAGE INTERNATIONAL","(970, 250)"
"Get the MNT
newsletter
Stay up to date on the
latest health news.
SUBSCRIBE","(300, 250)"
"Get the MNT newsletter
Subscribe to receive our top news articles.
SUBSCRIBE","(728, 90)"
"Helpi
is at your fingertips
Professional and Affordable Online Counseling
betterhelp
Sign up","(728, 90)"
"JONNAD YWN MEYERS & EVELYN
SKAUBAD
mm
fest
-HAZEL PARK
JUNE 24&25,2023","(300, 250)"
"EXCHANGE
CAPITAL MANAGEMENT INC
WealthyStreet
Academy ™
TM
When Can I Safely Retire?
CLICK HERE FOR ANSWERS","(300, 250)"
"EXCHANGE
CAPITAL MANAGEMENT INC
When Can I Safely Retire?
CLICK HERE FOR ANSWERS","(320, 50)"
"MICHIGAN
RADIO
Over 60% of
Michigan Radio's
budget comes
from listeners
like you.","(300, 250)"
"mindbodygreen
""This has been
key to my weight
loss journey""*
- Karina S., verified customer
shop probiotic+
mindbodygreen
probiotic+
bloating
pports healthyweigh
eates gut microbl
32 CFU","(300, 250)"
"906-487-9675
SHOPTADYCHS.COM
Tadych's
MarketPlace
f","(728, 90)"
"WE CAN CREATE
VIRAL CONTENT
NORTHERN MICHIGAN
UNIVERSITY
SOCIAL MEDIA DESIGN MANAGEMENT
NMU.EDU/APPLY","(160, 600)"
"misterb&b
Luca
Host in Rome
Welcome the largest
LGBTQ+ travel community","(300, 250)"
"MLS
Season tv
EVERYTHING MLS.
HALF THE PRICE.
Subscribe now
Subscription required. Savings on full season pricing.
Offer wald for 2023 season only, plan tomatically renews
at standard full season pricing unti caraled.","(728, 90)"
"CONTINUE >
1. Click Continue
2. Add Apps
3. Watch Popular TV Shows
watchsmatchs.com","(970, 90)"
"Ready to
Take Control
of Your
Reproductive
Health?
Visit safe2choose.org
for comprehensive
abortion care
information and services.
Our team of medically trained counselors
provide tailored, accurate and
no-judgemental guidance and support.
safe2choose","(970, 250)"
"CYCLE
WORLD
Visit Cycle World >","(728, 90)"
"Motorevelist
Visit Motorcyclist >","(728, 90)"
"SOUND OF
FREEDOM
IN THEATERS JULY 4
BUY TICKETS
ANGEL PG-13
STUDIGE","(300, 250)"
"Star-Spangled
SALUTE
Tuesday, July 4th
Downtown Midland
Learn More","(728, 90)"
"PIONEER
COMMUNITY ENERGY
Want to save up
to 19.5% on your
electricity generation?
Choose Pioneer
Your Power. Your Choice.","(300, 250)"
"50%
DE DESCUENTO
CYBER OUTLET DC COMICS
ALIA
SYICHER
JOKER
COLECCIONABLES
TUSHOPPI
EXCLUSIVAMENTE EN
www.tushoppi.com.mx","(728, 90)"
"a fresh voice of Nursing
NURSE
tv FANA
Across America
SUBSCRIBE TO OUR
YOUTUBE CHANNEL TODAY!
@MyAmericanNurse","(300, 250)"
"WEBINAR
LIGHTENING THE LOAD
UNPACKING COGNITIVE OVERLOAD
OnDemand NURSE stryker","(300, 250)"
"BER
LU
(23,
LLINOIS
WE'RE ALL READY
FOR WARM WEATHER
IS YOUR HVAC SYSTEM?
CONTACT US TODAY FOR SPRING
MAINTENANCE CHECKUPS & SERVICE
Fix It For Me 23.com
CLICK FOR A LIST OF CONTRACTORS","(728, 90)"
"FEE FREE:
ON-ROAD & OFF ROAD FUEL
PROPANE, HEATING FUEL, KEROSENE
FIND OUT MORE
E&V
ENERGY
dopred
H","(728, 90)"
"PINE VALLEY BODY SHOP
BEFORE
AFTER
CLICK HERE FOR A FREE ESTIMATE","(728, 90)"
"FEE FREE:
ON-ROAD & OFF-ROAD FUEL
PROPANE, HEATING FUEL
KEROSENE
E&
ENERGY
V
Your Home Comfort Connection
Owned and operated
Family Business Since 1913
FIND OUT MORE","(300, 250)"
"PINE VALLEY BODY SHOP
BEFORE
AFTER
CLICK HERE FOR A FREE
ESTIMATE
41","(300, 600)"
"d³
digo
The True Premium U.S. Hispanic Audience Network
Reach and connect up to
51M U.S. Hispanics
in a brand-safe and culturally relevant premium network","(728, 90)"
"FREE TRIAL COURSE FOR NEW CCEI USERS!
SPN107: Attention Deficit
Hyperactivity Disorder
CO
Valid Until: 6/30/23
ENROLL HERE!
CHILDCARE
EDUCATION INSTITUTE
A StraightLine Company","(728, 90)"
"FREE TRIAL
COURSE
FOR NEW
CCEI
USERS!
SPN107: Attention Deficit
Hyperactivity Disorder
ENROLL NOW!
CHILDCARE
EDUCATION INSTITUTE
Valid Until 6/30/23
A StraighterLine Company
O","(300, 250)"
"J&JF
Flooring & Natural Stone","(970, 90)"
"Have a credential?
Or military experience?
You could receive college credit in Ohio!
Please go to transfercredit.ohio.gov/c4c for more information
Transfer Credit Ohio
THE OHIO DEPARTMENT OF HIGHER EDUCATION","(970, 250)"
"WILLIAM F. BUCKLEY JR.
PRIZE DINNER
THURS, OCT 19, 2023
CIPRIANI 25 BROADWAY, NEW YORK CITY
Sponsorship opportunities
are available. SUPPORT TODAY ►","(970, 250)"
"Fridays
after
five
2023 FREE SUMMER CONCERT SERIES
JUNE
23
Tyler Dick Band
With
the the Lint Collectors
PRESENTED BY
BUD
LIGHT ting PAVILION
ON THE
À DELTA DENTAL
STAGE","(728, 90)"
"Sports
CHICAGO
Ultimate Sports
Insider
Download the all new NBC Sports Chicago app
Download on the
App Store
GET IT ON
Google Play
IN-DEPTH
COVERAGE
SCORES
ANALYSIS
HIGHLIGHTS
ALERTS","(970, 250)"
"RESTOREY
REVOLOGY
Zero Miles, No Compromises
All-New Reproduction
1966 Mustang GT Convertible
CALL TODAY","(970, 250)"
"DAGMAR
MIDCAP
SHEENA
PARVEEN
ANA, CRISTINA
SANCHEZ
ILL.
SAN DIEGO'S MOST ACCURATE
FORECAST IN 2 LANGUAGES
FIRST ALERT WEATHER
LA
1.20 EN EL TIEMPO","(970, 250)"
"Hit the ground running
in a new Honda.
Pilot
HONDA
Accord
CR-V
SEE OFFERS","(300, 250)"
"NATIONAL
CATHOLIC
REPORTER
Peace & Justice
SPECIAL SECTION
ISSUE DATE: JULY 21
RESERVATION DEADLINE: JUNE 21
JUSTICE","(300, 250)"
"Paid Political Advertising
THANK YOU
GOVERNOR
LOMBARDO
for vetoing AB250 and
protecting patients
not insurers!
HEALTHY
NEVADA
HealthyNevadans.com
Paid for by Healthy Nevada","(300, 250)"
"Paid Political Advertising
THANK YOU
GOVERNOR
LOMBARDO
for saying no to insurance
companies saving money
over patients at the
pharmacy counter by
vetoing AB250!
HEALTHY
NEVADA
HealthyNevadans.com
Paid for by Healthy Nevada","(970, 250)"
"THANK YOU for vetoing AB250 and
protecting patients
not insurers!
GOVERNOR
LOMBARDO
Paid Political Advertising
HEALTHY
NEVADA
Healthy Nevadans.com
Paid for by Healthy Nevada","(728, 90)"
"LIVE local news
on ANY device FREE
4+
tv fire ty
Roku
Download News4JAX+","(300, 250)"
"the
Makes
morning Mornings
show
Happen
LIVE on
News4JAX+
4+","(728, 90)"
"SUPERIOR QUALITY
FROM LOCAL CRAFTSMEN
Kirb
Monument
Company
Since 1955
2407 Dudley Ave.,
Parkersburg, WV 26101
M-F 9:00 5:00
Please call 304.422.2066
UNBEATABLE PRICES &
INCREDIBLE SERVICE","(300, 600)"
"PANHANDLE
HIH FOUNDATION REPAIR
complete affordable foundation repair
373.4000
We're from here... And we're always
here when you need us.
Click here to visit our Expert Connection page.","(300, 250)"
"PANHANDLE 373.4000
FOUNDATION REPAIR
complete affordable foundation repair
HIH
We're from here...
And we're always
here when you
need us.
Click here to visit our Expert Connection page.","(728, 90)"
"SARANT CADILLAC THE CADILLAC OF CADILLAC DEALERS
2023 XT4 LUXURY AWD
$379/ PER MONTH
See Dealer For Complete Details.
CADILLAC
SARANT CADILLAC
516-986-3938
©2023 General Motors All Rights Reserved Cadillac","(970, 250)"
"MYSTERY ROAD
+HR=E
now","(300, 250)"
"NZ's affordable,
premium heat
pump brand
HITACH
Cooling & Heating
HITACHI
consumer.
RECOMMENDS
HRAS-SOYAB
YEARS
WARRANTY","(300, 250)"
"NEW STATESMAN
POLITICSLIVE
TUESDAY 27 JUNE 2023 | LONDON
# NSLive","(970, 250)"
"READ
HER
MAGAZINE
Out now online and on
newsstands across town
THE
HOME
& GARDEN
ISSUE
ASHLEY
PEDERSO
Instagram, Twitter and Facebook:
@hermagazinejc
MAY/JUNE
Feel the","(300, 250)"
"HER MAGAZINE
Qut now
CLICK
TO
READ
CONTENTS
H
@hermagazineje
on Instagram, Twitter
and Facebook","(300, 250)"
"ADVERTISE HERE
::DeveloperMedia
Connecting you with today's most influential
{ developers }.
ADVERTISE WITH US","(728, 90)"
"ERA-TUCKE
OFFICIAL
HEALTH CARE
PARTNER
76
WILSON
2
PRAV
All-Star Care and
Treatment
Learn about our program.
Atlantic Sports Health","(300, 250)"
"OCBS
NEWS
OCBS NEWS NEW YORK
ON YOUR CORNER. IN YOUR CORNER.","(728, 90)"
"GAS GOLDEN KNIGHTS
STANLEY CUP
CHAMPIONS
2023
CHAMPION
M
2023
STANLEY C
CHAMPIC
NHLSHOP.COM
A Fanatics Experience
BREE STANLEY CHE
CHAMPS
STANLEY CUP
CHAMPIONS
M
2023
SHOP NOW
ammiCON
CHAMPIONS","(300, 250)"
"Stay Connected
Stay Informed
CONCORD MONITOR
$1/ week
for the first 3 months!*
A digital subscription provides
full access to our website, e-
edition and archives.
*Billed as $4/month for the first 3 months, then a special rate
of $8 for months 4-6, then the regular rate of $12 thereafter.","(300, 600)"
"329,2-2
ANNIE CLOTH
UP TO
45
%
OFF","(300, 250)"
"YOUR DEGREE
YOUR WAY
Undergraduate or graduate
On-campus or online
Multiple start dates
Scholarships available
NE New England
College
S","(300, 250)"
"CASA
Funded by
Ordinary
people
can do
extraordinary
things for
children.
olunteer
AmeriCorps NH
Volunteers
needed","(300, 250)"
"Trusted partners,
right from the start.
Primary Care for everybody.
new patients >
southern
new hampshire
health
AM-SOLUTIONHEALTH
S","(300, 250)"
"Old Fort Niagara
DISCOVER HISTORY","(320, 50)"
"Call or Visit Us Online Today!
(405) 329-2076
WaggonersHVAC.com
WAGGONERS
HEATING | PLUMBING | ELECTRIC | AIR CONDITIONING
038828-149509-051757- TACLA00085780E","(970, 90)"
"CASH REWARDS
Checking","(728, 90)"
"COMING TO KIDZEUM
MAY 27 - SEPT 3","(728, 90)"
"COMING TO KIDZEUM
MAY 27 - SEPT 3","(300, 250)"
"NEW from the RENOWNED
TRANSLATOR AND SCHOLAR,
ROBIN WATERFIELD","(970, 250)"
"New from the MIT Press: A clear-eyed
examination of the history, current conflicts,
and future possibilities for open access.
Start reading the free ebook now
eter Baldwin
chalarly knowle
boun
Athena
should Be Free
for All
€","(970, 250)"
"Sip Sip
Hooray!
Root Beer
Float is Back!
SHOP NOW
Premier
Protein
FLOAT
30%
P
160 24","(300, 250)"
"Sip Sip Hooray!
Root Beer Float is Back!
Premier
Protem
SHOP NOW","(320, 50)"
"Travel
CST 1016202-80
Cruise U.S. Rivers GET $100 person, and more!
Onboard Credit
WITH AMERICAN QUEEN VOYAGES™
LEARN
MORE
1-877-898-5791","(970, 90)"
"ENJOY AMAZING
value
Travel
WITH PRINCESS
AND AAA TRAVEL
AAA TRAVELS WITH YOU
LEARN MORE
NEW SAILINGS
from Los Angeles,
San Diego &
San Francisco
1-877-898-5791
CST 1016202-80","(300, 600)"
"Granville
Manufacturing
Company
QUID
Since 1857
REAL WOOD FOR REAL
RESTORATION & NEW CONSTRUCTION
www.woodsiding.com","(728, 90)"
"BAR
Big Ass
REFE
ETT
54% OF YOUTH (AGES 12-17) WHO SMOKE LEARN
USE MENTHOL CIGARETTES
MORE","(728, 90)"
"GET THE
MOBILE APP
OTH
NEWS
on the go
from a
source you
can trust
BREAKING
NEWS
& SPORTS
OLEAN
TIMES HERALD
OTH
GET THE APP
Google Play
App Store","(300, 250)"
"BILLY
GRAHAM
Evangelistic Association
Good News
30-DAY Spiritual BOOT CAMP
GET THE
FREE
DEVOTIONAL
>>
Ⓒ2020 BGEA","(728, 90)"
"INTERSTATE
PRODUCTS, INC.
MANY SHIPPING LOCATIONS
AND MANUFACTURERS
TO CHOOSE FROM","(160, 600)"
"50
W
FREE ELECTRICITY
CONNECTION
Free Electricity connections
to 1.58 crore households
Electrification of 1,21,324 majra
Double Engine Ki Sarkar
Double Speed Se Vikas","(728, 90)"
"D&R FLOOR COVERING
EVERYTHING UNDER ONE ROOF!
HARDWOOD CARPET LVT VINYL
LAMINATE FLOORS BAMBOO CORKO CERAMIC TILE
SERVING THE TRI-CITIES SINCE 1977
D & R Floor Covering
989-631-4570
""Where Beautiful Homes Begin From the Floor Up""","(300, 250)"
"CROSSROADS
FIREWORKS
WE'VE GOT THE BIG STUFF
Crossroads Fireworks
Quad Cities Superstore
875 Middle Rd, Bettendorf, IA
(Across from Home Depot)
CLICK HERE
TO SEE OUR
INVENTORY","(728, 90)"
"CROSSROADS
FIREWORKS
WE'VE GOT THE BIG STUFF
Crossroads Fireworks
Quad Cities Superstore
875 Middle Rd, Bettendorf, IA
(Across from Home Depot)
CLICK HERE TO SEE OUR INVENTORY","(300, 250)"
"BRINGING THE OUTDOORS TO YOU!
SUBSCRIBE NOW TO CANADA'S ONLY NATIONAL
FISHING & HUNTING MAGAZINE
YOUR 2032 HARDWATER ACTION GUIDE
Outdoor TEX BAE CREA
Hantin Cando fishing
GUARANTEEL
BIG
BEST 3 12
BETS!
40 HOT
SPOTS!","(300, 250)"
SUBSCRIBE TO OUTDOORLIFE+,"(728, 90)"
"E-book gratuito
FALE INGLÊS COM A
AJUDA DA MÚSICA
GUIA PARA
APRE
CONV
BAIXE AGORA
the","(970, 250)"
"SHOW US UPLOAD A PHOTO OF YOU, YOUR FAMILY
OR YOUR PETS WEARING YOUR FAVORITE
BASEBALL TEAM COLOR!
CLICK HERE
YOUR COLORS
SPONSORED BY
PINEGAR
ADVANTAGE
Rebic-Spring Bran","(728, 90)"
"SHOW US
YOUR COLORS)
PINEGAR
ADVANTAGE
UPLOAD A PHOTO OF YOU, YOUR FAMILY
OR YOUR PETS WEARING YOUR FAVORITE
BASEBALL TEAM COLOR!
CLICK HERE","(300, 250)"
"new from
HOMAGE
JORD
0
LOVE
THE SNEAK
ICE BON
1967
G
BART STARR
SHOP THE COLLECTION","(300, 250)"
"GPACKERS
PRO SHOP
new from
HOMAGE
AARON JONES
SHOWTYME
QUAD-ZILLA
DILLON
G
SHOP
NOW","(728, 90)"
"* GREEN BAY PACKERS *
HALL OF FAME ANNUAL MEMBERSHIPS
NOW AVAILABLE!
GET INFO","(728, 90)"
"WERE WYOUR
28 22
Hunger Freek Tune in every Wednesday from
Summer
June 21st to July 26th","(728, 90)"
"WBRE WYOUS
28 22
Hunger Free
Summer
Tune in every Wednesday from
June 21st to July 26th
Ⓒ","(300, 250)"
"A Palm Beach Masterpiece
200 Via Palma
Exclusively Listed by
Chris Leavitt
Adam McPherson
Jessica Willoughby
Douglas Elliman
CONNECT","(300, 600)"
"LATERFALM SPE
Getaway
GUIDE
SUMMER GUIDE TO
GREATER PALM SPRINGS
VIEW ISSUE","(970, 90)"
"THE ART OF WEDDINGS
VIEW ISSUE NOW >>","(970, 90)"
"2033
GREATER PALM SPRINGS
Getaway
GUIDE
SUMMER
GUIDE TO
GREATER
PALM SPRINGS
VIEW ISSUE","(300, 600)"
"THE ART
OF WEDDINGS
WEDDINGS
2023 EDITION
PALM SPRINGSLIFE
VIEW ISSUE NOW >>","(300, 600)"
"Cold hands when playing disc golf ?
Solution is here!
Ο Ocoopa","(728, 90)"
"TOWN
MEETINGS
Warrants
Town & School Budgets
Candidates
Union mining... Rockport
park... Camden pot shops...
Waldoboro disorderly
property ordinance...
Thomaston Town Green....
WHAT'S
on the
BALLOT?","(300, 250)"
"Samantha
Associate Director
Discover your career path!
I appreciate leadership at our organization
encouraging growth and empowering
employees to explore opportunities.
CLICK to explore job possibilities.
DISCOVER
OLYMPIC
MEDICAL CENTER","(970, 250)"
"BEST OF
BOTH
WORLDS
MA
HV
REIMACINE YOUR
MIDWEEK ADVENTURES
- IN -
HAPPY VALLEY, PA
START PLANNING","(300, 250)"
"ABACKERKIT
Live Now
GLOOMHAVEN
Second Edition
▬▬▬▬▬▬▬
CEPHALOFAID","(970, 250)"
"GLOOMHAVEN
- Second Edition-
Live Now ÅBACKERKIT","(300, 250)"
"Change
the
Game
Enhance IT support
Automate daily tasks
Resolve issues faster
Learn How
ALLOY
Q Search all modules
My Work
Service Desk
Incidents
Service Request
Problems
Change Requests
Change Calendar
Work Orders
Approval Requests
Knowledge Base
Announcements","(300, 250)"
"BeWellPhilly
Health Hero Challenge
Independence
BROUGHT TO YOU BY","(970, 250)"
"2000
Make Your Next
Gathering Delicious
MINI CHICKEN BACON
RANCH POT PIES
Sign Up
Pillsbury","(728, 90)"
"THE PORTION MARKET WHERE WE B
AIRCRAFT FOR SALE
by FLYING
MARCH SUN'FUN
THE BEST
AIRCRAFT FOR SALE
by FLYING
The new way to buy or sell your next plane.
In Digital + Print
Get Early Access","(970, 250)"
"AIRCRAFT
FOR SALE
by FLYING
The new way to
buy or sell your
next plane.
In Digital + Print
AIRCRAFT FOR SALE
Get Early Access","(300, 600)"
"INTEL
XEON D
Rugged Single Board Computers with
40 Gigabit Ethernet, native extended
temperature, and integrated security
FPGA for enhanced data protection.
VIEW NOW
X-ES","(300, 600)"
"CELEBRATE DAD
$10 UNLIMITED
POPULAR
WOODWORKING
SUBSCRIPTIONS
GIVE A GIFT NOW!
EH","(300, 250)"
"| SCANDINAVIAN
FOLK FESTIVAL
Northwest Arena - Jamestown, New York
July 15 & 16
2023
10000","(300, 250)"
"Expect the best... from the best!
Bath/kitchen remodeling
Stone & marble
Connolly's Bath & Tile Works
Complete Bath Packages
Supplied & Installed
LEARN MORE
843-737-5002
9430 Hwy 78, Ladson, SC","(300, 250)"
"BE THE REASON WHY...
ROOFS GET
FIXED.
Coastal
CC Community
F F Foundation
OF SOUTH CAROLINA
LEARN MORE","(300, 250)"
"CLICK HERE
TO SEE AVAILABLE
JOBS
IN GLENWOOD
SPRINGS &
BEYOND!
COLORADO MOUNTAIN JOBS","(300, 250)"
"MONTCO
FOR ALL
SUMMER & FALL SEMESTER
SUMMER SCHEDULE:
• 10-WEEK SESSION STARTS 6/5
• 6-WEEK SESSION II STARTS 7/6
ENROLL NOW
FALL SCHEDULE:
• 15-AND 7-WEEK I SESSION START 8/30
• 7-WEEK SESSION II STARTS 10/25
MC3.EDU/FORALL
MONTGOMERY
COUNTY COMMUNITY COLLEGE","(728, 90)"
"Schedule a Consultation. 610-427-5828
CHES-MONT PERSONAL INJURY
LAW CENTER, LLC
600 Creekside Drive, Suite 605
Pottstown, PA 19464
QUALITY LEGAL REPRESENTATION.
CLOSE TO HOME
We provide the tough, Philly-style legal representation
you need - in your own backyard
GET A FREE CONSULTATION","(300, 250)"
"A/C Compressor & Component Kits
PROFESSIO
o+FOURSEASONS.
GRADE AC
off
June Instant Rebatel
RA
ROCKAUTO.COM
ALL THE PARTS YOUR CAR WILL EVER NEED","(728, 90)"
"YOU CHILL
WE GRILL
Oliver
WEEKENDS PLAN
ALL STORES YOUR
REAL BARBEQUE 11AM TO 7PM MEAL","(728, 90)"
"FRIEDMANS
APPLIANCE
100 AS
Experience the Miele Innovation Center
Exclusively at Friedmans Appliance
Miele","(300, 250)"
"Helping your business grow.
How can we help you?
EXCHANGEBANK.COM >
Member
FDIC
NMLS ID 643948
Exchange
Bank","(970, 90)"
"Sonoma
Clean
Power
PRESENTING SPONSOR
NORTH COAST
Mine & Food FESTIVAL","(300, 250)"
"STOCK YOUR INBOX
with recipes, reviews &
restaurant news
The
MAINE Dish
Sign up now
STT
23
pressherald.com","(300, 600)"
"NordVPN
Best VPN Deal
Internet Security and Privacy
Get VPN -66%","(300, 250)"
"Mose
mobile
4.7/5 ✰✰✰✰✰
as of 19/01/2022
CANSTAR
25GB OF DATA FOR JUST $16.80
BUY NOW","(728, 90)"
"SARTE
Caitl
MOBILE
ORDER
ON THE
GO
EATS
P
PENN STATE GO","(300, 250)"
"PW
STAR
WATCH
2023 Nominations Now Open!","(728, 90)"
"PW
STAR
WATCH
V
2023
Nominations
Now Open!
LEARN MORE","(160, 600)"
"SHAFT GROUNDING AT ITS BEST
Maintenance-Free Bearing Protection Kits
HELWIGⓇ • Avoid costly repairs, downtime, & warranty claims
• Internal or external mounts
Learn More
• Lifespan of 10+ years
PRODUCTS, INC.
www.helwigcarbon.com
ARING
BABY
CARBON","(970, 250)"
"Earn a PharmD that puts
YOU FIRST.
LEARN MORE
HIGH POINT UNIVERSITY","(300, 250)"
"Farnell
AN AVNET COMPANY
WE HAVE
UN-BEE-LIVEABLE
NEWS!
With every order
you place,
we adopt bees.
SEE MORE","(160, 600)"
"G
Go From B to A Faster
Your success story starts with better writing.
Get Grammarly","(728, 90)"
"S
B
Upgrade Everything
THE NEW PUFFCO PEAK PRO
Shop Now
Ap
21+","(300, 600)"
"PUFFCO
PEAK PROT
Shop Now
Agus
21+","(728, 90)"
"14
#
TESCO
TEISCO
77X
TRISCO
7-24-
FOR
FEARLESS
MUSIC
EXPLORERS
LEARN MORE","(300, 250)"
"ARE YOU PREPARED
TO SURVIVE?
Experts' Survival
Strategies for Natural
Disasters, Urban Threats,
and Other Deadly
Emergencies
GET PREPARED
FFGRIE
MEINE
WHAT
IF?
Det vil Strategies for Natural ters
Uh Theas and Other Deadly Emergencies","(300, 250)"
"randstad
supply chain issues
are a headache.
hiring doesn't have to be.
let's do this","(728, 90)"
"ΕΤΟΝ
The Shirt Specialist
Since 1928
DISCOVER NOW","(300, 600)"
"NEWHAVEN
DISPLAY
BUY NOW
Digi-Key
ELECTRONICS
Cost effective, high quality
display devices ranging from
LCD to VFD","(728, 90)"
"FLORIDA'S LEADING
ACADEMIC HEALTH SYSTEM
FOR OVER 50 YEARS
Tampa
TGH General
Hospital.
USF Health
Morsani College of Medicine
LEARN MORE","(300, 250)"
"45 MORE 3 PACK
SHOUT
GAMILY
STARO
9540
New!
Refresh your rooms
with what's new.
Make routines easier.
Shop Now","(728, 90)"
"Brought to you by
GALLERY
OF GUNS
OF","(300, 250)"
"Movies, Music, Games,
Audiobooks & More...
1. Click on ""Start""
2. Activate your account
3. Access your content
Start","(728, 90)"
"12 Places to Shop
For Every Type
of Gourmand
SEE THE LIST ON EATER >>
118
STAND
UPTO
CANCER","(300, 250)"
"RABIES PREVENTION
WHEN GOING FISHING IN THE US
Learn about rabies and wild rabid animals at www.rabieswatch.com
us-HB3-2300019
RABIES","(728, 90)"
"Chat Chine
Chloé Teva
discover more
Chloé","(970, 250)"
"The
Shack
COMMUNITY OF MISFITS","(300, 250)"
"Astrology Answers
CHOOSE
YOUR SIGN
TO SEE WHAT IS
COMING NEXT
ARIES
GEMINI
LEO
LIBRA
22
TAURUS
AQUARIUS
CANCER
VIRGO
SAGITTARIUS CAPRICORN
SCORPIO
A
PISCES","(160, 600)"
"CROWDSTRIKE aws
How secure
is your cloud?
Find out and receive a
$1,000 AWS credit
Get a Free Health Check","(300, 250)"
"Save money like MrBeast.
It pays to pay with PayPal.
Start Saving
PayPal
honey
Individual received
compensation for their
participation. Individual
results may vary.","(970, 90)"
"COMPOSTABLE*.
STRONG.
Hefty
ECOSAVE
COMPOSTABLE PLATES
HEAVY DUTY
MICROWAVE SAFE
MADE WITHOUT PFAS
SHOP NOW
*Commercially compostable only.
Facilities may not exist in your area.
Not suitable for home composting.
Ⓒ2023 Reynolds Consumer Products LLC.","(300, 600)"
"- Doctor of Medical Sciences -
EVIDENCE-BASED
AND FOCUSED
are at the highest in decades
APPLY NOW
HIGH POINT
UNIVERSITY","(300, 600)"
"Building the new energy landscape
> Learn more
ALFA","(728, 90)"
"2'
Opta Analyst
Improve Your Football Knowledge
Visit now","(728, 90)"
"Deficious
Healthy
Food
ChampsDiet.com
OPEN
RECIPES","(300, 250)"
"Canto
Your brand is growing fast.
Manage it at scale.
Venice
Touring Venice","(728, 90)"
"API
MANAGEMENT
MONITORING
SECURITY FREE TRIAL >
V
Nevatech","(728, 90)"
"AdRoll
Maximize Your Advertising Success
Display, Native & Social in one platform","(970, 250)"
"MADE RIGHT HERE
SATURDAYS 6
GORE
MUTUAL
INSURANCE THAT DOES GOOD.
R
GREATER KITCHENER WATERLOO
CHAMBER OF COMMERCE
AVENCES BILINY","(728, 90)"
"DISKON
BUAT NAIK goride
KODE
HOMO GORIDEAJA
30RB
S
INA","(300, 250)"
"DISKON 30RB
BUAT NAIK gocar
HOMOGOCARAJA
Pe","(300, 250)"
"°SHI
Authorized Reseller
Mac in the modern
hybrid workplace
Get started","(300, 250)"
"Cloud attacks
are up 95%.
N
CROWDSTRIKE
Get the Report 7
C","(728, 90)"
"GRAND
WISATA
2-5
Rumah
2 Lantai
1 Menit dari Mall Livivng World
HARGA CICILAN KPR | FREE BIAYA KPR
1,3M-an 6Jt-an 3%
sinarmas land
Building for a beter future","(300, 600)"
"HashiCorp
New free Terraform Cloud features:
SSO, Run Task, Advisory Enforcement
Start for free →","(728, 90)"
"CKET TO
<AESARS
SLOTS
TICKET TO
VEGAS
WANNA GO TO VEGAS?
PLAY NOW B","(728, 90)"
"SHEN YUN ZUO PIN
Live
Concert
2022 Fei Tian
Academy of the Arts
Music Competition (5)
Premieres: June 24, 8pm ET Watch for Free","(300, 250)"
"CHAD
HOLLISTER
QUINTE
ACOUSTIC
Tripy Family Loder
CONCERT MERDOW
JUNE 25, 2023
SHOWSPM
GATES OPEN 43","(300, 250)"
"FROM
$49
STARRING
YOU?!
HYPROV
IMPROV UNDER HYPNOSIS
GET TICKETS Harratis
LAS VEGAS","(300, 250)"
"CRIS
ANGEL
MINDFREAK
""THE MOST EXCITING SHOW IN VEGAS.""
FROM
$87
BOOK NOW","(300, 250)"
"MIRANDA LAMBERT
FROM
$73
BUY NOW","(300, 250)"
"Looking for the best
fish and tanks?
We've got you covered!
Learn More
CAPITAL
EXOTIC FISH
SUMMER SUNDAYS
10%
OFF
FISH & PLANTS
Driven by Liebman & Associates, Inc.","(970, 250)"
"Get exactly what you want.
verizon Only pay for what you need.","(320, 50)"
"The Banker
Register now
122PARE
A service from the Financial Times","(728, 90)"
"ONEWHEEL
OFFICIAL
VEHICLE
OF SUMMER
Destroy Boredom
Shop Now
GT","(300, 250)"
"""I felt so good having proof for myself
and others. Soberlink was that missing
part of the puzzle."" - Soberlink Client
SOBERLINK
Improving Lives
Learn More","(728, 90)"
"KONI Performance Shocks for Your Car
KONI
SPORT","(728, 90)"
"QUALITEST™
Al-powered engineering-driven
software Quality Assurance
services
CONSULT OUR ENGINEERS
●","(300, 250)"
"CROWDSTRIKE
CrowdStrike recognized as a Representative
Vendor in the Gartner® Market Guide
for CNAPP
Gartner","(970, 250)"
"AMITY
AMITY
UNIVERSITY
13,000+
PLACEMENTS IN
1,000+ CORPORATES
IN 2021-22
APPLY FOR 2023 SESSION","(300, 250)"
"More of everything you need,
from idea to execution.
Get started
shutterstock","(970, 90)"
"More of everything you need,
from idea to execution.
Get started
shutterstock","(728, 90)"
"L
Gummer
CHALLENGE
JUNE 1-AUGUST 15
Sign up at any Library location.
Supper provided by
Dana Brown
CHARITABLE TRUST
St. Louis Pablo Library
ST. LOUIS
PUBLIC
LIBRARY
CLICK HERE","(300, 250)"
"St. Louis Hills Pharmacy
-VETERAN OWNED
-LOW COST MEDICATIONS
-DURABLE MEDICAL EQUIPMENT
-HOME DELIVERY
4365 Chippewa St Suite 100 St. Louis, MO 63116
sthillsrx.com","(300, 250)"
"ENTER THE
MARINE CORPS
ESSAY CONTEST
DEADLINE: 31 AUGUST 2023
MORE DETAILS HERE","(300, 250)"
"THE AMERICAN SEA POWER PROJECT
A Naval Institute initiative to revive thinking about maritime strategy.","(728, 90)"
"Enter the Naval Institute's
NAVAL INTELLIGENCE
ESSAY CONTEST
Sponsored by Naval Intelligence Professionals
DEADLINE: 31 JULY 2022
MORE DETAILS HERE
his","(300, 250)"
"Spotlight
LOCAL
MUSIC","(300, 250)"
"CHICAGO BOARD OF
Watch
CHICAGO
TONIGHT
online | app | facebook | podcast","(300, 250)"
"Coupon Codes Found
The coupon-finding browser extension
Cape Shopping
You saved $45
automatically!
WELCOME 10
Unlock FREE
Coupons
Savings may vary. Savings found on 04/20/23.","(728, 90)"
"FISHER INVESTMENTS®
How Far Does $1 Million
Go in Retirement?
Learn More","(970, 250)"
"FISHER INVESTMENTS
7 Ways to Avoid
Running Out of
Money During
Retirement
Learn More","(300, 250)"
"IMPACT
THE FUTURE
OF CATHOLIC
EDUCATION
UNIVERSITY OF
NOTRE DAME","(300, 250)"
"12 Places to Shop For
Every Type of Gourmand
SEE THE LIST
ON EATER »","(728, 90)"
"THE MICHAEL J. FOX FOUNDATION
FOR PARKINSON'S RESEARCH
Honor the Legacy of a Loved One
DONATE","(300, 250)"
"COUNSEL OTHERS HOLISTICALLY
Pursue an online master's in counseling. Discover how to combine Christian
faith with practice. Build key skills through internship experiences.
CROWN
COLLEGE
REQUEST INFO","(728, 90)"
"Join
house
carers
.com
Click Here!","(320, 50)"
"ר
randstad
hire smarter with competitive pay:
get the 2023 salary guide.
download now","(728, 90)"
"10
5
pueb
theft
osie
San Andreas
FF
ang
12","(300, 600)"
"Own your
brand space.
Plan. Create. Launch. Optimize.
Discover
MatterMKTG
matter
MK
TG","(300, 250)"
"FREE
IT Help Desk Software
ManageEngine
Service Desk Plus
36
Try for free","(336, 280)"
"DISTINCTIVE
COLLECTION
Better
Homes
LIFE
STYLE
BY
DESIGN
FIND A HOME ▸
Each franchise is independently owned
and operated.","(300, 250)"
"ATEM ISO
Switcher Sale!
Limited Offer!
Save
20%
18888::
88
Blackmagicdesign","(728, 90)"
"V Virtuoso
Free Trial
Start for Free Now >","(728, 90)"
"Start
PDFtab.com","(970, 90)"
"SAVE UP TO
$1,500
ON BECKER CPA
ENDS SOON
Save Now
Becker
CPA Exam Review","(300, 250)"
"POCKET GUIDE to
Emergent and Serious
Adverse Events in
PSYCHOPHARMACOLOGY
Richard Bar, M.
Mary K. Momeale, ILO
ORDER
appi.org
AMERICAN
PSYCHIATRIC
CATION
PUBLISHING","(300, 250)"
"TOM
BRADY'S
CAREER
K
GREATNESS
CARTER
hardcover
book
SHOP NOW
USA TODAY
SPORTS
12","(970, 250)"
"Ponce Bank
OF
BESTTH BRONX
PRESENTED BY
PONCE BANK
BESTOFSXTIMES.COM
2023
VOTE NOW!
CLICK HERE","(300, 250)"
"Eliminate
Rent
HouseCarers.com
Peace of mind while away","(728, 90)"
"If you purchased boxed or
case-ready BEEF processed from
Fed Cattle, from January 1, 2015,
to May 25, 2023, for business
use in commercial food preparation
HEAD
CHUCK
RIB
BRISKET PLATE
SARAY
SHORT COUN
NIONIS
FLANK
MILING TADH
RUMP
ROUND
SEANY","(300, 250)"
"Make your shelfs
appear full 24/7","(300, 600)"
"Microsoft
Deliver Al-powered experiences across
cloud-edge with Windows
Explore Al and new developer tools.
>","(728, 90)"
"Do
Lightinthebox.com","(300, 250)"
"S&P Global
Market Intelligence
Is climate resilience
on your radar?
Seek & Prosper
Explore
sustainability
solutions >","(728, 90)"
"Happy
Anniversary
SHOPICO.ca
VIEW LOCAL OFFERS
3","(300, 250)"
"REST gravitee.io
Kafka
SOAP
MQTT...
Manage all
your APIs >","(300, 250)"
"Build Al search ESRE™
applications with
Elasticsearch
Learn more →
elastic
|||
Gradin","(300, 250)"
"Beyond
Bollywood
2000 YEARS OF DANCE IN ART
V
EVERY
MOVE HAS
MEANING.
Asian Art Museum
MUSEUM DIFFERENTLY.
GET
TICKETS","(300, 250)"
"TAX990
Keep Doing Good
The IRS mandates
Nonprofits to e-file
990 forms!
Start your journey to seamless
e-filing with Tax990 today!
Explore More
-990
Pot","(300, 250)"
"Autodesk is putting
the Flex in flexibility.
Pay-as-you-go product access
Learn more
AUTODESK","(300, 250)"
"Soundproof. Seamless.
Sustainable.
Over 6,000 happy customers
and counting.
GET A ROOM","(970, 250)"
"©Estate of Jean-Michel Basquiat
Licensed by Artestar, New York
Editions
New York / 21 June
BROWSE & BID
PHILLIPS","(300, 250)"
"Date
Trusted for reliable
email delivery at scale
Try for free
TWILIO
SendGrid","(728, 90)"
"Get Recipes
Delivered to Your Inbox!
Taste of Home
Sign Up »","(728, 90)"
"Amphenol
Open Compute Project Solutions
High-speed Connectors and Cables for OCP Projects","(728, 90)"
"2022
類
Leader
of the
i Year
[85]
翹首遠志
啟迪領航","(300, 250)"
"If You Acquired EOS Tokens
in a U.S. Domestic Transaction
Between June 26, 2017 and May 18, 2020,
EOS","(728, 90)"
"logitech
PERFORMANCE TOOLS THAT
KEEP UP WITH YOUR CODE.
MX KEYS S COMBO
LEARN MORE","(728, 90)"
"Al-generated images.
Worry-free licensing.
Try for free
shutterstock.","(728, 90)"
"8
MINECRAFT
grand
theft
auto
San Andreas","(728, 90)"
"Help people affected by
disasters big and small.
DONATE NOW
American
Red Cross","(300, 250)"
"CCleaner
Clean, fast and secure
PC with CCleaner's
award-winning tools
4-IN-1
TOOL
Fix errors
Recover files
Delete trackers Boost performance
Get CCleaner Pro","(300, 250)"
"Seismic
Ready to bring speed, simplicity, and
success to your go-to-market teams?
O","(728, 90)"
"2.5
Liquid Web™
Managed
Dedicated
Hosting
Linux or Windows
Available
100% Network
& Power Uptime
Guarantees
Ⓒ24/7/365 Support
From
$99
SHOP NOW
J
Liquid W","(160, 600)"
"abclegal
Your Nationwide Service of Process
Experts.
Place Order >>","(970, 250)"
"AMERICAN
PATRIOT DAILY
TO
SNAP POLL:
ALEXANDRIA OCASIO-CORTEZ
APPROVAL RATING
CLICK HERE TO VOTE NOW","(300, 250)"
"EL PRIMER
SOBREVIVIENTE
DE LA
ENFERMEDAD
DE ALZHEIMER
EXISTE.
ALZHEIMER'S
ÚNETE A LA LUCHA
ALZ.ORG","(160, 600)"
"NEW
Rolling Stone
ON SALE 5 JUNE
Now in
coles
AU/NZ
Rolling Stone
THE
TESKEY
BROTHERS
NOWHERE TO HIDE
GET LONG FORM
JOURNALISM DELIVERED
TO YOUR DOOR","(300, 600)"
"TYSON
TMZ
SPORTS
WHERE POP-CULTURE & SPORTS COLLIDE
PU
MONDAY - FRIDAY ON FS1","(300, 250)"
"STARS ON MARS
FROM THE RED CARPET TO THE RED PLANET
NEXT DAY
MONDAYS FOX| hulu","(728, 90)"
"YOU DON'T NEED MONEY
TO MAKE MONEY
I
Here's how >
THE
INVESTING
CIRCLE","(970, 90)"
"Champs Dist.com
FOOD
RECIPES
Champs Diet.com","(300, 600)"
"Leonardo DiCaprio Hosts Neelam Gill And Squad
On $150M Yacht","(300, 250)"
"Time to Expand Your
Portfolio's Horizon?
ロマ
Emerging Markets
Great Consumer ETF
EMC
PROSPECTUS > SEHINVESTMENTS DISTRIBUTION CO
GLOBAL X
by Mirae Asset","(300, 250)"
"ALMAC
Almac Pharma Services
Tailor-made Solutions
you can rely on
Find out more
ALMAC","(970, 250)"
"MINECRAFT
Minecraft
*5.0
Snake.io
*5.0
Roblox
*5.0
Garena Free
Fire: 5th
*5.0","(728, 90)"
"TWILIO
SendGrid
The Email API by developers,
for developers
Start for free","(300, 250)"
"Trusted for reliable
email delivery at scale
Try for free
TWILIO
SendGrid
You're on your
Let's conyour email addres
Confirm","(300, 250)"
"Capital One Shopping
The coupon-finding
browser extension
Got Coupons?
SEE FREE CODES
Get FREE promo codes
automatically applied
at checkout.","(970, 90)"
"influxdataⓇ
InfluxDB Cloud
Build better real-time apps in less time with less code
Try For Free
6","(728, 90)"
"SUGAR SMART:
CUT DOWN,
NOT CUT OUT!
BANANA
SMOOTHIE
O
15 min
1 cup plant-based
1 banana
1 scoop out
1 cup chilled coffee
BLUEBERRY
COCONUT
SMOOTHIE
PINEAPPLE
TURMERIC
SMOOTHIE
STRAWBERRY
AVOCADO
SMOOTHIE
5 min
sma
O","(970, 250)"
"DON'T
MISS OUT
G.Loomis
American Legacy
Fishing Company.
CLICK. CAST. CATCH.
SHOP NOW","(728, 90)"
"NEED TO SELL A CAR?
WE'LL PAY YOU
TOP DOLLAR!
e
er
Honda
HONDA
SEE OFFERS of Lincoln","(728, 90)"
"OPTYMINT
WALI
EQUAL
HOUSING
OPPORTUNITY
OPTIMIST
VILLAGE, INC.
With Beautiful Scenery,
pet friendly environment,
and an awesome staff,
our community for a
cozy place to call home.
3650 Optimist-Way,
West Orange, TX 77630
409-883-9949
LEARN MORE","(300, 250)"
"Dominion
Energy®
Get More Comfort Control
and Energy Savings","(728, 90)"
"CIVIC
theatre
SOMETHING
Na no
I Love You,
You're Perfect,
Now Change
SEPAKAR 20
ECOLOR
PURPLE PAN JERSEY BOYS Tickets
SIX DEGREES
OF SEPARATION
fra
****
HRVARY FOR
on sale
now!
2023-2024 SEASON
SHREK
MALAY
Salem
MARE. ****","(728, 90)"
"JustFashionNow
FREE SHIPPING","(160, 600)"
"VIVAIA
Celebrating 3 of
Happy Feet!
UP TO
50% OFF
SHOP NOW >","(160, 600)"
"Hefty
STAY
ONE STEP
AHEAD OF
STINKY
Hefty","(336, 280)"
THINK YOU,"(300, 250)"
"SPECIALISES
TUFFSTUFF
ACTROPORT
GET AN OBLIGATION
FREE QUOTE
SPECIALISED 4X4 INSURANCE PRODUCT
www.tuffstuff.co.za","(728, 90)"
"TATA
AIG
INSURANCE
WITH YOU ALWAYS
Switch on your mental peace
TATA AIG Car Insurance
98%**
GET PRICE
CLAIM SETTLEMENT RATIO
Auto Secure-Private Car Package Policy - UIN: IRDAN108RP0002V01200001
IRDAI REGN. NO.108. T&C Apply UID NO. F0922005 FY21-22 for motor claims.","(728, 90)"
"GREEN MOUNTAIN C
MEDIUM
SALSA
The freshest
ingredients
for any
recipe
find near you","(160, 600)"
"Kubota
B Series
$0 down 0% APR
60 months + save
up to $800
See full disclaimer at www.KubotaUSA.com/disclaimers
INA STORE
Inc.
SERVING YOU FROM Beum Downows Isa!
10035 21 Mile Rd. Tustin, MI 49688
>","(728, 90)"
"CARE FOR YOUR SMILE
and let it brighten
your day
SAME DAY CROWNS
TEETH WHITENING
DENTAL IMPLANTS/BITESPLINTS
BEERS FAMILY DENTISTRY
Dr. Chad Beers and Dr. Kyle Lints
LWINNER
2015-2018-2021-2022
Dr. Chud Boers, D.D.S","(300, 250)"
"BEERS FAMILY
DENTISTRY
Dr. Chad Beers
and Dr. Kyle Lints
CARE FOR YOUR SMILE
and let it brighten your day
SAME DAY CROWNS/TEETH WHITENING
DENTAL IMPLANTS/BITESPLINTS
RED HOT
WINNER
BEST
2013-2018-2021-2022
Dx Chad Bw, D.D.S","(728, 90)"
"AccuWeather
Stay Updated.
Stay Prepared.
Stay Ahead
of Summer
Storms.
Get the App
Willing
C
UNRATAB
ORAN
STORED
XARLARE","(300, 250)"
"the NEWS
UNLIMITED ACCESS TO EVERYTHING
WE OFFER AT ACHRNEWS.COM
FOR AS LOW AS $3.33/MONTH
SUBSCRIBE TODAY","(300, 250)"
"SINCE THIS
MALCO
THEATRES
WWW.MALCO.COM
Malco
MARQUEE REWARDS
EARN. REDEEM. REPEAT.
RELAX AND
RECLINE
LUXURY RESERVED
RECLINER SEATING
MXT Summer Drive-In
5310 Summer Ave
MALCO THEATRE EXPERIENCE
A MEMPHIS TRADITION SINCE 1966
IMAX","(728, 90)"
"VIVAIA
Designed for All
Day Wear
SHOP NOW >","(300, 250)"
"Wall cent
rasain elds
Others FIL
SELECT
ACE
We Make Test Easy™
MTS-3060A SmartCan™
Universal O-Level Armament Test Set
The ACE and Multi-Capable Airmen Enable","(970, 250)"
"THE ESSENTIAL MAGAZINE
FOR THE DEFENCE INDUSTRY
READ THE LATEST ISSUE NOW
Global Defence
Technology","(970, 250)"
"Find better
campgrounds.
Get exclusive access to better reviews.
RV LIFE
Trip Wizard","(300, 250)"
"Capital One Shopping
PROMO CODES AVAILABLE Unlock FREE Coupons
Get automatic savings at checkout.
$
The coupon-finding browser extension","(728, 90)"
"FOUND
JUST ALIGN THE IRONS
TO FIND THE DOT
HK","(300, 600)"
"Register by:
JUNE 17
Vote Early:
JUNE 17-25
Election Day:
JUNE 27
NYC, rank your
vote this June!
Find out
WAT
NYC.gov/DemocracyNYC City NYC
FOXCON
Comm
MYC
VON
Rank up to
5 candidates","(728, 90)"
"FREE EDIT
PDF
WE
FREE CONVERT
PDF TO WORD
PDFSIMPLI
a
POF
D
FREE PDF
FILLER
FREE CONVERT
PNG TO PDF","(970, 90)"
"Old
CRUSADER
FLY MASK
FLY.
BYE
LEARN MORE
Cashel","(300, 250)"
"1495
UNIVERSITY OF
ABERDEEN
One Year
Master's
Programmes
-MSC Archaeology
-MSC Archaeology of the
North
-MSC Osteoarchaeology
Study
In
Scot
land","(300, 250)"
"THINKMATE
HIGH PERFORMANCE COMPUTING
Affordable Servers,
Workstations, and
The Best System
Configurator Online.
SUPERMIC
SHOP NOW >
L
THINKMATE
***
*****
FER
* M","(300, 600)"
"artnet auctions
21st Century Prints","(970, 90)"
"REVLON
COLORSILK
BEAUTIFUL
COLOR™
Ammonia-free
LORSILK
COLORSIL
COLORSILK
COLORSILK
COLORSILK
COLORSIR
MAKE
YOUR MOVE
Shop Now","(970, 250)"
"U United
UNITED Community Bank.
Member FDIC.
Balancing budgets and
investing in your future?
ALLA
m
Bank Better >","(728, 90)"
"OFFICIAL NEWS
IN YOUR INBOX
SUBSCRIBE NOW
ATP
TOUR","(728, 90)"
"DRIVER
Reviews, Rides, Rigs, and More.
Visit UTV Driver >","(300, 600)"
"AUANew
8p
Sexual and Urinary Function
following Cystectomy News
Comen
American
Urological
Association
The latest
news from
the AUA.
Madaming of Compl
TO TA
J
J","(300, 250)"
"BUY OR
SELL YOUR
AUDI
ON
The easiest way
to sell your car online
Hemmings","(728, 90)"
"EOFY Sale
save big on
Kids' Toys
CAUSRAPHIC
shop.australiangeographic.com.au
Save up
to 20%
AUSTRALIA'S
Came
Collector
Kine
C
AUSTRALIA'S
Game
CHEMISTRY SET
BEEN GEAINITY
RECYCLED
PAPER BEADS
LE
tim","(970, 250)"
"ANTARCTICA
ISLANDS
NATIONAL
PARKS
Australia's
- Best
100
Bike rides
GEOGRAPHIC
Austration
OUR COUNTRY
Save up
to 30%
EOFY Sale
save big on
Coffee Table Books
Australian
GEOGRAPHIC
shop.australiangeographic.com.au","(300, 600)"
"GA
CTA
Thermo Fisher
SCIENTIFIC
applied
bosystems
BigDye™ Terminator kits-
trust the masters with your science
Get the original
applied biosystems","(300, 250)"
"CANERAL IN
Fir
A new lease on electric
$1,699/mo. Grand Touring.
Air
Offer Details >
LUCID
*Only for select Grand Touring trims available
now for well qualified lessees. For 36 months.
Expires 6-30-23. $12,804 due at signing.","(300, 600)"
"Small Hower
(floral studio)","(300, 250)"
"Stephen
Cleaners
SINCE 1962.
Eco Friendly
Dry Cleaning
& Laundry
Complimentary
Pickup & Delivery Stephen Cleaners.ca","(300, 250)"
"Blue Jeans Cable
Audio and Video cables
for Home Theater
Manufactured
in the USA
Buy Now Direct →","(300, 250)"
"EVIDENT™
OLYMPUS
Guaranteed* Accuracy
and Precision
DSX1000 Digital Microscope","(728, 90)"
"EVIDENT
OLYMPUS
DSX1000
Digital Microscope
Guaranteed* Accuracy and Precision","(300, 250)"
"Taking the guesswork
out of incubation
BoneySafe 9
Brinca.com
06150
EXTREME
Brinsea
the world leading
incubator manufacturer is adding
the NEW Maxi II and Ovation 28 and 56
to its range of incubators, brooders,
egg candlers and automatic Brinsea
coop door openers.
All with 3 year warranty.","(300, 600)"
"High Performance
Multi-Mission Radar
Meet us at
Paris Air Show
IAI
TBM
ELTA Systems Ltd.
Discover More >","(300, 250)"
"St. Jude
Dream Home
Giveaway
It's a win-win to help
patients like Ay'den
What Could I Win?","(728, 90)"
"YOU'LL
NEVER
BELIEVE HOW
SIMPLE
BOATING CAN BE
LEARN MORE
For Membership Info
Text/Call 202-930-0557
BON
CLUB","(728, 90)"
"CROWDSTRIKE aws
How secure
is your cloud?
Get a Free Health Check","(300, 250)"
"CONTINUE >
Lets Move Easy","(728, 90)"
"PINEAPPLE
www
TRULY
WILD BERRY
TRULY
CITRUS SQUEEZE
STRAWBERRY LIME
NOW
REFRESHING
MORE","(300, 250)"
"BE MORE THAN A
BYSTANDER
Break The Silence On
Gender-Based Violence
THE BC LIONS WANT YOU TO ""SPEAK UP!""
VictimLinkBC 1-800-563-0808
endingviolence.org","(300, 250)"
"BE MORE THAN A BYSTANDER
Break the Silence on Gender-Based Violence
VictimLinkBC 1-800-563-0808
endingviolence.org","(728, 90)"
"Looking for Clinical Whitepapers?
Click here to read the latest insights from industry experts
Read now
BECKER'S
HEALTHCARE","(728, 90)"
"TRUST YOUR
GOALS TO THE
RIGHT TEAM
NBT
BANK
Meet our team >> focused on what matters
Member FDIC","(300, 250)"
"Straight Talk About Dementia
Thursday, June 29, 2023
5:00-6:30 p.m.
Home Instead.
To us, it's personal
REGISTER","(728, 90)"
"IDCITA
BUSSE
CON
RAME BT
SEMESTA BOGOR
BERPESTA 24-25 JUNI 2023
FOURTWNTS
T
RIZKY
FERIAN
WELG &
DESSENTIALS
GIGI
BRI
mo
LAST CHILE
ADE RAMKANG
THE 2 BLACK
LAPANGAN PANAHAN PAKANSARI BOGOR
@m LOKET
12+","(300, 250)"
"CIREBON
FESTIVAL
ARHANUD 14 CIREBON
BIL
17-18 JUNI 2023
**GET TOUR TICKETS
JUDIKA. MARION JOLA. RIZKY FEBIAN
MC DANNY. ALDY JADONG. TIARA ANDINI. DANILLA. LYODRA
MUSIC. CULINARY. ART.SPORT. COMMUNITY. GAMES
JA
tiketbox","(300, 250)"
"EOFY
Save up to 55% on
RIDLEY","(970, 250)"
"LIQUI
MOLY
MOTOR OILS
& ADDITIVES
MADE IN GERMANY
Contest
TOP TEC
4200
SAE 5W-30
MOTOR OILLE.
LIQUI MOLY is the aftermarket's
leading supplier of German
motor oils providing all the latest
generation of BMW approvals
so you won't lose your warranty!","(970, 250)"
"G grammarly
Take the stress out
of writing in English.
Get Grammarly
It's free","(300, 600)"
"FISHER INVESTMENTS
Blunder #10:
Mismanaging
Retirement
Withdrawals
If you have a $500k+ portfolio,
you should read 13 Retirement
Investment Blunders to Avoid.
Learn More","(300, 250)"
"EDG LOL SIGN ADC UZI LOL TO
REPLACE EDG LEAVE AFTER
PROSTITUTION SCANDAL
Ch
READ MORE","(300, 250)"
"WORLD
OF
HYATT.
Journeys that reward
that yo
Members save up to 15% at
participating Hyatt hotels and
resorts around the world.
LEARN MORE","(300, 250)"
"E-books
THEOLOGICAL WORKS
FROM OUR LIBRARY
TO YOURS...
RICHARD SIBBES
THOMAS GOODWIN
FRANCES HAVERGAL
JOHN FLAVEL
...AND MORE","(300, 250)"
"¹0:
FT
U
Com
AMERA3
F
32
HAVING A PERIOD IS
NOT A LUXURY.
Purchase
1 product,
we will
donate 2
to help end
period poverty*
Shop Now
Only at Walgreens
Visit AllianceForPeriod
Supplies.org for details.
Offer valid through 6/30/23
""Up to 1.1 million products","(160, 600)"
"MCCLATCHY
STAFFING SOLUTIONS
ARE YOU
RECRUITING?
WE
HAVE
SOLUTIONS!
CLICK
HERE","(728, 90)"
"South
UNIVERSITY'
BEGIN YOUR
SUCCESS STORY
Degrees in Business, Nursing,
Counseling, Healthcare & Technology
Learn More","(300, 600)"
"ANNIVERSARY
th
BOLA COM
#SEWINDU
Bikin Rindu","(300, 600)"
"Handmade
65% OFF
KAEGREEL®
TO
Breathable","(300, 250)"
"Bruin&Life
Hyv
Brain & Life Podcast
Listen. Follow. Subscribe.","(728, 90)"
"SUTHERLAND
SECOND ONLY TO NATURE
SHOP NOW","(300, 250)"
"Ferment
C.23
WANT TO BREW A LAGER?
Choose between our 3 most suitable yeasts
Saf Lager™
S-23
Forme
SafLager™
W-34/70
Ferm
100
Fermentis
by Lesaffre
SafLager™
S-189","(970, 250)"
"WANT TO BREW
A LAGER?
Choose between
our 3 most suitable yeasts
W36/70
5-189
SafLager™
S-23
SafLager™
W-34/70
SafLager™
S-189
Fermentis
by Lesaffre","(300, 600)"
"INTRODUCING
THE MOST POTENT DIESEL
PRODUCT WE'VE EVER
DEVELOPED
DPF CLEAN™M
RISLONE.
DIESEL DPF EXHAUST
& EMISSIONS CLEANER CLICK FOR MORE INFO","(728, 90)"
"ONEWHEEL
OFFICIAL
VEHICLE
OF SUMMER
Destroy Boredom
GNEWHEEL
Shop Now","(970, 250)"
"Job searches
don't have
to be hard.
Call 311 or visit
NYC
Small Business
Services
Erie Adams
Magyar
Kevin D. Kim
SURGE
WORKFORCE 1
A PROUD PARTNER OF THE
AMERICAN JOS GENTER NETWORK","(300, 250)"
"NYC Erie Adams
Kevin D. Kim
Small Business
Services
START YOUR
CAREER AS A
RESTAURANT COOK
FIRST COURSE
NYC-
APPRENTICESHIP
PROGRAM
LEARN MORE","(728, 90)"
"Job searches don't
have to be hard.
Call 311 or visit
NYC
Small Business
Services
PA
EMALDADDRE
WORKFORCE 1
Kevin D. Kim▬▬▬▬▬▬A PROUD PARTNER OF THE
Commissioner
AMERICAN JOB CENTER NETWORK
Eric Adams
Mayor","(970, 250)"
"ден
Hinge
Health""
MSK PAIN: The BILLION dollar
health care burden.
Download the State of MSK Care →","(728, 90)"
"IEDU
Handle you career with care.","(300, 250)"
"1823 1923-202
NO SLAVERY.
NO EXCEPTIONS.
#EndTheException","(728, 90)"
"TruLoG™
Steel Log Siding
TM
Get the look
of wood, without
the maintenance.
TruLogSiding.com | 970-646-4490","(300, 250)"
"APPALACHIAN™
www.applog.com
LOG STRUCTURES
LOG HOME PACKAGES
OVER 75 FLOOR PLANS
NAHB
1-866-LOG HOME
CLICK HERE TO LEARN MORE!","(300, 600)"
"CallonDoc
Your Doctor, Your Way!
SAME DAY
ONLINE
DOCTOR
of
$39.99
Available 24/7
Prescription
pick up at any
US pharmacy
in 1-2 hours
Ages +1","(160, 600)"
"Canadian
Living
Canadian
Living
it's grill timel
SMART SOLUTIONS
FOR EVERYDAY LIVING!
Only
$250
Per issue
+ Taxes
One year subscription","(728, 90)"
"Benjamin
Moore
paint is
only sold
at locally
owned
stores.
Find Your Nearest Store","(300, 600)"
"FEEL BETTER SOONER.
LEARN MORE
BAYHEALTH@HOME Bayhealth","(300, 250)"
"WE ARE HONORING
WOMEN WHO ARE
AMBITIOUS,
ACHIEVING,
& HAVING
AN IMPACT
in the Baltimore area.
THE BALTIMORE SEN
WOMEN
TO WATCH
CLICK to nominate today.
Nominations open May 30 - June 20
ER
THE BALTIMORE SUN","(300, 250)"
"CBS ORIGINAL
TRUELIES
ALL EPISODES
STREAMING ON
TRY IT FREE","(728, 90)"
"This Is Big. Really Big.
High Yield Checking
earns you up to a whopping
3.25% APY*
on balances up to $10,000!
*Click for details. >
85 years with U
Federally insured by NCUA
Membership eligibility and other restrictions may apply.
APY=Annual Percentage Yield","(300, 250)"
"Lakes Region Weekly
YOUR COMMUNITY NEWS DELIVERED WEEKLY
ACCESS YOUR EPAPER HERE","(970, 250)"
"CHEFS
S
VISA
$100 CASH BACK
when you open the NFL Extra Points Visa Credit Card and spend $500 on purchases
outside of the NFL in the first 90 days from open date. Paid as a statement credit. 4
O
LEARN MORE","(728, 90)"
"NRI TRADING PLAN
Special Offer: 70 Account Opening
100 No PIS
NRO Account
Per Trade
(Equity Delivery and F&O)
Open Online NRI Account
ProStocks
DISCOUNT STOCK BROKER
Sunlight Broking LLP,
B-50, Pravasi Industrial Estate,
Goregaon (East), Mumbai 400063
PH. +91-8850317671
www.prostocks.com","(970, 250)"
"SILK VISION
& SURGICAL CENTER
98% of our LASIK patients
achieve 20/20 vision or better
Learn
More","(728, 90)"
"THE JOSHUA FUND'
HAS THE WAR OF
GOG &
MAGOG
ALREADY BEGUN?
FREE EBOOK
HAS THE WAR OF
GOG & MAGOG
ALREADY BEGUN?
Read and decide
for yourself.
GET MY FREE COPY","(300, 250)"
"TILTFI
HYDRA-ARM MINI
CAR MOUNT SYSTEM
AVAILABLE NOW
STARTING AT $9,999
Shop Now","(728, 90)"
"STORIES AMC
BY
Breaking Bad
Season of the Witch
Chips
Follow the stars.
Watch Free.
plex","(970, 250)"
"BUMPKE
Waste & Recycling Done Right","(728, 90)"
"WORLOS
COLLIDE
FLASH
IN CINEMAS
NOW
GET TICKETS
© 2023 WHITM","(300, 250)"
"OC
EXCLUSIVAMENTE EN
COLECCIONABLES
TUSHOPPI
www.tushoppi.com.mx
ENJUSTICE
UININ
TODO AL
50%
JOKER
DE DESCUENTO
¡NO TE LOS PIERDAS!
CYBER OUTLET DC COMICS","(300, 250)"
"COIN WORLD
MARKETPLACE
PLENTY OF
PEACE
HUNDREDS TO CHOOSE
FROM & EXPLORE
IN GOD VE
SHOP NOW
R
TRVAT","(300, 600)"
"PLENTY OF PEACE
HUNDREDS TO CHOOSE
FROM AND EXPLORE
COIN WORLD
MARKETPLACE
SHOP NOW","(728, 90)"
"MAXPEAK.
PREMIER
Trust in your analytical data
with MaxPeak™ Premier Columns
Disover more
Waters™","(970, 250)"
"KICK OFF
Crown Royal
SHOP NOW
PLEASE DRINK RESPONSIBLY","(300, 250)"
"49ULY
Co
NA
Tuesday, July 4th
Live Entertainment. Kids Activities. Street Performers
Finished with spectacular
fireworks display
Click for more information","(728, 90)"
"5G Plus
Amazing
Camera
meets
Instant
Sharing
Get Airtel 5G Plus
on your new
iPhone 14 Pro
iPhone 14 Pro
*T&C Apply. For detaik visit airtelin/SGFAC","(300, 250)"
"O
5G Plus
Incredible Camera meets Instant Uploads
Get Airtel 5G Plus on your new iPhone 14 Pro
iPhone 14 Pro","(970, 90)"
"Going™
Save up
to 90% on
flights
SIGN UP
14
18","(300, 250)"
"food Summer
30-Minute Dinners
Perfect for Busy Weeknights
Browse the Recipes","(300, 600)"
"PayPal
honey
MrBeast
knows how
you can
save money
in a snap.
It pays to pay
with PayPal.
Start Saving
""BEAST
Individual received compensation for their
participation. Individual results may vary.","(160, 600)"
"CORROSIONPEDIA
Strengthen & deepen your corrosion
knowledge with any one of our free webinars
Watch today >>","(300, 250)"
"Men's #1 health issue could be solved today
Connect w
Healthier Live
Hartford
Hartford
Courant HealthCare","(970, 90)"
"?
MY
NEW FAVORITE
FUTBOLISTA
tiv
LISTEN
NOW
Spotify
ON
HER
TURF
Apple Podcasts
TUNE
IN","(300, 250)"
"Text Messages You'll Love
Be the first to know about new videos, patterns,
and special offers with our SMS texts
Craftsy
SIGN UP NOW","(728, 90)"
"ANNIE CLOTH
TAK
UP TO 45% OFF","(300, 600)"
"Microsoft
Windows Copilot
together with Bing
Chat and plugins
helps users get
more done
Learn more >","(300, 250)"
"CONTINUE
3 Easy Steps:
1) Click 'Continue'
2) Download on our website!
3) Get Quick Search Tool
Quick Search Tool","(300, 600)"
"Link With Us
to help improve your
Northern California
travel choices,
connections, and
communities!
Attend an Event!
LINK21","(300, 250)"
"Submit public
notices in just a
few clicks
dailycalifornian.column.us/place
Column","(300, 600)"
"POMONA MEDICAL SUPPLY
&
733 E. Holt Ave., Pomona 909-623-4378
www.PomonaSurgicalSupply.com | Now accepting IEHP
15
FREE
DELIVERY
LOW
DISCOUNT
PRICES
Compression Stockings.
Raised Toilet Seats,
Commodes, Diapers,
Bath Benches and More!
colobrating
11 YRS","(300, 250)"
"The 2023
Jeep Wrangler
Forging a new path to the future, the Jeep Wrangler
4x4 pushes legendary capability to new frontiers.
CLICK TO
FIND YOURS
TODAY!
ZIMMERMAN'S
1435 Market St. Sunbury - 570-286-2100","(970, 90)"
"NEW Higher
Certificate Rates!
4.50% APY*
1-Year Tem
$500 Minimum
Tap/Click Here","(320, 50)"
"NEW Higher
Certificate Rates!
4.50% APY*
1-Year Term
$500 Minimum
Tap/Click Here
FRANKLIN MINT
FEDERAL CREDIT UNION
The Credit Union of Choice!""
*Annual Percentage Yield (APY) accurate as of
6/5/23. Penalty for early withdrawal.
Federally insured by NCUA","(300, 600)"
"VRAI BRIDES
Fine jewelry for your wedding day and beyond.
SHOP ON VRAI
Engagement Rings | Wedding Bands | Earrings | Necklaces | Bracelets","(970, 250)"
"REDUCE
THE RISK
...of Becoming Infected with the West Nile Virus
CLICK HERE to find out how you can help us prevent this from happening!
Solano County Mosquito Abatement District
707.437.1116 solanomosquito.com","(728, 90)"
"Eaton
Technology
Summit
Data Centres
EATON
Powering Business Worldwide","(728, 90)"
"Eaton
Technology
DEG300 Summit -
Data Centres
EATON DCD
சீமாறு இருள்வ","(300, 250)"
"Springfield Smiles
Christian A. Victor, DDS
Kerri Beedy-Storts, DDS
Family Dentistry
Implant, TMJ & Sleep Center
Invisalign
Nominated 2 Years in a Row!
Nominate Us For a 3rd Year!
Family Dentistry | Implants | Orthodontics | TMJ Treatment | Sleep Apnea
Click Here
#wemakeSpfidSmile
8","(728, 90)"
"A Family Owned Since 1979 e
OLSEN'S
For Healthy Animals
Not Your Typical
FEED STORE
Quality Pet Food & Supplies,
Equine & Livestock Needs
and More!
WE DELIVER!
- Visit one of our 5 locations
Chino Valley | Prescott | Dewey | Clarkdale | Flagstaff
@olsensgrain @olsens.az
www.olsensgrain.com","(300, 600)"
"THE
CROWN
Tattoo &
Smoke Shop
CLICK HERE
(928) 379-6789","(300, 250)"
"NEW Higher
Certificate Rates!
4.50% APY*
1-Year Term
$500 Minimum
Tap/Click Here
ន
*Annual Percentage Yield (APY) accurate as of 6/5/23.
Penalty for early withdrawal.
Federally insured by NCUA
FRANKLIN MINT
FEDERAL CREDIT UNION
The Credit Union of Choice!""","(728, 90)"
"Join
house
carers A
.com
Click Here!","(728, 90)"
"NEW Higher
Certificate
ន
Rates!
4.50% APY*
1-Year Term
$500 Minimum
Tap/Click Here
FRANKLIN MINT
FEDERAL CREDIT UNION
The Credit Union of Choice!
*Annual Percentage Yield (APY)
accurate as of 6/5/23. Penalty for
early withdrawal.
Federally insured by NCUA","(300, 250)"
"Only trust the original
system solutions
XMI
MIXPAC™","(970, 250)"
"for the
Champions
communities we serve.
Learn More
centura
11","(300, 250)"
"All in,
all together.
Learn More
centura","(728, 90)"
"SIGN UP
TO RECEIVE TEXT UPDATES
FROM THE DENVER BRONCOS!
*STANDARD SMS AND DATA RATES MAY APPLY
G
of
23","(728, 90)"
"I MADE A
HOLE
IN ONE
MY FAVORITE
CHILDHOOD
MEMORY IS
MY BACK NOT
HURTING
LILICL TH","(300, 250)"
"MONSTROUS
AIRFLOW
$20-$23
DURAMAX
banks
+27%
BIGGER
Banks AND IT'S/
PATENTED
15.9in¹
We're larger
Stock at the MAF
12.57in
sensor.
RAM-AIR
-9.8%
AFE
11.34in
-24%
S&B
9.6m²","(300, 250)"
"INDUSTRIAL
INJECTION
Get back on the road quickly
with one of our fuel system kits!
INJECTOR KITS & DISASTER KITS
.)
ODON
DIESEL
View All
Kit Options
211215","(300, 250)"
"100% Made in USA
PERFECTING YOUR
POWERSTROKE™
Hydra In-Dash Billet Flush Mount","(300, 250)"
"SAY GOODBYE TO
SELF-DESTRUCTING
FUEL PUMPS
ne
CPX
INJECTION POMPE
RCD
CLICK FOR MORE","(300, 250)"
"Don't gamble
on NFT's.
Bank on MRT.
(Music Recognition Technology)
audoo
audco
Revolutionising through accuracy","(300, 600)"
"spring
GET YOUR SUMMER ON
SAVE BIG ON POOL FLOATS TODAY
SPY","(970, 250)"
"Save up to 25% on rooms at
select Disney Resort hotels.
WALT Disney World
CDisney
Get Details","(300, 250)"
"food
30-Minute Dinners
Perfect for Busy Weeknights
Browse the Recipes","(728, 90)"
"food
The Healthiest 40-Minute Meals
See Our Recipes","(728, 90)"
"D Dividend.com
Unveiling a New
Gem in Our Model
Portfolio With a
High Dividend
and Impressive
Dividend Growth
D
Record
LEARN MORE ▸","(300, 600)"
"3M
TAKE THE
GUESSWORK
OUT OF
DRY TIME.
3M
INTERIOR & EXTERION
HIGH STRENGTH
HOLE REPAIR
SPECKLING COMPOUND
FC
CHANGING
COLOR
3M™ High Strength
Color Changing
Spackling Compound BUILT TO PERFORM","(300, 250)"
"Forgot To Let
The Dog Out?
Call Chem-Dry!
ChemDry
Schedule Today!","(728, 90)"
"Concerned about your dog's behavior? LEARN MORE
HELP IS AVAILABLE","(728, 90)"
"Forgot To Let
The Dog Out?
Call
Chem-Dry!
ChemDry
Schedule
Today!","(300, 600)"
"Forgot To
Let The
Dog Out?
Call
Chem-Dry!
ChemDry
Schedule Today!","(300, 250)"
"IN THE MIDST
OF PLENTY
THE NEW FOLK
MUSICAL FROM
ENCHANTED CROI THEATRE","(728, 90)"
"IN THE MIDST
OF PLENTY
THE NEW
FOLK MUSICAL
FROM
ENCHANTED
CROI THEATRE","(300, 250)"
"SIERRAVALLEY
GARDENS
CAINTA, RIZAL
HAAR
YOUR
SMART MOVE RLC
IN THE EAST
RESIDENCES","(728, 90)"
"3 Dangerous Foods For Dogs
Top Vet explains the one mistake dog
owners make that could be cutting your
dogs lifespan.
DR MARTY","(300, 250)"
"SGT PAYMENT OPTIONS THAT PUT
YOU IN THE DRIVER'S SEAT
HAND 440
RE
13.62 -40.00
LIVERE
12.76
12.36
affirm
www.sctflash.com","(970, 250)"
"GOD IS A BULLET
Based on the novel by
IN THEATERS
Boston Teran JUNE 23
D
GET
TICKETS","(728, 90)"
"STRERET RELEVERD
SUMMER
GUIDE
Southwest Colorado
Summer Guide has
all you need to make
the most out of
your summer!
READ","(300, 250)"
"WILL YOU
RETURNALIVE
JOIN GLOBAL CBT NOW!","(728, 90)"
"INNOKIN
KLYPSE ZIP
Pocket-sized Satisfaction","(970, 250)"
"14 month certificate
Let your
money 5.00%
work
for you.
Learn more>
SafeAmerica
Credit Union
APY (Annual Percentage Yield) subject to change
without notice. See website for details.
AMERICAN SHARE INSURANCE","(970, 250)"
"WORLD'S FASTEST
VPS HOSTING
Fully Managed with 24/7/365 Support
From
$25/mo
with 2-year
pricing
Liquid Web
LEARN MORE","(728, 90)"
"WE HAVE UN-BEE-LIVEABLE NEWS!
With every order you place, we adopt bees.
SEE MORE
Farnell
AN AVNET COMPANY","(728, 90)"
"New Benefit
Raises Social
Security Check
Senior Benefits
AGE:
Under 65
AGE:
65-70
AGE:
75-80
AGE:
Over 80
OKE","(970, 250)"
"BILLY
GRAHAM
CISSIE GRAHAM LYNCH
Evangelistic Association
Alwys Good News.
Equip
FEAR
LESS YOUR CHILDREN OR
Family FAITHFULLY-EVEN IN
TO LIVE
THE FACE OF HOSTILITY.
GET YOUR FREE DIGITAL DEVOTIONAL >>
€2023 BGEA","(300, 250)"
"INSTALL NOW - REMOVE ALL ADS
TURN OFF ALL ADS
Remove Ads
TOTAL Adblock","(728, 90)"
"NEXON
WARHAVEN
STEAM NEXT FEST
PLAY FOR FREE
JUNE 18 - JUNE 26
PLAY NOW
STEAM","(300, 250)"
"°SHI
Authorized Reseller
Mac in the
modern workplace
Explore","(300, 250)"
"1st Grade
3rd Grade
5th Grade
7th Grade
Real learning can
be really fun
2nd Grade
4th Grade
6th Grade
8th Grade
Adapted
Mind","(336, 280)"
"Dominion
Energy
TAKE
SMART HOME.
SMART SAVINGS.","(728, 90)"
"Sandy Hook
PROMISE
Gun violence is preventable
when you ""know the signs"".
www.sandyhookpromise.org/warningsigns
Advertisement
Learn More","(728, 90)"
"ACE HOTEL & SWIM CLUB
WITH MORE OOMPH","(728, 90)"
"Real-Time Notetaker
Your Calls Summarized, Automatically
Learn More Balto","(728, 90)"
"VIVAIA
Celebrating 3 of Happy Feet!
€50% OFF
SHOP NOW >","(300, 600)"
"BUSINESS.
AN INTERNATIONAL
PERSPECTIVE.
Widen your financial knowledge even more
with daily content from the Financial Times.
SUBSCRIBE NOW
FINANCIAL POST
FT FINANCIAL
TIMES","(728, 90)"
"Custom Coins
Free Design - Free Shipping
CAPTION
f
POLICE
DIVE
GS-JJ.COM","(728, 90)"
"Embrace Your Bright Future
B
REGENT
UNIVERSITY
LEARN MORE","(970, 90)"
"AROLINA
FOLLOW
SPORTS
35+ Perfectly Timed
Cheer Moments","(300, 600)"
"Avail upto
1,500 OFF
on your TOEFL iBT Test
COUPON CODE: CARR20
Register now
*Offer valid till 30th June 2023
ETS, TOEFL.","(300, 250)"
"Autodesk is putting the Flex in flexibility.
Pay-as-you-go product access
Learn more
AUTODESK","(728, 90)"
"*
DRIZZLE,
SIZZLE,
SAVOR.
LEARN MORE
POMPEIAN
SUMMER
FLAVOR GUIDE
Available at Publix","(300, 250)"
"Benjamin Moore
paint is only
sold at locally
owned stores.
Find Your Nearest Store
A1","(300, 250)"
"Microsoft
Bring your data into the era of Al
Unify data across your organization with Microsoft Fabric.","(728, 90)"
"CO
G
Join 30 Million Users
Enhance your writing with Grammarly
Get Grammarly","(728, 90)"
"CROWDSTRIKE
Adversaries
love to come
in through
Windows.
Stop Them","(160, 600)"
"CallonDoc
Your Doctor, Your Way!
Ages +1
SAME DAY
ONLINE DOCTOR
$39.99
Available 24/7
Prescription pick up at
any US pharmacy in 1-2 hours","(728, 90)"
"* FREE
SUMMER MEALS
for kids and teens under 18.
Text ""Food"" to 304-304 or visit
NoKidHungry.org/Help
NO KID
HUNGRY
FIND FREE MEALS","(300, 250)"
"KapanLagi in partnership with
AUDISI
ONLINE
ACADEM
SUDAH DIBUKA
DAFTAR SEKARANG
WUJUDKAN MIMPIMU
JADI BINTANG DANGDUT MASA DEPAN","(970, 90)"
"CROWDSTRIKE aws
How secure
is your cloud?
Get a Free Health Check","(970, 250)"
"Practice French
Practice Spanish
Practice German
Practice Portuguese
Practice Italian
+Babbel","(728, 90)"
"3
2
DEFEAT
THE BOSS!
TRY
HERO
WARS","(970, 250)"
"ANNIE CLOTH
UP TO
45% OFF
SHOP NOW","(300, 600)"
"18
UNLIMITED
POSSIBILITIES
with the
ultimate
online
experience
Antietam
BROADBAND","(300, 600)"
"Pathways@CTU Living-Learning Community
Co-Creating the Church of Tomorrow | Catholic Theological Union","(728, 90)"
"2 Easy Steps V
1. Click ""Start Your Free Trial""
2. Get a Free Trial for Vegas Edit
Start Your Free Trial
Vegas Edit: Get started with video editing","(300, 250)"
"2 Easy Steps
1. Click ""Start Your Free Trial""
2. Get a Free Trial for Vegas Edit
V
Start Your Free Trial
Vegas Edit: Get started with video editing","(728, 90)"
"LEADING CANCER CARE Methodist
NEAL CANCER CENTER
From the #1 Hospital in Texas - Houston Methodist Hospital
LEARN MORE","(728, 90)"
"Code
SENIORS: WALK-IN TUBS
NOW $0","(300, 250)"
"spaturis
GET YOUR SUMMER ON
SAVE BIG ON POOL FLOATS
SPY","(300, 250)"
"START NOW
3 Easy Steps:
1. Click 'Start Now'
2. Download Extension
3. Get Quick Search Tool
Quick Search Tool","(336, 280)"
"Not happy with your existing car loan?
Get a lower EMI by applying for car refinance.
Apply Now","(970, 90)"
"SAFETY
ADT
DAYS
Save up to 30%*
EVENT Limited time offer GET QUOTE
D
*Raq 1-ma min pro
monitoring w/ Self Setup
OR pro install w/ 36-mo
agm't Early tarm & inatal
fees). Excludes discounted
equipment bundles. Video
service req for 30%
discount. Taxes addt'l. Full
tarms visit adt.com/legal.","(728, 90)"
"BREAK OUT THE
STRONG STUFF
YETI SHOP BARWARE
YETI
YETI
YETI","(970, 250)"
"GameStop
HIDDEN
GEMS
****
SWITCH
Five Nights at Freddy's
00
Har attie
RAINCODE
Shop the Gems","(728, 90)"
"ManageEngine
Service Desk Plus
FREE
IT
Help
Desk
Software
Try for free","(160, 600)"
"SARGENTO
Che
Baby Swiss
Bly (
100% REAL, NATURAL
CHEESE BELONGS IN
EVERY FAMILY TRADITION
GET RECIPE","(728, 90)"
"mint
mobile
LIMITED TIME ONLY
UNLIMITED
PREMIUM WIRELESS
NOW JUST
$15.0
Add restrictions apply Tases & fodra
New activation red. Min. 3 mo. purchase.
Dataspead reduce >40GB/mo.
See mintmable.com.
GET OFFER","(160, 600)"
"CONTINUE >
Packers - Movers - Cargo","(300, 250)"
"roud
MOOSE
UTILITY DIVISION
UTV WHEEL NETS
TRANSPORT SAFER","(300, 250)"
"hias.org
This World Refugee Day
help HIAS provide
vital services to refugees
and asylum seekers
HIAS","(970, 250)"
"Season tv
EVERYTHING MLS.
HALF THE PRICE.
Subscribe now
Subscription required. Savings based on full season pricing. Offer valid for 2023 season only:
plan automatically renews at standard full season pricing until canceled.","(300, 250)"
"magaz nes
Hegeing Com
Top Titles up to
90% OFF
Shop All Now
CREVET
FUER
2000
Tyra","(300, 250)"
"NEXON
STEAM
WARHAVEN
PLAY NOW
244
STEAM NEXT FEST
PLAY FOR FREE
JUNE 18 JUNE 26","(300, 600)"
"amazon
Shop. Connect. Enjoy.
All from Earth's biggest selection
Shop now
Privacy","(300, 250)"
"START YOUR DAY
WITH GOOD THINGS
IN YOUR INBOX
GMAwake up
SUBSCRIBE NOW!","(728, 90)"
"PICK-POCKET
PROOF®
TRAVELWEAR
YOU WANT.
""The CIA version
of khakis.""
- FORBES
Upgrade Now
ACLOTHING ARTS","(300, 250)"
"FULLY MANAGED VMWARE HOSTING
Private Cloud with No Contracts or Per-VM Fees
Liquid Web™
LEARN MORE","(970, 90)"
"Real-Time Notetaker
Your Calls Summarized,
Automatically
Generating Summary..
Balto
Learn More","(970, 250)"
"skyprep
LMS Without the Mess
The Best Learning Management System to
Elevate Your Training
Capterra
4.8","(728, 90)"
"Mac in the modern hybrid workplace
°SHI
Get started
Authorized
Reseller","(728, 90)"
"B storyblok
The complete guide to
building a multilanguage
website with Nuxt & *
Storyblok
5
Explore Now","(300, 250)"
"Get Access to
Un-Profiled
News
Startpage
Search Privately","(300, 250)"
"Fractional with no monthly management fee.
flyexclusive Up to $100k fight credits included for amined (12
EXPLORE FRACTIONAL OWNERSHIP
Robb Report
BEST OF
THE BEST
WINNER
23:30","(728, 90)"
"DOCK
BLOCKS
Shop Now >","(336, 280)"
"& : Soroban
Soroban
Unlocks DeFi
A scalable smart contract
platform built to perform
Start Building","(300, 250)"
"PLURALSIGHT
Tap the untapped
potential of your
employees","(300, 250)"
"V
2 Easy Steps
1. Click ""Start Your Free Trial""
2. Get a Free Trial for
Vegas Edit
Start Your Free Trial
Vegas Edit: Get started with video editing","(300, 600)"
Lightinthebox.com,"(160, 600)"
"$
PROMO CODES
AVAILABLE
Get automatic savings $
at checkout.
$
Capital One Shopping
SEE FREE CODES
$
The coupon-finding browser extension
$","(300, 250)"
"5
TRY
HERO
WARS","(300, 250)"
"GS-JJ.COM
Make Your Own
Custom Coins
BEST GIFT
CAPITOL
*******
THANK YOU
U.S.
VISIT US TODAY
ON
POLICE
DIVISION
OFFICERS
V NOVN
30
********
%
OFF","(300, 600)"
"From Hello
to Help,
211 is Here
2.1.1
Get Connected. Get Help.""
MERCING VALLA
1900
www","(300, 250)"
"TRN
JOIN THE
PREMIUM FAMILY
UPGRADE NOW
P","(728, 90)"
"Donate to a
Greater Good
cookies
for kids cancer
Let's get Baking
P","(320, 50)"
"(ETS) TOEFL iBT.
TAKE THE
TOEFL* TEST TODAY.
SCORE ABOVE 75
AND
GET A CHANCE TO WIN
UK SCHOLARSHIP
UPTO 2.4LAKHS
APPLY NOW
*Application Closes 30th June
sh nigau
achievers COUNCIL","(300, 250)"
"Nanotec®
PLUG & DRIVE
Intelligent
Motion Control
Solutions
C..........
peggy
!!!
View Products","(160, 600)"
"12 Places to Shop
For Every Type
of Gourmand
SEE THE LIST ON EATER >>
STAND
CANCER","(300, 600)"
"10 Must-Try Restaurants
in the San Jose Area
SEE THE MAP >>>
Westfield
VALLEY FAIR","(970, 250)"
"Sentry can't fi-fi-fix this this this.
But we can fix your app performance. SEE HOW >
V2
SENTRY","(728, 90)"
"Plugged
in
with
சீகன்பசெய்டின்
C
CONVERSATIONS
ALONG THE
ELECTRIC HIGHWAY
Stay connected to Canada's
ever-expanding EV community.
Driving P POSTMEDIA
LISTEN NOW","(728, 90)"
"MOUTH
MOTOR
DAVID
DOUTH
A
Hear from David Booth as he shares his sharp intellect, vast experience
and pull-no-punches criticisms on hot topics in the auto industry.
LISTEN NOW
Driving P POSTMEDIA","(728, 90)"
"Fir
A new lease on electric
on a Lucid Air
$1,699/mo. Grand Touring.*
Offer Details >
LUCID
74
*Only for select Grand Touring trims available now for well qualified lessees. For 36 months. Expires 6-30-23. $12,804 due at signing.","(970, 250)"
"www
MYKOL
WREAMS
350
HAGDEN
SANKED
minted. Margot
James
BRIDES
Introducing Our Exclusive
Invitation Collection
With Minted
SHOP THE COLLECTION","(300, 250)"
"LOLEELOU
Guidance
and tools for
Home Buyers.
Learn More","(300, 250)"
"The UM Process
Get the Research Report
is Inefficient for Both Payers and Providers
Discover Next Generation UM Through Al XSOLIS","(728, 90)"
"DRIZZLE,
SIZZLE,
SAVOR.
ALITY CE
POMPEIAN
SUMMER
FLAVOR GUIDE
LEARN MORE
Available at Publix","(160, 600)"
"SUPERMICR
Accelerate
Everything
with 4th Gen Intel® Xeon®
Scalable Processors
Learn More
10X
intel.
XEON
PLATINUM","(728, 90)"
"$
$
PROMO CODES
AVAILABLE
Get automatic savings at checkout.
SA
Capital One Shopping
SEE FREE CODES
The coupon-finding browser extension
$","(970, 250)"
"C&
SODA
King
2
grand
theft
AUG
vice exten
MINECRAFT
DIO
00
BestCools","(728, 90)"
"DEARONCES
Shop Now»","(160, 600)"
"HK
The Complete Package
CVE","(300, 250)"
"See how our clients are getting over
500% RETURN on their ad spend
Discover →
genius monkey","(728, 90)"
"CHOOSE YOUR SIGN
TO SEE WHAT IS COMING NEXT
ARIES
LEO
TAURUS
VIRGO
SAGITTARIUS CAPRICORN
GEMINI
R
LIBRA
AQUARIUS
CANCER
SCORPIO
PISCES
caboonsaks
Astrology Answers","(300, 250)"
"CROWDSTRIKE
WHO'S
TARGETING
YOU?
CROWDSTRIKE
2023
GLOBAL
THREAT
REPORT
Read the Latest
Cybersecurity Trends
기
w","(300, 600)"
"CONTINUE >
1. Click Continue
2. Add Apps
3. Watch Popular TV Shows
watchsmartapps.com","(336, 280)"
"GET NOTICED
ADVERTISE WITH US
CLICK HERE FOR MORE INFO >","(728, 90)"
"GRAND
WISATA
Rumah 2 Lantai
1 Menit dari Mall Living World
HARGA
CICILAN KPR | FREE BIAYA KPR
1,3M-an 6Jt-an 3%
sinarmas land
Building for a beter future","(970, 250)"
"XTOOL
$289
Early
Bird
xTool D1 Pro 20W
Breaking Through the
Diode Laser Limit
+
0000
SAVE
MOTORCYCLES
$50
Spin & Win
RELEASE
NEW","(300, 250)"
"HashiCorp
Improve IT Ops productivity up
to 75% with Terraform Cloud
Try it free →","(728, 90)"
"PLAIN
WHITE T
JULY 15
• Benefit
t
NATIONAL LIFE GROUP
ON THE
NATIONAL LIFE
DFEST LAWN, MONTPELIER
LOVELYTHEBAND
FASTBALL
Live Music Fireworks
Nonprofit Food Trucks
Village Kids Activities ALL NIGHT BOOGIE BAND
RESERVE TICKETS BY DONATION ►","(300, 250)"
">abclegal
Explore Process Service","(728, 90)"
"NEW
CYCLE
PLAY DEMO NOW
FOR FREE!
STEAM","(728, 90)"
"Sponsored by Babbel and Tripadvisor
Two ways to maximize your
next summer vacation
Read more","(300, 250)"
"Plugged
in
With Driving.ca's
Andrew McCredie
P
CONVERSATIONS ALONG
THE ELECTRIC HIGHWAY
Driving P] POSTMEDIA","(300, 250)"
"ENTER THE NAVAL AND MARITIME
2023 PHOTO
GONTEST
VASCONET
DEADLINE: 30 SEPTEMBER 2023
MORE DETAILS HERE
110
FE","(300, 250)"
"IT service desk
software for your
digital enterprise
JOQO
Learn more
ManageEngine
Service Desk Plus","(300, 250)"
"Save up to 30%*
ADT
EVENT Limited time offer
Uving Room
*Raq 1-mo min pro monitoring w/ Salf Satup OR pro install w
36-mo agm't (Early term & install feaal. Excludes discounted
equipment bundles. Video service req for 30% discount.
Taxes acc'l. Full terms visit adt.com/legal.
GET QUOTE","(300, 250)"
"Benjamin Moore paint is only
sold at locally owned stores.
Find Your Nearest Store","(970, 250)"
"O
UNLIMITED
POSSIBILITIES
00
$
with the
ultimate
online
experience","(300, 250)"
"Same Day
Online Doctor
Ⓒ Chronic Health
Psychiatry
$39.99
CallonDoc AGES 1+ | AVAILABLE 24/7 | PRESCRIPTION PICK-UP IN 1-2 HOURS
Urgent Care
ⒸSTDs
Dermatology
#","(728, 90)"
"2 Easy Steps v
1. Click ""Start Your Free Trial""
2. Get a Free Trial for Vegas Edit
Start Your Free Trial
Vegas Edit: Get started with video editing","(970, 250)"
"UNITED
MileagePlus AVIS Budget
Save up to
35% off base
rates and
earn up to
2,750 miles
per rental
completed by
6/30.
Book now
Terms apply.","(160, 600)"
"HomeBuddy
The Average Cost Of
Walk-In Showers In 2023.","(300, 600)"
"ден
Hinge
Health
Chronic pain affects more
than work performance
Join the movement","(728, 90)"
"Liquid Web
WORLD'S
FASTEST
VPS
HOSTING
Fully Managed
with 24/7/365
Support
From
$25/mo
with 2-year
pricing
LEARN MORE","(160, 600)"
"ALL NEW
DUSK 19
AVAILABLE NOW!
LONE
WOLF","(300, 250)"
"COZISLIDES.
Worlds
comfiest
home shoe.
GET 60% OFF","(160, 600)"
"A ShemarooMe Exclusive Film
GJ™NJ
ગુજરાત થી ન્યૂજર્સી
WATCH NOW","(336, 280)"
"Lightinthebox
UP TO 70%OFF SHOP NOW >","(300, 600)"
"THE ESSENTIAL MAGAZINE
FOR THE DEFENCE INDUSTRY
Global Defence
Technology
READ THE LATEST ISSUE NOW","(300, 250)"
"Nutritious options.
ALDI For any budget.
Shop ALDI","(970, 250)"
"vid
MERICAN
EVA
URINA
MLS
Shop Now
atti
MLSSTORE
CANYO
SS MINERALS
AUSTI
3
THOMAS","(300, 250)"
"HA
DEXERTO
INFLUENCER &
GAMING NEWS
CLICK TO FOLLOW","(728, 90)"
"14-DAY DEVOTIONAL FROM 1 PETER
FEAR
LESS Family
BY CISSIE GRAHAM LYNCH
02023 BGEA
Equip
YOUR CHILDREN
OR GRANDCHILDREN TO LIVE
FAITHFULLY-EVEN IN THE
FACE OF HOSTILITY.
GET YOUR
FREE
DIGITAL
DEVOTIONAL >>>
BILLY
GRAHAM
Evangelistic Association
Always Good News.","(728, 90)"
"WNBA ion
FRIDAY NIGHTS
ALL SEASON
LONG
FIND ION","(300, 250)"
"We're having a
Fetus
Is it really only a fetus!?","(336, 280)"
"digital
trends
Best Apple Airpods Deals
READ MORE","(728, 90)"
"MALTA
The Mediterranean Hub","(300, 250)"
"Microsoft
Quickly setup your device, connect to GitHub,
and integrate dev tools in one place-only
with Dev Home on Windows
>","(728, 90)"
"COZISLIDES.
The softest
home shoes
ever?
GET 60% OFF","(300, 600)"
"ARCRAFT
Newsprint aircraft listings are back.
Get Early Access
AIRCRAFT
FOR SALE
by FLYING","(728, 90)"
"M
MAROC
ACTUALITES","(728, 90)"
"Sotheby's
THE SUMMER
SEASON
LONDON, JUNE - JULY
LEARN MORE
ⒸSUCCESSION ALBERTO GIACOMETTI/DAGS 2023","(300, 600)"
I want one...,"(300, 250)"
"THESE INNOVATIVE AR-15 BARRELS
OFFER PERFORMANCE AND VALUE
LEARN MORE","(728, 90)"
"WANT TO GROW YOUR
WEBSITE REVENUE?
FIND OUT MORE
PROP
-GRY MEDIA","(728, 90)"
"PAIN RELIER
Muscle Pain & S
Sing from us
Arnicare
-GEL
w
BRUISE RELIEF
Arnicare
BRUISE GEL
www
Feel Better Faster
Unscented Pain & Bruise Relief
ATHIC
ARNICA
#1
PAI
TELIEVER
NATION
ATHIC
ANICA &
#
BRUISE
REDUCER
LEARN MORE","(728, 90)"
"Manage all your product feeds
from one place
f
DataFeed Watch
by cart.com
Learn more","(728, 90)"
"The Nosher's
Essential Israeli Dishes
nosher","(300, 250)"
"UTV WHEEL NETS
TRANSPORT SAFER
Fay
MODSE
UTILITY DIVISION","(728, 90)"
"Searching
for a career?
STOP SEARCHING
START MATCHING
with
the right
position
today.
FIND YOUR
MATCH","(300, 600)"
"ARE YOU AWARE
Addiction Recovery can
Happen at Home?
CONTACT US
AWARE
RECOVERY CARE
In-Home Addiction Treatment™","(970, 250)"
"Get Up To $100 In Value LEARN A
MORE
Travel
Per Booking On select
Pleasant Holidays Vacations
CST 1016202-80
1-800-814-7403","(320, 50)"
"ICDU
Handle you career with care.","(300, 250)"
"CÔTES DE BORDEAUX
Explore Côtes de Bordeaux, where some
of the best wine in the world is made
DISCOVER NOW","(970, 90)"
"ΗΡΕΙ
GreenLake
Turning data stuck in silos into
intelligence is data-first modernization,
wisely done.
Learn more","(728, 90)"
"CONTINUE >
1. Click Continue
2. Get App
3. Watch Tv Channels","(970, 250)"
"Disney
MIRRORVERSE
PLAY NOW
ODISNEY. CDISNEY/PIXAR.","(300, 600)"
"START YOUR DAY
WITH GOOD THINGS
IN YOUR INBOX
WC)
GMAwake up
SUBSCRIBE NOW!","(300, 250)"
"CONTINUE >
1. Click Continue
2. Get App
3. Watch Tv Channels","(728, 90)"
"MED DELIVERY IN THE ""NEW NORMAL""
Give customers what they want.
Touchless delivery. Convenience. Fewer trips
to the pharmacy-pouch packaging.
LEARN MORE
Hernary","(728, 90)"
"START
1) Click on ""Start"" | 2) Start the Installation |
Web Companion
3) Block Ads & Malware","(970, 250)"
"FANATICAL
GREAT PC GAMES.
FANTASTIC VALUE.
SHOP NOW
Trustpilot
*****
All trademarks are the property of their respective owners.","(300, 600)"
"NORMAL
RARE
A","(300, 250)"
"$
$
PROMO CODES
AVAILABLE
Get automatic savings at checkout.
$
Capital One Shopping
Unlock FREE Coupons
The coupon-finding browser extension
$","(970, 250)"
"FORTNITE
Ⓒ2023 Epic Games Inc
WILDS
©2023 Par. Pics TM Hasbro","(300, 250)"
"ELEGOO
W
Model by Nomnom figures 25
SATURN 3 ULTRA
12K MONO MSLA 3D PRINTER
ONLY
$499
original price $550
SHOP NOW:
ELEGOD
New
Arrivals","(970, 250)"
"ロロ
—
grand
theft
auto
San Andreas
SKATE
ROOM
MINECRAFT
FREEAMORE","(970, 250)"
"CROWDSTRIKE
NOWHERE+
TO HIDE
2022
Falcon
OverWatch
Threat Hunting
Report
Verticals impacted by
at from July 1, 2021,
LockBit
to June 31, 2022
T
Get the Report >","(970, 250)"
"ZALES
THE DIAMOND STORE
***
KANARIE
10000
Lammy
ARENE
Unleash Your
Inner Style Icon
SHOP NOW","(728, 90)"
"EMMIOL
Y2K GRUNGE STYLE
SHOP NOW","(300, 250)"
"influxdataⓇ
InfluxDB Cloud
Build better real-time apps in less time with less code
Try For Free","(970, 90)"
"Best Selection of Servers & Workstations
From the Experts in High Performance Computing.
THINKMATE
HIGH PERFORMANCE COMPUTING
SHOP NOW >","(728, 90)"
"SERVERLESS360
Azure Management Platform
Gold
Microsoft Partner
Accelerate Logic Apps monitoring
with end-to-end insights
Get Started
PATHFLASH HASH
* !!!!!
ol","(728, 90)"
"Earn Your
Doctor of Pharmacy
in Three Years
MIDW
STERN
Midwestern University
College of Pharmacy
Chicago Area | Phoenix Area
Learn More","(300, 600)"
"MIREPO
AUGO
Vice City
grand
theft","(970, 90)"
"Learn GitOps and Argo CD
Check out this online course
from the creators of Argo
Sign up for free
AKUITY","(300, 250)"
"logitech
30401
AUTOMATE
EVERYTHING
THAT DOESN'T
HAVE TO DO
WITH CODING.
SMART ACTIONS WITH
MX MASTER SERIES
LEARN MORE","(300, 250)"
"Startpage Protect Your Online
Search Engine Financial Activity
Search Privately","(728, 90)"
"Artisan-Made
CRAFT CANNABIS
Organically Grown & Rosin-Pressed Premium Edibles
C
LUNY
B
20%
OFF ORDER ONLINE","(728, 90)"
"LeGear
Soften, Soothe, and Protect
Damaged skin on livestock!
TIME-TESTED ANIMAL
HEALTH CARE PRODUCTS
Find
Out Where
to Buy >>
UDDER
OINTMENT
LeGear
LANOLIZED
UDDER
INTMENT
P
VITA
ANTISE","(300, 250)"
"LEXI_LUV
Chaturbate
ULTRA HD LIVE VIDEO","(728, 90)"
"PIPERRRANNE
Chaturbate
ULTRA HD LIVE VIDEO","(728, 90)"
"HomeBuddy
The Average Cost Of
Walk-In Showers
In 2023.","(728, 90)"
"YOU HAVE ONLY 2 MOVES
LOD
HERO
WARS
19:155
TRY","(300, 250)"
"CATCH LIVE
COLLEGE
SOFTBALL.
Stream live games of
your favorite teams.
DOWNLOAD THE APP >
V
VARSITY
NETWORK
POWERED BY LEARFIELD","(300, 600)"
"$
$
PROMO CODES
AVAILABLE
Get automatic savings at checkout.
Capital One Shopping
Unlock FREE Coupons
The coupon-finding browser extension","(970, 250)"
"Capital One Shopping
PROMO
CODES
AVAILABLE
LA
Get automatic
savings at
checkout.
Unlock FREE
Coupons
The coupon-finding
browser extension
$","(160, 600)"
"ACS
Chemistry for Life
AMERICAN CHEMICAL SOCIETY
Your Future in Chemistry Starts Here
Join a community of experts, employers and peers
Learn More","(728, 90)"
"G
URA
Lightinthebox.com","(300, 250)"
"SCHRADE
SLYTE FOLDERS
MADE IN THE USA, D2 BLADE STEEL
& ULTRA THIN CONSTRUCTION
SHOP NOW","(970, 90)"
"WIN
YOUR
DREAM
WATCH!
THE PREMIUM
TIME COMPANY
10,
09
ROLEX
PELATIE METER
20
40
30","(300, 600)"
"Badge
Magic
INSTANT
BADGE & FABRIC
ADHESIVE
NEVER SEW ANOTHER BADGE AGAIN!
&
SHOP NOW","(728, 90)"
"RIDE SAFE, IT'S FUN!
SCOUT'S
HONOR.
POLARIS-BSA ATV
SAFETY PROGRAMS
are hands-on experiences
practicing sale riding. Situations
include hill riding, emergency
stopping and swerwing, quick
turns, and riding over obstacles.
POLARIS
IN PROID PARTNERSHIP WITH
BOY SCOUTS OF AMERICA
LEARN MORE","(300, 250)"
"SUZUKI
NEW ENERGY
TO MOVE FURTHER
NEW
XL7
GEAR TO ACCOMPLISH
YOUR GEAR
HYUNNE","(300, 250)"
"ден
Hinge
Health
Learn how employers are personalizing
MSK benefits to decrease costs
Join the movement","(728, 90)"
"THE
Driving
PODCAST
Are you a vehicle owner, buyer or driver?
Driving P POSTMEDIA","(728, 90)"
"Parenting & Advice
CALLING ALL PARENTS!
Raising kids can be overwhelming. Get information and support in the
daunting task of being a good parent.
SIGN UP NOW
POSTMEDIA","(970, 250)"
"WITH
Modern
Farmhouse","(728, 90)"
"WILL YOU
RETURN
ATIVE
JOIN GLOBAL CBT NOW!","(300, 250)"
"VERANOVA
Over 50 years of
experience in driving
complex therapeutics.
to commercial success
Discover Veranova","(300, 250)"
"AMONG US
MA
In Among Us, Do You Want To Be A
Crew Member Or An Impostor?","(970, 250)"
"Sealy
Pressure-relieving
HexGel™ Technology
Innovative Comfort from
America's #1 Mattress Brand
Shop Now","(728, 90)"
"EXPERIENCE
-THE-
SPECTACULAR
2023-2024 SEASON
PNC Broadway Lights
SERIES
FUNNY GIRL
THE WIZ
COMPANY
MOULIN ROUGE
MRS. DOUBTFIRE
BACK TO THE FUTURE
MESSAGE IN A BOTTLE
AND MORE TO BE ANNOUNCED!
GET SEASON TICKETS","(300, 250)"
"EXPERIENCE
THE
SPECTACULAR 2023-24 SEASON
►PNC
Broadway Lights
SERIES
GET SEASON
TICKETS","(970, 90)"
"CHICAGO
MAGAZINE
Chicago's
Best
Restaurants","(300, 250)"
"Ending Your
Car Lease
The dealership vs. LEASEEND
FINISH
FINISH
Click to see why Lease End is
the Straightforward Choice.","(300, 600)"
"Adapted
Mind
1st Grade
2nd Grade
3rd Grade
4th Grade
5th Grade
6th Grade
7th Grade
8th Grade","(970, 90)"
"AMITY
AMITY
UNIVERSITY
RANKED AMONGST THE
TOP UNIVERSITIES
GLOBALLY FOR
PRODUCING THE
MOST EMPLOYABLE
GRADUATES
THE
GLOBAL UNIVERSITY
EMPLONABILITY RANKINGS
UNIVERSITY
RANKINGS
APPLY FOR 2023 SESSION","(300, 250)"
"Startpage Get Access to
Search Engine Un-Profiled News
1
Search Privately","(728, 90)"
"ABF
WHETHER IT'S
LIFESTYLE,
TRANSFORMATION,
OR COMPETITION.
YOU MATTER TO US.
CLICK TO JOIN
FITBODY FUSION
IT PROFESSIONAL LEAGUE
CHARLOTTE PRO
NPC CHA OTTE CU
NATIONAAY
Pa
CHAMPI
FAL","(160, 600)"
"Concors
BACZON
CLEAN
JustFashionNow FREE SHIPPING","(300, 600)"
"CONTINUE >
Celebration Day","(728, 90)"
"X
Turn
Off
All
Ads
Block Ads Now
TOTAL Adblock","(160, 600)"
"FineScale
Modeler SUMMER SWEEPSTAKES
The essential tool for model builders","(728, 90)"
"KALMBACH
HOBBYSTORE
THE YEAR'S
BEST
MODELS
FREE
SHIPPING
225+ GREAT MODELS!
Great Scale
Modeling
BE INSPIRED!
10 BIG SHOWS","(300, 250)"
"spectra
Simple to Start;
Seamless to Scale
Join Thousands of
Developers and Engineers
for a Day of loT
Register Now
DO
HODE
Photon 2
Join Virtually
June 21, 2023","(300, 250)"
"The last storage platform
you'll ever need.
dan
PURESTORAGE
Find out why","(728, 90)"
"10
20
VIVAIA
Celebrating 3 of
Happy Feet!
UP TO
50% OFF
SHOP NOW >","(300, 250)"
"Get RFID ready
AVERY
DENNISON
Learn more →","(728, 90)"
"Stunning stones.
Transparently
priced.
1 carat $800
2 carat $1,600
LIGHTBOX
LABORATORY-GROWN DIAMONDS
SHOP NOW","(728, 90)"
"Medical Cannabis
is Legal in Texas
Start Finding Relief Today
Texas Original™
GET A PRESCRIPTION
Texas CUP License No. 0005","(300, 250)"
"Open the door
to curiosity.
The Science Behind
PIXAR
EXHIBITION OPEN NOW
NEXPOINT of Science
BUY TICKETS
Per[olt
Museum of Nature and Science
2201 N. Field Street | Dallas, TX 75201","(300, 600)"
"UP TO 60% OFF
++++
ROSELINLIN","(300, 600)"
"flyexclusive
Up to $100k in flight credits
with a share purchase of a brand new Citation CJ3+.
EXPLORE FRACTIONAL
N783US
Robb Report
BEST OF
THE BEST
WINNER
2022
ve","(970, 250)"
"flyexclusive
8
Robb Report
BEST OF
THE BEST
WINNER
2022
Fractional
without monthly
management fees
Join flyExclusive Fractional and
receive up to $100k in flight credits.
EXPLORE THE CJ3+","(300, 600)"
"FREE SUMMER MEALS
for kids and teens under 18.
Text ""Food"" to 304-304 or visit NokidHungry.org/Help
NO KID
HUNGRY
FIND FREE MEALS","(728, 90)"
"DOCK BLOCKS
Contact Us >","(300, 250)"
"19
ZOHO Invoice
Most loved invoicing software, now available for FREE
Sign up for free","(728, 90)"
"수 있
OPEN TRAIL
ATV & UTV ACCESSORIES
1000
NEW!
UTV WINDSHIELDS
NOW AVAILABLE!
LEARN MORE","(728, 90)"
"Built by the brand you
love for your fantasy and
betting action.
DKN IS THE ACTION SPOT
DRAFTKINGS NETWORK
KN NOW AVAILABLE ON Samsung TV Plus AND DRAFTKINGSNETWORK.COM
DRAFTKINGS NETWORK
WATCH NOW","(970, 250)"
"Most viewed YouTube
digital
trends videos of all time
READ MORE","(728, 90)"
"digital
trends
Best Nintendo Switch games
READ MORE","(728, 90)"
"Microsoft
Power your apps
with large-scale
Al models
GPT-4 is now
available with Azure
OpenAl Service.
Learn more >
AE
CA","(300, 250)"
"PANTHEON
Fast, Secure
Drupal Sites
On Pantheon
Start for Free","(300, 250)"
"Don't just advertise. Personalize.
See how our agencies are getting over 500% ROAS
S
Set Up A Demo
genius monkey","(728, 90)"
"Medscape
Trending
Podcasts in
Healthcare
Download Now","(300, 250)"
"Medscape ORIGINAL
THE BOB HARRINGTON SHOW
Career Pivot: Leaving
Clinical Medicine
Listen Now ►","(300, 250)"
"Microsoft
Azure OpenAl
Service now
offers support
for plugins in a
limited preview
Learn more >
AE","(300, 250)"
"THEI
NORTH
FACE
THE
NORTH
FACED
All-around comfort.
All-day functionality.
OPEN","(300, 250)"
"20% OFF
WITH CODE:
SOFTONIC20
GET IT NOW!
Windows 10
K4G
Pro
Windows 11
Pro
0
Office
Profesional Plu
2021","(300, 600)"
"UPES
UPES DEHRADUN,
NOW EMPANELLED
WITH CUET
Up to 30% merit scholarship* on
undergraduate programs based on
CUET score
Last Date to Apply: June 30
*T&C Apply. For more details visit upes.ac.in","(300, 250)"
"Startpage
Protect Your
Personal Data.
1
Search Privately","(728, 90)"
"Shop Without
Ads Following
You
Startpage
Search Privately","(300, 250)"
"HORSESHOE.
INDIANAPOLIS
A CAESARS REWARDS. DESTINATION
INDIANA
DERBY
SATURDAY, JULY 8
LEARN MORE","(728, 90)"
"Land of the
BLACK DESERT Morning Light
UP TO 50% OFF","(728, 90)"
"Seismic
Ready to
bring speed,
simplicity,
and success
to your go-
to-market
teams?
AN
A","(160, 600)"
"Driving
MOUTH
MOTOR
with Driving.ca's
DAVID
BOOTH
P
Hear from David Booth as he shares his sharp intellect,
vast experience and pull-no-punches criticisms on
hot topics in the auto industry.
LISTEN NOW
Driving
P POSTMEDIA","(970, 250)"
"GET ALL THE
BEST OF
BUZZFEED
QUIZZES
SENT STRAIGHT
TO YOUR INBOX.
SIGN UP NOW
QUIZ","(300, 250)"
"17171717 1718
You have the talent, we have the tools.
Check our Capture Cards.
4K
4K
Stream. Record. Share.
Full HD
AVerMedia","(970, 250)"
"flyexclusive
Robb Report
BEST OF
THE BEST
WINNER
2022
Locked hourly rates & no peak day premiums.
Join Platinum Jet Club.","(970, 250)"
"GO
get UP
DC
WUSA
HOW YOU START YOUR DAY
MATTERSI
WEEKDAYS STARTING AT
4:25A
WUSA9.com
WUSA9+","(728, 90)"
"ROOM
grand
theft
auto
Samanderas
-FREEAMORE","(160, 600)"
"Rebetone
NEW COMPRESSION
CONNECTIONS
T-VALVE Webstone
a brand of NIBCO","(300, 250)"
"NAME*
ASTROLOGY
Find your sign
nameberry","(970, 250)"
"Michael $100 OFF
Kelly Including Free Shipping
Thru June 30, 2023
Triad Port
Built on Sound""
Shop Now","(728, 90)"
"SUPERMICRO
Accelerate Everything
EX: 25x
10X
Learn More
AI, 5G, HPC, Networking and Storage
Workload Optimized Systems with 4th Gen
Intel® Xeon® Scalable Processor Accelerators
3.9x
5.3x
intel.
SUPERMICR XEON
PLATINUM","(300, 600)"
"1
Blue Jeans Cable
If only you
knew the
power of
Blue Jeans
Cable!
1.5.1
***","(300, 600)"
"HSU
RESEARCH
LUDIONOLIS
Performance
Features
Build Quality
VTF-15H MK2 Value
BEST OF
2015
VTF-3 MK5 HP","(728, 90)"
"Paradigm
40
YEARS
ANNIVERSARY CONTEST
Unforgettable
entertainment
experiences start
with Paradigm -
share your story!
LEARN MORE
HERE'S
HOW TO
ENTER
TO WIN
REGISTER
ONLINE
SHARE YOUR STORY
#PARADIGMDIFFERENCE
WIN AWESOME
PRIZES","(300, 250)"
"CROWDSTRIKE
Innovate. 00
Don't imitate.
Furthest Right for Completeness of
Vision in the Gartner Magic Quadrant™
for Endpoint Protection Platforms
Get the Report
Gartner.","(300, 250)"
"AMONG US
z zt
In Among Us, Do You
Want To Be A
Crew Member Or
An Impostor?","(300, 600)"
"H
A
NGO
Arkadium
ADVANTAGE
All of the fun..
None of
the ads.
Learn More
LUME
W","(300, 250)"
"5 Tilt Five
Couch Co-op AR Made Easy
Tilt Five offers a low friction path to making Augmented
Realty content... Even if it's your first time!
LEARN MORE","(300, 250)"
"We Stand
Together","(300, 250)"
"MINECRAFT
GAME YA
Patieve
Zo
NO
210
FORTNITE","(970, 250)"
"AON
Make
Better
Decisions
Learn more →","(300, 250)"
"TASTE THE
Handmade Matter's
DIFFERENCE
MÅkers
BUY NOW
MADE WITH CARE. SIP WITH CARE
Kentucky Straight Bourbon Whisky, 45%
62022 Maker's Mark Distillery, Inc. Loretto, KY","(320, 50)"
"MCALISTER'S
. DELI.
KEEP SUMMER FRESH
ASIAN
CRUNCH
SALAD
ORDER NOW
While supplies last for a Umhed dime.
MCALISTER
DELI.","(300, 600)"
"SALUTE
***=TO=***
SERVICE
UNITED
HONOR YOUR HERO
LEARN MORE
TREASURY
FECTED
DRING
MINT","(300, 250)"
"audible
THE
HOME OF
STORY
TELLING
Listen free
$14.95 a month after 30 days. Cancel anytime.
WHERE
CRAWDADE
DELIA OWENS
ANDY
WEIR
HAIL,
MARY","(300, 250)"
"Casper
4TH OF JULY SALE
20%
off
everything.*
For the love of cooler sleep.
Shop now
*Exclusions apply. Offer vald only at casper.com and participating retailers.
See casper.com/promo","(300, 250)"
"ALL UP IN
MY GRILL
WITH CHEF
DALE TALDE
Watch Now","(320, 50)"
"New App. New Times.
New Statesman.
Download","(320, 50)"
"State Farm
Wind in your hair,
money in your pocket
Create an affordable price for you
with the Personal Price Plan®
Get started
Prices vary by state. Options selected
by customer; availability and eligibility
may vary.","(300, 250)"
"Adversaries love to
come in through Windows.
CROWDSTRIKE
Stop Them","(728, 90)"
"Hefty
Hefty
1 PARTY CUP
AMERICA
SHOP NOW","(300, 250)"
"A PARTY in EVERY PACK
Hefty
1 PARTY CUP
AMERICA
Hefty
SHOP NOW","(728, 90)"
"COURT 2 CLOSET >>
tennisshop
powered by
TENNIS PONT
OTO
SHOP NOW","(728, 90)"
"Hefty
A
PARTY
in
EVERY
PACK
Hefty
1 PARTY CUP
AMERICA
SHOP NOW","(160, 600)"
"What is Harmony:
The Fall of Reverie About?
Who will you champion?
LEARN MORE
Presented By
HARMONY
THE FALL OF REVERIE","(970, 250)"
"COURT 2
CLOSET
tennisshop
SHOP NOW
powered by
TENNISOPOINT","(300, 250)"
"STAR
WARS
MANDALORIAN
(₁
logitech
RULE THE GAME
THE A30 WIRELESS
THE MANDALORIAN EDITION
SHOP NOW
80","(970, 250)"
"DRIZZLE, POMPEIAN
SIZZLE,
SAVOR. FLAVOR GUIDE
SUMMER
LEARN MORE
Available at Publix","(728, 90)"
"Hefty
A
PARTY
in
EVERY
PACK
Hefty
#1 PARTY CUP
AMERICA
SHOP NOW","(300, 600)"
"12 Places to Shop For
Every Type of Gourmand
SEE THE LIST ON EATER >>
STAND
CANCER","(970, 250)"
"WNBA ion
WNBA
FRIDAY NIGHTS
ALL SEASON LONG
FIND ION","(970, 250)"
"010
SHOP NOW
tennisshop
COURT 2 CLOSET >>
powered by
TENNIS POINT","(300, 600)"
"Part Time
Military Jobs
These Civilian Military Jobs Are
Part Time
US ARM
SEE THESE JOBS
walletgenius.com","(300, 600)"
"mint
mobile
UNLIMITED
PREMIUM WIRELESS
NOW JUST $15/MO
GET OFFER
TU","(970, 250)"
"Cent
DEFEAT THE
BOSS!
14 2
11
HERO
WARS
TRY NOW","(970, 250)"
"DEFEAT THE BOSS!
4
2
25
HERO
WARS
5
7
TRY
5
12
16","(300, 250)"
"AD
Jean Mare Jou
COIN.
C
ROSELINLIN FREE SHIPPING","(300, 600)"
"IN STOCK READY TO SHIP
DOCK BLOCKS
of North America","(728, 90)"
"COMPOSTABLE*. STRONG.
Hefty
ECOSAVE
COMPOSTABLE PLATES
BEAFY DUTY
*HOEVVIE WE
*MADE WITHOUT PLAS
SHOP NOW
*Commercially compostable only. Facilities may not exist in your area.
Not suitable for home composting.2023 Reynolds Consumer Products LLC.","(300, 250)"
"PLAY NOW
ELSWORD
MAKE A SPLASH
WITH ELSWORD","(300, 250)"
"The results
are in!
W
2023
Developer
Survey
↑","(300, 250)"
"IAI's Heron MK II
Always on Target
Meet us at
Paris Air Show
JAL
Discover More >","(970, 250)"
"FREE
IT Help Desk Software
36
ManageEngine
Service Desk Plus Try for free","(336, 280)"
"ден
Hinge
Health
Learn how employers are thinking bigger
about personalized MSK care
Join the movement","(728, 90)"
"WNBA ion
|
FRIDAY NIGHTS
ALL SEASON LONG
FIND ION","(728, 90)"
"Overwhelmed by anxiety?
Find help from God's Word.
GET YOUR FREE GUIDE >>
BILLY
GRAHAM
Evangelistic Association
Alug Good News,
#2023 BGEA","(300, 250)"
"HERO
WARS
(The Loot
Salle
YOU HAVE ONLY
2 MOVES
TRY","(970, 250)"
"CROWDSTRIKE
Adversaries love
to come in through
Windows.
Stop Them","(300, 250)"
"Dominion
Energy®
Find Savings With A
Home Energy Assessment","(728, 90)"
"rooms
S
en door
Adversaries love
to come in through
Windows.
Stop Them
CROWDSTRIKE","(300, 600)"
"2 MOVES
LEFT
HERO
WARS
TRY
2
18:155","(300, 250)"
"HERO
WARS
YOU HAVE ONLY
2 MOVES
18:155
TRY
I
EXIT","(300, 600)"
"IF YOU INSIST ON JOGGING
BY MY HOUSE PLEASE
PUT ON DECENT CLOTHING
MY CHILDREN DO NOT NEED
HAUR AROAFR
Hands Down The Best Yards
Signs We've Ever Seen","(300, 250)"
"BIG PHARMA'S PATENT ABUSE IS
BEHIND OUT-OF-CONTROL Rx PRICES.
HOLD THEM ACCOUNTABLE TO LOWER DRUG PRICES!
the campaign for
SUSTAINABLE Rx PRICING","(728, 90)"
"BILLY
GRAHAM
Evangelistic Association
Always Good News.
Overwhelmed by anxiety?
Find help from God's Word.
GET YOUR
FREE GUIDE >>
02023 BGEA","(728, 90)"
"MINECRAFT
GamesShopper","(970, 250)"
"Eliminate
Rent
HouseCarers.com
Peace of mind while away","(320, 50)"
"AdRoll
Maximize Your Advertising Success
Display, Native & Social in one platform","(728, 90)"
"The New
FENWICK INN
Ocean City, MD
Ocean City is
CALLING
VIEW RATES","(728, 90)"
"2023
COROLLA
buyatoyota.com
COROLLA LE SHOWN","(320, 50)"
"451 Research
S&P Global
Market Intelligence
Track Tech M&A with Complimentary Analysis
M&A Knowledge Base Daily Newsletter
Subscribe >","(728, 90)"
"UNITED
Save up to 35% off base rates MileagePlus AVIS Budget
and earn up to 2,750 miles per
rental completed by 6/30.
Book now
Terms apply.","(728, 90)"
"G grammarly
Its an excellent idea.
It's
Free
Grammar
Checker
Get Grammarly
G","(300, 600)"
"If you purchased boxed or case-ready BEEF processed
from Fed Cattle, from January 1, 2015, to May 25, 2023,
for business use in commercial food preparation
RIS
BAISANT PAGE
CRUCK
SURAN
FLAKK
RUMP
BOUND","(728, 90)"
"nep
Editions
New York/21 June
BROWSE & BID
ⒸEstate of Jean-Michel Basquiat
Licensed by Artestar, New York
PHILLIPS","(300, 600)"
"COMPOSTABLE*. STRONG.
*Commercially compostable only. Facilities may not exist in your area. Not suitable for home composting.
Ⓒ2023 Reynolds Consumer Products LLC.
Hefty
ECOSAVE
COMPOSTABLE PLATES
SHAFT TY
CROW
SHOP NOW","(728, 90)"
"Microsoft
Seamlessly deliver Al experiences
across Windows devices
>","(728, 90)"
"3D Tour
From the Upper $500s
2-Level Garage Condos for Sale
Visit Our Models!
20306 Newfoundland Sq, Ashburn, VA 20147
New Construction Homes at Ashbrook Place","(300, 250)"
"WORLD'S FASTEST
VPS HOSTING
Fully Managed with 24/7/365 Support
....
From
$25/mo
with 2-year
pricing
Liquid Web™
LEARN MORE","(970, 90)"
"THE
RIDE
PBR TEAM SERIES
prime MAY 30
New Series","(300, 600)"
"MY
NEW FAVORITE
FUTBOLISTA
LISTEN NOW
Apple Podcasts
Spotify","(970, 250)"
"Audio Recording & Editing
Get it Now
Download free audio recording &
editing software for your computer.
Advertisement
NCHⓇ
NCH Software","(728, 90)"
"LIMITED TIME ONLY
mintmobile
UNLIMITED
PREMIUM WIRELESS -
NOW JUST $15/MO
Addrestrictions apply. Taxes & for extra. New activation ned
Min. 3 mo purchase. Data speeds reduce >4008/mo. See mintmable.com
GET OFFER","(300, 250)"
"FANATICAL
TOP PC GAMING DEALS.
EXCLUSIVE BUNDLES.
SHOP NOW
Trustpilot
All trademarks are the property of their respective owners.","(300, 600)"
"DOCK &
BLOCKS
Shop Now >
CONC
Hendan
C
Feallen","(300, 600)"
"Microsoft
Windows Copilot together with Bing Chat
and plugins helps users get more done
>","(728, 90)"
"HERO
WARS
17
11
909
TRY NOW","(300, 250)"
"SUMMER STARTS
HERE!
2023 CAMRY
buyatoyota.com
CAMRY SE NIGHTSHADE SHOWN","(320, 50)"
"ONLINE
UR STORE
URBAN RESEARCH","(300, 250)"
His Divorce Makes History.,"(300, 250)"
"*wayfair
All things home for every
space - at every price.
MOD
wayfair
OPEN","(300, 250)"
"ZIP File Extractor
ZIP File Extractor For Gmail™M
and DriveTM by Zipdoc
Try Now","(728, 90)"
"SIMPLY
SELF STORAGE
877-786-7343
FIRST FULL MONTH FREE
100% CONTACT-FREE
RENTAL
RESERVE NOW","(728, 90)"
"$
VA
$
$
Capital One Shopping
PROMO CODES
AVAILABLE
Get automatic savings $
at checkout.
Unlock FREE Coupons
$
The coupon-finding browser extension","(300, 250)"
"MrBeast can help you save
with PayPal Honey.
It pays to pay with PayPal.
Start Saving
Ve
PayPal
Individual received
compensation for their
participation. Individual
results may vary.","(728, 90)"
"Full-Service Residential and Commercial Landscaping
Landscaping Hardscaping Grading Drainage
NORTHERN VIRGINIA
LANDSCAPING
CONTACT US","(728, 90)"
"Opta Analyst
Improve Your Football Knowledge
Visit now","(300, 250)"
"Opta Analyst
Co
Improve Your Football Knowledge
Visit now","(970, 250)"
"ManageEngine
Service Desk Plus
IT service
desk
software
for your
digital
enterprise
Learn more","(160, 600)"
"PICK-POCKET PROOFⓇ
TRAVELWEAR YOU WANT
""The CIA version of
khakis.""
- FORBES
CLOTHING ARTS","(300, 600)"
"BISECT
HOSTING
MINECRAFT
TRAILS&TALES
AFFORDABLE
MINECRAFT
SERVER HOSTING
ORDER NOW","(300, 250)"
"Pita Chips
STACY'S PITA CHIPS PRESENTS
*RĴSE*
WATCH NOW","(728, 90)"
"CONTINUE >
1. Click Continue
2. Add Apps
3. Watch Popular TV Shows
watchsmartapps.com","(300, 250)"
"CONTINUE >
Lets Move Easy
Move with us..","(728, 90)"
"Hefty
ECOSAVE
COMPOSTABLE"".
STRONG.
Hefty
ECOSAVE
COMPOSTABLE PLATES
HEAVY DUTY
MICROWAVE SAFE
MADE WITHOUT PAS
SHOP NOW
*Commercially compostable only.
Facilities may not exist in your area.
Not suitable for home composting.
© 2023 Reynolds Consumer Products LLC.","(160, 600)"
"(W) VIVAIA
Designed for
All Day Walking
SHOP NOW >
Wide Toe Box 2 Breathable 3 Arch Support","(300, 600)"